ts_open,open,high,low,close,volume,contract,SYNTHETIC
2024-10-31 00:00:00+00:00,4800.0,4800.5,4800.0,4800.5,193.0,SYNTH-MES-A,1
2024-10-31 00:01:00+00:00,4800.5,4801.5,4800.25,4801.25,222.0,SYNTH-MES-A,1
2024-10-31 00:02:00+00:00,4801.25,4801.25,4799.5,4799.75,209.0,SYNTH-MES-A,1
2024-10-31 00:03:00+00:00,4799.75,4799.75,4799.25,4799.5,218.0,SYNTH-MES-A,1
2024-10-31 00:04:00+00:00,4799.5,4799.75,4798.75,4799.0,208.0,SYNTH-MES-A,1
2024-10-31 00:05:00+00:00,4799.0,4800.5,4799.0,4799.75,216.0,SYNTH-MES-A,1
2024-10-31 00:06:00+00:00,4799.75,4800.5,4799.5,4800.25,180.0,SYNTH-MES-A,1
2024-10-31 00:07:00+00:00,4800.25,4801.0,4800.0,4801.0,206.0,SYNTH-MES-A,1
2024-10-31 00:08:00+00:00,4801.0,4801.0,4799.75,4800.75,193.0,SYNTH-MES-A,1
2024-10-31 00:09:00+00:00,4800.75,4801.75,4799.75,4800.25,214.0,SYNTH-MES-A,1
2024-10-31 00:10:00+00:00,4800.25,4800.75,4800.0,4800.75,212.0,SYNTH-MES-A,1
2024-10-31 00:11:00+00:00,4800.75,4800.75,4800.5,4800.5,187.0,SYNTH-MES-A,1
2024-10-31 00:12:00+00:00,4800.5,4801.0,4799.75,4800.0,206.0,SYNTH-MES-A,1
2024-10-31 00:13:00+00:00,4800.0,4800.25,4799.75,4800.25,197.0,SYNTH-MES-A,1
2024-10-31 00:14:00+00:00,4800.25,4800.25,4799.75,4799.75,185.0,SYNTH-MES-A,1
2024-10-31 00:15:00+00:00,4799.75,4801.0,4797.0,4798.5,217.0,SYNTH-MES-A,1
2024-10-31 00:16:00+00:00,4798.5,4798.5,4797.5,4797.5,206.0,SYNTH-MES-A,1
2024-10-31 00:17:00+00:00,4797.5,4797.75,4797.0,4797.75,209.0,SYNTH-MES-A,1
2024-10-31 00:18:00+00:00,4797.75,4798.0,4797.5,4797.75,194.0,SYNTH-MES-A,1
2024-10-31 00:19:00+00:00,4797.75,4797.75,4797.5,4797.75,214.0,SYNTH-MES-A,1
2024-10-31 00:20:00+00:00,4797.75,4798.0,4796.5,4798.0,218.0,SYNTH-MES-A,1
2024-10-31 00:21:00+00:00,4798.0,4799.75,4797.75,4799.75,196.0,SYNTH-MES-A,1
2024-10-31 00:22:00+00:00,4799.75,4800.25,4799.5,4800.0,207.0,SYNTH-MES-A,1
2024-10-31 00:23:00+00:00,4800.0,4801.5,4799.5,4801.25,196.0,SYNTH-MES-A,1
2024-10-31 00:24:00+00:00,4801.25,4802.0,4801.0,4802.0,220.0,SYNTH-MES-A,1
2024-10-31 00:25:00+00:00,4802.0,4803.0,4801.75,4802.75,249.0,SYNTH-MES-A,1
2024-10-31 00:26:00+00:00,4802.75,4802.75,4802.25,4802.75,188.0,SYNTH-MES-A,1
2024-10-31 00:27:00+00:00,4802.75,4804.5,4802.5,4803.5,208.0,SYNTH-MES-A,1
2024-10-31 00:28:00+00:00,4803.5,4803.5,4803.5,4803.5,207.0,SYNTH-MES-A,1
2024-10-31 00:29:00+00:00,4803.5,4803.75,4802.75,4802.75,184.0,SYNTH-MES-A,1
2024-10-31 00:30:00+00:00,4802.75,4802.75,4802.75,4802.75,217.0,SYNTH-MES-A,1
2024-10-31 00:31:00+00:00,4802.75,4802.75,4802.5,4802.75,210.0,SYNTH-MES-A,1
2024-10-31 00:32:00+00:00,4802.75,4803.0,4802.5,4802.5,212.0,SYNTH-MES-A,1
2024-10-31 00:33:00+00:00,4802.5,4803.75,4802.0,4803.5,187.0,SYNTH-MES-A,1
2024-10-31 00:34:00+00:00,4803.5,4804.0,4801.5,4801.5,209.0,SYNTH-MES-A,1
2024-10-31 00:35:00+00:00,4801.5,4801.75,4800.75,4800.75,207.0,SYNTH-MES-A,1
2024-10-31 00:36:00+00:00,4800.75,4801.0,4799.75,4800.0,213.0,SYNTH-MES-A,1
2024-10-31 00:37:00+00:00,4800.0,4801.0,4798.75,4799.25,189.0,SYNTH-MES-A,1
2024-10-31 00:38:00+00:00,4799.25,4800.0,4799.0,4799.5,188.0,SYNTH-MES-A,1
2024-10-31 00:39:00+00:00,4799.5,4800.0,4799.5,4799.75,206.0,SYNTH-MES-A,1
2024-10-31 00:40:00+00:00,4799.75,4799.75,4799.25,4799.5,204.0,SYNTH-MES-A,1
2024-10-31 00:41:00+00:00,4799.5,4800.25,4799.25,4799.75,229.0,SYNTH-MES-A,1
2024-10-31 00:42:00+00:00,4799.75,4799.75,4799.5,4799.75,191.0,SYNTH-MES-A,1
2024-10-31 00:43:00+00:00,4799.75,4800.25,4799.75,4800.0,180.0,SYNTH-MES-A,1
2024-10-31 00:44:00+00:00,4800.0,4800.75,4799.5,4800.75,183.0,SYNTH-MES-A,1
2024-10-31 00:45:00+00:00,4800.75,4801.25,4799.75,4800.25,198.0,SYNTH-MES-A,1
2024-10-31 00:46:00+00:00,4800.25,4800.5,4800.25,4800.25,207.0,SYNTH-MES-A,1
2024-10-31 00:47:00+00:00,4800.25,4800.5,4800.0,4800.0,188.0,SYNTH-MES-A,1
2024-10-31 00:48:00+00:00,4800.0,4800.0,4799.5,4799.75,201.0,SYNTH-MES-A,1
2024-10-31 00:49:00+00:00,4799.75,4801.75,4799.25,4801.5,203.0,SYNTH-MES-A,1
2024-10-31 00:50:00+00:00,4801.5,4802.25,4800.25,4801.0,195.0,SYNTH-MES-A,1
2024-10-31 00:51:00+00:00,4801.0,4801.0,4800.5,4800.5,196.0,SYNTH-MES-A,1
2024-10-31 00:52:00+00:00,4800.5,4801.0,4798.75,4799.75,163.0,SYNTH-MES-A,1
2024-10-31 00:53:00+00:00,4799.75,4799.75,4799.0,4799.25,213.0,SYNTH-MES-A,1
2024-10-31 00:54:00+00:00,4799.25,4800.5,4799.0,4800.5,229.0,SYNTH-MES-A,1
2024-10-31 00:55:00+00:00,4800.5,4801.0,4800.25,4801.0,190.0,SYNTH-MES-A,1
2024-10-31 00:56:00+00:00,4801.0,4801.25,4800.5,4800.75,201.0,SYNTH-MES-A,1
2024-10-31 00:57:00+00:00,4800.75,4801.0,4800.25,4800.5,192.0,SYNTH-MES-A,1
2024-10-31 00:58:00+00:00,4800.5,4800.75,4800.0,4800.5,196.0,SYNTH-MES-A,1
2024-10-31 00:59:00+00:00,4800.5,4800.75,4800.0,4800.5,212.0,SYNTH-MES-A,1
2024-10-31 01:00:00+00:00,4800.5,4801.0,4800.25,4800.5,187.0,SYNTH-MES-A,1
2024-10-31 01:01:00+00:00,4800.5,4800.75,4799.75,4800.0,206.0,SYNTH-MES-A,1
2024-10-31 01:02:00+00:00,4800.0,4800.5,4799.25,4800.25,171.0,SYNTH-MES-A,1
2024-10-31 01:03:00+00:00,4800.25,4800.75,4799.0,4799.25,189.0,SYNTH-MES-A,1
2024-10-31 01:04:00+00:00,4799.25,4800.25,4799.25,4799.75,170.0,SYNTH-MES-A,1
2024-10-31 01:05:00+00:00,4799.75,4800.5,4799.75,4800.25,191.0,SYNTH-MES-A,1
2024-10-31 01:06:00+00:00,4800.25,4800.25,4799.5,4799.5,216.0,SYNTH-MES-A,1
2024-10-31 01:07:00+00:00,4799.5,4799.75,4799.5,4799.5,222.0,SYNTH-MES-A,1
2024-10-31 01:08:00+00:00,4799.5,4800.75,4799.25,4800.5,186.0,SYNTH-MES-A,1
2024-10-31 01:09:00+00:00,4800.5,4800.5,4800.0,4800.25,189.0,SYNTH-MES-A,1
2024-10-31 01:10:00+00:00,4800.25,4800.5,4800.0,4800.25,191.0,SYNTH-MES-A,1
2024-10-31 01:11:00+00:00,4800.25,4801.0,4799.25,4799.75,202.0,SYNTH-MES-A,1
2024-10-31 01:12:00+00:00,4799.75,4801.75,4799.5,4801.25,182.0,SYNTH-MES-A,1
2024-10-31 01:13:00+00:00,4801.25,4801.25,4800.75,4801.0,185.0,SYNTH-MES-A,1
2024-10-31 01:14:00+00:00,4801.0,4801.25,4800.5,4800.75,203.0,SYNTH-MES-A,1
2024-10-31 01:15:00+00:00,4800.75,4801.25,4800.5,4801.0,212.0,SYNTH-MES-A,1
2024-10-31 01:16:00+00:00,4801.0,4803.5,4801.0,4803.0,180.0,SYNTH-MES-A,1
2024-10-31 01:17:00+00:00,4803.0,4803.0,4801.5,4801.5,217.0,SYNTH-MES-A,1
2024-10-31 01:18:00+00:00,4801.5,4801.75,4801.0,4801.25,207.0,SYNTH-MES-A,1
2024-10-31 01:19:00+00:00,4801.25,4802.0,4801.0,4801.5,196.0,SYNTH-MES-A,1
2024-10-31 01:20:00+00:00,4801.5,4801.75,4800.5,4801.0,189.0,SYNTH-MES-A,1
2024-10-31 01:21:00+00:00,4801.0,4801.25,4800.75,4800.75,201.0,SYNTH-MES-A,1
2024-10-31 01:22:00+00:00,4800.75,4802.0,4800.5,4801.25,199.0,SYNTH-MES-A,1
2024-10-31 01:23:00+00:00,4801.25,4801.75,4800.5,4801.25,182.0,SYNTH-MES-A,1
2024-10-31 01:24:00+00:00,4801.25,4803.5,4801.25,4803.25,194.0,SYNTH-MES-A,1
2024-10-31 01:25:00+00:00,4803.25,4805.75,4803.0,4805.0,182.0,SYNTH-MES-A,1
2024-10-31 01:26:00+00:00,4805.0,4805.25,4803.75,4804.0,219.0,SYNTH-MES-A,1
2024-10-31 01:27:00+00:00,4804.0,4804.25,4802.75,4802.75,180.0,SYNTH-MES-A,1
2024-10-31 01:28:00+00:00,4802.75,4803.25,4802.75,4803.0,209.0,SYNTH-MES-A,1
2024-10-31 01:29:00+00:00,4803.0,4803.0,4803.0,4803.0,206.0,SYNTH-MES-A,1
2024-10-31 01:30:00+00:00,4803.0,4803.25,4801.0,4802.25,203.0,SYNTH-MES-A,1
2024-10-31 01:31:00+00:00,4802.25,4803.0,4802.0,4802.75,201.0,SYNTH-MES-A,1
2024-10-31 01:32:00+00:00,4802.75,4803.25,4802.25,4802.5,214.0,SYNTH-MES-A,1
2024-10-31 01:33:00+00:00,4802.5,4802.5,4801.25,4801.25,188.0,SYNTH-MES-A,1
2024-10-31 01:34:00+00:00,4801.25,4801.5,4801.0,4801.25,192.0,SYNTH-MES-A,1
2024-10-31 01:35:00+00:00,4801.25,4801.75,4801.0,4801.75,215.0,SYNTH-MES-A,1
2024-10-31 01:36:00+00:00,4801.75,4802.25,4801.5,4801.5,195.0,SYNTH-MES-A,1
2024-10-31 01:37:00+00:00,4801.5,4801.75,4801.0,4801.75,197.0,SYNTH-MES-A,1
2024-10-31 01:38:00+00:00,4801.75,4801.75,4801.75,4801.75,217.0,SYNTH-MES-A,1
2024-10-31 01:39:00+00:00,4801.75,4801.75,4801.75,4801.75,183.0,SYNTH-MES-A,1
2024-10-31 01:40:00+00:00,4801.75,4803.0,4800.5,4803.0,207.0,SYNTH-MES-A,1
2024-10-31 01:41:00+00:00,4803.0,4804.5,4803.0,4804.5,223.0,SYNTH-MES-A,1
2024-10-31 01:42:00+00:00,4804.5,4804.5,4804.5,4804.5,218.0,SYNTH-MES-A,1
2024-10-31 01:43:00+00:00,4804.5,4804.5,4803.75,4804.25,224.0,SYNTH-MES-A,1
2024-10-31 01:44:00+00:00,4804.25,4804.75,4803.25,4804.5,194.0,SYNTH-MES-A,1
2024-10-31 01:45:00+00:00,4804.5,4804.5,4803.0,4803.75,209.0,SYNTH-MES-A,1
2024-10-31 01:46:00+00:00,4803.75,4804.75,4803.5,4803.5,210.0,SYNTH-MES-A,1
2024-10-31 01:47:00+00:00,4803.5,4803.5,4803.25,4803.25,198.0,SYNTH-MES-A,1
2024-10-31 01:48:00+00:00,4803.25,4803.25,4803.0,4803.0,207.0,SYNTH-MES-A,1
2024-10-31 01:49:00+00:00,4803.0,4803.25,4802.75,4802.75,185.0,SYNTH-MES-A,1
2024-10-31 01:50:00+00:00,4802.75,4802.75,4801.75,4802.0,185.0,SYNTH-MES-A,1
2024-10-31 01:51:00+00:00,4802.0,4802.75,4802.0,4802.5,195.0,SYNTH-MES-A,1
2024-10-31 01:52:00+00:00,4802.5,4802.75,4801.25,4801.75,210.0,SYNTH-MES-A,1
2024-10-31 01:53:00+00:00,4801.75,4802.0,4800.75,4801.5,201.0,SYNTH-MES-A,1
2024-10-31 01:54:00+00:00,4801.5,4802.0,4801.0,4801.75,206.0,SYNTH-MES-A,1
2024-10-31 01:55:00+00:00,4801.75,4802.75,4801.75,4802.5,198.0,SYNTH-MES-A,1
2024-10-31 01:56:00+00:00,4802.5,4803.5,4802.25,4803.5,194.0,SYNTH-MES-A,1
2024-10-31 01:57:00+00:00,4803.5,4803.75,4803.25,4803.75,182.0,SYNTH-MES-A,1
2024-10-31 01:58:00+00:00,4803.75,4804.25,4803.25,4804.0,203.0,SYNTH-MES-A,1
2024-10-31 01:59:00+00:00,4804.0,4804.5,4802.5,4802.75,220.0,SYNTH-MES-A,1
2024-10-31 02:00:00+00:00,4802.75,4803.0,4802.25,4803.0,207.0,SYNTH-MES-A,1
2024-10-31 02:01:00+00:00,4803.0,4804.0,4802.75,4803.75,187.0,SYNTH-MES-A,1
2024-10-31 02:02:00+00:00,4803.75,4804.0,4803.75,4804.0,206.0,SYNTH-MES-A,1
2024-10-31 02:03:00+00:00,4804.0,4804.0,4803.75,4803.75,201.0,SYNTH-MES-A,1
2024-10-31 02:04:00+00:00,4803.75,4804.75,4803.5,4804.5,191.0,SYNTH-MES-A,1
2024-10-31 02:05:00+00:00,4804.5,4804.75,4804.25,4804.75,190.0,SYNTH-MES-A,1
2024-10-31 02:06:00+00:00,4804.75,4805.25,4804.5,4805.25,194.0,SYNTH-MES-A,1
2024-10-31 02:07:00+00:00,4805.25,4805.5,4805.0,4805.5,208.0,SYNTH-MES-A,1
2024-10-31 02:08:00+00:00,4805.5,4806.0,4804.25,4804.5,223.0,SYNTH-MES-A,1
2024-10-31 02:09:00+00:00,4804.5,4805.0,4803.75,4805.0,188.0,SYNTH-MES-A,1
2024-10-31 02:10:00+00:00,4805.0,4806.5,4804.75,4806.25,199.0,SYNTH-MES-A,1
2024-10-31 02:11:00+00:00,4806.25,4807.5,4805.75,4806.75,207.0,SYNTH-MES-A,1
2024-10-31 02:12:00+00:00,4806.75,4808.0,4806.75,4806.75,218.0,SYNTH-MES-A,1
2024-10-31 02:13:00+00:00,4806.75,4807.5,4806.5,4806.5,195.0,SYNTH-MES-A,1
2024-10-31 02:14:00+00:00,4806.5,4806.75,4806.0,4806.0,190.0,SYNTH-MES-A,1
2024-10-31 02:15:00+00:00,4806.0,4807.0,4805.5,4807.0,175.0,SYNTH-MES-A,1
2024-10-31 02:16:00+00:00,4807.0,4807.75,4806.75,4806.75,224.0,SYNTH-MES-A,1
2024-10-31 02:17:00+00:00,4806.75,4807.0,4806.5,4806.5,201.0,SYNTH-MES-A,1
2024-10-31 02:18:00+00:00,4806.5,4807.25,4804.25,4805.0,205.0,SYNTH-MES-A,1
2024-10-31 02:19:00+00:00,4805.0,4805.75,4804.0,4804.75,185.0,SYNTH-MES-A,1
2024-10-31 02:20:00+00:00,4804.75,4805.5,4804.0,4805.5,185.0,SYNTH-MES-A,1
2024-10-31 02:21:00+00:00,4805.5,4805.5,4805.0,4805.0,218.0,SYNTH-MES-A,1
2024-10-31 02:22:00+00:00,4805.0,4805.0,4803.75,4804.25,194.0,SYNTH-MES-A,1
2024-10-31 02:23:00+00:00,4804.25,4804.75,4803.75,4803.75,212.0,SYNTH-MES-A,1
2024-10-31 02:24:00+00:00,4803.75,4803.75,4803.25,4803.75,193.0,SYNTH-MES-A,1
2024-10-31 02:25:00+00:00,4803.75,4804.25,4803.75,4804.0,189.0,SYNTH-MES-A,1
2024-10-31 02:26:00+00:00,4804.0,4804.5,4803.5,4803.75,202.0,SYNTH-MES-A,1
2024-10-31 02:27:00+00:00,4803.75,4804.25,4803.5,4803.75,186.0,SYNTH-MES-A,1
2024-10-31 02:28:00+00:00,4803.75,4803.75,4803.75,4803.75,183.0,SYNTH-MES-A,1
2024-10-31 02:29:00+00:00,4803.75,4804.25,4803.25,4803.25,181.0,SYNTH-MES-A,1
2024-10-31 02:30:00+00:00,4803.25,4803.25,4802.75,4802.75,203.0,SYNTH-MES-A,1
2024-10-31 02:31:00+00:00,4802.75,4802.75,4801.5,4802.0,213.0,SYNTH-MES-A,1
2024-10-31 02:32:00+00:00,4802.0,4802.5,4802.0,4802.5,199.0,SYNTH-MES-A,1
2024-10-31 02:33:00+00:00,4802.5,4803.75,4802.0,4802.75,196.0,SYNTH-MES-A,1
2024-10-31 02:34:00+00:00,4802.75,4803.0,4802.0,4802.5,187.0,SYNTH-MES-A,1
2024-10-31 02:35:00+00:00,4802.5,4802.5,4802.25,4802.25,195.0,SYNTH-MES-A,1
2024-10-31 02:36:00+00:00,4802.25,4802.25,4801.75,4802.0,194.0,SYNTH-MES-A,1
2024-10-31 02:37:00+00:00,4802.0,4802.5,4801.5,4802.25,174.0,SYNTH-MES-A,1
2024-10-31 02:38:00+00:00,4802.25,4803.75,4802.0,4803.75,223.0,SYNTH-MES-A,1
2024-10-31 02:39:00+00:00,4803.75,4803.75,4801.75,4802.0,200.0,SYNTH-MES-A,1
2024-10-31 02:40:00+00:00,4802.0,4802.5,4801.25,4801.25,215.0,SYNTH-MES-A,1
2024-10-31 02:41:00+00:00,4801.25,4801.75,4801.25,4801.5,218.0,SYNTH-MES-A,1
2024-10-31 02:42:00+00:00,4801.5,4803.25,4801.25,4803.0,206.0,SYNTH-MES-A,1
2024-10-31 02:43:00+00:00,4803.0,4803.0,4802.25,4802.75,231.0,SYNTH-MES-A,1
2024-10-31 02:44:00+00:00,4802.75,4804.5,4802.25,4804.25,153.0,SYNTH-MES-A,1
2024-10-31 02:45:00+00:00,4804.25,4804.25,4803.75,4803.75,184.0,SYNTH-MES-A,1
2024-10-31 02:46:00+00:00,4803.75,4804.0,4802.75,4803.0,218.0,SYNTH-MES-A,1
2024-10-31 02:47:00+00:00,4803.0,4803.5,4802.75,4803.25,223.0,SYNTH-MES-A,1
2024-10-31 02:48:00+00:00,4803.25,4803.25,4802.75,4803.0,219.0,SYNTH-MES-A,1
2024-10-31 02:49:00+00:00,4803.0,4804.0,4803.0,4803.25,204.0,SYNTH-MES-A,1
2024-10-31 02:50:00+00:00,4803.25,4804.25,4803.25,4804.25,196.0,SYNTH-MES-A,1
2024-10-31 02:51:00+00:00,4804.25,4804.25,4804.0,4804.25,206.0,SYNTH-MES-A,1
2024-10-31 02:52:00+00:00,4804.25,4804.5,4803.25,4803.5,212.0,SYNTH-MES-A,1
2024-10-31 02:53:00+00:00,4803.5,4803.75,4802.5,4803.25,179.0,SYNTH-MES-A,1
2024-10-31 02:54:00+00:00,4803.25,4803.75,4802.75,4802.75,225.0,SYNTH-MES-A,1
2024-10-31 02:55:00+00:00,4802.75,4803.0,4802.25,4802.25,172.0,SYNTH-MES-A,1
2024-10-31 02:56:00+00:00,4802.25,4803.25,4802.0,4803.25,171.0,SYNTH-MES-A,1
2024-10-31 02:57:00+00:00,4803.25,4804.5,4803.0,4804.25,207.0,SYNTH-MES-A,1
2024-10-31 02:58:00+00:00,4804.25,4804.25,4803.25,4803.75,190.0,SYNTH-MES-A,1
2024-10-31 02:59:00+00:00,4803.75,4805.0,4803.5,4804.75,217.0,SYNTH-MES-A,1
2024-10-31 03:00:00+00:00,4804.75,4804.75,4803.75,4803.75,191.0,SYNTH-MES-A,1
2024-10-31 03:01:00+00:00,4803.75,4804.25,4803.25,4804.0,185.0,SYNTH-MES-A,1
2024-10-31 03:02:00+00:00,4804.0,4804.75,4803.25,4804.75,231.0,SYNTH-MES-A,1
2024-10-31 03:03:00+00:00,4804.75,4805.25,4804.75,4805.0,222.0,SYNTH-MES-A,1
2024-10-31 03:04:00+00:00,4805.0,4805.0,4804.0,4804.75,193.0,SYNTH-MES-A,1
2024-10-31 03:05:00+00:00,4804.75,4806.0,4804.75,4805.25,172.0,SYNTH-MES-A,1
2024-10-31 03:06:00+00:00,4805.25,4805.5,4805.25,4805.25,216.0,SYNTH-MES-A,1
2024-10-31 03:07:00+00:00,4805.25,4805.75,4803.75,4804.5,190.0,SYNTH-MES-A,1
2024-10-31 03:08:00+00:00,4804.5,4805.25,4804.0,4805.0,210.0,SYNTH-MES-A,1
2024-10-31 03:09:00+00:00,4805.0,4805.5,4804.25,4805.0,205.0,SYNTH-MES-A,1
2024-10-31 03:10:00+00:00,4805.0,4805.25,4804.75,4805.25,188.0,SYNTH-MES-A,1
2024-10-31 03:11:00+00:00,4805.25,4805.25,4804.25,4804.75,178.0,SYNTH-MES-A,1
2024-10-31 03:12:00+00:00,4804.75,4805.75,4804.5,4805.75,231.0,SYNTH-MES-A,1
2024-10-31 03:13:00+00:00,4805.75,4806.5,4805.0,4805.25,200.0,SYNTH-MES-A,1
2024-10-31 03:14:00+00:00,4805.25,4805.5,4803.75,4803.75,196.0,SYNTH-MES-A,1
2024-10-31 03:15:00+00:00,4803.75,4804.75,4803.75,4804.75,185.0,SYNTH-MES-A,1
2024-10-31 03:16:00+00:00,4804.75,4805.0,4803.25,4804.0,200.0,SYNTH-MES-A,1
2024-10-31 03:17:00+00:00,4804.0,4804.0,4802.0,4803.75,193.0,SYNTH-MES-A,1
2024-10-31 03:18:00+00:00,4803.75,4805.0,4802.0,4802.0,203.0,SYNTH-MES-A,1
2024-10-31 03:19:00+00:00,4802.0,4802.25,4801.75,4802.0,197.0,SYNTH-MES-A,1
2024-10-31 03:20:00+00:00,4802.0,4802.0,4801.25,4801.25,201.0,SYNTH-MES-A,1
2024-10-31 03:21:00+00:00,4801.25,4802.0,4800.25,4802.0,204.0,SYNTH-MES-A,1
2024-10-31 03:22:00+00:00,4802.0,4802.5,4802.0,4802.0,214.0,SYNTH-MES-A,1
2024-10-31 03:23:00+00:00,4802.0,4802.25,4801.5,4802.0,187.0,SYNTH-MES-A,1
2024-10-31 03:24:00+00:00,4802.0,4802.25,4801.0,4801.0,189.0,SYNTH-MES-A,1
2024-10-31 03:25:00+00:00,4801.0,4801.75,4800.75,4801.25,180.0,SYNTH-MES-A,1
2024-10-31 03:26:00+00:00,4801.25,4801.75,4801.0,4801.75,183.0,SYNTH-MES-A,1
2024-10-31 03:27:00+00:00,4801.75,4802.25,4801.25,4802.25,194.0,SYNTH-MES-A,1
2024-10-31 03:28:00+00:00,4802.25,4803.0,4802.0,4802.75,196.0,SYNTH-MES-A,1
2024-10-31 03:29:00+00:00,4802.75,4803.0,4802.25,4803.0,184.0,SYNTH-MES-A,1
2024-10-31 03:30:00+00:00,4803.0,4803.5,4802.75,4803.5,199.0,SYNTH-MES-A,1
2024-10-31 03:31:00+00:00,4803.5,4804.25,4803.0,4804.25,218.0,SYNTH-MES-A,1
2024-10-31 03:32:00+00:00,4804.25,4804.25,4803.5,4804.0,204.0,SYNTH-MES-A,1
2024-10-31 03:33:00+00:00,4804.0,4805.75,4803.75,4804.5,204.0,SYNTH-MES-A,1
2024-10-31 03:34:00+00:00,4804.5,4804.75,4804.0,4804.25,196.0,SYNTH-MES-A,1
2024-10-31 03:35:00+00:00,4804.25,4804.5,4804.25,4804.25,181.0,SYNTH-MES-A,1
2024-10-31 03:36:00+00:00,4804.25,4805.5,4804.0,4805.0,193.0,SYNTH-MES-A,1
2024-10-31 03:37:00+00:00,4805.0,4806.25,4805.0,4805.75,216.0,SYNTH-MES-A,1
2024-10-31 03:38:00+00:00,4805.75,4806.5,4805.75,4805.75,186.0,SYNTH-MES-A,1
2024-10-31 03:39:00+00:00,4805.75,4806.0,4805.5,4805.75,212.0,SYNTH-MES-A,1
2024-10-31 03:40:00+00:00,4805.75,4806.0,4805.5,4805.75,204.0,SYNTH-MES-A,1
2024-10-31 03:41:00+00:00,4805.75,4805.75,4804.25,4804.25,166.0,SYNTH-MES-A,1
2024-10-31 03:42:00+00:00,4804.25,4804.75,4803.75,4804.5,204.0,SYNTH-MES-A,1
2024-10-31 03:43:00+00:00,4804.5,4805.25,4804.25,4805.25,202.0,SYNTH-MES-A,1
2024-10-31 03:44:00+00:00,4805.25,4806.5,4804.75,4806.5,184.0,SYNTH-MES-A,1
2024-10-31 03:45:00+00:00,4806.5,4807.0,4806.25,4806.5,187.0,SYNTH-MES-A,1
2024-10-31 03:46:00+00:00,4806.5,4807.25,4805.5,4805.5,200.0,SYNTH-MES-A,1
2024-10-31 03:47:00+00:00,4805.5,4807.25,4805.5,4806.5,176.0,SYNTH-MES-A,1
2024-10-31 03:48:00+00:00,4806.5,4807.25,4805.25,4806.75,215.0,SYNTH-MES-A,1
2024-10-31 03:49:00+00:00,4806.75,4808.75,4806.75,4808.0,197.0,SYNTH-MES-A,1
2024-10-31 03:50:00+00:00,4808.0,4808.5,4807.75,4807.75,184.0,SYNTH-MES-A,1
2024-10-31 03:51:00+00:00,4807.75,4807.75,4807.75,4807.75,209.0,SYNTH-MES-A,1
2024-10-31 03:52:00+00:00,4807.75,4808.0,4806.25,4806.25,201.0,SYNTH-MES-A,1
2024-10-31 03:53:00+00:00,4806.25,4806.25,4805.0,4805.5,198.0,SYNTH-MES-A,1
2024-10-31 03:54:00+00:00,4805.5,4805.5,4805.0,4805.0,201.0,SYNTH-MES-A,1
2024-10-31 03:55:00+00:00,4805.0,4805.75,4804.5,4805.0,210.0,SYNTH-MES-A,1
2024-10-31 03:56:00+00:00,4805.0,4807.0,4805.0,4806.0,195.0,SYNTH-MES-A,1
2024-10-31 03:57:00+00:00,4806.0,4807.25,4805.75,4807.25,198.0,SYNTH-MES-A,1
2024-10-31 03:58:00+00:00,4807.25,4808.75,4807.0,4808.5,223.0,SYNTH-MES-A,1
2024-10-31 03:59:00+00:00,4808.5,4808.75,4808.5,4808.75,195.0,SYNTH-MES-A,1
2024-10-31 04:00:00+00:00,4808.75,4810.5,4808.5,4810.25,187.0,SYNTH-MES-A,1
2024-10-31 04:01:00+00:00,4810.25,4810.5,4809.75,4810.0,199.0,SYNTH-MES-A,1
2024-10-31 04:02:00+00:00,4810.0,4811.25,4809.75,4810.0,195.0,SYNTH-MES-A,1
2024-10-31 04:03:00+00:00,4810.0,4810.0,4808.5,4808.75,204.0,SYNTH-MES-A,1
2024-10-31 04:04:00+00:00,4808.75,4809.0,4807.5,4808.0,194.0,SYNTH-MES-A,1
2024-10-31 04:05:00+00:00,4808.0,4808.0,4806.25,4806.75,202.0,SYNTH-MES-A,1
2024-10-31 04:06:00+00:00,4806.75,4808.0,4806.75,4807.0,221.0,SYNTH-MES-A,1
2024-10-31 04:07:00+00:00,4807.0,4808.5,4806.75,4808.25,186.0,SYNTH-MES-A,1
2024-10-31 04:08:00+00:00,4808.25,4809.0,4808.25,4808.75,197.0,SYNTH-MES-A,1
2024-10-31 04:09:00+00:00,4808.75,4810.25,4808.0,4810.25,195.0,SYNTH-MES-A,1
2024-10-31 04:10:00+00:00,4810.25,4811.0,4809.75,4810.75,182.0,SYNTH-MES-A,1
2024-10-31 04:11:00+00:00,4810.75,4812.0,4810.5,4812.0,217.0,SYNTH-MES-A,1
2024-10-31 04:12:00+00:00,4812.0,4812.5,4812.0,4812.0,217.0,SYNTH-MES-A,1
2024-10-31 04:13:00+00:00,4812.0,4812.25,4811.0,4811.25,218.0,SYNTH-MES-A,1
2024-10-31 04:14:00+00:00,4811.25,4811.5,4809.75,4809.75,199.0,SYNTH-MES-A,1
2024-10-31 04:15:00+00:00,4809.75,4810.25,4809.25,4810.0,178.0,SYNTH-MES-A,1
2024-10-31 04:16:00+00:00,4810.0,4810.75,4809.75,4810.75,228.0,SYNTH-MES-A,1
2024-10-31 04:17:00+00:00,4810.75,4811.75,4810.5,4811.75,188.0,SYNTH-MES-A,1
2024-10-31 04:18:00+00:00,4811.75,4812.5,4811.5,4812.5,188.0,SYNTH-MES-A,1
2024-10-31 04:19:00+00:00,4812.5,4813.75,4812.25,4813.5,216.0,SYNTH-MES-A,1
2024-10-31 04:20:00+00:00,4813.5,4813.5,4812.0,4812.25,175.0,SYNTH-MES-A,1
2024-10-31 04:21:00+00:00,4812.25,4813.25,4811.75,4812.0,209.0,SYNTH-MES-A,1
2024-10-31 04:22:00+00:00,4812.0,4813.0,4811.5,4811.75,195.0,SYNTH-MES-A,1
2024-10-31 04:23:00+00:00,4811.75,4813.0,4811.0,4813.0,201.0,SYNTH-MES-A,1
2024-10-31 04:24:00+00:00,4813.0,4813.0,4811.5,4813.0,200.0,SYNTH-MES-A,1
2024-10-31 04:25:00+00:00,4813.0,4813.5,4812.0,4812.0,212.0,SYNTH-MES-A,1
2024-10-31 04:26:00+00:00,4812.0,4812.75,4811.0,4812.5,205.0,SYNTH-MES-A,1
2024-10-31 04:27:00+00:00,4812.5,4813.25,4811.75,4813.0,202.0,SYNTH-MES-A,1
2024-10-31 04:28:00+00:00,4813.0,4813.5,4812.0,4812.25,196.0,SYNTH-MES-A,1
2024-10-31 04:29:00+00:00,4812.25,4812.25,4811.0,4811.25,195.0,SYNTH-MES-A,1
2024-10-31 04:30:00+00:00,4811.25,4811.5,4810.25,4810.5,201.0,SYNTH-MES-A,1
2024-10-31 04:31:00+00:00,4810.5,4811.25,4810.5,4811.25,210.0,SYNTH-MES-A,1
2024-10-31 04:32:00+00:00,4811.25,4811.5,4811.25,4811.5,196.0,SYNTH-MES-A,1
2024-10-31 04:33:00+00:00,4811.5,4811.5,4810.75,4811.0,197.0,SYNTH-MES-A,1
2024-10-31 04:34:00+00:00,4811.0,4812.0,4810.75,4811.75,213.0,SYNTH-MES-A,1
2024-10-31 04:35:00+00:00,4811.75,4813.25,4811.75,4813.25,201.0,SYNTH-MES-A,1
2024-10-31 04:36:00+00:00,4813.25,4814.75,4813.0,4814.5,220.0,SYNTH-MES-A,1
2024-10-31 04:37:00+00:00,4814.5,4814.5,4814.5,4814.5,217.0,SYNTH-MES-A,1
2024-10-31 04:38:00+00:00,4814.5,4814.75,4812.75,4812.75,193.0,SYNTH-MES-A,1
2024-10-31 04:39:00+00:00,4812.75,4812.75,4812.25,4812.5,191.0,SYNTH-MES-A,1
2024-10-31 04:40:00+00:00,4812.5,4812.75,4812.0,4812.25,194.0,SYNTH-MES-A,1
2024-10-31 04:41:00+00:00,4812.25,4812.75,4811.5,4812.25,180.0,SYNTH-MES-A,1
2024-10-31 04:42:00+00:00,4812.25,4813.25,4811.75,4813.0,182.0,SYNTH-MES-A,1
2024-10-31 04:43:00+00:00,4813.0,4813.25,4812.5,4812.5,194.0,SYNTH-MES-A,1
2024-10-31 04:44:00+00:00,4812.5,4813.25,4812.25,4812.75,203.0,SYNTH-MES-A,1
2024-10-31 04:45:00+00:00,4812.75,4812.75,4812.0,4812.5,194.0,SYNTH-MES-A,1
2024-10-31 04:46:00+00:00,4812.5,4812.5,4812.5,4812.5,191.0,SYNTH-MES-A,1
2024-10-31 04:47:00+00:00,4812.5,4813.75,4812.5,4813.0,148.0,SYNTH-MES-A,1
2024-10-31 04:48:00+00:00,4813.0,4813.25,4812.5,4812.75,204.0,SYNTH-MES-A,1
2024-10-31 04:49:00+00:00,4812.75,4812.75,4812.75,4812.75,209.0,SYNTH-MES-A,1
2024-10-31 04:50:00+00:00,4812.75,4813.25,4812.5,4812.5,196.0,SYNTH-MES-A,1
2024-10-31 04:51:00+00:00,4812.5,4813.25,4812.5,4812.5,201.0,SYNTH-MES-A,1
2024-10-31 04:52:00+00:00,4812.5,4814.0,4812.5,4813.5,208.0,SYNTH-MES-A,1
2024-10-31 04:53:00+00:00,4813.5,4813.75,4812.75,4813.0,178.0,SYNTH-MES-A,1
2024-10-31 04:54:00+00:00,4813.0,4813.5,4812.0,4813.25,218.0,SYNTH-MES-A,1
2024-10-31 04:55:00+00:00,4813.25,4814.5,4813.0,4814.0,222.0,SYNTH-MES-A,1
2024-10-31 04:56:00+00:00,4814.0,4814.25,4814.0,4814.0,190.0,SYNTH-MES-A,1
2024-10-31 04:57:00+00:00,4814.0,4814.25,4814.0,4814.25,205.0,SYNTH-MES-A,1
2024-10-31 04:58:00+00:00,4814.25,4814.75,4814.0,4814.5,197.0,SYNTH-MES-A,1
2024-10-31 04:59:00+00:00,4814.5,4814.75,4814.5,4814.5,191.0,SYNTH-MES-A,1
2024-10-31 05:00:00+00:00,4814.5,4815.5,4814.25,4815.0,195.0,SYNTH-MES-A,1
2024-10-31 05:01:00+00:00,4815.0,4815.5,4814.0,4814.0,202.0,SYNTH-MES-A,1
2024-10-31 05:02:00+00:00,4814.0,4814.25,4814.0,4814.25,204.0,SYNTH-MES-A,1
2024-10-31 05:03:00+00:00,4814.25,4814.25,4813.75,4814.0,188.0,SYNTH-MES-A,1
2024-10-31 05:04:00+00:00,4814.0,4814.25,4812.5,4812.75,184.0,SYNTH-MES-A,1
2024-10-31 05:05:00+00:00,4812.75,4812.75,4812.0,4812.0,169.0,SYNTH-MES-A,1
2024-10-31 05:06:00+00:00,4812.0,4813.75,4811.25,4813.0,190.0,SYNTH-MES-A,1
2024-10-31 05:07:00+00:00,4813.0,4814.0,4813.0,4814.0,195.0,SYNTH-MES-A,1
2024-10-31 05:08:00+00:00,4814.0,4814.0,4813.75,4814.0,216.0,SYNTH-MES-A,1
2024-10-31 05:09:00+00:00,4814.0,4815.0,4813.75,4814.25,228.0,SYNTH-MES-A,1
2024-10-31 05:10:00+00:00,4814.25,4814.75,4813.75,4814.5,193.0,SYNTH-MES-A,1
2024-10-31 05:11:00+00:00,4814.5,4815.5,4814.0,4815.0,172.0,SYNTH-MES-A,1
2024-10-31 05:12:00+00:00,4815.0,4817.0,4814.75,4816.75,213.0,SYNTH-MES-A,1
2024-10-31 05:13:00+00:00,4816.75,4816.75,4814.75,4815.25,195.0,SYNTH-MES-A,1
2024-10-31 05:14:00+00:00,4815.25,4815.5,4814.5,4815.25,190.0,SYNTH-MES-A,1
2024-10-31 05:15:00+00:00,4815.25,4815.5,4814.75,4815.25,192.0,SYNTH-MES-A,1
2024-10-31 05:16:00+00:00,4815.25,4815.25,4813.75,4814.25,206.0,SYNTH-MES-A,1
2024-10-31 05:17:00+00:00,4814.25,4814.5,4813.25,4813.25,205.0,SYNTH-MES-A,1
2024-10-31 05:18:00+00:00,4813.25,4814.5,4813.0,4814.25,199.0,SYNTH-MES-A,1
2024-10-31 05:19:00+00:00,4814.25,4814.5,4813.5,4813.75,209.0,SYNTH-MES-A,1
2024-10-31 05:20:00+00:00,4813.75,4814.0,4813.5,4813.5,176.0,SYNTH-MES-A,1
2024-10-31 05:21:00+00:00,4813.5,4813.5,4813.25,4813.25,216.0,SYNTH-MES-A,1
2024-10-31 05:22:00+00:00,4813.25,4813.75,4812.25,4812.75,201.0,SYNTH-MES-A,1
2024-10-31 05:23:00+00:00,4812.75,4812.75,4812.75,4812.75,185.0,SYNTH-MES-A,1
2024-10-31 05:24:00+00:00,4812.75,4813.25,4811.25,4811.25,196.0,SYNTH-MES-A,1
2024-10-31 05:25:00+00:00,4811.25,4812.75,4810.75,4811.75,212.0,SYNTH-MES-A,1
2024-10-31 05:26:00+00:00,4811.75,4812.25,4811.75,4812.25,174.0,SYNTH-MES-A,1
2024-10-31 05:27:00+00:00,4812.25,4812.75,4812.0,4812.75,204.0,SYNTH-MES-A,1
2024-10-31 05:28:00+00:00,4812.75,4812.75,4811.0,4811.5,194.0,SYNTH-MES-A,1
2024-10-31 05:29:00+00:00,4811.5,4811.5,4811.0,4811.25,191.0,SYNTH-MES-A,1
2024-10-31 05:30:00+00:00,4811.25,4811.5,4809.5,4810.0,179.0,SYNTH-MES-A,1
2024-10-31 05:31:00+00:00,4810.0,4812.25,4810.0,4812.0,193.0,SYNTH-MES-A,1
2024-10-31 05:32:00+00:00,4812.0,4813.25,4812.0,4812.75,200.0,SYNTH-MES-A,1
2024-10-31 05:33:00+00:00,4812.75,4815.0,4812.75,4814.25,204.0,SYNTH-MES-A,1
2024-10-31 05:34:00+00:00,4814.25,4814.25,4811.5,4812.5,209.0,SYNTH-MES-A,1
2024-10-31 05:35:00+00:00,4812.5,4812.5,4812.5,4812.5,211.0,SYNTH-MES-A,1
2024-10-31 05:36:00+00:00,4812.5,4814.0,4812.5,4813.5,201.0,SYNTH-MES-A,1
2024-10-31 05:37:00+00:00,4813.5,4813.75,4813.0,4813.25,191.0,SYNTH-MES-A,1
2024-10-31 05:38:00+00:00,4813.25,4813.25,4812.75,4813.0,220.0,SYNTH-MES-A,1
2024-10-31 05:39:00+00:00,4813.0,4813.25,4813.0,4813.0,205.0,SYNTH-MES-A,1
2024-10-31 05:40:00+00:00,4813.0,4813.5,4811.25,4812.5,203.0,SYNTH-MES-A,1
2024-10-31 05:41:00+00:00,4812.5,4813.0,4812.5,4813.0,193.0,SYNTH-MES-A,1
2024-10-31 05:42:00+00:00,4813.0,4813.0,4812.5,4813.0,233.0,SYNTH-MES-A,1
2024-10-31 05:43:00+00:00,4813.0,4813.25,4813.0,4813.25,196.0,SYNTH-MES-A,1
2024-10-31 05:44:00+00:00,4813.25,4813.75,4811.75,4813.75,203.0,SYNTH-MES-A,1
2024-10-31 05:45:00+00:00,4813.75,4814.0,4813.5,4814.0,219.0,SYNTH-MES-A,1
2024-10-31 05:46:00+00:00,4814.0,4814.25,4813.0,4813.25,213.0,SYNTH-MES-A,1
2024-10-31 05:47:00+00:00,4813.25,4814.5,4813.0,4814.5,220.0,SYNTH-MES-A,1
2024-10-31 05:48:00+00:00,4814.5,4815.75,4814.25,4815.5,203.0,SYNTH-MES-A,1
2024-10-31 05:49:00+00:00,4815.5,4816.0,4815.0,4816.0,204.0,SYNTH-MES-A,1
2024-10-31 05:50:00+00:00,4816.0,4816.25,4815.0,4815.75,177.0,SYNTH-MES-A,1
2024-10-31 05:51:00+00:00,4815.75,4817.0,4815.5,4817.0,196.0,SYNTH-MES-A,1
2024-10-31 05:52:00+00:00,4817.0,4817.0,4816.25,4816.75,200.0,SYNTH-MES-A,1
2024-10-31 05:53:00+00:00,4816.75,4817.5,4816.5,4817.25,184.0,SYNTH-MES-A,1
2024-10-31 05:54:00+00:00,4817.25,4817.5,4816.5,4816.5,190.0,SYNTH-MES-A,1
2024-10-31 05:55:00+00:00,4816.5,4817.0,4816.0,4816.5,228.0,SYNTH-MES-A,1
2024-10-31 05:56:00+00:00,4816.5,4816.75,4816.5,4816.5,219.0,SYNTH-MES-A,1
2024-10-31 05:57:00+00:00,4816.5,4816.5,4816.0,4816.25,211.0,SYNTH-MES-A,1
2024-10-31 05:58:00+00:00,4816.25,4817.5,4816.25,4817.25,204.0,SYNTH-MES-A,1
2024-10-31 05:59:00+00:00,4817.25,4817.5,4816.75,4817.5,184.0,SYNTH-MES-A,1
2024-10-31 06:00:00+00:00,4817.5,4817.5,4816.5,4816.75,193.0,SYNTH-MES-A,1
2024-10-31 06:01:00+00:00,4816.75,4817.0,4816.25,4816.5,201.0,SYNTH-MES-A,1
2024-10-31 06:02:00+00:00,4816.5,4818.0,4816.0,4818.0,201.0,SYNTH-MES-A,1
2024-10-31 06:03:00+00:00,4818.0,4818.25,4816.75,4817.25,201.0,SYNTH-MES-A,1
2024-10-31 06:04:00+00:00,4817.25,4818.25,4817.25,4817.75,198.0,SYNTH-MES-A,1
2024-10-31 06:05:00+00:00,4817.75,4818.25,4816.5,4816.75,222.0,SYNTH-MES-A,1
2024-10-31 06:06:00+00:00,4816.75,4817.25,4816.5,4816.5,202.0,SYNTH-MES-A,1
2024-10-31 06:07:00+00:00,4816.5,4816.75,4815.75,4816.75,176.0,SYNTH-MES-A,1
2024-10-31 06:08:00+00:00,4816.75,4817.25,4816.5,4817.0,213.0,SYNTH-MES-A,1
2024-10-31 06:09:00+00:00,4817.0,4818.5,4817.0,4818.25,222.0,SYNTH-MES-A,1
2024-10-31 06:10:00+00:00,4818.25,4819.0,4818.0,4818.75,203.0,SYNTH-MES-A,1
2024-10-31 06:11:00+00:00,4818.75,4818.75,4817.75,4818.0,177.0,SYNTH-MES-A,1
2024-10-31 06:12:00+00:00,4818.0,4818.25,4817.75,4818.0,187.0,SYNTH-MES-A,1
2024-10-31 06:13:00+00:00,4818.0,4818.75,4818.0,4818.25,170.0,SYNTH-MES-A,1
2024-10-31 06:14:00+00:00,4818.25,4818.25,4818.0,4818.0,222.0,SYNTH-MES-A,1
2024-10-31 06:15:00+00:00,4818.0,4818.25,4817.0,4817.0,204.0,SYNTH-MES-A,1
2024-10-31 06:16:00+00:00,4817.0,4817.75,4816.75,4816.75,190.0,SYNTH-MES-A,1
2024-10-31 06:17:00+00:00,4816.75,4817.0,4816.25,4816.5,180.0,SYNTH-MES-A,1
2024-10-31 06:18:00+00:00,4816.5,4817.5,4816.0,4817.25,198.0,SYNTH-MES-A,1
2024-10-31 06:19:00+00:00,4817.25,4817.25,4817.0,4817.0,186.0,SYNTH-MES-A,1
2024-10-31 06:20:00+00:00,4817.0,4817.5,4817.0,4817.5,220.0,SYNTH-MES-A,1
2024-10-31 06:21:00+00:00,4817.5,4819.25,4815.75,4819.0,193.0,SYNTH-MES-A,1
2024-10-31 06:22:00+00:00,4819.0,4819.75,4819.0,4819.75,225.0,SYNTH-MES-A,1
2024-10-31 06:23:00+00:00,4819.75,4820.0,4819.5,4819.75,206.0,SYNTH-MES-A,1
2024-10-31 06:24:00+00:00,4819.75,4819.75,4819.5,4819.75,190.0,SYNTH-MES-A,1
2024-10-31 06:25:00+00:00,4819.75,4821.0,4819.75,4821.0,213.0,SYNTH-MES-A,1
2024-10-31 06:26:00+00:00,4821.0,4821.25,4820.25,4820.75,198.0,SYNTH-MES-A,1
2024-10-31 06:27:00+00:00,4820.75,4821.5,4820.0,4820.0,208.0,SYNTH-MES-A,1
2024-10-31 06:28:00+00:00,4820.0,4820.0,4819.5,4819.75,203.0,SYNTH-MES-A,1
2024-10-31 06:29:00+00:00,4819.75,4820.5,4819.75,4820.25,189.0,SYNTH-MES-A,1
2024-10-31 06:30:00+00:00,4820.25,4820.5,4820.25,4820.5,190.0,SYNTH-MES-A,1
2024-10-31 06:31:00+00:00,4820.5,4821.25,4820.0,4820.0,188.0,SYNTH-MES-A,1
2024-10-31 06:32:00+00:00,4820.0,4821.0,4819.25,4820.75,205.0,SYNTH-MES-A,1
2024-10-31 06:33:00+00:00,4820.75,4821.25,4819.5,4819.75,220.0,SYNTH-MES-A,1
2024-10-31 06:34:00+00:00,4819.75,4820.0,4818.75,4819.0,232.0,SYNTH-MES-A,1
2024-10-31 06:35:00+00:00,4819.0,4819.0,4818.25,4818.75,217.0,SYNTH-MES-A,1
2024-10-31 06:36:00+00:00,4818.75,4819.0,4816.5,4817.0,193.0,SYNTH-MES-A,1
2024-10-31 06:37:00+00:00,4817.0,4817.0,4816.75,4816.75,200.0,SYNTH-MES-A,1
2024-10-31 06:38:00+00:00,4816.75,4817.0,4816.5,4816.75,182.0,SYNTH-MES-A,1
2024-10-31 06:39:00+00:00,4816.75,4818.75,4816.75,4818.75,186.0,SYNTH-MES-A,1
2024-10-31 06:40:00+00:00,4818.75,4819.0,4818.75,4819.0,209.0,SYNTH-MES-A,1
2024-10-31 06:41:00+00:00,4819.0,4819.75,4818.75,4819.5,209.0,SYNTH-MES-A,1
2024-10-31 06:42:00+00:00,4819.5,4819.75,4819.5,4819.75,203.0,SYNTH-MES-A,1
2024-10-31 06:43:00+00:00,4819.75,4820.25,4819.5,4820.25,193.0,SYNTH-MES-A,1
2024-10-31 06:44:00+00:00,4820.25,4821.0,4820.0,4821.0,204.0,SYNTH-MES-A,1
2024-10-31 06:45:00+00:00,4821.0,4821.0,4820.5,4820.5,188.0,SYNTH-MES-A,1
2024-10-31 06:46:00+00:00,4820.5,4821.5,4820.25,4821.25,209.0,SYNTH-MES-A,1
2024-10-31 06:47:00+00:00,4821.25,4822.5,4821.25,4822.5,190.0,SYNTH-MES-A,1
2024-10-31 06:48:00+00:00,4822.5,4822.75,4822.0,4822.25,211.0,SYNTH-MES-A,1
2024-10-31 06:49:00+00:00,4822.25,4822.5,4821.5,4821.75,207.0,SYNTH-MES-A,1
2024-10-31 06:50:00+00:00,4821.75,4822.0,4820.75,4820.75,230.0,SYNTH-MES-A,1
2024-10-31 06:51:00+00:00,4820.75,4820.75,4820.0,4820.25,194.0,SYNTH-MES-A,1
2024-10-31 06:52:00+00:00,4820.25,4820.5,4819.25,4819.25,217.0,SYNTH-MES-A,1
2024-10-31 06:53:00+00:00,4819.25,4819.5,4819.25,4819.25,195.0,SYNTH-MES-A,1
2024-10-31 06:54:00+00:00,4819.25,4819.25,4818.5,4818.5,200.0,SYNTH-MES-A,1
2024-10-31 06:55:00+00:00,4818.5,4818.5,4818.0,4818.25,207.0,SYNTH-MES-A,1
2024-10-31 06:56:00+00:00,4818.25,4818.5,4817.5,4817.5,215.0,SYNTH-MES-A,1
2024-10-31 06:57:00+00:00,4817.5,4818.0,4817.5,4818.0,208.0,SYNTH-MES-A,1
2024-10-31 06:58:00+00:00,4818.0,4818.0,4817.5,4817.5,196.0,SYNTH-MES-A,1
2024-10-31 06:59:00+00:00,4817.5,4817.5,4816.0,4816.5,204.0,SYNTH-MES-A,1
2024-10-31 07:00:00+00:00,4816.5,4816.75,4816.5,4816.75,215.0,SYNTH-MES-A,1
2024-10-31 07:01:00+00:00,4816.75,4816.75,4816.25,4816.5,218.0,SYNTH-MES-A,1
2024-10-31 07:02:00+00:00,4816.5,4817.75,4816.0,4817.5,182.0,SYNTH-MES-A,1
2024-10-31 07:03:00+00:00,4817.5,4817.75,4817.25,4817.5,201.0,SYNTH-MES-A,1
2024-10-31 07:04:00+00:00,4817.5,4818.25,4817.5,4818.0,221.0,SYNTH-MES-A,1
2024-10-31 07:05:00+00:00,4818.0,4819.0,4817.75,4819.0,205.0,SYNTH-MES-A,1
2024-10-31 07:06:00+00:00,4819.0,4819.0,4818.0,4818.75,198.0,SYNTH-MES-A,1
2024-10-31 07:07:00+00:00,4818.75,4819.75,4818.25,4819.5,185.0,SYNTH-MES-A,1
2024-10-31 07:08:00+00:00,4819.5,4819.75,4819.5,4819.5,192.0,SYNTH-MES-A,1
2024-10-31 07:09:00+00:00,4819.5,4819.75,4818.5,4818.5,187.0,SYNTH-MES-A,1
2024-10-31 07:10:00+00:00,4818.5,4819.25,4818.5,4819.0,198.0,SYNTH-MES-A,1
2024-10-31 07:11:00+00:00,4819.0,4819.75,4818.0,4818.75,174.0,SYNTH-MES-A,1
2024-10-31 07:12:00+00:00,4818.75,4819.0,4818.25,4818.5,208.0,SYNTH-MES-A,1
2024-10-31 07:13:00+00:00,4818.5,4819.25,4818.25,4818.75,208.0,SYNTH-MES-A,1
2024-10-31 07:14:00+00:00,4818.75,4818.75,4818.0,4818.25,183.0,SYNTH-MES-A,1
2024-10-31 07:15:00+00:00,4818.25,4818.5,4818.0,4818.0,193.0,SYNTH-MES-A,1
2024-10-31 07:16:00+00:00,4818.0,4818.75,4817.5,4818.75,197.0,SYNTH-MES-A,1
2024-10-31 07:17:00+00:00,4818.75,4818.75,4817.75,4818.75,229.0,SYNTH-MES-A,1
2024-10-31 07:18:00+00:00,4818.75,4819.0,4817.5,4817.75,176.0,SYNTH-MES-A,1
2024-10-31 07:19:00+00:00,4817.75,4819.75,4817.25,4819.75,244.0,SYNTH-MES-A,1
2024-10-31 07:20:00+00:00,4819.75,4821.25,4819.75,4820.5,201.0,SYNTH-MES-A,1
2024-10-31 07:21:00+00:00,4820.5,4820.5,4820.25,4820.5,183.0,SYNTH-MES-A,1
2024-10-31 07:22:00+00:00,4820.5,4820.5,4820.25,4820.25,196.0,SYNTH-MES-A,1
2024-10-31 07:23:00+00:00,4820.25,4820.5,4818.5,4819.0,191.0,SYNTH-MES-A,1
2024-10-31 07:24:00+00:00,4819.0,4819.25,4819.0,4819.25,205.0,SYNTH-MES-A,1
2024-10-31 07:25:00+00:00,4819.25,4820.25,4818.5,4820.0,204.0,SYNTH-MES-A,1
2024-10-31 07:26:00+00:00,4820.0,4820.25,4820.0,4820.0,195.0,SYNTH-MES-A,1
2024-10-31 07:27:00+00:00,4820.0,4820.25,4819.75,4819.75,203.0,SYNTH-MES-A,1
2024-10-31 07:28:00+00:00,4819.75,4819.75,4818.25,4819.0,176.0,SYNTH-MES-A,1
2024-10-31 07:29:00+00:00,4819.0,4819.25,4818.25,4818.5,183.0,SYNTH-MES-A,1
2024-10-31 07:30:00+00:00,4818.5,4818.5,4816.75,4817.0,198.0,SYNTH-MES-A,1
2024-10-31 07:31:00+00:00,4817.0,4817.5,4815.25,4816.0,200.0,SYNTH-MES-A,1
2024-10-31 07:32:00+00:00,4816.0,4816.75,4815.5,4816.25,180.0,SYNTH-MES-A,1
2024-10-31 07:33:00+00:00,4816.25,4817.0,4816.25,4816.75,219.0,SYNTH-MES-A,1
2024-10-31 07:34:00+00:00,4816.75,4817.25,4816.0,4817.25,214.0,SYNTH-MES-A,1
2024-10-31 07:35:00+00:00,4817.25,4817.25,4815.5,4816.5,201.0,SYNTH-MES-A,1
2024-10-31 07:36:00+00:00,4816.5,4816.75,4816.0,4816.0,180.0,SYNTH-MES-A,1
2024-10-31 07:37:00+00:00,4816.0,4816.0,4814.0,4814.25,172.0,SYNTH-MES-A,1
2024-10-31 07:38:00+00:00,4814.25,4814.5,4814.0,4814.0,209.0,SYNTH-MES-A,1
2024-10-31 07:39:00+00:00,4814.0,4814.5,4813.5,4814.5,219.0,SYNTH-MES-A,1
2024-10-31 07:40:00+00:00,4814.5,4814.5,4814.0,4814.25,196.0,SYNTH-MES-A,1
2024-10-31 07:41:00+00:00,4814.25,4814.25,4812.5,4813.0,182.0,SYNTH-MES-A,1
2024-10-31 07:42:00+00:00,4813.0,4813.5,4812.75,4813.25,196.0,SYNTH-MES-A,1
2024-10-31 07:43:00+00:00,4813.25,4814.25,4812.5,4812.5,205.0,SYNTH-MES-A,1
2024-10-31 07:44:00+00:00,4812.5,4812.5,4811.75,4812.25,199.0,SYNTH-MES-A,1
2024-10-31 07:45:00+00:00,4812.25,4812.5,4812.25,4812.5,198.0,SYNTH-MES-A,1
2024-10-31 07:46:00+00:00,4812.5,4812.75,4810.75,4811.25,192.0,SYNTH-MES-A,1
2024-10-31 07:47:00+00:00,4811.25,4811.5,4810.0,4810.75,210.0,SYNTH-MES-A,1
2024-10-31 07:48:00+00:00,4810.75,4811.25,4810.75,4810.75,199.0,SYNTH-MES-A,1
2024-10-31 07:49:00+00:00,4810.75,4810.75,4810.25,4810.75,186.0,SYNTH-MES-A,1
2024-10-31 07:50:00+00:00,4810.75,4811.0,4810.5,4810.5,228.0,SYNTH-MES-A,1
2024-10-31 07:51:00+00:00,4810.5,4810.75,4809.25,4810.5,192.0,SYNTH-MES-A,1
2024-10-31 07:52:00+00:00,4810.5,4811.25,4810.5,4811.0,161.0,SYNTH-MES-A,1
2024-10-31 07:53:00+00:00,4811.0,4811.75,4811.0,4811.25,209.0,SYNTH-MES-A,1
2024-10-31 07:54:00+00:00,4811.25,4811.5,4810.25,4811.0,219.0,SYNTH-MES-A,1
2024-10-31 07:55:00+00:00,4811.0,4811.75,4810.5,4811.0,180.0,SYNTH-MES-A,1
2024-10-31 07:56:00+00:00,4811.0,4811.0,4810.25,4810.25,204.0,SYNTH-MES-A,1
2024-10-31 07:57:00+00:00,4810.25,4811.0,4810.25,4810.75,186.0,SYNTH-MES-A,1
2024-10-31 07:58:00+00:00,4810.75,4810.75,4810.5,4810.5,200.0,SYNTH-MES-A,1
2024-10-31 07:59:00+00:00,4810.5,4810.75,4810.5,4810.75,208.0,SYNTH-MES-A,1
2024-10-31 08:00:00+00:00,4810.75,4811.0,4810.5,4811.0,177.0,SYNTH-MES-A,1
2024-10-31 08:01:00+00:00,4811.0,4811.0,4809.75,4810.5,181.0,SYNTH-MES-A,1
2024-10-31 08:02:00+00:00,4810.5,4811.5,4810.5,4811.0,204.0,SYNTH-MES-A,1
2024-10-31 08:03:00+00:00,4811.0,4811.25,4810.5,4810.5,198.0,SYNTH-MES-A,1
2024-10-31 08:04:00+00:00,4810.5,4810.75,4809.0,4810.25,205.0,SYNTH-MES-A,1
2024-10-31 08:05:00+00:00,4810.25,4810.75,4809.75,4810.25,225.0,SYNTH-MES-A,1
2024-10-31 08:06:00+00:00,4810.25,4810.5,4810.25,4810.25,200.0,SYNTH-MES-A,1
2024-10-31 08:07:00+00:00,4810.25,4810.75,4810.25,4810.75,204.0,SYNTH-MES-A,1
2024-10-31 08:08:00+00:00,4810.75,4811.25,4810.25,4811.25,207.0,SYNTH-MES-A,1
2024-10-31 08:09:00+00:00,4811.25,4811.25,4811.0,4811.0,210.0,SYNTH-MES-A,1
2024-10-31 08:10:00+00:00,4811.0,4811.0,4810.75,4810.75,202.0,SYNTH-MES-A,1
2024-10-31 08:11:00+00:00,4810.75,4811.25,4810.5,4811.0,177.0,SYNTH-MES-A,1
2024-10-31 08:12:00+00:00,4811.0,4811.0,4810.25,4810.5,172.0,SYNTH-MES-A,1
2024-10-31 08:13:00+00:00,4810.5,4810.5,4809.75,4810.0,205.0,SYNTH-MES-A,1
2024-10-31 08:14:00+00:00,4810.0,4810.0,4809.0,4809.5,211.0,SYNTH-MES-A,1
2024-10-31 08:15:00+00:00,4809.5,4810.75,4808.75,4810.25,227.0,SYNTH-MES-A,1
2024-10-31 08:16:00+00:00,4810.25,4810.25,4809.5,4809.5,171.0,SYNTH-MES-A,1
2024-10-31 08:17:00+00:00,4809.5,4810.0,4809.5,4809.75,211.0,SYNTH-MES-A,1
2024-10-31 08:18:00+00:00,4809.75,4809.75,4809.5,4809.75,184.0,SYNTH-MES-A,1
2024-10-31 08:19:00+00:00,4809.75,4810.0,4809.5,4810.0,211.0,SYNTH-MES-A,1
2024-10-31 08:20:00+00:00,4810.0,4810.25,4809.75,4810.0,190.0,SYNTH-MES-A,1
2024-10-31 08:21:00+00:00,4810.0,4810.5,4809.5,4809.75,208.0,SYNTH-MES-A,1
2024-10-31 08:22:00+00:00,4809.75,4810.25,4809.5,4809.5,205.0,SYNTH-MES-A,1
2024-10-31 08:23:00+00:00,4809.5,4809.75,4809.25,4809.75,193.0,SYNTH-MES-A,1
2024-10-31 08:24:00+00:00,4809.75,4809.75,4808.75,4809.0,189.0,SYNTH-MES-A,1
2024-10-31 08:25:00+00:00,4809.0,4809.0,4808.75,4808.75,177.0,SYNTH-MES-A,1
2024-10-31 08:26:00+00:00,4808.75,4809.0,4808.25,4808.5,228.0,SYNTH-MES-A,1
2024-10-31 08:27:00+00:00,4808.5,4809.5,4808.25,4808.75,195.0,SYNTH-MES-A,1
2024-10-31 08:28:00+00:00,4808.75,4809.75,4808.25,4809.25,231.0,SYNTH-MES-A,1
2024-10-31 08:29:00+00:00,4809.25,4810.0,4809.0,4809.0,189.0,SYNTH-MES-A,1
2024-10-31 08:30:00+00:00,4809.0,4809.75,4808.75,4809.25,199.0,SYNTH-MES-A,1
2024-10-31 08:31:00+00:00,4809.25,4811.0,4809.25,4811.0,209.0,SYNTH-MES-A,1
2024-10-31 08:32:00+00:00,4811.0,4812.25,4810.5,4812.25,212.0,SYNTH-MES-A,1
2024-10-31 08:33:00+00:00,4812.25,4813.0,4812.0,4813.0,209.0,SYNTH-MES-A,1
2024-10-31 08:34:00+00:00,4813.0,4813.5,4813.0,4813.5,189.0,SYNTH-MES-A,1
2024-10-31 08:35:00+00:00,4813.5,4814.25,4813.25,4814.0,188.0,SYNTH-MES-A,1
2024-10-31 08:36:00+00:00,4814.0,4814.5,4814.0,4814.5,207.0,SYNTH-MES-A,1
2024-10-31 08:37:00+00:00,4814.5,4816.0,4814.5,4816.0,223.0,SYNTH-MES-A,1
2024-10-31 08:38:00+00:00,4816.0,4816.75,4815.75,4816.25,209.0,SYNTH-MES-A,1
2024-10-31 08:39:00+00:00,4816.25,4816.25,4815.75,4816.25,213.0,SYNTH-MES-A,1
2024-10-31 08:40:00+00:00,4816.25,4816.25,4815.5,4815.75,202.0,SYNTH-MES-A,1
2024-10-31 08:41:00+00:00,4815.75,4816.0,4815.0,4815.5,201.0,SYNTH-MES-A,1
2024-10-31 08:42:00+00:00,4815.5,4815.5,4814.5,4815.0,194.0,SYNTH-MES-A,1
2024-10-31 08:43:00+00:00,4815.0,4815.75,4815.0,4815.5,205.0,SYNTH-MES-A,1
2024-10-31 08:44:00+00:00,4815.5,4817.25,4815.0,4817.25,234.0,SYNTH-MES-A,1
2024-10-31 08:45:00+00:00,4817.25,4818.5,4816.5,4818.25,210.0,SYNTH-MES-A,1
2024-10-31 08:46:00+00:00,4818.25,4820.25,4818.0,4820.0,192.0,SYNTH-MES-A,1
2024-10-31 08:47:00+00:00,4820.0,4820.5,4819.5,4819.5,180.0,SYNTH-MES-A,1
2024-10-31 08:48:00+00:00,4819.5,4819.5,4819.25,4819.25,227.0,SYNTH-MES-A,1
2024-10-31 08:49:00+00:00,4819.25,4819.75,4818.75,4819.5,198.0,SYNTH-MES-A,1
2024-10-31 08:50:00+00:00,4819.5,4819.75,4819.5,4819.5,238.0,SYNTH-MES-A,1
2024-10-31 08:51:00+00:00,4819.5,4819.5,4818.5,4818.5,208.0,SYNTH-MES-A,1
2024-10-31 08:52:00+00:00,4818.5,4819.25,4817.5,4819.0,188.0,SYNTH-MES-A,1
2024-10-31 08:53:00+00:00,4819.0,4819.5,4819.0,4819.5,193.0,SYNTH-MES-A,1
2024-10-31 08:54:00+00:00,4819.5,4821.0,4819.5,4821.0,207.0,SYNTH-MES-A,1
2024-10-31 08:55:00+00:00,4821.0,4821.0,4820.25,4820.5,185.0,SYNTH-MES-A,1
2024-10-31 08:56:00+00:00,4820.5,4820.75,4820.0,4820.25,198.0,SYNTH-MES-A,1
2024-10-31 08:57:00+00:00,4820.25,4820.5,4820.0,4820.5,195.0,SYNTH-MES-A,1
2024-10-31 08:58:00+00:00,4820.5,4821.75,4820.5,4821.5,182.0,SYNTH-MES-A,1
2024-10-31 08:59:00+00:00,4821.5,4822.0,4821.0,4821.25,215.0,SYNTH-MES-A,1
2024-10-31 09:00:00+00:00,4821.25,4821.5,4820.75,4820.75,202.0,SYNTH-MES-A,1
2024-10-31 09:01:00+00:00,4820.75,4821.0,4820.5,4820.5,193.0,SYNTH-MES-A,1
2024-10-31 09:02:00+00:00,4820.5,4821.0,4819.75,4820.0,212.0,SYNTH-MES-A,1
2024-10-31 09:03:00+00:00,4820.0,4820.5,4819.75,4819.75,170.0,SYNTH-MES-A,1
2024-10-31 09:04:00+00:00,4819.75,4820.0,4819.5,4819.75,228.0,SYNTH-MES-A,1
2024-10-31 09:05:00+00:00,4819.75,4820.0,4819.5,4820.0,176.0,SYNTH-MES-A,1
2024-10-31 09:06:00+00:00,4820.0,4820.25,4818.75,4818.75,190.0,SYNTH-MES-A,1
2024-10-31 09:07:00+00:00,4818.75,4818.75,4818.75,4818.75,187.0,SYNTH-MES-A,1
2024-10-31 09:08:00+00:00,4818.75,4819.0,4818.5,4819.0,208.0,SYNTH-MES-A,1
2024-10-31 09:09:00+00:00,4819.0,4819.25,4818.25,4818.5,198.0,SYNTH-MES-A,1
2024-10-31 09:10:00+00:00,4818.5,4818.5,4818.0,4818.25,200.0,SYNTH-MES-A,1
2024-10-31 09:11:00+00:00,4818.25,4818.5,4818.0,4818.5,203.0,SYNTH-MES-A,1
2024-10-31 09:12:00+00:00,4818.5,4819.0,4818.5,4818.75,203.0,SYNTH-MES-A,1
2024-10-31 09:13:00+00:00,4818.75,4820.5,4818.75,4820.0,204.0,SYNTH-MES-A,1
2024-10-31 09:14:00+00:00,4820.0,4820.75,4820.0,4820.75,182.0,SYNTH-MES-A,1
2024-10-31 09:15:00+00:00,4820.75,4820.75,4820.0,4820.25,213.0,SYNTH-MES-A,1
2024-10-31 09:16:00+00:00,4820.25,4820.75,4820.0,4820.75,202.0,SYNTH-MES-A,1
2024-10-31 09:17:00+00:00,4820.75,4820.75,4819.5,4820.0,217.0,SYNTH-MES-A,1
2024-10-31 09:18:00+00:00,4820.0,4820.5,4819.75,4820.25,190.0,SYNTH-MES-A,1
2024-10-31 09:19:00+00:00,4820.25,4820.75,4819.25,4819.5,241.0,SYNTH-MES-A,1
2024-10-31 09:20:00+00:00,4819.5,4819.5,4819.0,4819.0,205.0,SYNTH-MES-A,1
2024-10-31 09:21:00+00:00,4819.0,4819.75,4818.75,4819.5,213.0,SYNTH-MES-A,1
2024-10-31 09:22:00+00:00,4819.5,4820.5,4819.5,4820.25,181.0,SYNTH-MES-A,1
2024-10-31 09:23:00+00:00,4820.25,4820.75,4819.5,4820.5,216.0,SYNTH-MES-A,1
2024-10-31 09:24:00+00:00,4820.5,4820.5,4819.75,4820.0,203.0,SYNTH-MES-A,1
2024-10-31 09:25:00+00:00,4820.0,4821.25,4819.75,4821.25,185.0,SYNTH-MES-A,1
2024-10-31 09:26:00+00:00,4821.25,4822.0,4821.0,4822.0,203.0,SYNTH-MES-A,1
2024-10-31 09:27:00+00:00,4822.0,4822.25,4822.0,4822.25,206.0,SYNTH-MES-A,1
2024-10-31 09:28:00+00:00,4822.25,4823.0,4821.25,4822.75,181.0,SYNTH-MES-A,1
2024-10-31 09:29:00+00:00,4822.75,4822.75,4822.5,4822.75,192.0,SYNTH-MES-A,1
2024-10-31 09:30:00+00:00,4822.75,4824.75,4822.75,4823.75,195.0,SYNTH-MES-A,1
2024-10-31 09:31:00+00:00,4823.75,4825.25,4823.75,4824.75,221.0,SYNTH-MES-A,1
2024-10-31 09:32:00+00:00,4824.75,4825.0,4824.75,4825.0,204.0,SYNTH-MES-A,1
2024-10-31 09:33:00+00:00,4825.0,4825.75,4824.75,4824.75,194.0,SYNTH-MES-A,1
2024-10-31 09:34:00+00:00,4824.75,4825.25,4823.75,4824.5,187.0,SYNTH-MES-A,1
2024-10-31 09:35:00+00:00,4824.5,4826.5,4824.25,4826.0,189.0,SYNTH-MES-A,1
2024-10-31 09:36:00+00:00,4826.0,4826.5,4825.5,4825.75,191.0,SYNTH-MES-A,1
2024-10-31 09:37:00+00:00,4825.75,4826.0,4825.75,4826.0,200.0,SYNTH-MES-A,1
2024-10-31 09:38:00+00:00,4826.0,4827.0,4826.0,4826.75,200.0,SYNTH-MES-A,1
2024-10-31 09:39:00+00:00,4826.75,4828.25,4826.75,4828.25,198.0,SYNTH-MES-A,1
2024-10-31 09:40:00+00:00,4828.25,4830.0,4828.0,4829.75,205.0,SYNTH-MES-A,1
2024-10-31 09:41:00+00:00,4829.75,4830.75,4829.5,4830.25,222.0,SYNTH-MES-A,1
2024-10-31 09:42:00+00:00,4830.25,4831.0,4829.75,4830.75,219.0,SYNTH-MES-A,1
2024-10-31 09:43:00+00:00,4830.75,4830.75,4829.75,4830.0,208.0,SYNTH-MES-A,1
2024-10-31 09:44:00+00:00,4830.0,4831.25,4829.75,4831.0,214.0,SYNTH-MES-A,1
2024-10-31 09:45:00+00:00,4831.0,4832.25,4830.75,4831.5,189.0,SYNTH-MES-A,1
2024-10-31 09:46:00+00:00,4831.5,4832.25,4831.5,4831.75,185.0,SYNTH-MES-A,1
2024-10-31 09:47:00+00:00,4831.75,4833.25,4831.75,4833.25,165.0,SYNTH-MES-A,1
2024-10-31 09:48:00+00:00,4833.25,4833.5,4833.25,4833.25,204.0,SYNTH-MES-A,1
2024-10-31 09:49:00+00:00,4833.25,4834.0,4833.25,4834.0,189.0,SYNTH-MES-A,1
2024-10-31 09:50:00+00:00,4834.0,4835.0,4834.0,4835.0,205.0,SYNTH-MES-A,1
2024-10-31 09:51:00+00:00,4835.0,4835.0,4834.75,4834.75,224.0,SYNTH-MES-A,1
2024-10-31 09:52:00+00:00,4834.75,4834.75,4833.0,4833.75,207.0,SYNTH-MES-A,1
2024-10-31 09:53:00+00:00,4833.75,4834.25,4833.75,4834.0,180.0,SYNTH-MES-A,1
2024-10-31 09:54:00+00:00,4834.0,4834.0,4833.0,4833.25,219.0,SYNTH-MES-A,1
2024-10-31 09:55:00+00:00,4833.25,4833.75,4833.0,4833.75,202.0,SYNTH-MES-A,1
2024-10-31 09:56:00+00:00,4833.75,4834.0,4833.5,4833.75,184.0,SYNTH-MES-A,1
2024-10-31 09:57:00+00:00,4833.75,4834.0,4832.0,4832.5,203.0,SYNTH-MES-A,1
2024-10-31 09:58:00+00:00,4832.5,4832.75,4831.25,4832.0,177.0,SYNTH-MES-A,1
2024-10-31 09:59:00+00:00,4832.0,4832.5,4831.25,4831.25,187.0,SYNTH-MES-A,1
2024-10-31 10:00:00+00:00,4831.25,4832.0,4830.75,4831.5,209.0,SYNTH-MES-A,1
2024-10-31 10:01:00+00:00,4831.5,4831.75,4830.25,4830.5,175.0,SYNTH-MES-A,1
2024-10-31 10:02:00+00:00,4830.5,4832.0,4830.5,4831.75,204.0,SYNTH-MES-A,1
2024-10-31 10:03:00+00:00,4831.75,4832.0,4831.25,4831.5,206.0,SYNTH-MES-A,1
2024-10-31 10:04:00+00:00,4831.5,4832.0,4831.5,4831.75,203.0,SYNTH-MES-A,1
2024-10-31 10:05:00+00:00,4831.75,4832.5,4831.25,4831.5,198.0,SYNTH-MES-A,1
2024-10-31 10:06:00+00:00,4831.5,4831.75,4831.0,4831.25,214.0,SYNTH-MES-A,1
2024-10-31 10:07:00+00:00,4831.25,4832.0,4830.75,4831.0,183.0,SYNTH-MES-A,1
2024-10-31 10:08:00+00:00,4831.0,4832.5,4830.75,4832.0,211.0,SYNTH-MES-A,1
2024-10-31 10:09:00+00:00,4832.0,4832.25,4830.25,4830.5,185.0,SYNTH-MES-A,1
2024-10-31 10:10:00+00:00,4830.5,4831.75,4830.25,4831.0,188.0,SYNTH-MES-A,1
2024-10-31 10:11:00+00:00,4831.0,4831.25,4829.75,4830.0,198.0,SYNTH-MES-A,1
2024-10-31 10:12:00+00:00,4830.0,4830.75,4830.0,4830.5,212.0,SYNTH-MES-A,1
2024-10-31 10:13:00+00:00,4830.5,4830.5,4830.5,4830.5,182.0,SYNTH-MES-A,1
2024-10-31 10:14:00+00:00,4830.5,4831.25,4830.25,4831.25,220.0,SYNTH-MES-A,1
2024-10-31 10:15:00+00:00,4831.25,4832.75,4830.75,4832.0,183.0,SYNTH-MES-A,1
2024-10-31 10:16:00+00:00,4832.0,4833.0,4832.0,4833.0,178.0,SYNTH-MES-A,1
2024-10-31 10:17:00+00:00,4833.0,4833.0,4832.5,4832.5,216.0,SYNTH-MES-A,1
2024-10-31 10:18:00+00:00,4832.5,4833.0,4832.5,4832.75,196.0,SYNTH-MES-A,1
2024-10-31 10:19:00+00:00,4832.75,4833.0,4832.25,4832.75,202.0,SYNTH-MES-A,1
2024-10-31 10:20:00+00:00,4832.75,4833.5,4832.5,4833.25,182.0,SYNTH-MES-A,1
2024-10-31 10:21:00+00:00,4833.25,4834.0,4833.25,4833.75,197.0,SYNTH-MES-A,1
2024-10-31 10:22:00+00:00,4833.75,4835.0,4833.25,4834.75,189.0,SYNTH-MES-A,1
2024-10-31 10:23:00+00:00,4834.75,4835.5,4834.75,4835.25,192.0,SYNTH-MES-A,1
2024-10-31 10:24:00+00:00,4835.25,4835.75,4835.25,4835.75,205.0,SYNTH-MES-A,1
2024-10-31 10:25:00+00:00,4835.75,4836.0,4835.25,4835.5,210.0,SYNTH-MES-A,1
2024-10-31 10:26:00+00:00,4835.5,4836.0,4835.0,4835.0,185.0,SYNTH-MES-A,1
2024-10-31 10:27:00+00:00,4835.0,4835.75,4834.75,4835.75,217.0,SYNTH-MES-A,1
2024-10-31 10:28:00+00:00,4835.75,4836.5,4835.75,4836.5,208.0,SYNTH-MES-A,1
2024-10-31 10:29:00+00:00,4836.5,4836.5,4835.75,4836.25,201.0,SYNTH-MES-A,1
2024-10-31 10:30:00+00:00,4836.25,4837.25,4836.0,4836.75,173.0,SYNTH-MES-A,1
2024-10-31 10:31:00+00:00,4836.75,4837.5,4836.75,4837.5,215.0,SYNTH-MES-A,1
2024-10-31 10:32:00+00:00,4837.5,4837.5,4837.25,4837.25,185.0,SYNTH-MES-A,1
2024-10-31 10:33:00+00:00,4837.25,4837.5,4837.0,4837.25,220.0,SYNTH-MES-A,1
2024-10-31 10:34:00+00:00,4837.25,4838.0,4837.0,4838.0,211.0,SYNTH-MES-A,1
2024-10-31 10:35:00+00:00,4838.0,4838.0,4837.25,4837.75,190.0,SYNTH-MES-A,1
2024-10-31 10:36:00+00:00,4837.75,4839.0,4837.75,4839.0,197.0,SYNTH-MES-A,1
2024-10-31 10:37:00+00:00,4839.0,4840.0,4838.75,4839.75,199.0,SYNTH-MES-A,1
2024-10-31 10:38:00+00:00,4839.75,4839.75,4839.25,4839.5,205.0,SYNTH-MES-A,1
2024-10-31 10:39:00+00:00,4839.5,4841.0,4839.25,4840.75,191.0,SYNTH-MES-A,1
2024-10-31 10:40:00+00:00,4840.75,4842.0,4840.25,4841.75,199.0,SYNTH-MES-A,1
2024-10-31 10:41:00+00:00,4841.75,4842.25,4841.75,4842.25,206.0,SYNTH-MES-A,1
2024-10-31 10:42:00+00:00,4842.25,4842.5,4841.25,4841.5,181.0,SYNTH-MES-A,1
2024-10-31 10:43:00+00:00,4841.5,4842.0,4841.5,4841.75,186.0,SYNTH-MES-A,1
2024-10-31 10:44:00+00:00,4841.75,4842.0,4841.25,4841.25,190.0,SYNTH-MES-A,1
2024-10-31 10:45:00+00:00,4841.25,4842.5,4841.0,4842.0,207.0,SYNTH-MES-A,1
2024-10-31 10:46:00+00:00,4842.0,4842.25,4841.0,4842.25,199.0,SYNTH-MES-A,1
2024-10-31 10:47:00+00:00,4842.25,4843.75,4842.0,4843.25,166.0,SYNTH-MES-A,1
2024-10-31 10:48:00+00:00,4843.25,4844.75,4843.25,4844.25,193.0,SYNTH-MES-A,1
2024-10-31 10:49:00+00:00,4844.25,4845.25,4844.0,4844.75,167.0,SYNTH-MES-A,1
2024-10-31 10:50:00+00:00,4844.75,4845.5,4843.75,4844.0,199.0,SYNTH-MES-A,1
2024-10-31 10:51:00+00:00,4844.0,4844.25,4843.5,4843.75,202.0,SYNTH-MES-A,1
2024-10-31 10:52:00+00:00,4843.75,4844.75,4843.75,4844.5,185.0,SYNTH-MES-A,1
2024-10-31 10:53:00+00:00,4844.5,4844.5,4843.5,4844.0,216.0,SYNTH-MES-A,1
2024-10-31 10:54:00+00:00,4844.0,4846.0,4843.75,4845.75,196.0,SYNTH-MES-A,1
2024-10-31 10:55:00+00:00,4845.75,4846.5,4845.5,4845.75,186.0,SYNTH-MES-A,1
2024-10-31 10:56:00+00:00,4845.75,4846.0,4845.25,4845.5,188.0,SYNTH-MES-A,1
2024-10-31 10:57:00+00:00,4845.5,4845.75,4844.75,4845.5,203.0,SYNTH-MES-A,1
2024-10-31 10:58:00+00:00,4845.5,4845.75,4845.5,4845.75,203.0,SYNTH-MES-A,1
2024-10-31 10:59:00+00:00,4845.75,4845.75,4845.5,4845.75,209.0,SYNTH-MES-A,1
2024-10-31 11:00:00+00:00,4845.75,4846.0,4844.75,4845.0,187.0,SYNTH-MES-A,1
2024-10-31 11:01:00+00:00,4845.0,4845.5,4845.0,4845.5,199.0,SYNTH-MES-A,1
2024-10-31 11:02:00+00:00,4845.5,4845.75,4844.75,4845.25,203.0,SYNTH-MES-A,1
2024-10-31 11:03:00+00:00,4845.25,4846.25,4845.25,4845.75,195.0,SYNTH-MES-A,1
2024-10-31 11:04:00+00:00,4845.75,4846.0,4845.25,4846.0,209.0,SYNTH-MES-A,1
2024-10-31 11:05:00+00:00,4846.0,4846.5,4845.0,4845.0,207.0,SYNTH-MES-A,1
2024-10-31 11:06:00+00:00,4845.0,4845.0,4843.75,4844.5,189.0,SYNTH-MES-A,1
2024-10-31 11:07:00+00:00,4844.5,4844.5,4843.25,4843.25,164.0,SYNTH-MES-A,1
2024-10-31 11:08:00+00:00,4843.25,4843.25,4842.75,4842.75,207.0,SYNTH-MES-A,1
2024-10-31 11:09:00+00:00,4842.75,4843.25,4842.75,4843.25,179.0,SYNTH-MES-A,1
2024-10-31 11:10:00+00:00,4843.25,4843.25,4843.0,4843.25,212.0,SYNTH-MES-A,1
2024-10-31 11:11:00+00:00,4843.25,4843.25,4842.0,4842.25,194.0,SYNTH-MES-A,1
2024-10-31 11:12:00+00:00,4842.25,4843.0,4841.5,4842.25,201.0,SYNTH-MES-A,1
2024-10-31 11:13:00+00:00,4842.25,4842.25,4842.25,4842.25,194.0,SYNTH-MES-A,1
2024-10-31 11:14:00+00:00,4842.25,4843.0,4842.25,4843.0,240.0,SYNTH-MES-A,1
2024-10-31 11:15:00+00:00,4843.0,4843.0,4842.0,4842.25,226.0,SYNTH-MES-A,1
2024-10-31 11:16:00+00:00,4842.25,4842.25,4842.0,4842.0,193.0,SYNTH-MES-A,1
2024-10-31 11:17:00+00:00,4842.0,4843.25,4841.75,4842.75,211.0,SYNTH-MES-A,1
2024-10-31 11:18:00+00:00,4842.75,4844.5,4842.25,4844.0,211.0,SYNTH-MES-A,1
2024-10-31 11:19:00+00:00,4844.0,4844.75,4843.75,4844.75,190.0,SYNTH-MES-A,1
2024-10-31 11:20:00+00:00,4844.75,4845.75,4844.5,4845.5,194.0,SYNTH-MES-A,1
2024-10-31 11:21:00+00:00,4845.5,4846.0,4844.5,4844.75,204.0,SYNTH-MES-A,1
2024-10-31 11:22:00+00:00,4844.75,4844.75,4844.25,4844.5,204.0,SYNTH-MES-A,1
2024-10-31 11:23:00+00:00,4844.5,4844.75,4843.5,4843.75,201.0,SYNTH-MES-A,1
2024-10-31 11:24:00+00:00,4843.75,4845.5,4843.75,4844.5,197.0,SYNTH-MES-A,1
2024-10-31 11:25:00+00:00,4844.5,4844.5,4843.5,4843.5,222.0,SYNTH-MES-A,1
2024-10-31 11:26:00+00:00,4843.5,4844.0,4843.25,4843.25,197.0,SYNTH-MES-A,1
2024-10-31 11:27:00+00:00,4843.25,4843.25,4841.0,4841.0,206.0,SYNTH-MES-A,1
2024-10-31 11:28:00+00:00,4841.0,4842.0,4841.0,4841.25,217.0,SYNTH-MES-A,1
2024-10-31 11:29:00+00:00,4841.25,4842.0,4841.0,4841.75,202.0,SYNTH-MES-A,1
2024-10-31 11:30:00+00:00,4841.75,4841.75,4840.75,4841.25,195.0,SYNTH-MES-A,1
2024-10-31 11:31:00+00:00,4841.25,4842.75,4841.25,4842.0,201.0,SYNTH-MES-A,1
2024-10-31 11:32:00+00:00,4842.0,4842.25,4841.25,4841.5,199.0,SYNTH-MES-A,1
2024-10-31 11:33:00+00:00,4841.5,4841.75,4840.75,4840.75,207.0,SYNTH-MES-A,1
2024-10-31 11:34:00+00:00,4840.75,4841.5,4840.75,4841.5,196.0,SYNTH-MES-A,1
2024-10-31 11:35:00+00:00,4841.5,4841.5,4840.0,4840.0,214.0,SYNTH-MES-A,1
2024-10-31 11:36:00+00:00,4840.0,4841.25,4839.5,4841.25,189.0,SYNTH-MES-A,1
2024-10-31 11:37:00+00:00,4841.25,4841.25,4840.75,4841.0,201.0,SYNTH-MES-A,1
2024-10-31 11:38:00+00:00,4841.0,4842.0,4840.0,4840.5,203.0,SYNTH-MES-A,1
2024-10-31 11:39:00+00:00,4840.5,4840.75,4839.75,4840.25,205.0,SYNTH-MES-A,1
2024-10-31 11:40:00+00:00,4840.25,4841.5,4840.25,4841.0,202.0,SYNTH-MES-A,1
2024-10-31 11:41:00+00:00,4841.0,4841.25,4840.25,4840.25,194.0,SYNTH-MES-A,1
2024-10-31 11:42:00+00:00,4840.25,4841.0,4840.0,4841.0,212.0,SYNTH-MES-A,1
2024-10-31 11:43:00+00:00,4841.0,4841.25,4839.25,4839.75,190.0,SYNTH-MES-A,1
2024-10-31 11:44:00+00:00,4839.75,4840.0,4838.75,4839.0,188.0,SYNTH-MES-A,1
2024-10-31 11:45:00+00:00,4839.0,4839.0,4837.5,4838.5,197.0,SYNTH-MES-A,1
2024-10-31 11:46:00+00:00,4838.5,4838.5,4838.5,4838.5,200.0,SYNTH-MES-A,1
2024-10-31 11:47:00+00:00,4838.5,4838.75,4838.25,4838.5,180.0,SYNTH-MES-A,1
2024-10-31 11:48:00+00:00,4838.5,4838.5,4837.75,4837.75,196.0,SYNTH-MES-A,1
2024-10-31 11:49:00+00:00,4837.75,4837.75,4835.75,4836.5,208.0,SYNTH-MES-A,1
2024-10-31 11:50:00+00:00,4836.5,4836.5,4836.0,4836.25,193.0,SYNTH-MES-A,1
2024-10-31 11:51:00+00:00,4836.25,4836.75,4835.75,4836.5,202.0,SYNTH-MES-A,1
2024-10-31 11:52:00+00:00,4836.5,4836.5,4836.5,4836.5,200.0,SYNTH-MES-A,1
2024-10-31 11:53:00+00:00,4836.5,4836.5,4836.25,4836.5,195.0,SYNTH-MES-A,1
2024-10-31 11:54:00+00:00,4836.5,4836.75,4836.25,4836.25,197.0,SYNTH-MES-A,1
2024-10-31 11:55:00+00:00,4836.25,4836.25,4835.5,4835.5,178.0,SYNTH-MES-A,1
2024-10-31 11:56:00+00:00,4835.5,4836.5,4834.25,4834.75,186.0,SYNTH-MES-A,1
2024-10-31 11:57:00+00:00,4834.75,4834.75,4834.75,4834.75,214.0,SYNTH-MES-A,1
2024-10-31 11:58:00+00:00,4834.75,4835.0,4833.75,4834.0,202.0,SYNTH-MES-A,1
2024-10-31 11:59:00+00:00,4834.0,4834.5,4834.0,4834.25,196.0,SYNTH-MES-A,1
2024-10-31 12:00:00+00:00,4834.25,4835.0,4833.75,4834.0,189.0,SYNTH-MES-A,1
2024-10-31 12:01:00+00:00,4834.0,4834.25,4833.75,4834.25,215.0,SYNTH-MES-A,1
2024-10-31 12:02:00+00:00,4834.25,4835.0,4833.75,4834.5,207.0,SYNTH-MES-A,1
2024-10-31 12:03:00+00:00,4834.5,4834.75,4833.0,4833.25,190.0,SYNTH-MES-A,1
2024-10-31 12:04:00+00:00,4833.25,4833.25,4833.25,4833.25,198.0,SYNTH-MES-A,1
2024-10-31 12:05:00+00:00,4833.25,4833.5,4833.25,4833.25,206.0,SYNTH-MES-A,1
2024-10-31 12:06:00+00:00,4833.25,4833.5,4832.0,4832.25,212.0,SYNTH-MES-A,1
2024-10-31 12:07:00+00:00,4832.25,4833.0,4830.75,4830.75,205.0,SYNTH-MES-A,1
2024-10-31 12:08:00+00:00,4830.75,4831.5,4830.5,4831.5,207.0,SYNTH-MES-A,1
2024-10-31 12:09:00+00:00,4831.5,4831.75,4831.25,4831.5,200.0,SYNTH-MES-A,1
2024-10-31 12:10:00+00:00,4831.5,4833.75,4831.25,4833.5,181.0,SYNTH-MES-A,1
2024-10-31 12:11:00+00:00,4833.5,4833.75,4833.0,4833.0,178.0,SYNTH-MES-A,1
2024-10-31 12:12:00+00:00,4833.0,4833.25,4832.0,4832.25,177.0,SYNTH-MES-A,1
2024-10-31 12:13:00+00:00,4832.25,4832.75,4831.25,4832.75,190.0,SYNTH-MES-A,1
2024-10-31 12:14:00+00:00,4832.75,4834.0,4832.5,4833.75,169.0,SYNTH-MES-A,1
2024-10-31 12:15:00+00:00,4833.75,4834.25,4833.75,4834.0,194.0,SYNTH-MES-A,1
2024-10-31 12:16:00+00:00,4834.0,4834.75,4833.75,4834.5,169.0,SYNTH-MES-A,1
2024-10-31 12:17:00+00:00,4834.5,4834.5,4833.25,4833.5,189.0,SYNTH-MES-A,1
2024-10-31 12:18:00+00:00,4833.5,4833.75,4833.25,4833.5,221.0,SYNTH-MES-A,1
2024-10-31 12:19:00+00:00,4833.5,4834.25,4833.25,4834.0,223.0,SYNTH-MES-A,1
2024-10-31 12:20:00+00:00,4834.0,4835.0,4833.5,4834.25,209.0,SYNTH-MES-A,1
2024-10-31 12:21:00+00:00,4834.25,4834.5,4833.75,4834.0,182.0,SYNTH-MES-A,1
2024-10-31 12:22:00+00:00,4834.0,4835.75,4834.0,4835.0,209.0,SYNTH-MES-A,1
2024-10-31 12:23:00+00:00,4835.0,4835.75,4834.5,4835.5,202.0,SYNTH-MES-A,1
2024-10-31 12:24:00+00:00,4835.5,4835.5,4834.5,4834.5,222.0,SYNTH-MES-A,1
2024-10-31 12:25:00+00:00,4834.5,4834.75,4832.25,4833.0,181.0,SYNTH-MES-A,1
2024-10-31 12:26:00+00:00,4833.0,4833.75,4833.0,4833.5,180.0,SYNTH-MES-A,1
2024-10-31 12:27:00+00:00,4833.5,4834.0,4833.25,4834.0,232.0,SYNTH-MES-A,1
2024-10-31 12:28:00+00:00,4834.0,4834.0,4832.75,4832.75,227.0,SYNTH-MES-A,1
2024-10-31 12:29:00+00:00,4832.75,4833.75,4832.75,4833.5,182.0,SYNTH-MES-A,1
2024-10-31 12:30:00+00:00,4833.5,4834.5,4833.0,4834.25,199.0,SYNTH-MES-A,1
2024-10-31 12:31:00+00:00,4834.25,4834.25,4834.25,4834.25,208.0,SYNTH-MES-A,1
2024-10-31 12:32:00+00:00,4834.25,4834.5,4833.5,4834.0,190.0,SYNTH-MES-A,1
2024-10-31 12:33:00+00:00,4834.0,4834.5,4832.5,4833.5,219.0,SYNTH-MES-A,1
2024-10-31 12:34:00+00:00,4833.5,4833.75,4833.25,4833.25,191.0,SYNTH-MES-A,1
2024-10-31 12:35:00+00:00,4833.25,4835.0,4833.25,4835.0,196.0,SYNTH-MES-A,1
2024-10-31 12:36:00+00:00,4835.0,4835.5,4834.0,4834.5,184.0,SYNTH-MES-A,1
2024-10-31 12:37:00+00:00,4834.5,4835.0,4834.25,4835.0,208.0,SYNTH-MES-A,1
2024-10-31 12:38:00+00:00,4835.0,4836.0,4834.5,4835.5,205.0,SYNTH-MES-A,1
2024-10-31 12:39:00+00:00,4835.5,4836.25,4834.0,4834.0,204.0,SYNTH-MES-A,1
2024-10-31 12:40:00+00:00,4834.0,4834.0,4833.5,4833.5,199.0,SYNTH-MES-A,1
2024-10-31 12:41:00+00:00,4833.5,4835.0,4833.5,4834.5,213.0,SYNTH-MES-A,1
2024-10-31 12:42:00+00:00,4834.5,4834.5,4834.5,4834.5,229.0,SYNTH-MES-A,1
2024-10-31 12:43:00+00:00,4834.5,4834.75,4833.25,4833.25,203.0,SYNTH-MES-A,1
2024-10-31 12:44:00+00:00,4833.25,4833.25,4833.0,4833.25,211.0,SYNTH-MES-A,1
2024-10-31 12:45:00+00:00,4833.25,4833.5,4832.0,4832.5,200.0,SYNTH-MES-A,1
2024-10-31 12:46:00+00:00,4832.5,4833.0,4832.5,4832.75,200.0,SYNTH-MES-A,1
2024-10-31 12:47:00+00:00,4832.75,4833.25,4832.25,4832.25,215.0,SYNTH-MES-A,1
2024-10-31 12:48:00+00:00,4832.25,4832.5,4832.0,4832.25,193.0,SYNTH-MES-A,1
2024-10-31 12:49:00+00:00,4832.25,4832.25,4831.5,4831.5,212.0,SYNTH-MES-A,1
2024-10-31 12:50:00+00:00,4831.5,4831.5,4830.75,4831.25,211.0,SYNTH-MES-A,1
2024-10-31 12:51:00+00:00,4831.25,4831.75,4831.0,4831.75,178.0,SYNTH-MES-A,1
2024-10-31 12:52:00+00:00,4831.75,4832.0,4830.75,4831.5,200.0,SYNTH-MES-A,1
2024-10-31 12:53:00+00:00,4831.5,4833.5,4831.25,4833.5,204.0,SYNTH-MES-A,1
2024-10-31 12:54:00+00:00,4833.5,4833.75,4832.25,4832.25,198.0,SYNTH-MES-A,1
2024-10-31 12:55:00+00:00,4832.25,4832.5,4831.5,4831.5,232.0,SYNTH-MES-A,1
2024-10-31 12:56:00+00:00,4831.5,4831.75,4830.5,4830.75,196.0,SYNTH-MES-A,1
2024-10-31 12:57:00+00:00,4830.75,4830.75,4829.5,4829.75,190.0,SYNTH-MES-A,1
2024-10-31 12:58:00+00:00,4829.75,4830.0,4829.25,4829.5,223.0,SYNTH-MES-A,1
2024-10-31 12:59:00+00:00,4829.5,4829.75,4828.5,4829.0,218.0,SYNTH-MES-A,1
2024-10-31 13:00:00+00:00,4829.0,4829.75,4829.0,4829.75,182.0,SYNTH-MES-A,1
2024-10-31 13:01:00+00:00,4829.75,4830.0,4829.5,4829.75,207.0,SYNTH-MES-A,1
2024-10-31 13:02:00+00:00,4829.75,4830.75,4829.75,4830.5,177.0,SYNTH-MES-A,1
2024-10-31 13:03:00+00:00,4830.5,4831.0,4830.5,4830.75,208.0,SYNTH-MES-A,1
2024-10-31 13:04:00+00:00,4830.75,4831.25,4829.25,4829.75,200.0,SYNTH-MES-A,1
2024-10-31 13:05:00+00:00,4829.75,4829.75,4829.0,4829.25,180.0,SYNTH-MES-A,1
2024-10-31 13:06:00+00:00,4829.25,4830.5,4829.25,4830.25,204.0,SYNTH-MES-A,1
2024-10-31 13:07:00+00:00,4830.25,4830.25,4829.25,4829.75,201.0,SYNTH-MES-A,1
2024-10-31 13:08:00+00:00,4829.75,4829.75,4829.0,4829.0,192.0,SYNTH-MES-A,1
2024-10-31 13:09:00+00:00,4829.0,4829.25,4828.5,4828.75,222.0,SYNTH-MES-A,1
2024-10-31 13:10:00+00:00,4828.75,4831.25,4828.5,4831.25,182.0,SYNTH-MES-A,1
2024-10-31 13:11:00+00:00,4831.25,4831.75,4831.0,4831.25,210.0,SYNTH-MES-A,1
2024-10-31 13:12:00+00:00,4831.25,4832.75,4831.25,4831.75,189.0,SYNTH-MES-A,1
2024-10-31 13:13:00+00:00,4831.75,4831.75,4830.0,4830.0,185.0,SYNTH-MES-A,1
2024-10-31 13:14:00+00:00,4830.0,4831.0,4829.5,4831.0,201.0,SYNTH-MES-A,1
2024-10-31 13:15:00+00:00,4831.0,4832.0,4831.0,4831.75,186.0,SYNTH-MES-A,1
2024-10-31 13:16:00+00:00,4831.75,4832.25,4830.75,4831.0,190.0,SYNTH-MES-A,1
2024-10-31 13:17:00+00:00,4831.0,4831.5,4830.0,4830.0,202.0,SYNTH-MES-A,1
2024-10-31 13:18:00+00:00,4830.0,4830.0,4828.5,4829.0,179.0,SYNTH-MES-A,1
2024-10-31 13:19:00+00:00,4829.0,4829.75,4829.0,4829.25,209.0,SYNTH-MES-A,1
2024-10-31 13:20:00+00:00,4829.25,4830.75,4829.25,4830.75,188.0,SYNTH-MES-A,1
2024-10-31 13:21:00+00:00,4830.75,4830.75,4830.25,4830.25,200.0,SYNTH-MES-A,1
2024-10-31 13:22:00+00:00,4830.25,4830.5,4829.5,4829.75,200.0,SYNTH-MES-A,1
2024-10-31 13:23:00+00:00,4829.75,4831.25,4829.25,4830.75,175.0,SYNTH-MES-A,1
2024-10-31 13:24:00+00:00,4830.75,4831.5,4830.5,4831.5,213.0,SYNTH-MES-A,1
2024-10-31 13:25:00+00:00,4831.5,4832.5,4831.25,4832.25,217.0,SYNTH-MES-A,1
2024-10-31 13:26:00+00:00,4832.25,4832.25,4831.75,4832.0,236.0,SYNTH-MES-A,1
2024-10-31 13:27:00+00:00,4832.0,4832.75,4831.75,4832.25,179.0,SYNTH-MES-A,1
2024-10-31 13:28:00+00:00,4832.25,4833.0,4831.75,4831.75,211.0,SYNTH-MES-A,1
2024-10-31 13:29:00+00:00,4831.75,4831.75,4831.0,4831.25,197.0,SYNTH-MES-A,1
2024-10-31 13:30:00+00:00,4831.25,4832.0,4831.0,4832.0,958.0,SYNTH-MES-A,1
2024-10-31 13:31:00+00:00,4832.0,4832.75,4832.0,4832.25,921.0,SYNTH-MES-A,1
2024-10-31 13:32:00+00:00,4832.25,4834.0,4832.0,4833.75,885.0,SYNTH-MES-A,1
2024-10-31 13:33:00+00:00,4833.75,4834.75,4831.75,4831.75,842.0,SYNTH-MES-A,1
2024-10-31 13:34:00+00:00,4831.75,4832.0,4830.5,4831.0,901.0,SYNTH-MES-A,1
2024-10-31 13:35:00+00:00,4831.0,4831.0,4828.0,4829.25,887.0,SYNTH-MES-A,1
2024-10-31 13:36:00+00:00,4829.25,4829.5,4826.0,4826.75,952.0,SYNTH-MES-A,1
2024-10-31 13:37:00+00:00,4826.75,4826.75,4825.25,4825.5,889.0,SYNTH-MES-A,1
2024-10-31 13:38:00+00:00,4825.5,4826.25,4821.75,4823.0,917.0,SYNTH-MES-A,1
2024-10-31 13:39:00+00:00,4823.0,4824.0,4822.75,4823.75,887.0,SYNTH-MES-A,1
2024-10-31 13:40:00+00:00,4823.75,4824.0,4823.0,4823.25,864.0,SYNTH-MES-A,1
2024-10-31 13:41:00+00:00,4823.25,4823.25,4822.25,4822.25,909.0,SYNTH-MES-A,1
2024-10-31 13:42:00+00:00,4822.25,4823.75,4821.75,4823.5,864.0,SYNTH-MES-A,1
2024-10-31 13:43:00+00:00,4823.5,4826.0,4823.5,4825.5,832.0,SYNTH-MES-A,1
2024-10-31 13:44:00+00:00,4825.5,4825.75,4825.5,4825.75,913.0,SYNTH-MES-A,1
2024-10-31 13:45:00+00:00,4825.75,4829.0,4825.5,4828.0,873.0,SYNTH-MES-A,1
2024-10-31 13:46:00+00:00,4828.0,4830.25,4827.25,4830.0,907.0,SYNTH-MES-A,1
2024-10-31 13:47:00+00:00,4830.0,4830.5,4828.0,4828.25,879.0,SYNTH-MES-A,1
2024-10-31 13:48:00+00:00,4828.25,4829.0,4827.5,4827.75,881.0,SYNTH-MES-A,1
2024-10-31 13:49:00+00:00,4827.75,4828.25,4825.75,4826.0,911.0,SYNTH-MES-A,1
2024-10-31 13:50:00+00:00,4826.0,4827.25,4825.75,4827.25,929.0,SYNTH-MES-A,1
2024-10-31 13:51:00+00:00,4827.25,4827.25,4821.5,4823.75,875.0,SYNTH-MES-A,1
2024-10-31 13:52:00+00:00,4823.75,4825.0,4823.5,4824.0,956.0,SYNTH-MES-A,1
2024-10-31 13:53:00+00:00,4824.0,4825.25,4823.75,4824.75,921.0,SYNTH-MES-A,1
2024-10-31 13:54:00+00:00,4824.75,4827.0,4824.5,4826.25,866.0,SYNTH-MES-A,1
2024-10-31 13:55:00+00:00,4826.25,4826.75,4826.0,4826.5,914.0,SYNTH-MES-A,1
2024-10-31 13:56:00+00:00,4826.5,4827.0,4824.75,4824.75,913.0,SYNTH-MES-A,1
2024-10-31 13:57:00+00:00,4824.75,4826.0,4823.5,4826.0,922.0,SYNTH-MES-A,1
2024-10-31 13:58:00+00:00,4826.0,4826.25,4823.5,4824.0,931.0,SYNTH-MES-A,1
2024-10-31 13:59:00+00:00,4824.0,4826.5,4824.0,4826.25,913.0,SYNTH-MES-A,1
2024-10-31 14:00:00+00:00,4826.25,4827.25,4825.0,4826.75,915.0,SYNTH-MES-A,1
2024-10-31 14:01:00+00:00,4826.75,4828.25,4826.5,4828.25,853.0,SYNTH-MES-A,1
2024-10-31 14:02:00+00:00,4828.25,4831.0,4827.25,4831.0,871.0,SYNTH-MES-A,1
2024-10-31 14:03:00+00:00,4831.0,4834.0,4831.0,4833.25,907.0,SYNTH-MES-A,1
2024-10-31 14:04:00+00:00,4833.25,4834.0,4832.75,4834.0,876.0,SYNTH-MES-A,1
2024-10-31 14:05:00+00:00,4834.0,4835.5,4832.75,4834.5,870.0,SYNTH-MES-A,1
2024-10-31 14:06:00+00:00,4834.5,4834.75,4833.25,4833.25,872.0,SYNTH-MES-A,1
2024-10-31 14:07:00+00:00,4833.25,4836.5,4833.25,4835.25,875.0,SYNTH-MES-A,1
2024-10-31 14:08:00+00:00,4835.25,4835.25,4833.5,4834.25,854.0,SYNTH-MES-A,1
2024-10-31 14:09:00+00:00,4834.25,4837.25,4833.5,4835.0,893.0,SYNTH-MES-A,1
2024-10-31 14:10:00+00:00,4835.0,4835.25,4831.75,4832.75,818.0,SYNTH-MES-A,1
2024-10-31 14:11:00+00:00,4832.75,4834.5,4832.0,4832.25,974.0,SYNTH-MES-A,1
2024-10-31 14:12:00+00:00,4832.25,4834.25,4832.0,4832.75,937.0,SYNTH-MES-A,1
2024-10-31 14:13:00+00:00,4832.75,4834.0,4832.5,4834.0,875.0,SYNTH-MES-A,1
2024-10-31 14:14:00+00:00,4834.0,4835.5,4833.25,4835.5,937.0,SYNTH-MES-A,1
2024-10-31 14:15:00+00:00,4835.5,4838.0,4835.25,4837.25,902.0,SYNTH-MES-A,1
2024-10-31 14:16:00+00:00,4837.25,4837.75,4836.75,4837.5,895.0,SYNTH-MES-A,1
2024-10-31 14:17:00+00:00,4837.5,4838.0,4835.75,4836.0,894.0,SYNTH-MES-A,1
2024-10-31 14:18:00+00:00,4836.0,4836.75,4833.75,4834.0,862.0,SYNTH-MES-A,1
2024-10-31 14:19:00+00:00,4834.0,4834.25,4832.5,4832.5,923.0,SYNTH-MES-A,1
2024-10-31 14:20:00+00:00,4832.5,4832.5,4830.5,4830.75,909.0,SYNTH-MES-A,1
2024-10-31 14:21:00+00:00,4830.75,4831.0,4828.75,4828.75,893.0,SYNTH-MES-A,1
2024-10-31 14:22:00+00:00,4828.75,4832.0,4827.75,4830.5,954.0,SYNTH-MES-A,1
2024-10-31 14:23:00+00:00,4830.5,4830.75,4828.25,4828.5,857.0,SYNTH-MES-A,1
2024-10-31 14:24:00+00:00,4828.5,4830.75,4828.5,4829.75,880.0,SYNTH-MES-A,1
2024-10-31 14:25:00+00:00,4829.75,4830.25,4829.0,4829.0,915.0,SYNTH-MES-A,1
2024-10-31 14:26:00+00:00,4829.0,4831.75,4828.5,4831.25,993.0,SYNTH-MES-A,1
2024-10-31 14:27:00+00:00,4831.25,4831.75,4830.5,4831.0,872.0,SYNTH-MES-A,1
2024-10-31 14:28:00+00:00,4831.0,4831.75,4831.0,4831.5,872.0,SYNTH-MES-A,1
2024-10-31 14:29:00+00:00,4831.5,4832.75,4830.75,4832.0,867.0,SYNTH-MES-A,1
2024-10-31 14:30:00+00:00,4832.0,4832.75,4830.0,4830.25,902.0,SYNTH-MES-A,1
2024-10-31 14:31:00+00:00,4830.25,4830.5,4829.5,4830.25,873.0,SYNTH-MES-A,1
2024-10-31 14:32:00+00:00,4830.25,4830.75,4827.25,4827.25,893.0,SYNTH-MES-A,1
2024-10-31 14:33:00+00:00,4827.25,4829.25,4827.0,4828.5,989.0,SYNTH-MES-A,1
2024-10-31 14:34:00+00:00,4828.5,4829.25,4826.0,4826.75,878.0,SYNTH-MES-A,1
2024-10-31 14:35:00+00:00,4826.75,4828.25,4826.75,4827.25,893.0,SYNTH-MES-A,1
2024-10-31 14:36:00+00:00,4827.25,4829.5,4827.0,4829.0,911.0,SYNTH-MES-A,1
2024-10-31 14:37:00+00:00,4829.0,4830.25,4825.75,4826.25,865.0,SYNTH-MES-A,1
2024-10-31 14:38:00+00:00,4826.25,4826.5,4823.75,4824.75,929.0,SYNTH-MES-A,1
2024-10-31 14:39:00+00:00,4824.75,4826.0,4824.5,4825.25,930.0,SYNTH-MES-A,1
2024-10-31 14:40:00+00:00,4825.25,4825.5,4824.0,4824.75,891.0,SYNTH-MES-A,1
2024-10-31 14:41:00+00:00,4824.75,4824.75,4822.75,4823.0,885.0,SYNTH-MES-A,1
2024-10-31 14:42:00+00:00,4823.0,4824.0,4822.5,4822.75,877.0,SYNTH-MES-A,1
2024-10-31 14:43:00+00:00,4822.75,4823.25,4822.25,4822.5,879.0,SYNTH-MES-A,1
2024-10-31 14:44:00+00:00,4822.5,4823.5,4820.25,4823.0,919.0,SYNTH-MES-A,1
2024-10-31 14:45:00+00:00,4823.0,4823.0,4822.5,4822.75,886.0,SYNTH-MES-A,1
2024-10-31 14:46:00+00:00,4822.75,4824.25,4822.25,4824.25,907.0,SYNTH-MES-A,1
2024-10-31 14:47:00+00:00,4824.25,4824.75,4823.5,4823.75,927.0,SYNTH-MES-A,1
2024-10-31 14:48:00+00:00,4823.75,4823.75,4822.5,4822.75,886.0,SYNTH-MES-A,1
2024-10-31 14:49:00+00:00,4822.75,4825.25,4822.0,4824.25,900.0,SYNTH-MES-A,1
2024-10-31 14:50:00+00:00,4824.25,4825.25,4824.25,4825.25,928.0,SYNTH-MES-A,1
2024-10-31 14:51:00+00:00,4825.25,4828.25,4824.75,4828.0,884.0,SYNTH-MES-A,1
2024-10-31 14:52:00+00:00,4828.0,4830.0,4827.0,4827.5,909.0,SYNTH-MES-A,1
2024-10-31 14:53:00+00:00,4827.5,4829.5,4827.5,4829.0,900.0,SYNTH-MES-A,1
2024-10-31 14:54:00+00:00,4829.0,4831.5,4829.0,4830.5,892.0,SYNTH-MES-A,1
2024-10-31 14:55:00+00:00,4830.5,4831.25,4829.5,4831.0,968.0,SYNTH-MES-A,1
2024-10-31 14:56:00+00:00,4831.0,4832.5,4830.75,4832.25,889.0,SYNTH-MES-A,1
2024-10-31 14:57:00+00:00,4832.25,4833.0,4831.75,4832.5,957.0,SYNTH-MES-A,1
2024-10-31 14:58:00+00:00,4832.5,4833.75,4832.25,4833.75,925.0,SYNTH-MES-A,1
2024-10-31 14:59:00+00:00,4833.75,4834.0,4832.0,4832.75,852.0,SYNTH-MES-A,1
2024-10-31 15:00:00+00:00,4832.75,4834.0,4832.0,4832.75,910.0,SYNTH-MES-A,1
2024-10-31 15:01:00+00:00,4832.75,4833.75,4832.5,4833.5,923.0,SYNTH-MES-A,1
2024-10-31 15:02:00+00:00,4833.5,4834.25,4831.5,4831.75,888.0,SYNTH-MES-A,1
2024-10-31 15:03:00+00:00,4831.75,4831.75,4831.25,4831.5,899.0,SYNTH-MES-A,1
2024-10-31 15:04:00+00:00,4831.5,4831.5,4829.5,4830.25,902.0,SYNTH-MES-A,1
2024-10-31 15:05:00+00:00,4830.25,4831.5,4830.25,4831.25,918.0,SYNTH-MES-A,1
2024-10-31 15:06:00+00:00,4831.25,4831.25,4830.75,4831.0,852.0,SYNTH-MES-A,1
2024-10-31 15:07:00+00:00,4831.0,4834.0,4830.75,4833.75,920.0,SYNTH-MES-A,1
2024-10-31 15:08:00+00:00,4833.75,4834.0,4832.0,4832.5,906.0,SYNTH-MES-A,1
2024-10-31 15:09:00+00:00,4832.5,4833.0,4831.25,4831.75,928.0,SYNTH-MES-A,1
2024-10-31 15:10:00+00:00,4831.75,4832.25,4831.0,4831.0,912.0,SYNTH-MES-A,1
2024-10-31 15:11:00+00:00,4831.0,4831.0,4828.5,4828.75,901.0,SYNTH-MES-A,1
2024-10-31 15:12:00+00:00,4828.75,4830.25,4828.5,4830.25,909.0,SYNTH-MES-A,1
2024-10-31 15:13:00+00:00,4830.25,4831.75,4830.0,4830.75,866.0,SYNTH-MES-A,1
2024-10-31 15:14:00+00:00,4830.75,4831.25,4828.75,4829.0,892.0,SYNTH-MES-A,1
2024-10-31 15:15:00+00:00,4829.0,4829.75,4827.5,4827.5,891.0,SYNTH-MES-A,1
2024-10-31 15:16:00+00:00,4827.5,4827.75,4825.5,4827.5,903.0,SYNTH-MES-A,1
2024-10-31 15:17:00+00:00,4827.5,4832.5,4827.0,4830.25,876.0,SYNTH-MES-A,1
2024-10-31 15:18:00+00:00,4830.25,4833.25,4830.0,4833.0,881.0,SYNTH-MES-A,1
2024-10-31 15:19:00+00:00,4833.0,4834.0,4833.0,4833.25,922.0,SYNTH-MES-A,1
2024-10-31 15:20:00+00:00,4833.25,4837.25,4832.75,4835.25,916.0,SYNTH-MES-A,1
2024-10-31 15:21:00+00:00,4835.25,4837.25,4832.0,4833.25,904.0,SYNTH-MES-A,1
2024-10-31 15:22:00+00:00,4833.25,4835.5,4831.75,4834.75,929.0,SYNTH-MES-A,1
2024-10-31 15:23:00+00:00,4834.75,4835.25,4834.5,4835.0,878.0,SYNTH-MES-A,1
2024-10-31 15:24:00+00:00,4835.0,4835.0,4834.0,4834.75,900.0,SYNTH-MES-A,1
2024-10-31 15:25:00+00:00,4834.75,4835.25,4833.25,4834.75,843.0,SYNTH-MES-A,1
2024-10-31 15:26:00+00:00,4834.75,4835.0,4833.5,4834.5,943.0,SYNTH-MES-A,1
2024-10-31 15:27:00+00:00,4834.5,4837.75,4834.25,4836.75,879.0,SYNTH-MES-A,1
2024-10-31 15:28:00+00:00,4836.75,4837.75,4835.75,4835.75,865.0,SYNTH-MES-A,1
2024-10-31 15:29:00+00:00,4835.75,4836.0,4835.5,4835.75,912.0,SYNTH-MES-A,1
2024-10-31 15:30:00+00:00,4835.75,4838.0,4835.0,4837.5,838.0,SYNTH-MES-A,1
2024-10-31 15:31:00+00:00,4837.5,4839.5,4837.25,4839.5,930.0,SYNTH-MES-A,1
2024-10-31 15:32:00+00:00,4839.5,4839.75,4838.0,4838.75,882.0,SYNTH-MES-A,1
2024-10-31 15:33:00+00:00,4838.75,4840.25,4837.5,4840.25,920.0,SYNTH-MES-A,1
2024-10-31 15:34:00+00:00,4840.25,4840.5,4839.75,4840.5,895.0,SYNTH-MES-A,1
2024-10-31 15:35:00+00:00,4840.5,4842.0,4836.25,4836.75,922.0,SYNTH-MES-A,1
2024-10-31 15:36:00+00:00,4836.75,4838.75,4836.5,4837.75,883.0,SYNTH-MES-A,1
2024-10-31 15:37:00+00:00,4837.75,4840.5,4837.0,4839.5,910.0,SYNTH-MES-A,1
2024-10-31 15:38:00+00:00,4839.5,4840.0,4838.25,4839.25,898.0,SYNTH-MES-A,1
2024-10-31 15:39:00+00:00,4839.25,4839.75,4837.5,4839.0,879.0,SYNTH-MES-A,1
2024-10-31 15:40:00+00:00,4839.0,4841.0,4837.75,4840.25,874.0,SYNTH-MES-A,1
2024-10-31 15:41:00+00:00,4840.25,4841.25,4840.0,4841.25,885.0,SYNTH-MES-A,1
2024-10-31 15:42:00+00:00,4841.25,4842.0,4840.5,4841.75,860.0,SYNTH-MES-A,1
2024-10-31 15:43:00+00:00,4841.75,4842.25,4841.25,4842.25,913.0,SYNTH-MES-A,1
2024-10-31 15:44:00+00:00,4842.25,4845.5,4842.25,4845.0,929.0,SYNTH-MES-A,1
2024-10-31 15:45:00+00:00,4845.0,4845.5,4843.25,4844.0,937.0,SYNTH-MES-A,1
2024-10-31 15:46:00+00:00,4844.0,4844.5,4840.75,4841.0,930.0,SYNTH-MES-A,1
2024-10-31 15:47:00+00:00,4841.0,4841.25,4841.0,4841.0,879.0,SYNTH-MES-A,1
2024-10-31 15:48:00+00:00,4841.0,4843.0,4840.75,4842.5,909.0,SYNTH-MES-A,1
2024-10-31 15:49:00+00:00,4842.5,4843.25,4842.25,4843.0,890.0,SYNTH-MES-A,1
2024-10-31 15:50:00+00:00,4843.0,4843.5,4839.75,4841.25,873.0,SYNTH-MES-A,1
2024-10-31 15:51:00+00:00,4841.25,4842.0,4837.25,4838.0,875.0,SYNTH-MES-A,1
2024-10-31 15:52:00+00:00,4838.0,4839.25,4837.75,4839.0,877.0,SYNTH-MES-A,1
2024-10-31 15:53:00+00:00,4839.0,4844.75,4838.5,4844.75,889.0,SYNTH-MES-A,1
2024-10-31 15:54:00+00:00,4844.75,4845.0,4843.75,4844.25,882.0,SYNTH-MES-A,1
2024-10-31 15:55:00+00:00,4844.25,4845.75,4843.0,4843.25,883.0,SYNTH-MES-A,1
2024-10-31 15:56:00+00:00,4843.25,4844.0,4842.0,4842.0,933.0,SYNTH-MES-A,1
2024-10-31 15:57:00+00:00,4842.0,4842.25,4841.75,4841.75,869.0,SYNTH-MES-A,1
2024-10-31 15:58:00+00:00,4841.75,4842.0,4840.5,4840.75,902.0,SYNTH-MES-A,1
2024-10-31 15:59:00+00:00,4840.75,4841.0,4839.75,4839.75,962.0,SYNTH-MES-A,1
2024-10-31 16:00:00+00:00,4839.75,4841.75,4839.5,4840.25,919.0,SYNTH-MES-A,1
2024-10-31 16:01:00+00:00,4840.25,4840.25,4838.0,4838.5,883.0,SYNTH-MES-A,1
2024-10-31 16:02:00+00:00,4838.5,4840.0,4837.5,4839.25,870.0,SYNTH-MES-A,1
2024-10-31 16:03:00+00:00,4839.25,4840.25,4838.75,4840.25,917.0,SYNTH-MES-A,1
2024-10-31 16:04:00+00:00,4840.25,4840.5,4839.5,4839.5,914.0,SYNTH-MES-A,1
2024-10-31 16:05:00+00:00,4839.5,4841.25,4839.5,4841.25,911.0,SYNTH-MES-A,1
2024-10-31 16:06:00+00:00,4841.25,4842.0,4840.5,4841.5,905.0,SYNTH-MES-A,1
2024-10-31 16:07:00+00:00,4841.5,4843.0,4841.25,4842.75,889.0,SYNTH-MES-A,1
2024-10-31 16:08:00+00:00,4842.75,4845.5,4841.75,4844.0,925.0,SYNTH-MES-A,1
2024-10-31 16:09:00+00:00,4844.0,4846.25,4841.5,4846.0,888.0,SYNTH-MES-A,1
2024-10-31 16:10:00+00:00,4846.0,4846.5,4846.0,4846.25,892.0,SYNTH-MES-A,1
2024-10-31 16:11:00+00:00,4846.25,4848.25,4846.0,4847.75,846.0,SYNTH-MES-A,1
2024-10-31 16:12:00+00:00,4847.75,4848.25,4846.25,4847.0,899.0,SYNTH-MES-A,1
2024-10-31 16:13:00+00:00,4847.0,4847.0,4844.75,4844.75,951.0,SYNTH-MES-A,1
2024-10-31 16:14:00+00:00,4844.75,4845.5,4844.5,4845.0,865.0,SYNTH-MES-A,1
2024-10-31 16:15:00+00:00,4845.0,4845.0,4843.5,4844.5,920.0,SYNTH-MES-A,1
2024-10-31 16:16:00+00:00,4844.5,4845.0,4843.5,4844.75,889.0,SYNTH-MES-A,1
2024-10-31 16:17:00+00:00,4844.75,4845.0,4844.25,4844.5,882.0,SYNTH-MES-A,1
2024-10-31 16:18:00+00:00,4844.5,4846.25,4844.5,4845.25,840.0,SYNTH-MES-A,1
2024-10-31 16:19:00+00:00,4845.25,4846.75,4844.5,4846.5,900.0,SYNTH-MES-A,1
2024-10-31 16:20:00+00:00,4846.5,4846.5,4846.25,4846.5,897.0,SYNTH-MES-A,1
2024-10-31 16:21:00+00:00,4846.5,4848.0,4846.5,4846.5,923.0,SYNTH-MES-A,1
2024-10-31 16:22:00+00:00,4846.5,4848.75,4846.5,4848.5,912.0,SYNTH-MES-A,1
2024-10-31 16:23:00+00:00,4848.5,4849.25,4848.5,4848.75,872.0,SYNTH-MES-A,1
2024-10-31 16:24:00+00:00,4848.75,4851.0,4848.75,4849.0,923.0,SYNTH-MES-A,1
2024-10-31 16:25:00+00:00,4849.0,4852.5,4848.75,4851.25,890.0,SYNTH-MES-A,1
2024-10-31 16:26:00+00:00,4851.25,4851.5,4849.0,4849.5,910.0,SYNTH-MES-A,1
2024-10-31 16:27:00+00:00,4849.5,4849.75,4849.25,4849.5,890.0,SYNTH-MES-A,1
2024-10-31 16:28:00+00:00,4849.5,4850.25,4849.25,4850.0,866.0,SYNTH-MES-A,1
2024-10-31 16:29:00+00:00,4850.0,4850.5,4849.5,4849.75,933.0,SYNTH-MES-A,1
2024-10-31 16:30:00+00:00,4849.75,4850.75,4849.5,4850.75,936.0,SYNTH-MES-A,1
2024-10-31 16:31:00+00:00,4850.75,4851.5,4850.0,4850.25,855.0,SYNTH-MES-A,1
2024-10-31 16:32:00+00:00,4850.25,4850.25,4849.0,4849.25,929.0,SYNTH-MES-A,1
2024-10-31 16:33:00+00:00,4849.25,4850.75,4848.5,4850.75,890.0,SYNTH-MES-A,1
2024-10-31 16:34:00+00:00,4850.75,4852.25,4850.5,4852.25,930.0,SYNTH-MES-A,1
2024-10-31 16:35:00+00:00,4852.25,4852.75,4852.0,4852.5,915.0,SYNTH-MES-A,1
2024-10-31 16:36:00+00:00,4852.5,4853.75,4851.75,4853.75,935.0,SYNTH-MES-A,1
2024-10-31 16:37:00+00:00,4853.75,4853.75,4852.25,4852.5,888.0,SYNTH-MES-A,1
2024-10-31 16:38:00+00:00,4852.5,4852.5,4852.0,4852.0,947.0,SYNTH-MES-A,1
2024-10-31 16:39:00+00:00,4852.0,4852.25,4851.75,4851.75,901.0,SYNTH-MES-A,1
2024-10-31 16:40:00+00:00,4851.75,4853.0,4851.75,4852.75,937.0,SYNTH-MES-A,1
2024-10-31 16:41:00+00:00,4852.75,4854.0,4852.0,4853.5,900.0,SYNTH-MES-A,1
2024-10-31 16:42:00+00:00,4853.5,4853.5,4851.25,4852.75,871.0,SYNTH-MES-A,1
2024-10-31 16:43:00+00:00,4852.75,4854.25,4851.75,4854.0,916.0,SYNTH-MES-A,1
2024-10-31 16:44:00+00:00,4854.0,4855.75,4854.0,4855.5,858.0,SYNTH-MES-A,1
2024-10-31 16:45:00+00:00,4855.5,4855.5,4854.5,4854.75,954.0,SYNTH-MES-A,1
2024-10-31 16:46:00+00:00,4854.75,4856.25,4854.25,4856.0,939.0,SYNTH-MES-A,1
2024-10-31 16:47:00+00:00,4856.0,4856.75,4855.75,4856.0,931.0,SYNTH-MES-A,1
2024-10-31 16:48:00+00:00,4856.0,4859.0,4855.75,4858.75,868.0,SYNTH-MES-A,1
2024-10-31 16:49:00+00:00,4858.75,4860.25,4856.75,4857.0,910.0,SYNTH-MES-A,1
2024-10-31 16:50:00+00:00,4857.0,4858.0,4856.25,4857.5,951.0,SYNTH-MES-A,1
2024-10-31 16:51:00+00:00,4857.5,4859.0,4857.5,4858.25,925.0,SYNTH-MES-A,1
2024-10-31 16:52:00+00:00,4858.25,4862.0,4858.25,4861.0,927.0,SYNTH-MES-A,1
2024-10-31 16:53:00+00:00,4861.0,4861.25,4860.0,4860.75,937.0,SYNTH-MES-A,1
2024-10-31 16:54:00+00:00,4860.75,4861.5,4859.75,4860.0,941.0,SYNTH-MES-A,1
2024-10-31 16:55:00+00:00,4860.0,4861.5,4860.0,4861.0,919.0,SYNTH-MES-A,1
2024-10-31 16:56:00+00:00,4861.0,4863.5,4860.25,4863.0,918.0,SYNTH-MES-A,1
2024-10-31 16:57:00+00:00,4863.0,4863.25,4861.25,4862.0,884.0,SYNTH-MES-A,1
2024-10-31 16:58:00+00:00,4862.0,4862.25,4860.75,4862.25,891.0,SYNTH-MES-A,1
2024-10-31 16:59:00+00:00,4862.25,4862.75,4859.75,4860.25,886.0,SYNTH-MES-A,1
2024-10-31 17:00:00+00:00,4860.25,4861.5,4860.0,4861.25,890.0,SYNTH-MES-A,1
2024-10-31 17:01:00+00:00,4861.25,4861.5,4860.0,4860.5,910.0,SYNTH-MES-A,1
2024-10-31 17:02:00+00:00,4860.5,4864.0,4860.25,4863.0,890.0,SYNTH-MES-A,1
2024-10-31 17:03:00+00:00,4863.0,4863.25,4861.75,4862.0,906.0,SYNTH-MES-A,1
2024-10-31 17:04:00+00:00,4862.0,4862.25,4861.0,4861.25,893.0,SYNTH-MES-A,1
2024-10-31 17:05:00+00:00,4861.25,4865.0,4861.0,4864.75,882.0,SYNTH-MES-A,1
2024-10-31 17:06:00+00:00,4864.75,4865.25,4864.5,4864.5,904.0,SYNTH-MES-A,1
2024-10-31 17:07:00+00:00,4864.5,4864.5,4863.75,4864.0,916.0,SYNTH-MES-A,1
2024-10-31 17:08:00+00:00,4864.0,4864.5,4862.75,4862.75,947.0,SYNTH-MES-A,1
2024-10-31 17:09:00+00:00,4862.75,4863.5,4862.0,4862.0,836.0,SYNTH-MES-A,1
2024-10-31 17:10:00+00:00,4862.0,4864.25,4861.75,4863.5,918.0,SYNTH-MES-A,1
2024-10-31 17:11:00+00:00,4863.5,4865.0,4863.25,4864.75,887.0,SYNTH-MES-A,1
2024-10-31 17:12:00+00:00,4864.75,4865.25,4864.75,4864.75,922.0,SYNTH-MES-A,1
2024-10-31 17:13:00+00:00,4864.75,4865.75,4863.5,4863.5,920.0,SYNTH-MES-A,1
2024-10-31 17:14:00+00:00,4863.5,4863.5,4862.25,4863.25,920.0,SYNTH-MES-A,1
2024-10-31 17:15:00+00:00,4863.25,4866.5,4861.75,4861.75,846.0,SYNTH-MES-A,1
2024-10-31 17:16:00+00:00,4861.75,4861.75,4861.25,4861.25,900.0,SYNTH-MES-A,1
2024-10-31 17:17:00+00:00,4861.25,4861.75,4860.75,4861.5,916.0,SYNTH-MES-A,1
2024-10-31 17:18:00+00:00,4861.5,4864.0,4861.25,4863.5,870.0,SYNTH-MES-A,1
2024-10-31 17:19:00+00:00,4863.5,4863.75,4863.0,4863.25,892.0,SYNTH-MES-A,1
2024-10-31 17:20:00+00:00,4863.25,4863.25,4862.75,4862.75,938.0,SYNTH-MES-A,1
2024-10-31 17:21:00+00:00,4862.75,4863.75,4860.5,4861.75,938.0,SYNTH-MES-A,1
2024-10-31 17:22:00+00:00,4861.75,4862.25,4861.5,4861.5,919.0,SYNTH-MES-A,1
2024-10-31 17:23:00+00:00,4861.5,4862.25,4860.0,4860.5,848.0,SYNTH-MES-A,1
2024-10-31 17:24:00+00:00,4860.5,4860.75,4860.5,4860.5,902.0,SYNTH-MES-A,1
2024-10-31 17:25:00+00:00,4860.5,4861.75,4860.0,4860.25,903.0,SYNTH-MES-A,1
2024-10-31 17:26:00+00:00,4860.25,4861.0,4858.0,4858.75,874.0,SYNTH-MES-A,1
2024-10-31 17:27:00+00:00,4858.75,4858.75,4854.5,4855.0,893.0,SYNTH-MES-A,1
2024-10-31 17:28:00+00:00,4855.0,4856.5,4854.5,4856.0,851.0,SYNTH-MES-A,1
2024-10-31 17:29:00+00:00,4856.0,4858.0,4855.75,4857.5,907.0,SYNTH-MES-A,1
2024-10-31 17:30:00+00:00,4857.5,4861.0,4857.25,4860.75,877.0,SYNTH-MES-A,1
2024-10-31 17:31:00+00:00,4860.75,4862.0,4860.25,4862.0,898.0,SYNTH-MES-A,1
2024-10-31 17:32:00+00:00,4862.0,4862.25,4859.75,4860.0,876.0,SYNTH-MES-A,1
2024-10-31 17:33:00+00:00,4860.0,4862.75,4859.5,4862.5,870.0,SYNTH-MES-A,1
2024-10-31 17:34:00+00:00,4862.5,4864.75,4861.5,4864.25,864.0,SYNTH-MES-A,1
2024-10-31 17:35:00+00:00,4864.25,4865.5,4864.25,4865.25,885.0,SYNTH-MES-A,1
2024-10-31 17:36:00+00:00,4865.25,4865.75,4861.5,4863.25,912.0,SYNTH-MES-A,1
2024-10-31 17:37:00+00:00,4863.25,4863.25,4862.75,4863.0,890.0,SYNTH-MES-A,1
2024-10-31 17:38:00+00:00,4863.0,4864.0,4861.75,4862.5,889.0,SYNTH-MES-A,1
2024-10-31 17:39:00+00:00,4862.5,4862.75,4860.75,4862.0,905.0,SYNTH-MES-A,1
2024-10-31 17:40:00+00:00,4862.0,4864.25,4861.5,4863.75,894.0,SYNTH-MES-A,1
2024-10-31 17:41:00+00:00,4863.75,4863.75,4862.0,4862.75,855.0,SYNTH-MES-A,1
2024-10-31 17:42:00+00:00,4862.75,4863.0,4859.75,4861.0,912.0,SYNTH-MES-A,1
2024-10-31 17:43:00+00:00,4861.0,4861.25,4859.0,4859.0,873.0,SYNTH-MES-A,1
2024-10-31 17:44:00+00:00,4859.0,4862.75,4857.5,4862.0,887.0,SYNTH-MES-A,1
2024-10-31 17:45:00+00:00,4862.0,4863.0,4861.75,4862.5,882.0,SYNTH-MES-A,1
2024-10-31 17:46:00+00:00,4862.5,4862.75,4859.75,4860.75,877.0,SYNTH-MES-A,1
2024-10-31 17:47:00+00:00,4860.75,4861.5,4859.5,4860.0,921.0,SYNTH-MES-A,1
2024-10-31 17:48:00+00:00,4860.0,4860.25,4859.0,4859.25,912.0,SYNTH-MES-A,1
2024-10-31 17:49:00+00:00,4859.25,4860.25,4858.75,4860.0,931.0,SYNTH-MES-A,1
2024-10-31 17:50:00+00:00,4860.0,4860.75,4859.75,4859.75,862.0,SYNTH-MES-A,1
2024-10-31 17:51:00+00:00,4859.75,4860.75,4859.0,4860.25,903.0,SYNTH-MES-A,1
2024-10-31 17:52:00+00:00,4860.25,4861.25,4859.25,4860.25,901.0,SYNTH-MES-A,1
2024-10-31 17:53:00+00:00,4860.25,4860.25,4855.25,4857.5,887.0,SYNTH-MES-A,1
2024-10-31 17:54:00+00:00,4857.5,4859.75,4857.25,4859.75,888.0,SYNTH-MES-A,1
2024-10-31 17:55:00+00:00,4859.75,4860.5,4857.0,4857.5,874.0,SYNTH-MES-A,1
2024-10-31 17:56:00+00:00,4857.5,4859.75,4856.75,4859.0,921.0,SYNTH-MES-A,1
2024-10-31 17:57:00+00:00,4859.0,4861.25,4858.5,4860.5,935.0,SYNTH-MES-A,1
2024-10-31 17:58:00+00:00,4860.5,4860.5,4860.5,4860.5,931.0,SYNTH-MES-A,1
2024-10-31 17:59:00+00:00,4860.5,4861.0,4860.5,4860.5,882.0,SYNTH-MES-A,1
2024-10-31 18:00:00+00:00,4860.5,4862.5,4860.25,4861.0,891.0,SYNTH-MES-A,1
2024-10-31 18:01:00+00:00,4861.0,4861.0,4859.25,4860.5,892.0,SYNTH-MES-A,1
2024-10-31 18:02:00+00:00,4860.5,4860.5,4859.0,4859.0,879.0,SYNTH-MES-A,1
2024-10-31 18:03:00+00:00,4859.0,4859.25,4858.0,4858.25,901.0,SYNTH-MES-A,1
2024-10-31 18:04:00+00:00,4858.25,4859.0,4855.75,4856.25,850.0,SYNTH-MES-A,1
2024-10-31 18:05:00+00:00,4856.25,4857.5,4856.0,4857.0,964.0,SYNTH-MES-A,1
2024-10-31 18:06:00+00:00,4857.0,4857.0,4854.5,4855.75,866.0,SYNTH-MES-A,1
2024-10-31 18:07:00+00:00,4855.75,4856.0,4855.75,4855.75,930.0,SYNTH-MES-A,1
2024-10-31 18:08:00+00:00,4855.75,4856.75,4855.5,4856.25,921.0,SYNTH-MES-A,1
2024-10-31 18:09:00+00:00,4856.25,4856.5,4854.25,4855.5,896.0,SYNTH-MES-A,1
2024-10-31 18:10:00+00:00,4855.5,4856.0,4855.5,4856.0,898.0,SYNTH-MES-A,1
2024-10-31 18:11:00+00:00,4856.0,4857.5,4855.75,4857.5,914.0,SYNTH-MES-A,1
2024-10-31 18:12:00+00:00,4857.5,4858.0,4857.5,4857.5,897.0,SYNTH-MES-A,1
2024-10-31 18:13:00+00:00,4857.5,4859.0,4855.75,4856.25,926.0,SYNTH-MES-A,1
2024-10-31 18:14:00+00:00,4856.25,4856.5,4853.5,4853.75,879.0,SYNTH-MES-A,1
2024-10-31 18:15:00+00:00,4853.75,4854.75,4852.25,4854.5,892.0,SYNTH-MES-A,1
2024-10-31 18:16:00+00:00,4854.5,4854.75,4854.5,4854.75,913.0,SYNTH-MES-A,1
2024-10-31 18:17:00+00:00,4854.75,4854.75,4853.0,4853.25,886.0,SYNTH-MES-A,1
2024-10-31 18:18:00+00:00,4853.25,4857.25,4852.75,4856.25,948.0,SYNTH-MES-A,1
2024-10-31 18:19:00+00:00,4856.25,4858.5,4856.0,4858.25,936.0,SYNTH-MES-A,1
2024-10-31 18:20:00+00:00,4858.25,4859.0,4858.0,4858.75,901.0,SYNTH-MES-A,1
2024-10-31 18:21:00+00:00,4858.75,4860.75,4858.25,4860.75,877.0,SYNTH-MES-A,1
2024-10-31 18:22:00+00:00,4860.75,4861.0,4860.25,4860.25,956.0,SYNTH-MES-A,1
2024-10-31 18:23:00+00:00,4860.25,4861.5,4860.0,4861.25,900.0,SYNTH-MES-A,1
2024-10-31 18:24:00+00:00,4861.25,4862.5,4861.0,4862.25,844.0,SYNTH-MES-A,1
2024-10-31 18:25:00+00:00,4862.25,4863.25,4862.0,4862.5,889.0,SYNTH-MES-A,1
2024-10-31 18:26:00+00:00,4862.5,4864.5,4862.5,4864.0,892.0,SYNTH-MES-A,1
2024-10-31 18:27:00+00:00,4864.0,4864.25,4860.75,4861.0,894.0,SYNTH-MES-A,1
2024-10-31 18:28:00+00:00,4861.0,4861.25,4859.75,4860.25,919.0,SYNTH-MES-A,1
2024-10-31 18:29:00+00:00,4860.25,4861.25,4859.75,4860.5,862.0,SYNTH-MES-A,1
2024-10-31 18:30:00+00:00,4860.5,4861.0,4860.25,4860.75,873.0,SYNTH-MES-A,1
2024-10-31 18:31:00+00:00,4860.75,4861.5,4860.5,4861.5,898.0,SYNTH-MES-A,1
2024-10-31 18:32:00+00:00,4861.5,4862.5,4861.25,4862.0,895.0,SYNTH-MES-A,1
2024-10-31 18:33:00+00:00,4862.0,4863.5,4861.25,4862.5,893.0,SYNTH-MES-A,1
2024-10-31 18:34:00+00:00,4862.5,4864.25,4862.25,4863.25,980.0,SYNTH-MES-A,1
2024-10-31 18:35:00+00:00,4863.25,4864.25,4861.25,4862.0,952.0,SYNTH-MES-A,1
2024-10-31 18:36:00+00:00,4862.0,4865.0,4861.5,4862.25,888.0,SYNTH-MES-A,1
2024-10-31 18:37:00+00:00,4862.25,4865.5,4861.5,4865.25,979.0,SYNTH-MES-A,1
2024-10-31 18:38:00+00:00,4865.25,4867.0,4865.0,4865.75,902.0,SYNTH-MES-A,1
2024-10-31 18:39:00+00:00,4865.75,4865.75,4864.25,4864.75,935.0,SYNTH-MES-A,1
2024-10-31 18:40:00+00:00,4864.75,4865.25,4864.75,4865.25,914.0,SYNTH-MES-A,1
2024-10-31 18:41:00+00:00,4865.25,4866.25,4863.75,4864.0,918.0,SYNTH-MES-A,1
2024-10-31 18:42:00+00:00,4864.0,4865.0,4863.75,4865.0,898.0,SYNTH-MES-A,1
2024-10-31 18:43:00+00:00,4865.0,4865.5,4862.75,4864.0,881.0,SYNTH-MES-A,1
2024-10-31 18:44:00+00:00,4864.0,4865.75,4863.0,4864.5,871.0,SYNTH-MES-A,1
2024-10-31 18:45:00+00:00,4864.5,4865.25,4862.75,4863.5,859.0,SYNTH-MES-A,1
2024-10-31 18:46:00+00:00,4863.5,4867.0,4863.0,4866.5,918.0,SYNTH-MES-A,1
2024-10-31 18:47:00+00:00,4866.5,4869.75,4866.25,4869.5,858.0,SYNTH-MES-A,1
2024-10-31 18:48:00+00:00,4869.5,4869.5,4867.75,4868.25,923.0,SYNTH-MES-A,1
2024-10-31 18:49:00+00:00,4868.25,4869.0,4868.0,4868.75,891.0,SYNTH-MES-A,1
2024-10-31 18:50:00+00:00,4868.75,4868.75,4867.75,4868.0,915.0,SYNTH-MES-A,1
2024-10-31 18:51:00+00:00,4868.0,4868.5,4867.0,4867.5,909.0,SYNTH-MES-A,1
2024-10-31 18:52:00+00:00,4867.5,4870.0,4867.5,4868.75,895.0,SYNTH-MES-A,1
2024-10-31 18:53:00+00:00,4868.75,4869.5,4868.25,4869.25,933.0,SYNTH-MES-A,1
2024-10-31 18:54:00+00:00,4869.25,4871.5,4869.25,4870.25,888.0,SYNTH-MES-A,1
2024-10-31 18:55:00+00:00,4870.25,4870.75,4868.0,4868.25,876.0,SYNTH-MES-A,1
2024-10-31 18:56:00+00:00,4868.25,4869.0,4867.0,4869.0,942.0,SYNTH-MES-A,1
2024-10-31 18:57:00+00:00,4869.0,4870.0,4869.0,4869.0,858.0,SYNTH-MES-A,1
2024-10-31 18:58:00+00:00,4869.0,4870.0,4866.0,4868.25,938.0,SYNTH-MES-A,1
2024-10-31 18:59:00+00:00,4868.25,4869.25,4868.0,4868.25,899.0,SYNTH-MES-A,1
2024-10-31 19:00:00+00:00,4868.25,4869.5,4868.0,4869.25,902.0,SYNTH-MES-A,1
2024-10-31 19:01:00+00:00,4869.25,4870.25,4869.0,4869.25,909.0,SYNTH-MES-A,1
2024-10-31 19:02:00+00:00,4869.25,4869.25,4867.25,4868.5,933.0,SYNTH-MES-A,1
2024-10-31 19:03:00+00:00,4868.5,4869.5,4868.0,4869.0,918.0,SYNTH-MES-A,1
2024-10-31 19:04:00+00:00,4869.0,4870.75,4869.0,4870.0,891.0,SYNTH-MES-A,1
2024-10-31 19:05:00+00:00,4870.0,4871.0,4869.75,4870.75,896.0,SYNTH-MES-A,1
2024-10-31 19:06:00+00:00,4870.75,4871.0,4869.5,4869.5,856.0,SYNTH-MES-A,1
2024-10-31 19:07:00+00:00,4869.5,4870.75,4867.75,4870.0,892.0,SYNTH-MES-A,1
2024-10-31 19:08:00+00:00,4870.0,4870.5,4868.5,4869.0,893.0,SYNTH-MES-A,1
2024-10-31 19:09:00+00:00,4869.0,4869.5,4868.0,4868.0,956.0,SYNTH-MES-A,1
2024-10-31 19:10:00+00:00,4868.0,4869.0,4866.75,4868.5,871.0,SYNTH-MES-A,1
2024-10-31 19:11:00+00:00,4868.5,4869.0,4867.75,4868.0,920.0,SYNTH-MES-A,1
2024-10-31 19:12:00+00:00,4868.0,4871.75,4866.75,4871.5,883.0,SYNTH-MES-A,1
2024-10-31 19:13:00+00:00,4871.5,4872.75,4870.5,4872.25,894.0,SYNTH-MES-A,1
2024-10-31 19:14:00+00:00,4872.25,4873.0,4872.0,4872.25,904.0,SYNTH-MES-A,1
2024-10-31 19:15:00+00:00,4872.25,4873.5,4872.0,4873.5,859.0,SYNTH-MES-A,1
2024-10-31 19:16:00+00:00,4873.5,4874.25,4871.0,4871.0,868.0,SYNTH-MES-A,1
2024-10-31 19:17:00+00:00,4871.0,4871.25,4869.25,4869.5,933.0,SYNTH-MES-A,1
2024-10-31 19:18:00+00:00,4869.5,4870.0,4868.25,4868.25,979.0,SYNTH-MES-A,1
2024-10-31 19:19:00+00:00,4868.25,4869.75,4868.0,4869.5,928.0,SYNTH-MES-A,1
2024-10-31 19:20:00+00:00,4869.5,4869.75,4868.0,4868.75,874.0,SYNTH-MES-A,1
2024-10-31 19:21:00+00:00,4868.75,4868.75,4866.25,4866.25,883.0,SYNTH-MES-A,1
2024-10-31 19:22:00+00:00,4866.25,4867.5,4865.75,4867.25,924.0,SYNTH-MES-A,1
2024-10-31 19:23:00+00:00,4867.25,4868.5,4867.25,4868.5,930.0,SYNTH-MES-A,1
2024-10-31 19:24:00+00:00,4868.5,4869.0,4868.5,4868.75,875.0,SYNTH-MES-A,1
2024-10-31 19:25:00+00:00,4868.75,4869.25,4866.75,4867.5,908.0,SYNTH-MES-A,1
2024-10-31 19:26:00+00:00,4867.5,4869.75,4867.5,4869.0,931.0,SYNTH-MES-A,1
2024-10-31 19:27:00+00:00,4869.0,4872.5,4868.25,4872.25,922.0,SYNTH-MES-A,1
2024-10-31 19:28:00+00:00,4872.25,4874.0,4871.75,4872.5,910.0,SYNTH-MES-A,1
2024-10-31 19:29:00+00:00,4872.5,4876.5,4871.75,4876.0,905.0,SYNTH-MES-A,1
2024-10-31 19:30:00+00:00,4876.0,4877.25,4874.0,4874.0,904.0,SYNTH-MES-A,1
2024-10-31 19:31:00+00:00,4874.0,4875.0,4873.5,4874.25,918.0,SYNTH-MES-A,1
2024-10-31 19:32:00+00:00,4874.25,4874.25,4872.75,4873.5,824.0,SYNTH-MES-A,1
2024-10-31 19:33:00+00:00,4873.5,4876.75,4873.25,4876.0,921.0,SYNTH-MES-A,1
2024-10-31 19:34:00+00:00,4876.0,4878.25,4876.0,4877.75,940.0,SYNTH-MES-A,1
2024-10-31 19:35:00+00:00,4877.75,4878.75,4877.5,4878.5,852.0,SYNTH-MES-A,1
2024-10-31 19:36:00+00:00,4878.5,4879.0,4878.5,4878.5,860.0,SYNTH-MES-A,1
2024-10-31 19:37:00+00:00,4878.5,4879.5,4878.25,4879.0,913.0,SYNTH-MES-A,1
2024-10-31 19:38:00+00:00,4879.0,4879.25,4878.25,4878.5,921.0,SYNTH-MES-A,1
2024-10-31 19:39:00+00:00,4878.5,4879.5,4878.0,4878.0,905.0,SYNTH-MES-A,1
2024-10-31 19:40:00+00:00,4878.0,4878.25,4876.0,4877.0,916.0,SYNTH-MES-A,1
2024-10-31 19:41:00+00:00,4877.0,4877.75,4876.5,4876.75,848.0,SYNTH-MES-A,1
2024-10-31 19:42:00+00:00,4876.75,4878.25,4876.5,4878.0,910.0,SYNTH-MES-A,1
2024-10-31 19:43:00+00:00,4878.0,4878.25,4875.75,4875.75,896.0,SYNTH-MES-A,1
2024-10-31 19:44:00+00:00,4875.75,4876.75,4874.75,4874.75,897.0,SYNTH-MES-A,1
2024-10-31 19:45:00+00:00,4874.75,4875.5,4874.75,4875.0,900.0,SYNTH-MES-A,1
2024-10-31 19:46:00+00:00,4875.0,4875.25,4874.0,4874.75,881.0,SYNTH-MES-A,1
2024-10-31 19:47:00+00:00,4874.75,4874.75,4872.5,4872.75,909.0,SYNTH-MES-A,1
2024-10-31 19:48:00+00:00,4872.75,4873.75,4871.0,4871.25,911.0,SYNTH-MES-A,1
2024-10-31 19:49:00+00:00,4871.25,4875.25,4871.25,4875.0,858.0,SYNTH-MES-A,1
2024-10-31 19:50:00+00:00,4875.0,4877.25,4875.0,4877.25,901.0,SYNTH-MES-A,1
2024-10-31 19:51:00+00:00,4877.25,4877.75,4876.5,4877.5,866.0,SYNTH-MES-A,1
2024-10-31 19:52:00+00:00,4877.5,4878.0,4877.0,4877.5,930.0,SYNTH-MES-A,1
2024-10-31 19:53:00+00:00,4877.5,4878.75,4877.25,4878.75,905.0,SYNTH-MES-A,1
2024-10-31 19:54:00+00:00,4878.75,4879.25,4878.25,4878.75,888.0,SYNTH-MES-A,1
2024-10-31 19:55:00+00:00,4878.75,4882.0,4878.25,4881.75,926.0,SYNTH-MES-A,1
2024-10-31 19:56:00+00:00,4881.75,4882.0,4880.25,4880.5,912.0,SYNTH-MES-A,1
2024-10-31 19:57:00+00:00,4880.5,4882.5,4879.75,4882.25,879.0,SYNTH-MES-A,1
2024-10-31 19:58:00+00:00,4882.25,4883.25,4882.0,4883.0,857.0,SYNTH-MES-A,1
2024-10-31 19:59:00+00:00,4883.0,4883.75,4882.75,4883.25,870.0,SYNTH-MES-A,1
2024-10-31 20:00:00+00:00,4883.25,4884.25,4883.0,4884.25,189.0,SYNTH-MES-A,1
2024-10-31 20:01:00+00:00,4884.25,4886.5,4884.25,4885.25,197.0,SYNTH-MES-A,1
2024-10-31 20:02:00+00:00,4885.25,4886.0,4885.25,4886.0,195.0,SYNTH-MES-A,1
2024-10-31 20:03:00+00:00,4886.0,4886.25,4885.25,4885.5,189.0,SYNTH-MES-A,1
2024-10-31 20:04:00+00:00,4885.5,4886.0,4885.25,4885.25,214.0,SYNTH-MES-A,1
2024-10-31 20:05:00+00:00,4885.25,4885.75,4885.25,4885.5,205.0,SYNTH-MES-A,1
2024-10-31 20:06:00+00:00,4885.5,4887.0,4885.25,4886.75,194.0,SYNTH-MES-A,1
2024-10-31 20:07:00+00:00,4886.75,4886.75,4886.0,4886.25,210.0,SYNTH-MES-A,1
2024-10-31 20:08:00+00:00,4886.25,4886.25,4885.5,4885.75,209.0,SYNTH-MES-A,1
2024-10-31 20:09:00+00:00,4885.75,4886.0,4885.25,4885.5,194.0,SYNTH-MES-A,1
2024-10-31 20:10:00+00:00,4885.5,4886.25,4885.25,4885.25,190.0,SYNTH-MES-A,1
2024-10-31 20:11:00+00:00,4885.25,4885.25,4885.0,4885.0,193.0,SYNTH-MES-A,1
2024-10-31 20:12:00+00:00,4885.0,4886.0,4884.75,4885.5,207.0,SYNTH-MES-A,1
2024-10-31 20:13:00+00:00,4885.5,4886.25,4885.5,4886.25,206.0,SYNTH-MES-A,1
2024-10-31 20:14:00+00:00,4886.25,4886.5,4885.25,4885.25,211.0,SYNTH-MES-A,1
2024-10-31 20:15:00+00:00,4885.25,4885.5,4885.25,4885.25,211.0,SYNTH-MES-A,1
2024-10-31 20:16:00+00:00,4885.25,4885.75,4885.0,4885.5,197.0,SYNTH-MES-A,1
2024-10-31 20:17:00+00:00,4885.5,4886.0,4885.25,4885.75,192.0,SYNTH-MES-A,1
2024-10-31 20:18:00+00:00,4885.75,4886.0,4884.5,4884.75,218.0,SYNTH-MES-A,1
2024-10-31 20:19:00+00:00,4884.75,4885.5,4884.5,4885.25,207.0,SYNTH-MES-A,1
2024-10-31 20:20:00+00:00,4885.25,4886.0,4884.75,4886.0,194.0,SYNTH-MES-A,1
2024-10-31 20:21:00+00:00,4886.0,4887.0,4886.0,4886.75,185.0,SYNTH-MES-A,1
2024-10-31 20:22:00+00:00,4886.75,4888.0,4886.5,4888.0,188.0,SYNTH-MES-A,1
2024-10-31 20:23:00+00:00,4888.0,4888.0,4887.5,4887.75,219.0,SYNTH-MES-A,1
2024-10-31 20:24:00+00:00,4887.75,4888.75,4887.5,4888.75,209.0,SYNTH-MES-A,1
2024-10-31 20:25:00+00:00,4888.75,4889.0,4888.5,4889.0,187.0,SYNTH-MES-A,1
2024-10-31 20:26:00+00:00,4889.0,4889.0,4887.75,4888.0,203.0,SYNTH-MES-A,1
2024-10-31 20:27:00+00:00,4888.0,4888.0,4886.75,4887.25,187.0,SYNTH-MES-A,1
2024-10-31 20:28:00+00:00,4887.25,4887.5,4886.0,4886.25,195.0,SYNTH-MES-A,1
2024-10-31 20:29:00+00:00,4886.25,4886.5,4885.0,4885.5,195.0,SYNTH-MES-A,1
2024-10-31 20:30:00+00:00,4885.5,4886.0,4884.75,4885.75,220.0,SYNTH-MES-A,1
2024-10-31 20:31:00+00:00,4885.75,4886.5,4885.0,4885.0,197.0,SYNTH-MES-A,1
2024-10-31 20:32:00+00:00,4885.0,4885.25,4885.0,4885.0,207.0,SYNTH-MES-A,1
2024-10-31 20:33:00+00:00,4885.0,4885.75,4884.25,4885.5,197.0,SYNTH-MES-A,1
2024-10-31 20:34:00+00:00,4885.5,4885.75,4884.75,4885.0,192.0,SYNTH-MES-A,1
2024-10-31 20:35:00+00:00,4885.0,4885.0,4885.0,4885.0,205.0,SYNTH-MES-A,1
2024-10-31 20:36:00+00:00,4885.0,4885.5,4884.75,4885.25,211.0,SYNTH-MES-A,1
2024-10-31 20:37:00+00:00,4885.25,4885.25,4884.75,4884.75,212.0,SYNTH-MES-A,1
2024-10-31 20:38:00+00:00,4884.75,4884.75,4884.5,4884.5,207.0,SYNTH-MES-A,1
2024-10-31 20:39:00+00:00,4884.5,4884.75,4884.5,4884.75,198.0,SYNTH-MES-A,1
2024-10-31 20:40:00+00:00,4884.75,4884.75,4883.75,4884.0,212.0,SYNTH-MES-A,1
2024-10-31 20:41:00+00:00,4884.0,4884.0,4883.5,4883.5,197.0,SYNTH-MES-A,1
2024-10-31 20:42:00+00:00,4883.5,4883.5,4883.25,4883.5,204.0,SYNTH-MES-A,1
2024-10-31 20:43:00+00:00,4883.5,4883.5,4883.0,4883.25,197.0,SYNTH-MES-A,1
2024-10-31 20:44:00+00:00,4883.25,4883.75,4883.25,4883.75,180.0,SYNTH-MES-A,1
2024-10-31 20:45:00+00:00,4883.75,4884.75,4883.5,4884.5,187.0,SYNTH-MES-A,1
2024-10-31 20:46:00+00:00,4884.5,4885.5,4884.25,4885.5,201.0,SYNTH-MES-A,1
2024-10-31 20:47:00+00:00,4885.5,4886.5,4884.75,4885.0,210.0,SYNTH-MES-A,1
2024-10-31 20:48:00+00:00,4885.0,4885.5,4884.75,4885.25,200.0,SYNTH-MES-A,1
2024-10-31 20:49:00+00:00,4885.25,4886.75,4884.75,4885.75,189.0,SYNTH-MES-A,1
2024-10-31 20:50:00+00:00,4885.75,4886.0,4884.75,4885.0,186.0,SYNTH-MES-A,1
2024-10-31 20:51:00+00:00,4885.0,4886.25,4885.0,4886.0,199.0,SYNTH-MES-A,1
2024-10-31 20:52:00+00:00,4886.0,4887.75,4885.5,4886.75,225.0,SYNTH-MES-A,1
2024-10-31 20:53:00+00:00,4886.75,4887.0,4885.0,4885.0,189.0,SYNTH-MES-A,1
2024-10-31 20:54:00+00:00,4885.0,4885.0,4884.0,4884.5,216.0,SYNTH-MES-A,1
2024-10-31 20:55:00+00:00,4884.5,4884.5,4883.25,4883.75,216.0,SYNTH-MES-A,1
2024-10-31 20:56:00+00:00,4883.75,4884.0,4881.75,4882.0,180.0,SYNTH-MES-A,1
2024-10-31 20:57:00+00:00,4882.0,4882.25,4881.5,4882.0,198.0,SYNTH-MES-A,1
2024-10-31 20:58:00+00:00,4882.0,4882.0,4881.25,4881.25,212.0,SYNTH-MES-A,1
2024-10-31 20:59:00+00:00,4881.25,4882.5,4881.25,4882.0,193.0,SYNTH-MES-A,1
2024-10-31 22:00:00+00:00,4882.0,4883.25,4881.75,4882.75,212.0,SYNTH-MES-A,1
2024-10-31 22:01:00+00:00,4882.75,4883.25,4882.0,4882.5,211.0,SYNTH-MES-A,1
2024-10-31 22:02:00+00:00,4882.5,4882.5,4881.25,4881.25,191.0,SYNTH-MES-A,1
2024-10-31 22:03:00+00:00,4881.25,4881.5,4881.0,4881.5,199.0,SYNTH-MES-A,1
2024-10-31 22:04:00+00:00,4881.5,4881.5,4881.25,4881.5,223.0,SYNTH-MES-A,1
2024-10-31 22:05:00+00:00,4881.5,4881.5,4881.5,4881.5,228.0,SYNTH-MES-A,1
2024-10-31 22:06:00+00:00,4881.5,4882.0,4881.0,4881.0,206.0,SYNTH-MES-A,1
2024-10-31 22:07:00+00:00,4881.0,4882.0,4880.5,4881.75,197.0,SYNTH-MES-A,1
2024-10-31 22:08:00+00:00,4881.75,4881.75,4881.5,4881.5,182.0,SYNTH-MES-A,1
2024-10-31 22:09:00+00:00,4881.5,4881.75,4881.25,4881.75,182.0,SYNTH-MES-A,1
2024-10-31 22:10:00+00:00,4881.75,4881.75,4880.25,4880.25,200.0,SYNTH-MES-A,1
2024-10-31 22:11:00+00:00,4880.25,4882.75,4880.25,4882.0,168.0,SYNTH-MES-A,1
2024-10-31 22:12:00+00:00,4882.0,4882.25,4881.0,4881.75,219.0,SYNTH-MES-A,1
2024-10-31 22:13:00+00:00,4881.75,4882.75,4881.25,4882.75,189.0,SYNTH-MES-A,1
2024-10-31 22:14:00+00:00,4882.75,4883.75,4882.5,4883.5,207.0,SYNTH-MES-A,1
2024-10-31 22:15:00+00:00,4883.5,4883.75,4883.5,4883.75,201.0,SYNTH-MES-A,1
2024-10-31 22:16:00+00:00,4883.75,4884.5,4883.75,4884.0,189.0,SYNTH-MES-A,1
2024-10-31 22:17:00+00:00,4884.0,4884.25,4883.75,4884.25,210.0,SYNTH-MES-A,1
2024-10-31 22:18:00+00:00,4884.25,4884.25,4883.75,4884.0,200.0,SYNTH-MES-A,1
2024-10-31 22:19:00+00:00,4884.0,4884.75,4883.75,4884.75,180.0,SYNTH-MES-A,1
2024-10-31 22:20:00+00:00,4884.75,4886.5,4884.5,4885.5,187.0,SYNTH-MES-A,1
2024-10-31 22:21:00+00:00,4885.5,4886.75,4885.5,4886.0,215.0,SYNTH-MES-A,1
2024-10-31 22:22:00+00:00,4886.0,4886.25,4885.75,4886.0,183.0,SYNTH-MES-A,1
2024-10-31 22:23:00+00:00,4886.0,4887.0,4884.75,4886.75,209.0,SYNTH-MES-A,1
2024-10-31 22:24:00+00:00,4886.75,4887.5,4886.5,4886.5,181.0,SYNTH-MES-A,1
2024-10-31 22:25:00+00:00,4886.5,4887.0,4886.25,4886.5,195.0,SYNTH-MES-A,1
2024-10-31 22:26:00+00:00,4886.5,4887.25,4886.5,4887.25,211.0,SYNTH-MES-A,1
2024-10-31 22:27:00+00:00,4887.25,4887.5,4887.0,4887.25,215.0,SYNTH-MES-A,1
2024-10-31 22:28:00+00:00,4887.25,4888.0,4887.25,4887.75,186.0,SYNTH-MES-A,1
2024-10-31 22:29:00+00:00,4887.75,4888.25,4887.5,4888.0,200.0,SYNTH-MES-A,1
2024-10-31 22:30:00+00:00,4888.0,4888.25,4887.75,4888.0,195.0,SYNTH-MES-A,1
2024-10-31 22:31:00+00:00,4888.0,4888.0,4887.0,4887.0,225.0,SYNTH-MES-A,1
2024-10-31 22:32:00+00:00,4887.0,4887.5,4886.75,4887.25,226.0,SYNTH-MES-A,1
2024-10-31 22:33:00+00:00,4887.25,4887.25,4886.5,4887.0,191.0,SYNTH-MES-A,1
2024-10-31 22:34:00+00:00,4887.0,4887.0,4886.25,4886.5,201.0,SYNTH-MES-A,1
2024-10-31 22:35:00+00:00,4886.5,4886.75,4884.75,4884.75,182.0,SYNTH-MES-A,1
2024-10-31 22:36:00+00:00,4884.75,4884.75,4884.0,4884.5,199.0,SYNTH-MES-A,1
2024-10-31 22:37:00+00:00,4884.5,4884.75,4884.25,4884.5,183.0,SYNTH-MES-A,1
2024-10-31 22:38:00+00:00,4884.5,4884.75,4882.5,4882.5,196.0,SYNTH-MES-A,1
2024-10-31 22:39:00+00:00,4882.5,4882.5,4881.25,4881.5,191.0,SYNTH-MES-A,1
2024-10-31 22:40:00+00:00,4881.5,4881.75,4881.25,4881.25,207.0,SYNTH-MES-A,1
2024-10-31 22:41:00+00:00,4881.25,4881.75,4880.75,4881.5,198.0,SYNTH-MES-A,1
2024-10-31 22:42:00+00:00,4881.5,4881.5,4881.0,4881.25,197.0,SYNTH-MES-A,1
2024-10-31 22:43:00+00:00,4881.25,4881.5,4880.5,4880.5,207.0,SYNTH-MES-A,1
2024-10-31 22:44:00+00:00,4880.5,4881.75,4880.25,4881.5,177.0,SYNTH-MES-A,1
2024-10-31 22:45:00+00:00,4881.5,4881.5,4879.0,4879.0,196.0,SYNTH-MES-A,1
2024-10-31 22:46:00+00:00,4879.0,4880.5,4878.75,4880.5,190.0,SYNTH-MES-A,1
2024-10-31 22:47:00+00:00,4880.5,4880.75,4879.5,4879.75,193.0,SYNTH-MES-A,1
2024-10-31 22:48:00+00:00,4879.75,4880.75,4879.75,4880.75,206.0,SYNTH-MES-A,1
2024-10-31 22:49:00+00:00,4880.75,4882.25,4880.0,4882.0,214.0,SYNTH-MES-A,1
2024-10-31 22:50:00+00:00,4882.0,4882.25,4880.75,4880.75,193.0,SYNTH-MES-A,1
2024-10-31 22:51:00+00:00,4880.75,4880.75,4879.5,4879.5,224.0,SYNTH-MES-A,1
2024-10-31 22:52:00+00:00,4879.5,4879.5,4879.0,4879.0,222.0,SYNTH-MES-A,1
2024-10-31 22:53:00+00:00,4879.0,4879.25,4877.5,4877.5,200.0,SYNTH-MES-A,1
2024-10-31 22:54:00+00:00,4877.5,4878.25,4877.5,4877.75,212.0,SYNTH-MES-A,1
2024-10-31 22:55:00+00:00,4877.75,4879.0,4877.5,4879.0,203.0,SYNTH-MES-A,1
2024-10-31 22:56:00+00:00,4879.0,4879.5,4878.5,4879.25,219.0,SYNTH-MES-A,1
2024-10-31 22:57:00+00:00,4879.25,4879.75,4879.25,4879.5,224.0,SYNTH-MES-A,1
2024-10-31 22:58:00+00:00,4879.5,4879.5,4878.75,4879.25,212.0,SYNTH-MES-A,1
2024-10-31 22:59:00+00:00,4879.25,4879.25,4878.5,4878.75,198.0,SYNTH-MES-A,1
2024-10-31 23:00:00+00:00,4878.75,4879.5,4878.5,4879.5,207.0,SYNTH-MES-A,1
2024-10-31 23:01:00+00:00,4879.5,4879.5,4878.25,4878.25,197.0,SYNTH-MES-A,1
2024-10-31 23:02:00+00:00,4878.25,4880.75,4878.25,4880.25,222.0,SYNTH-MES-A,1
2024-10-31 23:03:00+00:00,4880.25,4880.75,4880.0,4880.75,193.0,SYNTH-MES-A,1
2024-10-31 23:04:00+00:00,4880.75,4881.0,4880.0,4880.25,204.0,SYNTH-MES-A,1
2024-10-31 23:05:00+00:00,4880.25,4880.5,4880.0,4880.25,206.0,SYNTH-MES-A,1
2024-10-31 23:06:00+00:00,4880.25,4881.0,4880.0,4880.75,224.0,SYNTH-MES-A,1
2024-10-31 23:07:00+00:00,4880.75,4880.75,4880.5,4880.75,212.0,SYNTH-MES-A,1
2024-10-31 23:08:00+00:00,4880.75,4881.75,4880.5,4881.5,217.0,SYNTH-MES-A,1
2024-10-31 23:09:00+00:00,4881.5,4882.25,4881.25,4882.0,184.0,SYNTH-MES-A,1
2024-10-31 23:10:00+00:00,4882.0,4883.75,4882.0,4883.25,207.0,SYNTH-MES-A,1
2024-10-31 23:11:00+00:00,4883.25,4883.5,4882.75,4883.0,209.0,SYNTH-MES-A,1
2024-10-31 23:12:00+00:00,4883.0,4883.0,4883.0,4883.0,213.0,SYNTH-MES-A,1
2024-10-31 23:13:00+00:00,4883.0,4884.75,4882.5,4883.5,207.0,SYNTH-MES-A,1
2024-10-31 23:14:00+00:00,4883.5,4883.5,4883.25,4883.25,199.0,SYNTH-MES-A,1
2024-10-31 23:15:00+00:00,4883.25,4884.75,4883.0,4884.25,168.0,SYNTH-MES-A,1
2024-10-31 23:16:00+00:00,4884.25,4884.5,4884.0,4884.25,213.0,SYNTH-MES-A,1
2024-10-31 23:17:00+00:00,4884.25,4884.25,4884.0,4884.25,203.0,SYNTH-MES-A,1
2024-10-31 23:18:00+00:00,4884.25,4884.75,4883.0,4883.25,207.0,SYNTH-MES-A,1
2024-10-31 23:19:00+00:00,4883.25,4884.5,4883.25,4883.75,206.0,SYNTH-MES-A,1
2024-10-31 23:20:00+00:00,4883.75,4884.0,4883.75,4883.75,180.0,SYNTH-MES-A,1
2024-10-31 23:21:00+00:00,4883.75,4884.0,4883.75,4884.0,192.0,SYNTH-MES-A,1
2024-10-31 23:22:00+00:00,4884.0,4886.0,4883.75,4885.75,186.0,SYNTH-MES-A,1
2024-10-31 23:23:00+00:00,4885.75,4886.75,4885.75,4886.75,205.0,SYNTH-MES-A,1
2024-10-31 23:24:00+00:00,4886.75,4887.25,4886.0,4887.0,225.0,SYNTH-MES-A,1
2024-10-31 23:25:00+00:00,4887.0,4887.5,4886.5,4886.5,187.0,SYNTH-MES-A,1
2024-10-31 23:26:00+00:00,4886.5,4887.5,4886.5,4887.0,192.0,SYNTH-MES-A,1
2024-10-31 23:27:00+00:00,4887.0,4887.25,4886.75,4887.25,200.0,SYNTH-MES-A,1
2024-10-31 23:28:00+00:00,4887.25,4888.0,4886.75,4887.75,207.0,SYNTH-MES-A,1
2024-10-31 23:29:00+00:00,4887.75,4887.75,4887.25,4887.5,189.0,SYNTH-MES-A,1
2024-10-31 23:30:00+00:00,4887.5,4887.75,4887.0,4887.5,221.0,SYNTH-MES-A,1
2024-10-31 23:31:00+00:00,4887.5,4887.75,4887.0,4887.75,201.0,SYNTH-MES-A,1
2024-10-31 23:32:00+00:00,4887.75,4888.75,4887.75,4888.75,195.0,SYNTH-MES-A,1
2024-10-31 23:33:00+00:00,4888.75,4889.25,4888.5,4889.0,197.0,SYNTH-MES-A,1
2024-10-31 23:34:00+00:00,4889.0,4889.0,4888.75,4888.75,188.0,SYNTH-MES-A,1
2024-10-31 23:35:00+00:00,4888.75,4889.0,4888.75,4888.75,202.0,SYNTH-MES-A,1
2024-10-31 23:36:00+00:00,4888.75,4888.75,4888.25,4888.5,193.0,SYNTH-MES-A,1
2024-10-31 23:37:00+00:00,4888.5,4888.75,4886.5,4886.5,200.0,SYNTH-MES-A,1
2024-10-31 23:38:00+00:00,4886.5,4886.75,4885.25,4886.75,194.0,SYNTH-MES-A,1
2024-10-31 23:39:00+00:00,4886.75,4886.75,4886.0,4886.25,188.0,SYNTH-MES-A,1
2024-10-31 23:40:00+00:00,4886.25,4886.75,4886.0,4886.5,224.0,SYNTH-MES-A,1
2024-10-31 23:41:00+00:00,4886.5,4887.75,4886.5,4887.75,186.0,SYNTH-MES-A,1
2024-10-31 23:42:00+00:00,4887.75,4889.25,4887.25,4889.0,181.0,SYNTH-MES-A,1
2024-10-31 23:43:00+00:00,4889.0,4889.25,4888.5,4888.5,190.0,SYNTH-MES-A,1
2024-10-31 23:44:00+00:00,4888.5,4889.75,4888.5,4889.75,194.0,SYNTH-MES-A,1
2024-10-31 23:45:00+00:00,4889.75,4889.75,4889.0,4889.5,183.0,SYNTH-MES-A,1
2024-10-31 23:46:00+00:00,4889.5,4889.5,4889.25,4889.25,198.0,SYNTH-MES-A,1
2024-10-31 23:47:00+00:00,4889.25,4890.25,4889.0,4889.5,213.0,SYNTH-MES-A,1
2024-10-31 23:48:00+00:00,4889.5,4889.5,4889.25,4889.25,207.0,SYNTH-MES-A,1
2024-10-31 23:49:00+00:00,4889.25,4890.0,4889.0,4889.5,206.0,SYNTH-MES-A,1
2024-10-31 23:50:00+00:00,4889.5,4890.75,4889.25,4890.5,225.0,SYNTH-MES-A,1
2024-10-31 23:51:00+00:00,4890.5,4890.5,4890.0,4890.0,217.0,SYNTH-MES-A,1
2024-10-31 23:52:00+00:00,4890.0,4891.25,4889.5,4890.5,208.0,SYNTH-MES-A,1
2024-10-31 23:53:00+00:00,4890.5,4892.25,4890.5,4891.75,217.0,SYNTH-MES-A,1
2024-10-31 23:54:00+00:00,4891.75,4891.75,4891.25,4891.5,191.0,SYNTH-MES-A,1
2024-10-31 23:55:00+00:00,4891.5,4891.5,4891.25,4891.25,190.0,SYNTH-MES-A,1
2024-10-31 23:56:00+00:00,4891.25,4891.5,4890.75,4891.5,214.0,SYNTH-MES-A,1
2024-10-31 23:57:00+00:00,4891.5,4891.5,4891.25,4891.5,205.0,SYNTH-MES-A,1
2024-10-31 23:58:00+00:00,4891.5,4891.75,4890.75,4891.0,187.0,SYNTH-MES-A,1
2024-10-31 23:59:00+00:00,4891.0,4892.0,4890.25,4891.5,210.0,SYNTH-MES-A,1
2024-11-01 00:00:00+00:00,4891.5,4891.5,4891.25,4891.5,190.0,SYNTH-MES-A,1
2024-11-01 00:01:00+00:00,4891.5,4891.75,4891.25,4891.25,188.0,SYNTH-MES-A,1
2024-11-01 00:02:00+00:00,4891.25,4891.75,4891.0,4891.5,204.0,SYNTH-MES-A,1
2024-11-01 00:03:00+00:00,4891.5,4892.0,4891.0,4891.0,192.0,SYNTH-MES-A,1
2024-11-01 00:04:00+00:00,4891.0,4891.5,4891.0,4891.5,198.0,SYNTH-MES-A,1
2024-11-01 00:05:00+00:00,4891.5,4891.5,4891.25,4891.5,215.0,SYNTH-MES-A,1
2024-11-01 00:06:00+00:00,4891.5,4892.0,4890.5,4891.5,192.0,SYNTH-MES-A,1
2024-11-01 00:07:00+00:00,4891.5,4893.0,4891.25,4893.0,194.0,SYNTH-MES-A,1
2024-11-01 00:08:00+00:00,4893.0,4894.75,4892.5,4894.5,212.0,SYNTH-MES-A,1
2024-11-01 00:09:00+00:00,4894.5,4895.0,4894.25,4895.0,202.0,SYNTH-MES-A,1
2024-11-01 00:10:00+00:00,4895.0,4895.25,4894.25,4894.5,184.0,SYNTH-MES-A,1
2024-11-01 00:11:00+00:00,4894.5,4894.5,4894.25,4894.5,186.0,SYNTH-MES-A,1
2024-11-01 00:12:00+00:00,4894.5,4894.75,4894.0,4894.25,197.0,SYNTH-MES-A,1
2024-11-01 00:13:00+00:00,4894.25,4894.5,4893.5,4894.0,210.0,SYNTH-MES-A,1
2024-11-01 00:14:00+00:00,4894.0,4894.25,4893.0,4893.25,220.0,SYNTH-MES-A,1
2024-11-01 00:15:00+00:00,4893.25,4893.75,4893.25,4893.5,210.0,SYNTH-MES-A,1
2024-11-01 00:16:00+00:00,4893.5,4895.5,4893.0,4895.25,205.0,SYNTH-MES-A,1
2024-11-01 00:17:00+00:00,4895.25,4895.5,4894.25,4894.75,203.0,SYNTH-MES-A,1
2024-11-01 00:18:00+00:00,4894.75,4895.25,4894.75,4895.25,194.0,SYNTH-MES-A,1
2024-11-01 00:19:00+00:00,4895.25,4895.25,4894.0,4894.25,188.0,SYNTH-MES-A,1
2024-11-01 00:20:00+00:00,4894.25,4895.25,4894.0,4895.0,233.0,SYNTH-MES-A,1
2024-11-01 00:21:00+00:00,4895.0,4895.25,4893.75,4895.25,176.0,SYNTH-MES-A,1
2024-11-01 00:22:00+00:00,4895.25,4897.0,4895.0,4896.5,199.0,SYNTH-MES-A,1
2024-11-01 00:23:00+00:00,4896.5,4897.0,4894.25,4894.75,199.0,SYNTH-MES-A,1
2024-11-01 00:24:00+00:00,4894.75,4894.75,4894.25,4894.5,213.0,SYNTH-MES-A,1
2024-11-01 00:25:00+00:00,4894.5,4895.5,4894.5,4895.5,176.0,SYNTH-MES-A,1
2024-11-01 00:26:00+00:00,4895.5,4896.5,4893.75,4893.75,213.0,SYNTH-MES-A,1
2024-11-01 00:27:00+00:00,4893.75,4894.0,4892.5,4892.75,204.0,SYNTH-MES-A,1
2024-11-01 00:28:00+00:00,4892.75,4893.0,4891.75,4893.0,174.0,SYNTH-MES-A,1
2024-11-01 00:29:00+00:00,4893.0,4893.75,4892.25,4893.75,203.0,SYNTH-MES-A,1
2024-11-01 00:30:00+00:00,4893.75,4894.75,4893.75,4894.5,200.0,SYNTH-MES-A,1
2024-11-01 00:31:00+00:00,4894.5,4895.0,4893.75,4894.75,202.0,SYNTH-MES-A,1
2024-11-01 00:32:00+00:00,4894.75,4895.25,4894.25,4894.75,201.0,SYNTH-MES-A,1
2024-11-01 00:33:00+00:00,4894.75,4895.0,4894.75,4895.0,208.0,SYNTH-MES-A,1
2024-11-01 00:34:00+00:00,4895.0,4895.25,4894.75,4895.0,192.0,SYNTH-MES-A,1
2024-11-01 00:35:00+00:00,4895.0,4895.0,4894.0,4894.0,229.0,SYNTH-MES-A,1
2024-11-01 00:36:00+00:00,4894.0,4895.25,4893.75,4895.25,205.0,SYNTH-MES-A,1
2024-11-01 00:37:00+00:00,4895.25,4895.5,4893.25,4893.25,182.0,SYNTH-MES-A,1
2024-11-01 00:38:00+00:00,4893.25,4893.75,4893.25,4893.5,206.0,SYNTH-MES-A,1
2024-11-01 00:39:00+00:00,4893.5,4894.5,4893.0,4894.0,193.0,SYNTH-MES-A,1
2024-11-01 00:40:00+00:00,4894.0,4894.25,4893.75,4894.0,200.0,SYNTH-MES-A,1
2024-11-01 00:41:00+00:00,4894.0,4895.25,4894.0,4895.0,203.0,SYNTH-MES-A,1
2024-11-01 00:42:00+00:00,4895.0,4895.75,4894.5,4895.5,205.0,SYNTH-MES-A,1
2024-11-01 00:43:00+00:00,4895.5,4895.75,4894.75,4895.0,218.0,SYNTH-MES-A,1
2024-11-01 00:44:00+00:00,4895.0,4895.0,4894.5,4894.75,217.0,SYNTH-MES-A,1
2024-11-01 00:45:00+00:00,4894.75,4896.5,4894.75,4895.25,200.0,SYNTH-MES-A,1
2024-11-01 00:46:00+00:00,4895.25,4896.0,4895.0,4896.0,214.0,SYNTH-MES-A,1
2024-11-01 00:47:00+00:00,4896.0,4897.0,4896.0,4896.25,183.0,SYNTH-MES-A,1
2024-11-01 00:48:00+00:00,4896.25,4896.5,4895.75,4895.75,190.0,SYNTH-MES-A,1
2024-11-01 00:49:00+00:00,4895.75,4896.0,4894.5,4894.5,188.0,SYNTH-MES-A,1
2024-11-01 00:50:00+00:00,4894.5,4894.5,4893.5,4894.25,184.0,SYNTH-MES-A,1
2024-11-01 00:51:00+00:00,4894.25,4894.75,4893.75,4894.0,222.0,SYNTH-MES-A,1
2024-11-01 00:52:00+00:00,4894.0,4895.0,4894.0,4894.75,205.0,SYNTH-MES-A,1
2024-11-01 00:53:00+00:00,4894.75,4895.25,4894.25,4894.5,207.0,SYNTH-MES-A,1
2024-11-01 00:54:00+00:00,4894.5,4895.5,4894.5,4895.5,180.0,SYNTH-MES-A,1
2024-11-01 00:55:00+00:00,4895.5,4896.25,4895.25,4896.0,227.0,SYNTH-MES-A,1
2024-11-01 00:56:00+00:00,4896.0,4897.0,4895.25,4897.0,219.0,SYNTH-MES-A,1
2024-11-01 00:57:00+00:00,4897.0,4899.0,4897.0,4899.0,235.0,SYNTH-MES-A,1
2024-11-01 00:58:00+00:00,4899.0,4900.25,4898.5,4900.0,209.0,SYNTH-MES-A,1
2024-11-01 00:59:00+00:00,4900.0,4900.5,4899.25,4900.25,219.0,SYNTH-MES-A,1
2024-11-01 01:00:00+00:00,4900.25,4900.5,4899.25,4900.0,181.0,SYNTH-MES-A,1
2024-11-01 01:01:00+00:00,4900.0,4900.0,4900.0,4900.0,176.0,SYNTH-MES-A,1
2024-11-01 01:02:00+00:00,4900.0,4900.0,4900.0,4900.0,223.0,SYNTH-MES-A,1
2024-11-01 01:03:00+00:00,4900.0,4900.25,4900.0,4900.0,204.0,SYNTH-MES-A,1
2024-11-01 01:04:00+00:00,4900.0,4900.0,4899.25,4899.5,202.0,SYNTH-MES-A,1
2024-11-01 01:05:00+00:00,4899.5,4900.5,4899.25,4900.25,183.0,SYNTH-MES-A,1
2024-11-01 01:06:00+00:00,4900.25,4900.5,4900.25,4900.5,187.0,SYNTH-MES-A,1
2024-11-01 01:07:00+00:00,4900.5,4901.0,4899.75,4901.0,200.0,SYNTH-MES-A,1
2024-11-01 01:08:00+00:00,4901.0,4901.0,4899.5,4900.25,213.0,SYNTH-MES-A,1
2024-11-01 01:09:00+00:00,4900.25,4900.5,4900.0,4900.25,220.0,SYNTH-MES-A,1
2024-11-01 01:10:00+00:00,4900.25,4901.5,4900.0,4901.25,198.0,SYNTH-MES-A,1
2024-11-01 01:11:00+00:00,4901.25,4901.5,4900.75,4901.0,208.0,SYNTH-MES-A,1
2024-11-01 01:12:00+00:00,4901.0,4902.75,4901.0,4902.0,204.0,SYNTH-MES-A,1
2024-11-01 01:13:00+00:00,4902.0,4902.75,4901.5,4902.5,235.0,SYNTH-MES-A,1
2024-11-01 01:14:00+00:00,4902.5,4902.5,4902.0,4902.25,197.0,SYNTH-MES-A,1
2024-11-01 01:15:00+00:00,4902.25,4902.5,4900.0,4900.75,206.0,SYNTH-MES-A,1
2024-11-01 01:16:00+00:00,4900.75,4901.25,4900.75,4900.75,189.0,SYNTH-MES-A,1
2024-11-01 01:17:00+00:00,4900.75,4901.75,4900.75,4901.5,190.0,SYNTH-MES-A,1
2024-11-01 01:18:00+00:00,4901.5,4902.25,4900.5,4900.75,216.0,SYNTH-MES-A,1
2024-11-01 01:19:00+00:00,4900.75,4900.75,4899.75,4900.0,206.0,SYNTH-MES-A,1
2024-11-01 01:20:00+00:00,4900.0,4900.5,4899.5,4900.5,177.0,SYNTH-MES-A,1
2024-11-01 01:21:00+00:00,4900.5,4901.0,4900.5,4900.75,192.0,SYNTH-MES-A,1
2024-11-01 01:22:00+00:00,4900.75,4900.75,4899.25,4900.25,191.0,SYNTH-MES-A,1
2024-11-01 01:23:00+00:00,4900.25,4901.5,4900.0,4900.75,207.0,SYNTH-MES-A,1
2024-11-01 01:24:00+00:00,4900.75,4901.0,4899.5,4900.25,190.0,SYNTH-MES-A,1
2024-11-01 01:25:00+00:00,4900.25,4902.5,4900.25,4901.0,185.0,SYNTH-MES-A,1
2024-11-01 01:26:00+00:00,4901.0,4901.0,4900.25,4900.5,209.0,SYNTH-MES-A,1
2024-11-01 01:27:00+00:00,4900.5,4902.0,4900.25,4901.5,189.0,SYNTH-MES-A,1
2024-11-01 01:28:00+00:00,4901.5,4903.0,4901.0,4902.75,187.0,SYNTH-MES-A,1
2024-11-01 01:29:00+00:00,4902.75,4903.0,4902.25,4902.25,205.0,SYNTH-MES-A,1
2024-11-01 01:30:00+00:00,4902.25,4902.25,4901.75,4902.0,202.0,SYNTH-MES-A,1
2024-11-01 01:31:00+00:00,4902.0,4902.75,4902.0,4902.5,206.0,SYNTH-MES-A,1
2024-11-01 01:32:00+00:00,4902.5,4903.0,4902.25,4902.75,208.0,SYNTH-MES-A,1
2024-11-01 01:33:00+00:00,4902.75,4903.25,4902.75,4903.0,200.0,SYNTH-MES-A,1
2024-11-01 01:34:00+00:00,4903.0,4904.25,4903.0,4904.0,189.0,SYNTH-MES-A,1
2024-11-01 01:35:00+00:00,4904.0,4905.75,4904.0,4905.0,182.0,SYNTH-MES-A,1
2024-11-01 01:36:00+00:00,4905.0,4905.25,4904.5,4904.75,212.0,SYNTH-MES-A,1
2024-11-01 01:37:00+00:00,4904.75,4905.75,4904.75,4905.25,191.0,SYNTH-MES-A,1
2024-11-01 01:38:00+00:00,4905.25,4906.0,4905.25,4906.0,193.0,SYNTH-MES-A,1
2024-11-01 01:39:00+00:00,4906.0,4906.25,4905.75,4906.25,193.0,SYNTH-MES-A,1
2024-11-01 01:40:00+00:00,4906.25,4906.25,4905.5,4906.0,188.0,SYNTH-MES-A,1
2024-11-01 01:41:00+00:00,4906.0,4906.0,4905.25,4906.0,191.0,SYNTH-MES-A,1
2024-11-01 01:42:00+00:00,4906.0,4906.0,4905.0,4905.5,208.0,SYNTH-MES-A,1
2024-11-01 01:43:00+00:00,4905.5,4906.0,4905.25,4905.75,191.0,SYNTH-MES-A,1
2024-11-01 01:44:00+00:00,4905.75,4907.25,4905.5,4907.0,201.0,SYNTH-MES-A,1
2024-11-01 01:45:00+00:00,4907.0,4907.5,4907.0,4907.5,207.0,SYNTH-MES-A,1
2024-11-01 01:46:00+00:00,4907.5,4907.75,4906.75,4907.75,217.0,SYNTH-MES-A,1
2024-11-01 01:47:00+00:00,4907.75,4908.0,4907.25,4907.5,202.0,SYNTH-MES-A,1
2024-11-01 01:48:00+00:00,4907.5,4908.5,4907.25,4907.75,179.0,SYNTH-MES-A,1
2024-11-01 01:49:00+00:00,4907.75,4907.75,4906.75,4907.0,184.0,SYNTH-MES-A,1
2024-11-01 01:50:00+00:00,4907.0,4907.0,4906.5,4906.75,211.0,SYNTH-MES-A,1
2024-11-01 01:51:00+00:00,4906.75,4907.25,4906.5,4907.0,204.0,SYNTH-MES-A,1
2024-11-01 01:52:00+00:00,4907.0,4907.5,4907.0,4907.0,179.0,SYNTH-MES-A,1
2024-11-01 01:53:00+00:00,4907.0,4907.5,4906.75,4907.25,192.0,SYNTH-MES-A,1
2024-11-01 01:54:00+00:00,4907.25,4908.5,4906.75,4908.25,199.0,SYNTH-MES-A,1
2024-11-01 01:55:00+00:00,4908.25,4909.25,4908.0,4909.25,203.0,SYNTH-MES-A,1
2024-11-01 01:56:00+00:00,4909.25,4910.25,4909.0,4909.75,191.0,SYNTH-MES-A,1
2024-11-01 01:57:00+00:00,4909.75,4910.25,4909.25,4910.25,196.0,SYNTH-MES-A,1
2024-11-01 01:58:00+00:00,4910.25,4910.25,4909.75,4909.75,185.0,SYNTH-MES-A,1
2024-11-01 01:59:00+00:00,4909.75,4910.0,4909.5,4909.75,201.0,SYNTH-MES-A,1
2024-11-01 02:00:00+00:00,4909.75,4910.25,4909.75,4910.25,172.0,SYNTH-MES-A,1
2024-11-01 02:01:00+00:00,4910.25,4911.25,4909.75,4911.0,215.0,SYNTH-MES-A,1
2024-11-01 02:02:00+00:00,4911.0,4911.25,4909.0,4910.25,194.0,SYNTH-MES-A,1
2024-11-01 02:03:00+00:00,4910.25,4910.25,4908.75,4909.0,189.0,SYNTH-MES-A,1
2024-11-01 02:04:00+00:00,4909.0,4909.25,4908.75,4909.25,215.0,SYNTH-MES-A,1
2024-11-01 02:05:00+00:00,4909.25,4909.5,4908.5,4909.25,178.0,SYNTH-MES-A,1
2024-11-01 02:06:00+00:00,4909.25,4909.5,4908.5,4908.75,206.0,SYNTH-MES-A,1
2024-11-01 02:07:00+00:00,4908.75,4909.25,4908.0,4909.0,212.0,SYNTH-MES-A,1
2024-11-01 02:08:00+00:00,4909.0,4909.25,4908.25,4908.5,157.0,SYNTH-MES-A,1
2024-11-01 02:09:00+00:00,4908.5,4908.75,4908.0,4908.25,193.0,SYNTH-MES-A,1
2024-11-01 02:10:00+00:00,4908.25,4908.75,4907.5,4908.0,190.0,SYNTH-MES-A,1
2024-11-01 02:11:00+00:00,4908.0,4908.0,4907.5,4908.0,203.0,SYNTH-MES-A,1
2024-11-01 02:12:00+00:00,4908.0,4908.25,4907.25,4908.25,176.0,SYNTH-MES-A,1
2024-11-01 02:13:00+00:00,4908.25,4908.5,4907.25,4907.25,201.0,SYNTH-MES-A,1
2024-11-01 02:14:00+00:00,4907.25,4907.75,4907.0,4907.75,189.0,SYNTH-MES-A,1
2024-11-01 02:15:00+00:00,4907.75,4909.25,4907.25,4909.25,195.0,SYNTH-MES-A,1
2024-11-01 02:16:00+00:00,4909.25,4910.0,4908.0,4908.25,195.0,SYNTH-MES-A,1
2024-11-01 02:17:00+00:00,4908.25,4908.5,4906.5,4906.75,178.0,SYNTH-MES-A,1
2024-11-01 02:18:00+00:00,4906.75,4908.0,4906.75,4908.0,189.0,SYNTH-MES-A,1
2024-11-01 02:19:00+00:00,4908.0,4908.0,4907.25,4907.5,208.0,SYNTH-MES-A,1
2024-11-01 02:20:00+00:00,4907.5,4908.5,4907.5,4908.25,204.0,SYNTH-MES-A,1
2024-11-01 02:21:00+00:00,4908.25,4908.5,4908.0,4908.0,205.0,SYNTH-MES-A,1
2024-11-01 02:22:00+00:00,4908.0,4908.0,4906.25,4906.25,180.0,SYNTH-MES-A,1
2024-11-01 02:23:00+00:00,4906.25,4906.25,4904.25,4904.75,185.0,SYNTH-MES-A,1
2024-11-01 02:24:00+00:00,4904.75,4905.25,4903.75,4905.25,205.0,SYNTH-MES-A,1
2024-11-01 02:25:00+00:00,4905.25,4906.75,4905.0,4906.5,191.0,SYNTH-MES-A,1
2024-11-01 02:26:00+00:00,4906.5,4906.75,4905.5,4905.5,201.0,SYNTH-MES-A,1
2024-11-01 02:27:00+00:00,4905.5,4905.75,4905.25,4905.75,182.0,SYNTH-MES-A,1
2024-11-01 02:28:00+00:00,4905.75,4906.0,4905.0,4905.0,214.0,SYNTH-MES-A,1
2024-11-01 02:29:00+00:00,4905.0,4907.0,4905.0,4906.0,220.0,SYNTH-MES-A,1
2024-11-01 02:30:00+00:00,4906.0,4907.5,4906.0,4907.0,213.0,SYNTH-MES-A,1
2024-11-01 02:31:00+00:00,4907.0,4907.25,4906.25,4906.5,194.0,SYNTH-MES-A,1
2024-11-01 02:32:00+00:00,4906.5,4906.5,4905.75,4905.75,210.0,SYNTH-MES-A,1
2024-11-01 02:33:00+00:00,4905.75,4906.0,4905.0,4905.25,199.0,SYNTH-MES-A,1
2024-11-01 02:34:00+00:00,4905.25,4905.25,4904.5,4904.75,195.0,SYNTH-MES-A,1
2024-11-01 02:35:00+00:00,4904.75,4904.75,4903.5,4904.0,203.0,SYNTH-MES-A,1
2024-11-01 02:36:00+00:00,4904.0,4904.0,4903.25,4904.0,183.0,SYNTH-MES-A,1
2024-11-01 02:37:00+00:00,4904.0,4904.25,4903.5,4903.75,202.0,SYNTH-MES-A,1
2024-11-01 02:38:00+00:00,4903.75,4904.5,4903.0,4903.5,205.0,SYNTH-MES-A,1
2024-11-01 02:39:00+00:00,4903.5,4904.5,4903.25,4904.0,195.0,SYNTH-MES-A,1
2024-11-01 02:40:00+00:00,4904.0,4904.75,4903.5,4904.5,179.0,SYNTH-MES-A,1
2024-11-01 02:41:00+00:00,4904.5,4904.5,4902.75,4903.0,178.0,SYNTH-MES-A,1
2024-11-01 02:42:00+00:00,4903.0,4903.0,4902.5,4902.5,209.0,SYNTH-MES-A,1
2024-11-01 02:43:00+00:00,4902.5,4904.0,4902.5,4903.5,215.0,SYNTH-MES-A,1
2024-11-01 02:44:00+00:00,4903.5,4906.0,4903.0,4905.25,222.0,SYNTH-MES-A,1
2024-11-01 02:45:00+00:00,4905.25,4905.25,4904.75,4904.75,190.0,SYNTH-MES-A,1
2024-11-01 02:46:00+00:00,4904.75,4904.75,4904.25,4904.25,198.0,SYNTH-MES-A,1
2024-11-01 02:47:00+00:00,4904.25,4904.25,4903.75,4903.75,200.0,SYNTH-MES-A,1
2024-11-01 02:48:00+00:00,4903.75,4904.25,4903.75,4904.25,185.0,SYNTH-MES-A,1
2024-11-01 02:49:00+00:00,4904.25,4905.25,4904.25,4904.5,225.0,SYNTH-MES-A,1
2024-11-01 02:50:00+00:00,4904.5,4905.25,4903.0,4903.25,192.0,SYNTH-MES-A,1
2024-11-01 02:51:00+00:00,4903.25,4904.0,4903.0,4903.75,194.0,SYNTH-MES-A,1
2024-11-01 02:52:00+00:00,4903.75,4904.0,4902.25,4902.75,189.0,SYNTH-MES-A,1
2024-11-01 02:53:00+00:00,4902.75,4902.75,4902.25,4902.5,176.0,SYNTH-MES-A,1
2024-11-01 02:54:00+00:00,4902.5,4903.25,4902.25,4903.0,193.0,SYNTH-MES-A,1
2024-11-01 02:55:00+00:00,4903.0,4903.25,4902.0,4902.25,218.0,SYNTH-MES-A,1
2024-11-01 02:56:00+00:00,4902.25,4902.75,4902.25,4902.5,186.0,SYNTH-MES-A,1
2024-11-01 02:57:00+00:00,4902.5,4902.75,4902.0,4902.25,197.0,SYNTH-MES-A,1
2024-11-01 02:58:00+00:00,4902.25,4902.25,4900.75,4901.0,178.0,SYNTH-MES-A,1
2024-11-01 02:59:00+00:00,4901.0,4903.5,4900.75,4902.5,206.0,SYNTH-MES-A,1
2024-11-01 03:00:00+00:00,4902.5,4902.75,4901.5,4901.5,209.0,SYNTH-MES-A,1
2024-11-01 03:01:00+00:00,4901.5,4902.75,4899.0,4899.25,206.0,SYNTH-MES-A,1
2024-11-01 03:02:00+00:00,4899.25,4901.0,4899.25,4900.5,211.0,SYNTH-MES-A,1
2024-11-01 03:03:00+00:00,4900.5,4901.0,4900.25,4900.5,177.0,SYNTH-MES-A,1
2024-11-01 03:04:00+00:00,4900.5,4900.75,4900.5,4900.5,187.0,SYNTH-MES-A,1
2024-11-01 03:05:00+00:00,4900.5,4901.75,4900.5,4901.75,212.0,SYNTH-MES-A,1
2024-11-01 03:06:00+00:00,4901.75,4902.5,4901.5,4902.5,209.0,SYNTH-MES-A,1
2024-11-01 03:07:00+00:00,4902.5,4902.5,4902.0,4902.25,192.0,SYNTH-MES-A,1
2024-11-01 03:08:00+00:00,4902.25,4902.25,4901.75,4902.0,198.0,SYNTH-MES-A,1
2024-11-01 03:09:00+00:00,4902.0,4902.0,4901.5,4901.5,180.0,SYNTH-MES-A,1
2024-11-01 03:10:00+00:00,4901.5,4901.5,4899.25,4900.5,199.0,SYNTH-MES-A,1
2024-11-01 03:11:00+00:00,4900.5,4900.75,4900.5,4900.75,229.0,SYNTH-MES-A,1
2024-11-01 03:12:00+00:00,4900.75,4901.75,4899.25,4899.5,207.0,SYNTH-MES-A,1
2024-11-01 03:13:00+00:00,4899.5,4899.75,4896.75,4897.0,188.0,SYNTH-MES-A,1
2024-11-01 03:14:00+00:00,4897.0,4897.25,4896.25,4896.5,186.0,SYNTH-MES-A,1
2024-11-01 03:15:00+00:00,4896.5,4896.5,4896.0,4896.25,212.0,SYNTH-MES-A,1
2024-11-01 03:16:00+00:00,4896.25,4896.5,4895.75,4896.25,195.0,SYNTH-MES-A,1
2024-11-01 03:17:00+00:00,4896.25,4896.75,4896.0,4896.75,193.0,SYNTH-MES-A,1
2024-11-01 03:18:00+00:00,4896.75,4896.75,4896.5,4896.5,174.0,SYNTH-MES-A,1
2024-11-01 03:19:00+00:00,4896.5,4897.25,4896.5,4897.0,193.0,SYNTH-MES-A,1
2024-11-01 03:20:00+00:00,4897.0,4897.5,4896.75,4897.25,223.0,SYNTH-MES-A,1
2024-11-01 03:21:00+00:00,4897.25,4897.5,4896.75,4897.5,223.0,SYNTH-MES-A,1
2024-11-01 03:22:00+00:00,4897.5,4898.25,4897.5,4897.75,222.0,SYNTH-MES-A,1
2024-11-01 03:23:00+00:00,4897.75,4898.0,4897.5,4898.0,199.0,SYNTH-MES-A,1
2024-11-01 03:24:00+00:00,4898.0,4898.0,4897.75,4897.75,214.0,SYNTH-MES-A,1
2024-11-01 03:25:00+00:00,4897.75,4897.75,4897.5,4897.75,202.0,SYNTH-MES-A,1
2024-11-01 03:26:00+00:00,4897.75,4898.0,4897.5,4898.0,189.0,SYNTH-MES-A,1
2024-11-01 03:27:00+00:00,4898.0,4898.5,4898.0,4898.5,186.0,SYNTH-MES-A,1
2024-11-01 03:28:00+00:00,4898.5,4899.25,4896.75,4896.75,206.0,SYNTH-MES-A,1
2024-11-01 03:29:00+00:00,4896.75,4896.75,4896.25,4896.75,207.0,SYNTH-MES-A,1
2024-11-01 03:30:00+00:00,4896.75,4897.25,4896.25,4896.5,201.0,SYNTH-MES-A,1
2024-11-01 03:31:00+00:00,4896.5,4896.75,4896.5,4896.75,226.0,SYNTH-MES-A,1
2024-11-01 03:32:00+00:00,4896.75,4897.25,4896.25,4897.0,182.0,SYNTH-MES-A,1
2024-11-01 03:33:00+00:00,4897.0,4899.5,4897.0,4898.75,206.0,SYNTH-MES-A,1
2024-11-01 03:34:00+00:00,4898.75,4900.5,4898.25,4899.75,190.0,SYNTH-MES-A,1
2024-11-01 03:35:00+00:00,4899.75,4900.0,4899.75,4899.75,205.0,SYNTH-MES-A,1
2024-11-01 03:36:00+00:00,4899.75,4899.75,4898.75,4899.25,204.0,SYNTH-MES-A,1
2024-11-01 03:37:00+00:00,4899.25,4899.5,4898.0,4898.25,202.0,SYNTH-MES-A,1
2024-11-01 03:38:00+00:00,4898.25,4898.5,4896.5,4896.75,200.0,SYNTH-MES-A,1
2024-11-01 03:39:00+00:00,4896.75,4897.0,4896.5,4896.75,178.0,SYNTH-MES-A,1
2024-11-01 03:40:00+00:00,4896.75,4897.0,4896.5,4897.0,193.0,SYNTH-MES-A,1
2024-11-01 03:41:00+00:00,4897.0,4897.0,4896.75,4896.75,205.0,SYNTH-MES-A,1
2024-11-01 03:42:00+00:00,4896.75,4897.0,4896.75,4896.75,194.0,SYNTH-MES-A,1
2024-11-01 03:43:00+00:00,4896.75,4897.0,4895.75,4896.0,192.0,SYNTH-MES-A,1
2024-11-01 03:44:00+00:00,4896.0,4896.75,4895.0,4895.25,198.0,SYNTH-MES-A,1
2024-11-01 03:45:00+00:00,4895.25,4895.75,4895.0,4895.75,197.0,SYNTH-MES-A,1
2024-11-01 03:46:00+00:00,4895.75,4896.75,4895.5,4896.5,208.0,SYNTH-MES-A,1
2024-11-01 03:47:00+00:00,4896.5,4897.0,4896.5,4896.75,208.0,SYNTH-MES-A,1
2024-11-01 03:48:00+00:00,4896.75,4897.25,4896.5,4896.5,198.0,SYNTH-MES-A,1
2024-11-01 03:49:00+00:00,4896.5,4897.75,4896.0,4897.5,203.0,SYNTH-MES-A,1
2024-11-01 03:50:00+00:00,4897.5,4897.75,4896.75,4896.75,218.0,SYNTH-MES-A,1
2024-11-01 03:51:00+00:00,4896.75,4897.0,4896.25,4897.0,188.0,SYNTH-MES-A,1
2024-11-01 03:52:00+00:00,4897.0,4898.25,4896.5,4897.75,206.0,SYNTH-MES-A,1
2024-11-01 03:53:00+00:00,4897.75,4898.0,4896.25,4896.25,217.0,SYNTH-MES-A,1
2024-11-01 03:54:00+00:00,4896.25,4896.5,4895.75,4895.75,205.0,SYNTH-MES-A,1
2024-11-01 03:55:00+00:00,4895.75,4896.25,4895.75,4896.0,201.0,SYNTH-MES-A,1
2024-11-01 03:56:00+00:00,4896.0,4896.75,4895.0,4895.25,194.0,SYNTH-MES-A,1
2024-11-01 03:57:00+00:00,4895.25,4896.0,4895.0,4895.5,174.0,SYNTH-MES-A,1
2024-11-01 03:58:00+00:00,4895.5,4896.0,4894.5,4895.5,205.0,SYNTH-MES-A,1
2024-11-01 03:59:00+00:00,4895.5,4896.25,4895.25,4896.25,185.0,SYNTH-MES-A,1
2024-11-01 04:00:00+00:00,4896.25,4897.0,4894.0,4894.0,220.0,SYNTH-MES-A,1
2024-11-01 04:01:00+00:00,4894.0,4894.75,4893.5,4894.75,215.0,SYNTH-MES-A,1
2024-11-01 04:02:00+00:00,4894.75,4894.75,4894.25,4894.75,208.0,SYNTH-MES-A,1
2024-11-01 04:03:00+00:00,4894.75,4895.5,4894.75,4895.0,191.0,SYNTH-MES-A,1
2024-11-01 04:04:00+00:00,4895.0,4895.25,4894.75,4895.25,187.0,SYNTH-MES-A,1
2024-11-01 04:05:00+00:00,4895.25,4895.25,4895.0,4895.25,209.0,SYNTH-MES-A,1
2024-11-01 04:06:00+00:00,4895.25,4895.25,4895.0,4895.25,195.0,SYNTH-MES-A,1
2024-11-01 04:07:00+00:00,4895.25,4895.5,4894.0,4894.25,185.0,SYNTH-MES-A,1
2024-11-01 04:08:00+00:00,4894.25,4894.25,4893.75,4894.0,201.0,SYNTH-MES-A,1
2024-11-01 04:09:00+00:00,4894.0,4894.25,4893.0,4893.25,206.0,SYNTH-MES-A,1
2024-11-01 04:10:00+00:00,4893.25,4893.5,4893.0,4893.0,198.0,SYNTH-MES-A,1
2024-11-01 04:11:00+00:00,4893.0,4894.0,4893.0,4893.75,222.0,SYNTH-MES-A,1
2024-11-01 04:12:00+00:00,4893.75,4893.75,4893.0,4893.5,188.0,SYNTH-MES-A,1
2024-11-01 04:13:00+00:00,4893.5,4894.25,4893.0,4894.25,177.0,SYNTH-MES-A,1
2024-11-01 04:14:00+00:00,4894.25,4896.5,4894.25,4896.5,199.0,SYNTH-MES-A,1
2024-11-01 04:15:00+00:00,4896.5,4897.75,4896.25,4897.5,184.0,SYNTH-MES-A,1
2024-11-01 04:16:00+00:00,4897.5,4897.75,4897.25,4897.5,209.0,SYNTH-MES-A,1
2024-11-01 04:17:00+00:00,4897.5,4897.75,4895.75,4896.0,179.0,SYNTH-MES-A,1
2024-11-01 04:18:00+00:00,4896.0,4896.0,4895.25,4895.25,197.0,SYNTH-MES-A,1
2024-11-01 04:19:00+00:00,4895.25,4895.25,4895.25,4895.25,215.0,SYNTH-MES-A,1
2024-11-01 04:20:00+00:00,4895.25,4896.75,4894.5,4896.5,232.0,SYNTH-MES-A,1
2024-11-01 04:21:00+00:00,4896.5,4896.5,4895.5,4895.75,221.0,SYNTH-MES-A,1
2024-11-01 04:22:00+00:00,4895.75,4896.25,4894.75,4896.0,222.0,SYNTH-MES-A,1
2024-11-01 04:23:00+00:00,4896.0,4896.0,4896.0,4896.0,184.0,SYNTH-MES-A,1
2024-11-01 04:24:00+00:00,4896.0,4896.75,4896.0,4896.75,212.0,SYNTH-MES-A,1
2024-11-01 04:25:00+00:00,4896.75,4897.25,4896.75,4897.25,212.0,SYNTH-MES-A,1
2024-11-01 04:26:00+00:00,4897.25,4897.25,4896.0,4897.25,180.0,SYNTH-MES-A,1
2024-11-01 04:27:00+00:00,4897.25,4898.0,4897.0,4897.0,193.0,SYNTH-MES-A,1
2024-11-01 04:28:00+00:00,4897.0,4897.5,4896.0,4896.75,188.0,SYNTH-MES-A,1
2024-11-01 04:29:00+00:00,4896.75,4898.75,4896.25,4898.0,194.0,SYNTH-MES-A,1
2024-11-01 04:30:00+00:00,4898.0,4898.25,4896.75,4897.5,191.0,SYNTH-MES-A,1
2024-11-01 04:31:00+00:00,4897.5,4897.75,4897.25,4897.25,172.0,SYNTH-MES-A,1
2024-11-01 04:32:00+00:00,4897.25,4897.5,4897.0,4897.25,180.0,SYNTH-MES-A,1
2024-11-01 04:33:00+00:00,4897.25,4897.5,4896.25,4896.5,192.0,SYNTH-MES-A,1
2024-11-01 04:34:00+00:00,4896.5,4897.25,4896.0,4897.0,194.0,SYNTH-MES-A,1
2024-11-01 04:35:00+00:00,4897.0,4897.25,4897.0,4897.0,195.0,SYNTH-MES-A,1
2024-11-01 04:36:00+00:00,4897.0,4898.0,4896.75,4897.0,177.0,SYNTH-MES-A,1
2024-11-01 04:37:00+00:00,4897.0,4898.5,4896.75,4898.0,221.0,SYNTH-MES-A,1
2024-11-01 04:38:00+00:00,4898.0,4899.25,4897.75,4899.0,216.0,SYNTH-MES-A,1
2024-11-01 04:39:00+00:00,4899.0,4899.5,4898.75,4899.25,220.0,SYNTH-MES-A,1
2024-11-01 04:40:00+00:00,4899.25,4900.5,4899.25,4900.0,203.0,SYNTH-MES-A,1
2024-11-01 04:41:00+00:00,4900.0,4900.0,4899.5,4900.0,195.0,SYNTH-MES-A,1
2024-11-01 04:42:00+00:00,4900.0,4900.5,4899.5,4899.5,193.0,SYNTH-MES-A,1
2024-11-01 04:43:00+00:00,4899.5,4901.5,4899.5,4901.25,213.0,SYNTH-MES-A,1
2024-11-01 04:44:00+00:00,4901.25,4901.25,4900.75,4900.75,188.0,SYNTH-MES-A,1
2024-11-01 04:45:00+00:00,4900.75,4901.0,4900.5,4901.0,222.0,SYNTH-MES-A,1
2024-11-01 04:46:00+00:00,4901.0,4902.25,4900.0,4900.5,189.0,SYNTH-MES-A,1
2024-11-01 04:47:00+00:00,4900.5,4900.5,4900.25,4900.25,193.0,SYNTH-MES-A,1
2024-11-01 04:48:00+00:00,4900.25,4900.75,4899.75,4900.75,191.0,SYNTH-MES-A,1
2024-11-01 04:49:00+00:00,4900.75,4901.25,4899.0,4899.25,195.0,SYNTH-MES-A,1
2024-11-01 04:50:00+00:00,4899.25,4899.25,4899.0,4899.0,197.0,SYNTH-MES-A,1
2024-11-01 04:51:00+00:00,4899.0,4899.5,4897.25,4897.25,223.0,SYNTH-MES-A,1
2024-11-01 04:52:00+00:00,4897.25,4898.0,4897.0,4897.75,196.0,SYNTH-MES-A,1
2024-11-01 04:53:00+00:00,4897.75,4898.25,4897.0,4897.0,194.0,SYNTH-MES-A,1
2024-11-01 04:54:00+00:00,4897.0,4897.0,4897.0,4897.0,211.0,SYNTH-MES-A,1
2024-11-01 04:55:00+00:00,4897.0,4897.5,4896.75,4896.75,211.0,SYNTH-MES-A,1
2024-11-01 04:56:00+00:00,4896.75,4897.0,4896.0,4896.5,202.0,SYNTH-MES-A,1
2024-11-01 04:57:00+00:00,4896.5,4898.0,4896.25,4898.0,199.0,SYNTH-MES-A,1
2024-11-01 04:58:00+00:00,4898.0,4898.0,4897.5,4897.75,181.0,SYNTH-MES-A,1
2024-11-01 04:59:00+00:00,4897.75,4898.0,4897.5,4897.5,195.0,SYNTH-MES-A,1
2024-11-01 05:00:00+00:00,4897.5,4898.5,4897.25,4898.25,198.0,SYNTH-MES-A,1
2024-11-01 05:01:00+00:00,4898.25,4899.25,4898.25,4898.5,190.0,SYNTH-MES-A,1
2024-11-01 05:02:00+00:00,4898.5,4898.75,4898.0,4898.5,206.0,SYNTH-MES-A,1
2024-11-01 05:03:00+00:00,4898.5,4898.5,4897.5,4897.5,211.0,SYNTH-MES-A,1
2024-11-01 05:04:00+00:00,4897.5,4898.25,4896.75,4898.0,182.0,SYNTH-MES-A,1
2024-11-01 05:05:00+00:00,4898.0,4898.0,4897.25,4897.75,191.0,SYNTH-MES-A,1
2024-11-01 05:06:00+00:00,4897.75,4897.75,4897.5,4897.75,208.0,SYNTH-MES-A,1
2024-11-01 05:07:00+00:00,4897.75,4897.75,4897.25,4897.25,183.0,SYNTH-MES-A,1
2024-11-01 05:08:00+00:00,4897.25,4897.75,4897.25,4897.75,176.0,SYNTH-MES-A,1
2024-11-01 05:09:00+00:00,4897.75,4900.0,4897.5,4899.25,216.0,SYNTH-MES-A,1
2024-11-01 05:10:00+00:00,4899.25,4899.75,4898.5,4899.75,200.0,SYNTH-MES-A,1
2024-11-01 05:11:00+00:00,4899.75,4900.0,4899.25,4900.0,228.0,SYNTH-MES-A,1
2024-11-01 05:12:00+00:00,4900.0,4900.25,4898.75,4898.75,206.0,SYNTH-MES-A,1
2024-11-01 05:13:00+00:00,4898.75,4899.0,4898.25,4898.5,196.0,SYNTH-MES-A,1
2024-11-01 05:14:00+00:00,4898.5,4898.75,4897.5,4897.75,202.0,SYNTH-MES-A,1
2024-11-01 05:15:00+00:00,4897.75,4898.5,4897.75,4898.5,199.0,SYNTH-MES-A,1
2024-11-01 05:16:00+00:00,4898.5,4899.75,4898.5,4899.75,206.0,SYNTH-MES-A,1
2024-11-01 05:17:00+00:00,4899.75,4901.5,4899.25,4901.25,193.0,SYNTH-MES-A,1
2024-11-01 05:18:00+00:00,4901.25,4901.5,4901.0,4901.5,226.0,SYNTH-MES-A,1
2024-11-01 05:19:00+00:00,4901.5,4901.75,4901.5,4901.75,186.0,SYNTH-MES-A,1
2024-11-01 05:20:00+00:00,4901.75,4902.0,4900.75,4901.0,198.0,SYNTH-MES-A,1
2024-11-01 05:21:00+00:00,4901.0,4901.5,4899.25,4899.5,211.0,SYNTH-MES-A,1
2024-11-01 05:22:00+00:00,4899.5,4899.75,4899.5,4899.75,189.0,SYNTH-MES-A,1
2024-11-01 05:23:00+00:00,4899.75,4900.0,4898.5,4898.5,217.0,SYNTH-MES-A,1
2024-11-01 05:24:00+00:00,4898.5,4899.0,4898.5,4898.75,207.0,SYNTH-MES-A,1
2024-11-01 05:25:00+00:00,4898.75,4899.75,4898.5,4898.5,177.0,SYNTH-MES-A,1
2024-11-01 05:26:00+00:00,4898.5,4898.75,4898.25,4898.5,209.0,SYNTH-MES-A,1
2024-11-01 05:27:00+00:00,4898.5,4899.25,4898.5,4898.75,199.0,SYNTH-MES-A,1
2024-11-01 05:28:00+00:00,4898.75,4899.25,4898.5,4899.0,185.0,SYNTH-MES-A,1
2024-11-01 05:29:00+00:00,4899.0,4899.75,4897.25,4897.25,222.0,SYNTH-MES-A,1
2024-11-01 05:30:00+00:00,4897.25,4897.5,4896.75,4896.75,179.0,SYNTH-MES-A,1
2024-11-01 05:31:00+00:00,4896.75,4896.75,4895.75,4896.25,208.0,SYNTH-MES-A,1
2024-11-01 05:32:00+00:00,4896.25,4896.75,4895.75,4896.5,210.0,SYNTH-MES-A,1
2024-11-01 05:33:00+00:00,4896.5,4896.75,4895.5,4895.75,217.0,SYNTH-MES-A,1
2024-11-01 05:34:00+00:00,4895.75,4896.0,4894.75,4895.0,214.0,SYNTH-MES-A,1
2024-11-01 05:35:00+00:00,4895.0,4896.5,4894.75,4896.0,191.0,SYNTH-MES-A,1
2024-11-01 05:36:00+00:00,4896.0,4897.25,4895.75,4897.0,206.0,SYNTH-MES-A,1
2024-11-01 05:37:00+00:00,4897.0,4897.25,4896.25,4896.5,185.0,SYNTH-MES-A,1
2024-11-01 05:38:00+00:00,4896.5,4897.5,4896.5,4897.25,192.0,SYNTH-MES-A,1
2024-11-01 05:39:00+00:00,4897.25,4897.25,4896.5,4896.5,202.0,SYNTH-MES-A,1
2024-11-01 05:40:00+00:00,4896.5,4896.75,4896.25,4896.5,183.0,SYNTH-MES-A,1
2024-11-01 05:41:00+00:00,4896.5,4897.25,4896.25,4897.0,183.0,SYNTH-MES-A,1
2024-11-01 05:42:00+00:00,4897.0,4897.25,4895.25,4895.75,191.0,SYNTH-MES-A,1
2024-11-01 05:43:00+00:00,4895.75,4896.0,4894.75,4894.75,178.0,SYNTH-MES-A,1
2024-11-01 05:44:00+00:00,4894.75,4895.75,4894.5,4895.75,202.0,SYNTH-MES-A,1
2024-11-01 05:45:00+00:00,4895.75,4895.75,4895.0,4895.0,196.0,SYNTH-MES-A,1
2024-11-01 05:46:00+00:00,4895.0,4895.0,4894.75,4895.0,209.0,SYNTH-MES-A,1
2024-11-01 05:47:00+00:00,4895.0,4895.75,4894.25,4895.75,190.0,SYNTH-MES-A,1
2024-11-01 05:48:00+00:00,4895.75,4895.75,4895.5,4895.5,173.0,SYNTH-MES-A,1
2024-11-01 05:49:00+00:00,4895.5,4896.0,4894.75,4895.75,174.0,SYNTH-MES-A,1
2024-11-01 05:50:00+00:00,4895.75,4895.75,4895.25,4895.5,187.0,SYNTH-MES-A,1
2024-11-01 05:51:00+00:00,4895.5,4896.5,4895.5,4896.0,204.0,SYNTH-MES-A,1
2024-11-01 05:52:00+00:00,4896.0,4896.25,4896.0,4896.0,227.0,SYNTH-MES-A,1
2024-11-01 05:53:00+00:00,4896.0,4897.25,4896.0,4897.25,181.0,SYNTH-MES-A,1
2024-11-01 05:54:00+00:00,4897.25,4897.25,4896.5,4897.0,215.0,SYNTH-MES-A,1
2024-11-01 05:55:00+00:00,4897.0,4897.25,4896.75,4897.25,192.0,SYNTH-MES-A,1
2024-11-01 05:56:00+00:00,4897.25,4898.25,4897.0,4898.0,201.0,SYNTH-MES-A,1
2024-11-01 05:57:00+00:00,4898.0,4899.5,4897.75,4899.5,199.0,SYNTH-MES-A,1
2024-11-01 05:58:00+00:00,4899.5,4901.5,4899.5,4901.0,201.0,SYNTH-MES-A,1
2024-11-01 05:59:00+00:00,4901.0,4901.5,4900.5,4901.25,220.0,SYNTH-MES-A,1
2024-11-01 06:00:00+00:00,4901.25,4902.5,4901.25,4902.25,222.0,SYNTH-MES-A,1
2024-11-01 06:01:00+00:00,4902.25,4902.75,4901.0,4901.75,195.0,SYNTH-MES-A,1
2024-11-01 06:02:00+00:00,4901.75,4901.75,4901.25,4901.5,203.0,SYNTH-MES-A,1
2024-11-01 06:03:00+00:00,4901.5,4901.5,4900.0,4900.0,191.0,SYNTH-MES-A,1
2024-11-01 06:04:00+00:00,4900.0,4900.25,4899.75,4900.0,200.0,SYNTH-MES-A,1
2024-11-01 06:05:00+00:00,4900.0,4900.5,4899.75,4900.0,184.0,SYNTH-MES-A,1
2024-11-01 06:06:00+00:00,4900.0,4900.5,4898.75,4899.0,212.0,SYNTH-MES-A,1
2024-11-01 06:07:00+00:00,4899.0,4899.5,4898.5,4899.25,198.0,SYNTH-MES-A,1
2024-11-01 06:08:00+00:00,4899.25,4899.5,4898.75,4898.75,203.0,SYNTH-MES-A,1
2024-11-01 06:09:00+00:00,4898.75,4899.25,4898.75,4899.0,215.0,SYNTH-MES-A,1
2024-11-01 06:10:00+00:00,4899.0,4900.75,4898.5,4900.25,195.0,SYNTH-MES-A,1
2024-11-01 06:11:00+00:00,4900.25,4901.75,4900.25,4901.75,193.0,SYNTH-MES-A,1
2024-11-01 06:12:00+00:00,4901.75,4902.25,4901.5,4902.25,198.0,SYNTH-MES-A,1
2024-11-01 06:13:00+00:00,4902.25,4902.75,4902.0,4902.25,163.0,SYNTH-MES-A,1
2024-11-01 06:14:00+00:00,4902.25,4903.75,4902.0,4903.25,220.0,SYNTH-MES-A,1
2024-11-01 06:15:00+00:00,4903.25,4903.25,4902.5,4902.75,189.0,SYNTH-MES-A,1
2024-11-01 06:16:00+00:00,4902.75,4903.25,4902.75,4902.75,178.0,SYNTH-MES-A,1
2024-11-01 06:17:00+00:00,4902.75,4903.5,4902.5,4903.5,217.0,SYNTH-MES-A,1
2024-11-01 06:18:00+00:00,4903.5,4903.75,4903.25,4903.25,220.0,SYNTH-MES-A,1
2024-11-01 06:19:00+00:00,4903.25,4903.5,4903.0,4903.5,198.0,SYNTH-MES-A,1
2024-11-01 06:20:00+00:00,4903.5,4903.5,4902.75,4903.0,211.0,SYNTH-MES-A,1
2024-11-01 06:21:00+00:00,4903.0,4903.0,4902.25,4902.25,197.0,SYNTH-MES-A,1
2024-11-01 06:22:00+00:00,4902.25,4903.75,4902.25,4903.25,201.0,SYNTH-MES-A,1
2024-11-01 06:23:00+00:00,4903.25,4903.75,4903.0,4903.75,212.0,SYNTH-MES-A,1
2024-11-01 06:24:00+00:00,4903.75,4904.0,4903.75,4903.75,174.0,SYNTH-MES-A,1
2024-11-01 06:25:00+00:00,4903.75,4904.5,4903.75,4904.5,209.0,SYNTH-MES-A,1
2024-11-01 06:26:00+00:00,4904.5,4905.5,4903.25,4903.5,192.0,SYNTH-MES-A,1
2024-11-01 06:27:00+00:00,4903.5,4903.75,4903.5,4903.5,165.0,SYNTH-MES-A,1
2024-11-01 06:28:00+00:00,4903.5,4903.5,4902.5,4903.0,201.0,SYNTH-MES-A,1
2024-11-01 06:29:00+00:00,4903.0,4903.0,4903.0,4903.0,200.0,SYNTH-MES-A,1
2024-11-01 06:30:00+00:00,4903.0,4903.5,4902.75,4903.5,216.0,SYNTH-MES-A,1
2024-11-01 06:31:00+00:00,4903.5,4904.5,4903.5,4903.75,178.0,SYNTH-MES-A,1
2024-11-01 06:32:00+00:00,4903.75,4904.5,4903.5,4904.5,196.0,SYNTH-MES-A,1
2024-11-01 06:33:00+00:00,4904.5,4905.25,4904.0,4905.0,192.0,SYNTH-MES-A,1
2024-11-01 06:34:00+00:00,4905.0,4905.0,4904.75,4905.0,209.0,SYNTH-MES-A,1
2024-11-01 06:35:00+00:00,4905.0,4906.25,4904.75,4905.75,203.0,SYNTH-MES-A,1
2024-11-01 06:36:00+00:00,4905.75,4906.25,4905.75,4906.25,217.0,SYNTH-MES-A,1
2024-11-01 06:37:00+00:00,4906.25,4907.25,4906.25,4907.25,193.0,SYNTH-MES-A,1
2024-11-01 06:38:00+00:00,4907.25,4907.75,4906.75,4907.0,203.0,SYNTH-MES-A,1
2024-11-01 06:39:00+00:00,4907.0,4907.25,4906.5,4906.75,212.0,SYNTH-MES-A,1
2024-11-01 06:40:00+00:00,4906.75,4907.25,4906.75,4907.0,175.0,SYNTH-MES-A,1
2024-11-01 06:41:00+00:00,4907.0,4908.5,4906.75,4908.5,192.0,SYNTH-MES-A,1
2024-11-01 06:42:00+00:00,4908.5,4909.25,4908.25,4908.75,218.0,SYNTH-MES-A,1
2024-11-01 06:43:00+00:00,4908.75,4908.75,4908.75,4908.75,170.0,SYNTH-MES-A,1
2024-11-01 06:44:00+00:00,4908.75,4909.25,4908.5,4909.25,213.0,SYNTH-MES-A,1
2024-11-01 06:45:00+00:00,4909.25,4911.25,4909.25,4910.75,213.0,SYNTH-MES-A,1
2024-11-01 06:46:00+00:00,4910.75,4911.0,4909.75,4909.75,179.0,SYNTH-MES-A,1
2024-11-01 06:47:00+00:00,4909.75,4909.75,4909.5,4909.5,187.0,SYNTH-MES-A,1
2024-11-01 06:48:00+00:00,4909.5,4909.5,4908.25,4908.25,218.0,SYNTH-MES-A,1
2024-11-01 06:49:00+00:00,4908.25,4908.75,4908.25,4908.5,201.0,SYNTH-MES-A,1
2024-11-01 06:50:00+00:00,4908.5,4908.5,4907.25,4907.5,176.0,SYNTH-MES-A,1
2024-11-01 06:51:00+00:00,4907.5,4907.75,4907.25,4907.25,216.0,SYNTH-MES-A,1
2024-11-01 06:52:00+00:00,4907.25,4907.75,4907.25,4907.5,195.0,SYNTH-MES-A,1
2024-11-01 06:53:00+00:00,4907.5,4907.5,4907.5,4907.5,206.0,SYNTH-MES-A,1
2024-11-01 06:54:00+00:00,4907.5,4908.5,4907.5,4908.0,202.0,SYNTH-MES-A,1
2024-11-01 06:55:00+00:00,4908.0,4908.5,4907.75,4908.0,166.0,SYNTH-MES-A,1
2024-11-01 06:56:00+00:00,4908.0,4909.0,4907.75,4909.0,226.0,SYNTH-MES-A,1
2024-11-01 06:57:00+00:00,4909.0,4909.25,4908.25,4908.25,205.0,SYNTH-MES-A,1
2024-11-01 06:58:00+00:00,4908.25,4910.0,4906.75,4907.0,208.0,SYNTH-MES-A,1
2024-11-01 06:59:00+00:00,4907.0,4907.25,4905.5,4906.25,184.0,SYNTH-MES-A,1
2024-11-01 07:00:00+00:00,4906.25,4907.25,4906.25,4906.25,201.0,SYNTH-MES-A,1
2024-11-01 07:01:00+00:00,4906.25,4906.5,4905.5,4906.0,217.0,SYNTH-MES-A,1
2024-11-01 07:02:00+00:00,4906.0,4906.75,4906.0,4906.0,179.0,SYNTH-MES-A,1
2024-11-01 07:03:00+00:00,4906.0,4906.25,4905.5,4905.5,210.0,SYNTH-MES-A,1
2024-11-01 07:04:00+00:00,4905.5,4907.25,4905.0,4905.0,204.0,SYNTH-MES-A,1
2024-11-01 07:05:00+00:00,4905.0,4905.0,4904.0,4904.5,214.0,SYNTH-MES-A,1
2024-11-01 07:06:00+00:00,4904.5,4904.5,4904.0,4904.25,169.0,SYNTH-MES-A,1
2024-11-01 07:07:00+00:00,4904.25,4904.5,4903.25,4903.75,204.0,SYNTH-MES-A,1
2024-11-01 07:08:00+00:00,4903.75,4904.0,4902.75,4903.0,216.0,SYNTH-MES-A,1
2024-11-01 07:09:00+00:00,4903.0,4903.25,4902.5,4902.75,205.0,SYNTH-MES-A,1
2024-11-01 07:10:00+00:00,4902.75,4902.75,4901.75,4902.0,232.0,SYNTH-MES-A,1
2024-11-01 07:11:00+00:00,4902.0,4902.5,4901.75,4901.75,209.0,SYNTH-MES-A,1
2024-11-01 07:12:00+00:00,4901.75,4901.75,4901.5,4901.5,208.0,SYNTH-MES-A,1
2024-11-01 07:13:00+00:00,4901.5,4901.75,4900.25,4900.5,203.0,SYNTH-MES-A,1
2024-11-01 07:14:00+00:00,4900.5,4900.5,4899.0,4900.25,207.0,SYNTH-MES-A,1
2024-11-01 07:15:00+00:00,4900.25,4900.5,4899.25,4900.0,178.0,SYNTH-MES-A,1
2024-11-01 07:16:00+00:00,4900.0,4900.75,4900.0,4900.75,208.0,SYNTH-MES-A,1
2024-11-01 07:17:00+00:00,4900.75,4901.0,4900.0,4901.0,191.0,SYNTH-MES-A,1
2024-11-01 07:18:00+00:00,4901.0,4901.75,4899.75,4900.5,196.0,SYNTH-MES-A,1
2024-11-01 07:19:00+00:00,4900.5,4900.75,4900.0,4900.5,206.0,SYNTH-MES-A,1
2024-11-01 07:20:00+00:00,4900.5,4901.0,4900.5,4901.0,198.0,SYNTH-MES-A,1
2024-11-01 07:21:00+00:00,4901.0,4901.25,4900.75,4901.25,215.0,SYNTH-MES-A,1
2024-11-01 07:22:00+00:00,4901.25,4901.75,4901.25,4901.75,172.0,SYNTH-MES-A,1
2024-11-01 07:23:00+00:00,4901.75,4902.0,4901.25,4901.75,194.0,SYNTH-MES-A,1
2024-11-01 07:24:00+00:00,4901.75,4902.5,4901.75,4902.0,209.0,SYNTH-MES-A,1
2024-11-01 07:25:00+00:00,4902.0,4902.5,4901.5,4902.0,202.0,SYNTH-MES-A,1
2024-11-01 07:26:00+00:00,4902.0,4902.0,4902.0,4902.0,214.0,SYNTH-MES-A,1
2024-11-01 07:27:00+00:00,4902.0,4902.5,4900.25,4900.75,183.0,SYNTH-MES-A,1
2024-11-01 07:28:00+00:00,4900.75,4901.0,4900.25,4900.25,208.0,SYNTH-MES-A,1
2024-11-01 07:29:00+00:00,4900.25,4900.25,4898.5,4898.5,199.0,SYNTH-MES-A,1
2024-11-01 07:30:00+00:00,4898.5,4898.5,4898.25,4898.25,173.0,SYNTH-MES-A,1
2024-11-01 07:31:00+00:00,4898.25,4898.25,4898.25,4898.25,195.0,SYNTH-MES-A,1
2024-11-01 07:32:00+00:00,4898.25,4898.25,4897.25,4897.5,193.0,SYNTH-MES-A,1
2024-11-01 07:33:00+00:00,4897.5,4897.75,4897.0,4897.5,193.0,SYNTH-MES-A,1
2024-11-01 07:34:00+00:00,4897.5,4897.5,4895.75,4896.5,200.0,SYNTH-MES-A,1
2024-11-01 07:35:00+00:00,4896.5,4896.75,4896.25,4896.5,196.0,SYNTH-MES-A,1
2024-11-01 07:36:00+00:00,4896.5,4897.75,4896.5,4897.75,194.0,SYNTH-MES-A,1
2024-11-01 07:37:00+00:00,4897.75,4897.75,4896.75,4897.5,219.0,SYNTH-MES-A,1
2024-11-01 07:38:00+00:00,4897.5,4899.75,4896.75,4899.25,207.0,SYNTH-MES-A,1
2024-11-01 07:39:00+00:00,4899.25,4900.5,4899.25,4900.0,204.0,SYNTH-MES-A,1
2024-11-01 07:40:00+00:00,4900.0,4900.0,4899.5,4899.5,215.0,SYNTH-MES-A,1
2024-11-01 07:41:00+00:00,4899.5,4900.0,4899.0,4899.25,202.0,SYNTH-MES-A,1
2024-11-01 07:42:00+00:00,4899.25,4899.25,4898.75,4899.0,196.0,SYNTH-MES-A,1
2024-11-01 07:43:00+00:00,4899.0,4900.5,4899.0,4900.5,201.0,SYNTH-MES-A,1
2024-11-01 07:44:00+00:00,4900.5,4901.25,4900.5,4901.0,202.0,SYNTH-MES-A,1
2024-11-01 07:45:00+00:00,4901.0,4901.75,4900.5,4901.75,181.0,SYNTH-MES-A,1
2024-11-01 07:46:00+00:00,4901.75,4901.75,4901.5,4901.75,209.0,SYNTH-MES-A,1
2024-11-01 07:47:00+00:00,4901.75,4904.25,4901.25,4902.5,215.0,SYNTH-MES-A,1
2024-11-01 07:48:00+00:00,4902.5,4903.0,4902.5,4902.5,215.0,SYNTH-MES-A,1
2024-11-01 07:49:00+00:00,4902.5,4903.0,4901.75,4903.0,194.0,SYNTH-MES-A,1
2024-11-01 07:50:00+00:00,4903.0,4903.75,4903.0,4903.25,204.0,SYNTH-MES-A,1
2024-11-01 07:51:00+00:00,4903.25,4903.5,4901.25,4901.75,195.0,SYNTH-MES-A,1
2024-11-01 07:52:00+00:00,4901.75,4902.25,4900.5,4900.75,192.0,SYNTH-MES-A,1
2024-11-01 07:53:00+00:00,4900.75,4901.0,4898.5,4899.0,187.0,SYNTH-MES-A,1
2024-11-01 07:54:00+00:00,4899.0,4899.5,4898.0,4898.0,207.0,SYNTH-MES-A,1
2024-11-01 07:55:00+00:00,4898.0,4898.5,4897.75,4898.25,174.0,SYNTH-MES-A,1
2024-11-01 07:56:00+00:00,4898.25,4898.75,4897.75,4898.75,217.0,SYNTH-MES-A,1
2024-11-01 07:57:00+00:00,4898.75,4900.75,4898.5,4900.25,193.0,SYNTH-MES-A,1
2024-11-01 07:58:00+00:00,4900.25,4901.25,4900.25,4901.25,190.0,SYNTH-MES-A,1
2024-11-01 07:59:00+00:00,4901.25,4902.25,4901.0,4901.5,191.0,SYNTH-MES-A,1
2024-11-01 08:00:00+00:00,4901.5,4901.75,4900.5,4900.75,226.0,SYNTH-MES-A,1
2024-11-01 08:01:00+00:00,4900.75,4901.5,4900.25,4901.25,203.0,SYNTH-MES-A,1
2024-11-01 08:02:00+00:00,4901.25,4901.25,4900.5,4900.5,211.0,SYNTH-MES-A,1
2024-11-01 08:03:00+00:00,4900.5,4902.5,4900.25,4902.25,191.0,SYNTH-MES-A,1
2024-11-01 08:04:00+00:00,4902.25,4902.5,4900.75,4901.5,185.0,SYNTH-MES-A,1
2024-11-01 08:05:00+00:00,4901.5,4901.75,4900.0,4900.5,208.0,SYNTH-MES-A,1
2024-11-01 08:06:00+00:00,4900.5,4900.75,4900.25,4900.75,196.0,SYNTH-MES-A,1
2024-11-01 08:07:00+00:00,4900.75,4901.0,4900.75,4901.0,190.0,SYNTH-MES-A,1
2024-11-01 08:08:00+00:00,4901.0,4902.0,4901.0,4901.75,203.0,SYNTH-MES-A,1
2024-11-01 08:09:00+00:00,4901.75,4903.25,4901.75,4902.75,199.0,SYNTH-MES-A,1
2024-11-01 08:10:00+00:00,4902.75,4903.0,4901.0,4901.75,210.0,SYNTH-MES-A,1
2024-11-01 08:11:00+00:00,4901.75,4901.75,4901.5,4901.75,205.0,SYNTH-MES-A,1
2024-11-01 08:12:00+00:00,4901.75,4902.0,4900.0,4900.5,190.0,SYNTH-MES-A,1
2024-11-01 08:13:00+00:00,4900.5,4901.0,4900.0,4901.0,226.0,SYNTH-MES-A,1
2024-11-01 08:14:00+00:00,4901.0,4901.25,4900.25,4900.75,193.0,SYNTH-MES-A,1
2024-11-01 08:15:00+00:00,4900.75,4900.75,4900.0,4900.25,206.0,SYNTH-MES-A,1
2024-11-01 08:16:00+00:00,4900.25,4901.0,4900.0,4900.75,196.0,SYNTH-MES-A,1
2024-11-01 08:17:00+00:00,4900.75,4901.75,4900.25,4901.75,208.0,SYNTH-MES-A,1
2024-11-01 08:18:00+00:00,4901.75,4902.0,4900.25,4900.5,197.0,SYNTH-MES-A,1
2024-11-01 08:19:00+00:00,4900.5,4900.75,4899.5,4899.5,176.0,SYNTH-MES-A,1
2024-11-01 08:20:00+00:00,4899.5,4901.0,4898.75,4900.25,179.0,SYNTH-MES-A,1
2024-11-01 08:21:00+00:00,4900.25,4901.0,4900.0,4900.5,189.0,SYNTH-MES-A,1
2024-11-01 08:22:00+00:00,4900.5,4901.0,4900.5,4901.0,227.0,SYNTH-MES-A,1
2024-11-01 08:23:00+00:00,4901.0,4901.5,4900.25,4900.5,188.0,SYNTH-MES-A,1
2024-11-01 08:24:00+00:00,4900.5,4900.75,4899.75,4900.25,209.0,SYNTH-MES-A,1
2024-11-01 08:25:00+00:00,4900.25,4900.5,4900.0,4900.5,197.0,SYNTH-MES-A,1
2024-11-01 08:26:00+00:00,4900.5,4900.75,4899.75,4900.25,191.0,SYNTH-MES-A,1
2024-11-01 08:27:00+00:00,4900.25,4900.5,4900.25,4900.25,207.0,SYNTH-MES-A,1
2024-11-01 08:28:00+00:00,4900.25,4900.5,4900.0,4900.25,233.0,SYNTH-MES-A,1
2024-11-01 08:29:00+00:00,4900.25,4901.5,4900.25,4901.25,204.0,SYNTH-MES-A,1
2024-11-01 08:30:00+00:00,4901.25,4902.25,4900.25,4901.25,213.0,SYNTH-MES-A,1
2024-11-01 08:31:00+00:00,4901.25,4902.0,4901.0,4901.75,188.0,SYNTH-MES-A,1
2024-11-01 08:32:00+00:00,4901.75,4902.75,4901.25,4902.75,197.0,SYNTH-MES-A,1
2024-11-01 08:33:00+00:00,4902.75,4903.25,4901.25,4901.75,203.0,SYNTH-MES-A,1
2024-11-01 08:34:00+00:00,4901.75,4902.75,4901.75,4902.25,198.0,SYNTH-MES-A,1
2024-11-01 08:35:00+00:00,4902.25,4902.5,4901.5,4902.25,169.0,SYNTH-MES-A,1
2024-11-01 08:36:00+00:00,4902.25,4902.5,4901.25,4901.25,196.0,SYNTH-MES-A,1
2024-11-01 08:37:00+00:00,4901.25,4901.5,4900.25,4900.5,188.0,SYNTH-MES-A,1
2024-11-01 08:38:00+00:00,4900.5,4901.75,4899.25,4901.5,193.0,SYNTH-MES-A,1
2024-11-01 08:39:00+00:00,4901.5,4902.0,4901.25,4902.0,208.0,SYNTH-MES-A,1
2024-11-01 08:40:00+00:00,4902.0,4902.5,4901.5,4902.0,167.0,SYNTH-MES-A,1
2024-11-01 08:41:00+00:00,4902.0,4903.0,4902.0,4902.75,239.0,SYNTH-MES-A,1
2024-11-01 08:42:00+00:00,4902.75,4903.75,4902.25,4903.75,230.0,SYNTH-MES-A,1
2024-11-01 08:43:00+00:00,4903.75,4903.75,4902.5,4903.0,217.0,SYNTH-MES-A,1
2024-11-01 08:44:00+00:00,4903.0,4904.25,4903.0,4904.0,187.0,SYNTH-MES-A,1
2024-11-01 08:45:00+00:00,4904.0,4904.5,4902.75,4904.5,200.0,SYNTH-MES-A,1
2024-11-01 08:46:00+00:00,4904.5,4904.75,4904.5,4904.5,200.0,SYNTH-MES-A,1
2024-11-01 08:47:00+00:00,4904.5,4904.5,4904.5,4904.5,217.0,SYNTH-MES-A,1
2024-11-01 08:48:00+00:00,4904.5,4905.5,4904.0,4904.75,199.0,SYNTH-MES-A,1
2024-11-01 08:49:00+00:00,4904.75,4906.0,4904.5,4905.0,195.0,SYNTH-MES-A,1
2024-11-01 08:50:00+00:00,4905.0,4905.75,4904.75,4905.5,203.0,SYNTH-MES-A,1
2024-11-01 08:51:00+00:00,4905.5,4906.25,4905.25,4905.5,203.0,SYNTH-MES-A,1
2024-11-01 08:52:00+00:00,4905.5,4905.5,4905.25,4905.25,184.0,SYNTH-MES-A,1
2024-11-01 08:53:00+00:00,4905.25,4905.75,4904.25,4904.5,188.0,SYNTH-MES-A,1
2024-11-01 08:54:00+00:00,4904.5,4904.5,4902.5,4902.5,192.0,SYNTH-MES-A,1
2024-11-01 08:55:00+00:00,4902.5,4902.75,4901.75,4901.75,237.0,SYNTH-MES-A,1
2024-11-01 08:56:00+00:00,4901.75,4902.0,4901.0,4901.5,211.0,SYNTH-MES-A,1
2024-11-01 08:57:00+00:00,4901.5,4901.5,4901.0,4901.25,222.0,SYNTH-MES-A,1
2024-11-01 08:58:00+00:00,4901.25,4901.25,4900.75,4901.0,194.0,SYNTH-MES-A,1
2024-11-01 08:59:00+00:00,4901.0,4902.25,4900.75,4902.0,191.0,SYNTH-MES-A,1
2024-11-01 09:00:00+00:00,4902.0,4902.25,4901.75,4902.25,184.0,SYNTH-MES-A,1
2024-11-01 09:01:00+00:00,4902.25,4902.25,4902.0,4902.25,188.0,SYNTH-MES-A,1
2024-11-01 09:02:00+00:00,4902.25,4902.5,4902.0,4902.5,218.0,SYNTH-MES-A,1
2024-11-01 09:03:00+00:00,4902.5,4903.25,4901.5,4902.0,195.0,SYNTH-MES-A,1
2024-11-01 09:04:00+00:00,4902.0,4902.25,4901.75,4902.25,180.0,SYNTH-MES-A,1
2024-11-01 09:05:00+00:00,4902.25,4902.5,4901.5,4901.5,207.0,SYNTH-MES-A,1
2024-11-01 09:06:00+00:00,4901.5,4901.75,4901.0,4901.25,208.0,SYNTH-MES-A,1
2024-11-01 09:07:00+00:00,4901.25,4901.75,4901.25,4901.25,178.0,SYNTH-MES-A,1
2024-11-01 09:08:00+00:00,4901.25,4901.25,4900.0,4900.5,208.0,SYNTH-MES-A,1
2024-11-01 09:09:00+00:00,4900.5,4902.0,4900.25,4901.5,208.0,SYNTH-MES-A,1
2024-11-01 09:10:00+00:00,4901.5,4901.75,4900.5,4901.25,191.0,SYNTH-MES-A,1
2024-11-01 09:11:00+00:00,4901.25,4903.75,4901.25,4903.25,209.0,SYNTH-MES-A,1
2024-11-01 09:12:00+00:00,4903.25,4904.0,4903.25,4904.0,192.0,SYNTH-MES-A,1
2024-11-01 09:13:00+00:00,4904.0,4904.25,4904.0,4904.25,195.0,SYNTH-MES-A,1
2024-11-01 09:14:00+00:00,4904.25,4904.5,4902.5,4902.75,186.0,SYNTH-MES-A,1
2024-11-01 09:15:00+00:00,4902.75,4902.75,4901.25,4901.75,221.0,SYNTH-MES-A,1
2024-11-01 09:16:00+00:00,4901.75,4902.25,4901.75,4902.0,217.0,SYNTH-MES-A,1
2024-11-01 09:17:00+00:00,4902.0,4902.0,4901.5,4901.75,191.0,SYNTH-MES-A,1
2024-11-01 09:18:00+00:00,4901.75,4903.25,4901.75,4903.25,200.0,SYNTH-MES-A,1
2024-11-01 09:19:00+00:00,4903.25,4904.0,4903.25,4904.0,187.0,SYNTH-MES-A,1
2024-11-01 09:20:00+00:00,4904.0,4905.0,4903.75,4905.0,195.0,SYNTH-MES-A,1
2024-11-01 09:21:00+00:00,4905.0,4905.25,4904.75,4904.75,197.0,SYNTH-MES-A,1
2024-11-01 09:22:00+00:00,4904.75,4905.0,4902.75,4902.75,201.0,SYNTH-MES-A,1
2024-11-01 09:23:00+00:00,4902.75,4902.75,4902.5,4902.5,223.0,SYNTH-MES-A,1
2024-11-01 09:24:00+00:00,4902.5,4904.0,4902.25,4903.5,215.0,SYNTH-MES-A,1
2024-11-01 09:25:00+00:00,4903.5,4905.0,4903.25,4904.75,193.0,SYNTH-MES-A,1
2024-11-01 09:26:00+00:00,4904.75,4904.75,4904.25,4904.5,205.0,SYNTH-MES-A,1
2024-11-01 09:27:00+00:00,4904.5,4905.0,4904.5,4904.5,191.0,SYNTH-MES-A,1
2024-11-01 09:28:00+00:00,4904.5,4904.5,4903.75,4903.75,211.0,SYNTH-MES-A,1
2024-11-01 09:29:00+00:00,4903.75,4903.75,4903.5,4903.5,220.0,SYNTH-MES-A,1
2024-11-01 09:30:00+00:00,4903.5,4903.75,4903.5,4903.75,182.0,SYNTH-MES-A,1
2024-11-01 09:31:00+00:00,4903.75,4904.75,4903.25,4904.5,209.0,SYNTH-MES-A,1
2024-11-01 09:32:00+00:00,4904.5,4906.0,4904.25,4905.75,191.0,SYNTH-MES-A,1
2024-11-01 09:33:00+00:00,4905.75,4906.0,4905.75,4906.0,190.0,SYNTH-MES-A,1
2024-11-01 09:34:00+00:00,4906.0,4906.5,4905.75,4906.0,198.0,SYNTH-MES-A,1
2024-11-01 09:35:00+00:00,4906.0,4906.5,4906.0,4906.0,231.0,SYNTH-MES-A,1
2024-11-01 09:36:00+00:00,4906.0,4906.0,4904.0,4904.5,197.0,SYNTH-MES-A,1
2024-11-01 09:37:00+00:00,4904.5,4905.0,4903.5,4903.5,180.0,SYNTH-MES-A,1
2024-11-01 09:38:00+00:00,4903.5,4904.0,4903.5,4904.0,209.0,SYNTH-MES-A,1
2024-11-01 09:39:00+00:00,4904.0,4904.0,4903.75,4903.75,215.0,SYNTH-MES-A,1
2024-11-01 09:40:00+00:00,4903.75,4904.75,4903.25,4903.5,197.0,SYNTH-MES-A,1
2024-11-01 09:41:00+00:00,4903.5,4904.75,4902.5,4904.25,179.0,SYNTH-MES-A,1
2024-11-01 09:42:00+00:00,4904.25,4904.25,4903.75,4903.75,209.0,SYNTH-MES-A,1
2024-11-01 09:43:00+00:00,4903.75,4903.75,4902.5,4903.0,224.0,SYNTH-MES-A,1
2024-11-01 09:44:00+00:00,4903.0,4904.0,4903.0,4903.5,209.0,SYNTH-MES-A,1
2024-11-01 09:45:00+00:00,4903.5,4905.0,4903.5,4903.5,191.0,SYNTH-MES-A,1
2024-11-01 09:46:00+00:00,4903.5,4903.5,4902.5,4902.75,212.0,SYNTH-MES-A,1
2024-11-01 09:47:00+00:00,4902.75,4902.75,4902.25,4902.5,192.0,SYNTH-MES-A,1
2024-11-01 09:48:00+00:00,4902.5,4904.0,4902.25,4903.75,199.0,SYNTH-MES-A,1
2024-11-01 09:49:00+00:00,4903.75,4904.0,4903.75,4904.0,233.0,SYNTH-MES-A,1
2024-11-01 09:50:00+00:00,4904.0,4904.0,4903.75,4904.0,197.0,SYNTH-MES-A,1
2024-11-01 09:51:00+00:00,4904.0,4904.25,4901.75,4902.5,214.0,SYNTH-MES-A,1
2024-11-01 09:52:00+00:00,4902.5,4903.25,4902.25,4902.5,194.0,SYNTH-MES-A,1
2024-11-01 09:53:00+00:00,4902.5,4903.25,4901.25,4903.0,185.0,SYNTH-MES-A,1
2024-11-01 09:54:00+00:00,4903.0,4904.0,4902.5,4904.0,184.0,SYNTH-MES-A,1
2024-11-01 09:55:00+00:00,4904.0,4905.0,4903.5,4905.0,234.0,SYNTH-MES-A,1
2024-11-01 09:56:00+00:00,4905.0,4905.5,4904.75,4905.25,188.0,SYNTH-MES-A,1
2024-11-01 09:57:00+00:00,4905.25,4907.75,4905.0,4906.0,228.0,SYNTH-MES-A,1
2024-11-01 09:58:00+00:00,4906.0,4906.75,4905.5,4905.5,201.0,SYNTH-MES-A,1
2024-11-01 09:59:00+00:00,4905.5,4907.5,4905.0,4907.25,174.0,SYNTH-MES-A,1
2024-11-01 10:00:00+00:00,4907.25,4907.75,4906.0,4906.25,196.0,SYNTH-MES-A,1
2024-11-01 10:01:00+00:00,4906.25,4907.5,4906.25,4906.75,192.0,SYNTH-MES-A,1
2024-11-01 10:02:00+00:00,4906.75,4907.5,4906.75,4907.5,213.0,SYNTH-MES-A,1
2024-11-01 10:03:00+00:00,4907.5,4907.75,4907.5,4907.75,232.0,SYNTH-MES-A,1
2024-11-01 10:04:00+00:00,4907.75,4907.75,4907.0,4907.0,189.0,SYNTH-MES-A,1
2024-11-01 10:05:00+00:00,4907.0,4908.25,4907.0,4908.0,193.0,SYNTH-MES-A,1
2024-11-01 10:06:00+00:00,4908.0,4908.25,4907.75,4907.75,189.0,SYNTH-MES-A,1
2024-11-01 10:07:00+00:00,4907.75,4909.0,4907.25,4909.0,194.0,SYNTH-MES-A,1
2024-11-01 10:08:00+00:00,4909.0,4910.0,4908.0,4909.75,193.0,SYNTH-MES-A,1
2024-11-01 10:09:00+00:00,4909.75,4910.0,4909.5,4909.5,202.0,SYNTH-MES-A,1
2024-11-01 10:10:00+00:00,4909.5,4910.0,4909.0,4909.25,200.0,SYNTH-MES-A,1
2024-11-01 10:11:00+00:00,4909.25,4909.25,4908.75,4908.75,201.0,SYNTH-MES-A,1
2024-11-01 10:12:00+00:00,4908.75,4909.5,4908.5,4909.5,191.0,SYNTH-MES-A,1
2024-11-01 10:13:00+00:00,4909.5,4909.5,4908.5,4909.25,180.0,SYNTH-MES-A,1
2024-11-01 10:14:00+00:00,4909.25,4910.0,4908.5,4908.5,227.0,SYNTH-MES-A,1
2024-11-01 10:15:00+00:00,4908.5,4909.25,4908.25,4909.0,203.0,SYNTH-MES-A,1
2024-11-01 10:16:00+00:00,4909.0,4909.5,4908.5,4909.25,215.0,SYNTH-MES-A,1
2024-11-01 10:17:00+00:00,4909.25,4910.5,4909.0,4910.25,188.0,SYNTH-MES-A,1
2024-11-01 10:18:00+00:00,4910.25,4910.5,4909.75,4909.75,179.0,SYNTH-MES-A,1
2024-11-01 10:19:00+00:00,4909.75,4909.75,4907.75,4908.25,213.0,SYNTH-MES-A,1
2024-11-01 10:20:00+00:00,4908.25,4909.0,4907.75,4909.0,210.0,SYNTH-MES-A,1
2024-11-01 10:21:00+00:00,4909.0,4909.75,4907.25,4907.25,188.0,SYNTH-MES-A,1
2024-11-01 10:22:00+00:00,4907.25,4908.75,4906.75,4908.25,205.0,SYNTH-MES-A,1
2024-11-01 10:23:00+00:00,4908.25,4910.25,4908.25,4909.0,193.0,SYNTH-MES-A,1
2024-11-01 10:24:00+00:00,4909.0,4909.25,4907.75,4907.75,171.0,SYNTH-MES-A,1
2024-11-01 10:25:00+00:00,4907.75,4908.75,4907.75,4907.75,204.0,SYNTH-MES-A,1
2024-11-01 10:26:00+00:00,4907.75,4908.25,4907.25,4908.0,193.0,SYNTH-MES-A,1
2024-11-01 10:27:00+00:00,4908.0,4908.25,4907.25,4907.75,196.0,SYNTH-MES-A,1
2024-11-01 10:28:00+00:00,4907.75,4908.25,4907.25,4908.0,202.0,SYNTH-MES-A,1
2024-11-01 10:29:00+00:00,4908.0,4908.5,4906.25,4907.5,206.0,SYNTH-MES-A,1
2024-11-01 10:30:00+00:00,4907.5,4907.5,4906.5,4906.75,179.0,SYNTH-MES-A,1
2024-11-01 10:31:00+00:00,4906.75,4907.75,4906.5,4907.0,197.0,SYNTH-MES-A,1
2024-11-01 10:32:00+00:00,4907.0,4908.25,4906.0,4908.25,203.0,SYNTH-MES-A,1
2024-11-01 10:33:00+00:00,4908.25,4909.0,4908.0,4908.5,222.0,SYNTH-MES-A,1
2024-11-01 10:34:00+00:00,4908.5,4909.0,4907.25,4907.5,213.0,SYNTH-MES-A,1
2024-11-01 10:35:00+00:00,4907.5,4907.75,4906.5,4906.5,205.0,SYNTH-MES-A,1
2024-11-01 10:36:00+00:00,4906.5,4906.5,4905.0,4905.25,185.0,SYNTH-MES-A,1
2024-11-01 10:37:00+00:00,4905.25,4905.25,4905.0,4905.25,200.0,SYNTH-MES-A,1
2024-11-01 10:38:00+00:00,4905.25,4906.25,4904.25,4904.5,189.0,SYNTH-MES-A,1
2024-11-01 10:39:00+00:00,4904.5,4905.25,4903.75,4904.75,187.0,SYNTH-MES-A,1
2024-11-01 10:40:00+00:00,4904.75,4904.75,4903.75,4904.0,208.0,SYNTH-MES-A,1
2024-11-01 10:41:00+00:00,4904.0,4904.5,4903.5,4904.25,196.0,SYNTH-MES-A,1
2024-11-01 10:42:00+00:00,4904.25,4904.5,4903.25,4903.75,190.0,SYNTH-MES-A,1
2024-11-01 10:43:00+00:00,4903.75,4905.0,4903.75,4905.0,213.0,SYNTH-MES-A,1
2024-11-01 10:44:00+00:00,4905.0,4905.25,4903.75,4904.0,194.0,SYNTH-MES-A,1
2024-11-01 10:45:00+00:00,4904.0,4904.25,4903.5,4903.5,207.0,SYNTH-MES-A,1
2024-11-01 10:46:00+00:00,4903.5,4904.0,4902.75,4903.25,223.0,SYNTH-MES-A,1
2024-11-01 10:47:00+00:00,4903.25,4904.5,4903.25,4904.5,199.0,SYNTH-MES-A,1
2024-11-01 10:48:00+00:00,4904.5,4905.0,4904.5,4904.5,184.0,SYNTH-MES-A,1
2024-11-01 10:49:00+00:00,4904.5,4906.0,4904.25,4905.25,208.0,SYNTH-MES-A,1
2024-11-01 10:50:00+00:00,4905.25,4905.25,4905.0,4905.25,195.0,SYNTH-MES-A,1
2024-11-01 10:51:00+00:00,4905.25,4905.5,4903.25,4903.75,209.0,SYNTH-MES-A,1
2024-11-01 10:52:00+00:00,4903.75,4904.25,4902.25,4902.5,202.0,SYNTH-MES-A,1
2024-11-01 10:53:00+00:00,4902.5,4903.25,4902.25,4903.25,180.0,SYNTH-MES-A,1
2024-11-01 10:54:00+00:00,4903.25,4903.25,4902.5,4903.0,176.0,SYNTH-MES-A,1
2024-11-01 10:55:00+00:00,4903.0,4904.25,4902.25,4904.0,206.0,SYNTH-MES-A,1
2024-11-01 10:56:00+00:00,4904.0,4904.0,4904.0,4904.0,212.0,SYNTH-MES-A,1
2024-11-01 10:57:00+00:00,4904.0,4905.75,4903.5,4905.0,199.0,SYNTH-MES-A,1
2024-11-01 10:58:00+00:00,4905.0,4907.0,4904.75,4906.5,208.0,SYNTH-MES-A,1
2024-11-01 10:59:00+00:00,4906.5,4906.5,4906.0,4906.25,196.0,SYNTH-MES-A,1
2024-11-01 11:00:00+00:00,4906.25,4906.5,4905.0,4905.25,199.0,SYNTH-MES-A,1
2024-11-01 11:01:00+00:00,4905.25,4906.25,4905.0,4906.25,211.0,SYNTH-MES-A,1
2024-11-01 11:02:00+00:00,4906.25,4906.25,4905.25,4906.0,199.0,SYNTH-MES-A,1
2024-11-01 11:03:00+00:00,4906.0,4906.5,4905.25,4906.5,197.0,SYNTH-MES-A,1
2024-11-01 11:04:00+00:00,4906.5,4907.75,4906.5,4907.75,191.0,SYNTH-MES-A,1
2024-11-01 11:05:00+00:00,4907.75,4908.0,4907.0,4907.25,203.0,SYNTH-MES-A,1
2024-11-01 11:06:00+00:00,4907.25,4907.75,4907.25,4907.75,201.0,SYNTH-MES-A,1
2024-11-01 11:07:00+00:00,4907.75,4908.25,4907.75,4908.0,185.0,SYNTH-MES-A,1
2024-11-01 11:08:00+00:00,4908.0,4908.25,4907.75,4908.0,196.0,SYNTH-MES-A,1
2024-11-01 11:09:00+00:00,4908.0,4909.25,4908.0,4909.25,181.0,SYNTH-MES-A,1
2024-11-01 11:10:00+00:00,4909.25,4910.75,4908.75,4910.25,185.0,SYNTH-MES-A,1
2024-11-01 11:11:00+00:00,4910.25,4910.25,4909.75,4910.0,220.0,SYNTH-MES-A,1
2024-11-01 11:12:00+00:00,4910.0,4911.25,4910.0,4910.5,219.0,SYNTH-MES-A,1
2024-11-01 11:13:00+00:00,4910.5,4911.0,4910.25,4910.75,199.0,SYNTH-MES-A,1
2024-11-01 11:14:00+00:00,4910.75,4910.75,4909.75,4910.0,205.0,SYNTH-MES-A,1
2024-11-01 11:15:00+00:00,4910.0,4910.25,4909.5,4909.75,195.0,SYNTH-MES-A,1
2024-11-01 11:16:00+00:00,4909.75,4910.25,4909.75,4910.25,235.0,SYNTH-MES-A,1
2024-11-01 11:17:00+00:00,4910.25,4911.25,4910.25,4911.0,204.0,SYNTH-MES-A,1
2024-11-01 11:18:00+00:00,4911.0,4911.75,4910.75,4911.5,170.0,SYNTH-MES-A,1
2024-11-01 11:19:00+00:00,4911.5,4912.0,4910.25,4911.0,189.0,SYNTH-MES-A,1
2024-11-01 11:20:00+00:00,4911.0,4911.25,4911.0,4911.25,202.0,SYNTH-MES-A,1
2024-11-01 11:21:00+00:00,4911.25,4911.5,4910.5,4911.0,172.0,SYNTH-MES-A,1
2024-11-01 11:22:00+00:00,4911.0,4912.25,4911.0,4912.0,217.0,SYNTH-MES-A,1
2024-11-01 11:23:00+00:00,4912.0,4912.75,4911.75,4912.5,191.0,SYNTH-MES-A,1
2024-11-01 11:24:00+00:00,4912.5,4912.5,4911.25,4911.75,202.0,SYNTH-MES-A,1
2024-11-01 11:25:00+00:00,4911.75,4912.25,4911.5,4912.0,199.0,SYNTH-MES-A,1
2024-11-01 11:26:00+00:00,4912.0,4912.75,4911.75,4912.75,205.0,SYNTH-MES-A,1
2024-11-01 11:27:00+00:00,4912.75,4912.75,4912.25,4912.75,229.0,SYNTH-MES-A,1
2024-11-01 11:28:00+00:00,4912.75,4913.75,4911.5,4911.5,208.0,SYNTH-MES-A,1
2024-11-01 11:29:00+00:00,4911.5,4911.75,4910.25,4910.75,218.0,SYNTH-MES-A,1
2024-11-01 11:30:00+00:00,4910.75,4911.0,4910.25,4910.5,196.0,SYNTH-MES-A,1
2024-11-01 11:31:00+00:00,4910.5,4910.5,4910.25,4910.5,187.0,SYNTH-MES-A,1
2024-11-01 11:32:00+00:00,4910.5,4910.5,4909.25,4909.5,193.0,SYNTH-MES-A,1
2024-11-01 11:33:00+00:00,4909.5,4910.25,4909.0,4909.25,187.0,SYNTH-MES-A,1
2024-11-01 11:34:00+00:00,4909.25,4909.75,4909.0,4909.0,171.0,SYNTH-MES-A,1
2024-11-01 11:35:00+00:00,4909.0,4909.25,4908.25,4908.25,189.0,SYNTH-MES-A,1
2024-11-01 11:36:00+00:00,4908.25,4909.5,4908.25,4909.0,201.0,SYNTH-MES-A,1
2024-11-01 11:37:00+00:00,4909.0,4910.75,4909.0,4910.75,211.0,SYNTH-MES-A,1
2024-11-01 11:38:00+00:00,4910.75,4911.0,4910.5,4910.5,222.0,SYNTH-MES-A,1
2024-11-01 11:39:00+00:00,4910.5,4912.0,4910.25,4911.25,219.0,SYNTH-MES-A,1
2024-11-01 11:40:00+00:00,4911.25,4912.0,4910.5,4911.75,216.0,SYNTH-MES-A,1
2024-11-01 11:41:00+00:00,4911.75,4913.0,4911.75,4912.25,221.0,SYNTH-MES-A,1
2024-11-01 11:42:00+00:00,4912.25,4913.0,4912.0,4912.0,224.0,SYNTH-MES-A,1
2024-11-01 11:43:00+00:00,4912.0,4912.0,4911.5,4911.75,181.0,SYNTH-MES-A,1
2024-11-01 11:44:00+00:00,4911.75,4912.75,4911.75,4912.25,192.0,SYNTH-MES-A,1
2024-11-01 11:45:00+00:00,4912.25,4912.75,4912.0,4912.5,204.0,SYNTH-MES-A,1
2024-11-01 11:46:00+00:00,4912.5,4913.0,4912.5,4913.0,201.0,SYNTH-MES-A,1
2024-11-01 11:47:00+00:00,4913.0,4913.5,4913.0,4913.25,190.0,SYNTH-MES-A,1
2024-11-01 11:48:00+00:00,4913.25,4914.5,4913.0,4914.25,172.0,SYNTH-MES-A,1
2024-11-01 11:49:00+00:00,4914.25,4914.25,4912.75,4913.25,195.0,SYNTH-MES-A,1
2024-11-01 11:50:00+00:00,4913.25,4913.75,4913.25,4913.25,218.0,SYNTH-MES-A,1
2024-11-01 11:51:00+00:00,4913.25,4914.25,4913.0,4914.0,182.0,SYNTH-MES-A,1
2024-11-01 11:52:00+00:00,4914.0,4914.0,4913.25,4913.5,214.0,SYNTH-MES-A,1
2024-11-01 11:53:00+00:00,4913.5,4914.0,4913.25,4913.75,211.0,SYNTH-MES-A,1
2024-11-01 11:54:00+00:00,4913.75,4914.5,4913.75,4914.25,178.0,SYNTH-MES-A,1
2024-11-01 11:55:00+00:00,4914.25,4914.5,4912.25,4912.75,209.0,SYNTH-MES-A,1
2024-11-01 11:56:00+00:00,4912.75,4913.0,4912.25,4912.75,207.0,SYNTH-MES-A,1
2024-11-01 11:57:00+00:00,4912.75,4915.25,4912.5,4915.0,186.0,SYNTH-MES-A,1
2024-11-01 11:58:00+00:00,4915.0,4915.25,4914.75,4915.0,209.0,SYNTH-MES-A,1
2024-11-01 11:59:00+00:00,4915.0,4915.5,4914.75,4915.25,210.0,SYNTH-MES-A,1
2024-11-01 12:00:00+00:00,4915.25,4915.75,4915.0,4915.5,220.0,SYNTH-MES-A,1
2024-11-01 12:01:00+00:00,4915.5,4915.5,4915.0,4915.25,179.0,SYNTH-MES-A,1
2024-11-01 12:02:00+00:00,4915.25,4915.5,4915.0,4915.5,218.0,SYNTH-MES-A,1
2024-11-01 12:03:00+00:00,4915.5,4916.5,4915.0,4916.25,191.0,SYNTH-MES-A,1
2024-11-01 12:04:00+00:00,4916.25,4917.5,4915.75,4915.75,227.0,SYNTH-MES-A,1
2024-11-01 12:05:00+00:00,4915.75,4916.25,4915.5,4916.25,186.0,SYNTH-MES-A,1
2024-11-01 12:06:00+00:00,4916.25,4917.75,4916.0,4917.5,190.0,SYNTH-MES-A,1
2024-11-01 12:07:00+00:00,4917.5,4919.5,4917.5,4919.0,192.0,SYNTH-MES-A,1
2024-11-01 12:08:00+00:00,4919.0,4920.25,4918.25,4920.25,211.0,SYNTH-MES-A,1
2024-11-01 12:09:00+00:00,4920.25,4921.0,4920.25,4920.25,196.0,SYNTH-MES-A,1
2024-11-01 12:10:00+00:00,4920.25,4920.5,4919.75,4920.0,208.0,SYNTH-MES-A,1
2024-11-01 12:11:00+00:00,4920.0,4920.25,4919.0,4919.25,188.0,SYNTH-MES-A,1
2024-11-01 12:12:00+00:00,4919.25,4920.75,4919.0,4920.25,218.0,SYNTH-MES-A,1
2024-11-01 12:13:00+00:00,4920.25,4923.0,4920.25,4922.75,193.0,SYNTH-MES-A,1
2024-11-01 12:14:00+00:00,4922.75,4923.0,4921.75,4922.0,237.0,SYNTH-MES-A,1
2024-11-01 12:15:00+00:00,4922.0,4922.75,4922.0,4922.75,195.0,SYNTH-MES-A,1
2024-11-01 12:16:00+00:00,4922.75,4923.25,4922.0,4922.5,196.0,SYNTH-MES-A,1
2024-11-01 12:17:00+00:00,4922.5,4922.75,4922.25,4922.25,184.0,SYNTH-MES-A,1
2024-11-01 12:18:00+00:00,4922.25,4923.0,4922.0,4922.75,200.0,SYNTH-MES-A,1
2024-11-01 12:19:00+00:00,4922.75,4923.0,4922.25,4923.0,198.0,SYNTH-MES-A,1
2024-11-01 12:20:00+00:00,4923.0,4924.0,4923.0,4923.5,214.0,SYNTH-MES-A,1
2024-11-01 12:21:00+00:00,4923.5,4924.0,4923.5,4924.0,211.0,SYNTH-MES-A,1
2024-11-01 12:22:00+00:00,4924.0,4924.5,4923.0,4923.25,192.0,SYNTH-MES-A,1
2024-11-01 12:23:00+00:00,4923.25,4923.5,4923.0,4923.25,227.0,SYNTH-MES-A,1
2024-11-01 12:24:00+00:00,4923.25,4923.75,4923.0,4923.5,195.0,SYNTH-MES-A,1
2024-11-01 12:25:00+00:00,4923.5,4923.5,4922.5,4922.75,202.0,SYNTH-MES-A,1
2024-11-01 12:26:00+00:00,4922.75,4922.75,4920.75,4921.0,188.0,SYNTH-MES-A,1
2024-11-01 12:27:00+00:00,4921.0,4922.25,4921.0,4922.25,189.0,SYNTH-MES-A,1
2024-11-01 12:28:00+00:00,4922.25,4922.75,4922.25,4922.5,188.0,SYNTH-MES-A,1
2024-11-01 12:29:00+00:00,4922.5,4923.25,4921.75,4922.0,192.0,SYNTH-MES-A,1
2024-11-01 12:30:00+00:00,4922.0,4922.25,4921.25,4921.5,209.0,SYNTH-MES-A,1
2024-11-01 12:31:00+00:00,4921.5,4922.25,4921.25,4922.25,198.0,SYNTH-MES-A,1
2024-11-01 12:32:00+00:00,4922.25,4923.5,4922.0,4923.25,215.0,SYNTH-MES-A,1
2024-11-01 12:33:00+00:00,4923.25,4923.5,4922.75,4922.75,196.0,SYNTH-MES-A,1
2024-11-01 12:34:00+00:00,4922.75,4923.0,4922.5,4922.5,224.0,SYNTH-MES-A,1
2024-11-01 12:35:00+00:00,4922.5,4923.0,4922.5,4922.5,193.0,SYNTH-MES-A,1
2024-11-01 12:36:00+00:00,4922.5,4922.75,4920.75,4921.25,166.0,SYNTH-MES-A,1
2024-11-01 12:37:00+00:00,4921.25,4921.5,4920.25,4921.0,198.0,SYNTH-MES-A,1
2024-11-01 12:38:00+00:00,4921.0,4921.0,4920.75,4920.75,211.0,SYNTH-MES-A,1
2024-11-01 12:39:00+00:00,4920.75,4920.75,4920.5,4920.75,194.0,SYNTH-MES-A,1
2024-11-01 12:40:00+00:00,4920.75,4921.0,4919.25,4919.75,201.0,SYNTH-MES-A,1
2024-11-01 12:41:00+00:00,4919.75,4921.0,4919.25,4921.0,215.0,SYNTH-MES-A,1
2024-11-01 12:42:00+00:00,4921.0,4921.25,4919.5,4919.75,211.0,SYNTH-MES-A,1
2024-11-01 12:43:00+00:00,4919.75,4921.0,4919.75,4920.75,213.0,SYNTH-MES-A,1
2024-11-01 12:44:00+00:00,4920.75,4921.25,4919.5,4921.0,200.0,SYNTH-MES-A,1
2024-11-01 12:45:00+00:00,4921.0,4921.25,4920.5,4921.0,217.0,SYNTH-MES-A,1
2024-11-01 12:46:00+00:00,4921.0,4921.25,4921.0,4921.0,225.0,SYNTH-MES-A,1
2024-11-01 12:47:00+00:00,4921.0,4921.25,4921.0,4921.0,209.0,SYNTH-MES-A,1
2024-11-01 12:48:00+00:00,4921.0,4922.25,4920.75,4921.75,207.0,SYNTH-MES-A,1
2024-11-01 12:49:00+00:00,4921.75,4922.25,4921.25,4921.25,208.0,SYNTH-MES-A,1
2024-11-01 12:50:00+00:00,4921.25,4921.25,4918.5,4919.75,199.0,SYNTH-MES-A,1
2024-11-01 12:51:00+00:00,4919.75,4920.25,4919.75,4920.25,208.0,SYNTH-MES-A,1
2024-11-01 12:52:00+00:00,4920.25,4920.5,4918.5,4918.75,176.0,SYNTH-MES-A,1
2024-11-01 12:53:00+00:00,4918.75,4918.75,4918.5,4918.5,205.0,SYNTH-MES-A,1
2024-11-01 12:54:00+00:00,4918.5,4918.75,4918.5,4918.75,213.0,SYNTH-MES-A,1
2024-11-01 12:55:00+00:00,4918.75,4919.5,4918.75,4919.25,195.0,SYNTH-MES-A,1
2024-11-01 12:56:00+00:00,4919.25,4920.0,4919.0,4919.0,207.0,SYNTH-MES-A,1
2024-11-01 12:57:00+00:00,4919.0,4919.25,4917.5,4918.0,196.0,SYNTH-MES-A,1
2024-11-01 12:58:00+00:00,4918.0,4918.25,4917.75,4917.75,183.0,SYNTH-MES-A,1
2024-11-01 12:59:00+00:00,4917.75,4920.25,4917.75,4919.75,213.0,SYNTH-MES-A,1
2024-11-01 13:00:00+00:00,4919.75,4920.0,4919.75,4920.0,177.0,SYNTH-MES-A,1
2024-11-01 13:01:00+00:00,4920.0,4920.5,4919.75,4920.5,214.0,SYNTH-MES-A,1
2024-11-01 13:02:00+00:00,4920.5,4922.25,4919.75,4920.0,197.0,SYNTH-MES-A,1
2024-11-01 13:03:00+00:00,4920.0,4920.25,4918.0,4918.5,205.0,SYNTH-MES-A,1
2024-11-01 13:04:00+00:00,4918.5,4919.0,4918.5,4918.75,184.0,SYNTH-MES-A,1
2024-11-01 13:05:00+00:00,4918.75,4919.75,4918.5,4919.5,212.0,SYNTH-MES-A,1
2024-11-01 13:06:00+00:00,4919.5,4920.25,4919.5,4920.0,196.0,SYNTH-MES-A,1
2024-11-01 13:07:00+00:00,4920.0,4920.75,4919.75,4920.25,193.0,SYNTH-MES-A,1
2024-11-01 13:08:00+00:00,4920.25,4920.5,4920.25,4920.25,190.0,SYNTH-MES-A,1
2024-11-01 13:09:00+00:00,4920.25,4921.25,4918.75,4920.75,219.0,SYNTH-MES-A,1
2024-11-01 13:10:00+00:00,4920.75,4921.0,4920.25,4920.75,206.0,SYNTH-MES-A,1
2024-11-01 13:11:00+00:00,4920.75,4921.0,4919.25,4919.75,204.0,SYNTH-MES-A,1
2024-11-01 13:12:00+00:00,4919.75,4920.25,4919.0,4920.0,205.0,SYNTH-MES-A,1
2024-11-01 13:13:00+00:00,4920.0,4920.5,4919.75,4920.0,189.0,SYNTH-MES-A,1
2024-11-01 13:14:00+00:00,4920.0,4920.25,4919.5,4919.5,183.0,SYNTH-MES-A,1
2024-11-01 13:15:00+00:00,4919.5,4919.5,4918.25,4918.75,226.0,SYNTH-MES-A,1
2024-11-01 13:16:00+00:00,4918.75,4919.0,4917.75,4917.75,180.0,SYNTH-MES-A,1
2024-11-01 13:17:00+00:00,4917.75,4917.75,4917.5,4917.75,232.0,SYNTH-MES-A,1
2024-11-01 13:18:00+00:00,4917.75,4918.5,4917.0,4918.5,197.0,SYNTH-MES-A,1
2024-11-01 13:19:00+00:00,4918.5,4918.75,4917.75,4918.0,168.0,SYNTH-MES-A,1
2024-11-01 13:20:00+00:00,4918.0,4918.0,4916.75,4917.0,201.0,SYNTH-MES-A,1
2024-11-01 13:21:00+00:00,4917.0,4917.25,4916.0,4916.25,203.0,SYNTH-MES-A,1
2024-11-01 13:22:00+00:00,4916.25,4916.5,4915.75,4916.0,199.0,SYNTH-MES-A,1
2024-11-01 13:23:00+00:00,4916.0,4917.5,4916.0,4917.0,198.0,SYNTH-MES-A,1
2024-11-01 13:24:00+00:00,4917.0,4917.0,4916.75,4917.0,182.0,SYNTH-MES-A,1
2024-11-01 13:25:00+00:00,4917.0,4917.0,4916.0,4916.25,208.0,SYNTH-MES-A,1
2024-11-01 13:26:00+00:00,4916.25,4916.25,4915.5,4916.0,196.0,SYNTH-MES-A,1
2024-11-01 13:27:00+00:00,4916.0,4916.25,4914.75,4915.25,193.0,SYNTH-MES-A,1
2024-11-01 13:28:00+00:00,4915.25,4915.25,4914.75,4915.0,211.0,SYNTH-MES-A,1
2024-11-01 13:29:00+00:00,4915.0,4915.25,4914.75,4915.0,181.0,SYNTH-MES-A,1
2024-11-01 13:30:00+00:00,4915.0,4917.25,4915.0,4915.0,881.0,SYNTH-MES-A,1
2024-11-01 13:31:00+00:00,4915.0,4918.0,4915.0,4916.75,869.0,SYNTH-MES-A,1
2024-11-01 13:32:00+00:00,4916.75,4917.0,4916.5,4916.75,893.0,SYNTH-MES-A,1
2024-11-01 13:33:00+00:00,4916.75,4916.75,4915.5,4916.0,903.0,SYNTH-MES-A,1
2024-11-01 13:34:00+00:00,4916.0,4916.75,4914.75,4915.0,874.0,SYNTH-MES-A,1
2024-11-01 13:35:00+00:00,4915.0,4916.25,4914.25,4914.5,877.0,SYNTH-MES-A,1
2024-11-01 13:36:00+00:00,4914.5,4914.5,4913.0,4913.25,869.0,SYNTH-MES-A,1
2024-11-01 13:37:00+00:00,4913.25,4913.5,4912.75,4913.0,946.0,SYNTH-MES-A,1
2024-11-01 13:38:00+00:00,4913.0,4914.5,4913.0,4914.25,899.0,SYNTH-MES-A,1
2024-11-01 13:39:00+00:00,4914.25,4916.75,4911.0,4913.0,928.0,SYNTH-MES-A,1
2024-11-01 13:40:00+00:00,4913.0,4913.75,4911.25,4911.5,917.0,SYNTH-MES-A,1
2024-11-01 13:41:00+00:00,4911.5,4913.0,4909.75,4912.75,875.0,SYNTH-MES-A,1
2024-11-01 13:42:00+00:00,4912.75,4912.75,4912.5,4912.75,942.0,SYNTH-MES-A,1
2024-11-01 13:43:00+00:00,4912.75,4913.25,4912.5,4912.5,959.0,SYNTH-MES-A,1
2024-11-01 13:44:00+00:00,4912.5,4914.5,4910.0,4910.25,880.0,SYNTH-MES-A,1
2024-11-01 13:45:00+00:00,4910.25,4911.25,4909.75,4910.5,939.0,SYNTH-MES-A,1
2024-11-01 13:46:00+00:00,4910.5,4912.25,4908.5,4909.25,904.0,SYNTH-MES-A,1
2024-11-01 13:47:00+00:00,4909.25,4909.5,4907.75,4907.75,978.0,SYNTH-MES-A,1
2024-11-01 13:48:00+00:00,4907.75,4908.25,4907.25,4907.5,912.0,SYNTH-MES-A,1
2024-11-01 13:49:00+00:00,4907.5,4907.5,4905.75,4907.25,890.0,SYNTH-MES-A,1
2024-11-01 13:50:00+00:00,4907.25,4908.0,4906.0,4907.0,913.0,SYNTH-MES-A,1
2024-11-01 13:51:00+00:00,4907.0,4907.5,4905.5,4905.75,898.0,SYNTH-MES-A,1
2024-11-01 13:52:00+00:00,4905.75,4907.5,4905.0,4906.75,887.0,SYNTH-MES-A,1
2024-11-01 13:53:00+00:00,4906.75,4907.5,4904.25,4904.75,868.0,SYNTH-MES-A,1
2024-11-01 13:54:00+00:00,4904.75,4904.75,4904.25,4904.5,940.0,SYNTH-MES-A,1
2024-11-01 13:55:00+00:00,4904.5,4904.75,4904.25,4904.75,969.0,SYNTH-MES-A,1
2024-11-01 13:56:00+00:00,4904.75,4908.75,4903.5,4908.0,940.0,SYNTH-MES-A,1
2024-11-01 13:57:00+00:00,4908.0,4909.0,4907.5,4907.75,839.0,SYNTH-MES-A,1
2024-11-01 13:58:00+00:00,4907.75,4908.25,4905.5,4906.0,940.0,SYNTH-MES-A,1
2024-11-01 13:59:00+00:00,4906.0,4908.25,4905.75,4908.0,900.0,SYNTH-MES-A,1
2024-11-01 14:00:00+00:00,4908.0,4911.25,4907.5,4911.0,898.0,SYNTH-MES-A,1
2024-11-01 14:01:00+00:00,4911.0,4912.25,4910.25,4911.5,860.0,SYNTH-MES-A,1
2024-11-01 14:02:00+00:00,4911.5,4911.75,4908.75,4909.5,914.0,SYNTH-MES-A,1
2024-11-01 14:03:00+00:00,4909.5,4910.0,4909.5,4909.5,899.0,SYNTH-MES-A,1
2024-11-01 14:04:00+00:00,4909.5,4910.0,4908.75,4909.0,926.0,SYNTH-MES-A,1
2024-11-01 14:05:00+00:00,4909.0,4910.25,4909.0,4909.5,882.0,SYNTH-MES-A,1
2024-11-01 14:06:00+00:00,4909.5,4912.5,4909.5,4912.25,889.0,SYNTH-MES-A,1
2024-11-01 14:07:00+00:00,4912.25,4914.0,4911.5,4913.75,901.0,SYNTH-MES-A,1
2024-11-01 14:08:00+00:00,4913.75,4914.0,4912.5,4912.75,885.0,SYNTH-MES-A,1
2024-11-01 14:09:00+00:00,4912.75,4914.0,4911.75,4913.75,914.0,SYNTH-MES-A,1
2024-11-01 14:10:00+00:00,4913.75,4915.0,4912.25,4914.75,913.0,SYNTH-MES-A,1
2024-11-01 14:11:00+00:00,4914.75,4918.25,4914.0,4915.75,909.0,SYNTH-MES-A,1
2024-11-01 14:12:00+00:00,4915.75,4916.0,4914.5,4915.0,897.0,SYNTH-MES-A,1
2024-11-01 14:13:00+00:00,4915.0,4915.0,4912.75,4912.75,907.0,SYNTH-MES-A,1
2024-11-01 14:14:00+00:00,4912.75,4912.75,4909.75,4910.25,869.0,SYNTH-MES-A,1
2024-11-01 14:15:00+00:00,4910.25,4911.5,4910.25,4911.25,870.0,SYNTH-MES-A,1
2024-11-01 14:16:00+00:00,4911.25,4912.25,4909.0,4910.0,864.0,SYNTH-MES-A,1
2024-11-01 14:17:00+00:00,4910.0,4911.25,4909.25,4910.25,934.0,SYNTH-MES-A,1
2024-11-01 14:18:00+00:00,4910.25,4910.75,4910.0,4910.5,915.0,SYNTH-MES-A,1
2024-11-01 14:19:00+00:00,4910.5,4910.5,4909.75,4910.5,896.0,SYNTH-MES-A,1
2024-11-01 14:20:00+00:00,4910.5,4910.5,4909.5,4910.25,887.0,SYNTH-MES-A,1
2024-11-01 14:21:00+00:00,4910.25,4911.0,4908.0,4909.0,943.0,SYNTH-MES-A,1
2024-11-01 14:22:00+00:00,4909.0,4909.0,4906.75,4906.75,893.0,SYNTH-MES-A,1
2024-11-01 14:23:00+00:00,4906.75,4908.5,4906.25,4907.0,894.0,SYNTH-MES-A,1
2024-11-01 14:24:00+00:00,4907.0,4909.25,4906.25,4908.5,904.0,SYNTH-MES-A,1
2024-11-01 14:25:00+00:00,4908.5,4908.5,4907.0,4907.0,908.0,SYNTH-MES-A,1
2024-11-01 14:26:00+00:00,4907.0,4907.5,4902.0,4904.25,906.0,SYNTH-MES-A,1
2024-11-01 14:27:00+00:00,4904.25,4906.0,4902.75,4903.25,948.0,SYNTH-MES-A,1
2024-11-01 14:28:00+00:00,4903.25,4905.75,4903.0,4904.5,912.0,SYNTH-MES-A,1
2024-11-01 14:29:00+00:00,4904.5,4906.0,4904.25,4905.75,927.0,SYNTH-MES-A,1
2024-11-01 14:30:00+00:00,4905.75,4906.0,4905.25,4905.75,844.0,SYNTH-MES-A,1
2024-11-01 14:31:00+00:00,4905.75,4908.0,4904.5,4907.25,892.0,SYNTH-MES-A,1
2024-11-01 14:32:00+00:00,4907.25,4907.5,4905.0,4905.5,850.0,SYNTH-MES-A,1
2024-11-01 14:33:00+00:00,4905.5,4906.0,4904.75,4905.75,846.0,SYNTH-MES-A,1
2024-11-01 14:34:00+00:00,4905.75,4908.75,4905.75,4908.75,893.0,SYNTH-MES-A,1
2024-11-01 14:35:00+00:00,4908.75,4909.25,4906.25,4906.5,881.0,SYNTH-MES-A,1
2024-11-01 14:36:00+00:00,4906.5,4906.75,4904.5,4905.0,891.0,SYNTH-MES-A,1
2024-11-01 14:37:00+00:00,4905.0,4906.0,4903.5,4904.5,868.0,SYNTH-MES-A,1
2024-11-01 14:38:00+00:00,4904.5,4905.75,4904.25,4904.75,953.0,SYNTH-MES-A,1
2024-11-01 14:39:00+00:00,4904.75,4904.75,4904.5,4904.5,860.0,SYNTH-MES-A,1
2024-11-01 14:40:00+00:00,4904.5,4904.75,4903.5,4904.25,892.0,SYNTH-MES-A,1
2024-11-01 14:41:00+00:00,4904.25,4905.0,4903.0,4903.0,867.0,SYNTH-MES-A,1
2024-11-01 14:42:00+00:00,4903.0,4903.25,4897.5,4900.75,886.0,SYNTH-MES-A,1
2024-11-01 14:43:00+00:00,4900.75,4902.0,4900.5,4901.5,921.0,SYNTH-MES-A,1
2024-11-01 14:44:00+00:00,4901.5,4901.75,4901.25,4901.25,887.0,SYNTH-MES-A,1
2024-11-01 14:45:00+00:00,4901.25,4901.25,4900.0,4900.25,850.0,SYNTH-MES-A,1
2024-11-01 14:46:00+00:00,4900.25,4902.25,4899.25,4902.0,898.0,SYNTH-MES-A,1
2024-11-01 14:47:00+00:00,4902.0,4903.5,4900.5,4903.25,894.0,SYNTH-MES-A,1
2024-11-01 14:48:00+00:00,4903.25,4903.25,4902.5,4902.75,923.0,SYNTH-MES-A,1
2024-11-01 14:49:00+00:00,4902.75,4902.75,4902.0,4902.0,879.0,SYNTH-MES-A,1
2024-11-01 14:50:00+00:00,4902.0,4905.25,4901.5,4903.75,885.0,SYNTH-MES-A,1
2024-11-01 14:51:00+00:00,4903.75,4904.75,4903.0,4904.5,923.0,SYNTH-MES-A,1
2024-11-01 14:52:00+00:00,4904.5,4904.75,4904.0,4904.25,918.0,SYNTH-MES-A,1
2024-11-01 14:53:00+00:00,4904.25,4906.0,4903.5,4905.25,874.0,SYNTH-MES-A,1
2024-11-01 14:54:00+00:00,4905.25,4905.5,4905.0,4905.25,924.0,SYNTH-MES-A,1
2024-11-01 14:55:00+00:00,4905.25,4906.0,4903.75,4904.0,912.0,SYNTH-MES-A,1
2024-11-01 14:56:00+00:00,4904.0,4904.5,4903.75,4903.75,874.0,SYNTH-MES-A,1
2024-11-01 14:57:00+00:00,4903.75,4904.25,4902.75,4904.0,848.0,SYNTH-MES-A,1
2024-11-01 14:58:00+00:00,4904.0,4904.5,4904.0,4904.25,897.0,SYNTH-MES-A,1
2024-11-01 14:59:00+00:00,4904.25,4904.5,4903.75,4904.0,896.0,SYNTH-MES-A,1
2024-11-01 15:00:00+00:00,4904.0,4905.25,4903.5,4905.0,888.0,SYNTH-MES-A,1
2024-11-01 15:01:00+00:00,4905.0,4905.75,4904.5,4905.75,889.0,SYNTH-MES-A,1
2024-11-01 15:02:00+00:00,4905.75,4907.0,4905.0,4906.0,915.0,SYNTH-MES-A,1
2024-11-01 15:03:00+00:00,4906.0,4908.5,4905.25,4908.5,929.0,SYNTH-MES-A,1
2024-11-01 15:04:00+00:00,4908.5,4910.0,4908.25,4909.0,885.0,SYNTH-MES-A,1
2024-11-01 15:05:00+00:00,4909.0,4909.25,4908.75,4909.25,868.0,SYNTH-MES-A,1
2024-11-01 15:06:00+00:00,4909.25,4910.25,4908.5,4909.5,919.0,SYNTH-MES-A,1
2024-11-01 15:07:00+00:00,4909.5,4911.5,4908.75,4911.5,988.0,SYNTH-MES-A,1
2024-11-01 15:08:00+00:00,4911.5,4913.25,4911.5,4913.25,909.0,SYNTH-MES-A,1
2024-11-01 15:09:00+00:00,4913.25,4914.25,4913.0,4913.5,897.0,SYNTH-MES-A,1
2024-11-01 15:10:00+00:00,4913.5,4914.75,4913.25,4914.75,925.0,SYNTH-MES-A,1
2024-11-01 15:11:00+00:00,4914.75,4915.0,4913.75,4914.0,857.0,SYNTH-MES-A,1
2024-11-01 15:12:00+00:00,4914.0,4916.25,4913.25,4916.25,847.0,SYNTH-MES-A,1
2024-11-01 15:13:00+00:00,4916.25,4916.75,4914.25,4915.0,921.0,SYNTH-MES-A,1
2024-11-01 15:14:00+00:00,4915.0,4917.5,4914.75,4917.0,932.0,SYNTH-MES-A,1
2024-11-01 15:15:00+00:00,4917.0,4920.25,4916.25,4920.25,902.0,SYNTH-MES-A,1
2024-11-01 15:16:00+00:00,4920.25,4920.5,4919.0,4919.5,878.0,SYNTH-MES-A,1
2024-11-01 15:17:00+00:00,4919.5,4921.25,4918.5,4921.0,896.0,SYNTH-MES-A,1
2024-11-01 15:18:00+00:00,4921.0,4924.0,4920.5,4923.75,855.0,SYNTH-MES-A,1
2024-11-01 15:19:00+00:00,4923.75,4924.0,4922.5,4923.0,894.0,SYNTH-MES-A,1
2024-11-01 15:20:00+00:00,4923.0,4925.25,4922.75,4923.25,839.0,SYNTH-MES-A,1
2024-11-01 15:21:00+00:00,4923.25,4925.0,4922.25,4924.0,876.0,SYNTH-MES-A,1
2024-11-01 15:22:00+00:00,4924.0,4926.25,4924.0,4925.0,906.0,SYNTH-MES-A,1
2024-11-01 15:23:00+00:00,4925.0,4926.25,4923.0,4923.75,934.0,SYNTH-MES-A,1
2024-11-01 15:24:00+00:00,4923.75,4924.5,4921.0,4921.25,912.0,SYNTH-MES-A,1
2024-11-01 15:25:00+00:00,4921.25,4921.75,4918.25,4919.25,886.0,SYNTH-MES-A,1
2024-11-01 15:26:00+00:00,4919.25,4920.25,4918.75,4919.75,876.0,SYNTH-MES-A,1
2024-11-01 15:27:00+00:00,4919.75,4921.0,4916.5,4916.75,948.0,SYNTH-MES-A,1
2024-11-01 15:28:00+00:00,4916.75,4919.75,4914.25,4914.5,964.0,SYNTH-MES-A,1
2024-11-01 15:29:00+00:00,4914.5,4915.75,4912.25,4912.75,882.0,SYNTH-MES-A,1
2024-11-01 15:30:00+00:00,4912.75,4913.25,4912.25,4912.5,888.0,SYNTH-MES-A,1
2024-11-01 15:31:00+00:00,4912.5,4912.75,4910.25,4911.5,931.0,SYNTH-MES-A,1
2024-11-01 15:32:00+00:00,4911.5,4912.25,4911.25,4911.75,916.0,SYNTH-MES-A,1
2024-11-01 15:33:00+00:00,4911.75,4912.0,4910.0,4910.0,950.0,SYNTH-MES-A,1
2024-11-01 15:34:00+00:00,4910.0,4913.5,4909.75,4912.75,944.0,SYNTH-MES-A,1
2024-11-01 15:35:00+00:00,4912.75,4914.75,4911.5,4914.5,903.0,SYNTH-MES-A,1
2024-11-01 15:36:00+00:00,4914.5,4915.0,4912.75,4913.25,884.0,SYNTH-MES-A,1
2024-11-01 15:37:00+00:00,4913.25,4915.75,4913.0,4915.75,889.0,SYNTH-MES-A,1
2024-11-01 15:38:00+00:00,4915.75,4919.5,4915.25,4919.25,919.0,SYNTH-MES-A,1
2024-11-01 15:39:00+00:00,4919.25,4919.5,4918.5,4919.0,907.0,SYNTH-MES-A,1
2024-11-01 15:40:00+00:00,4919.0,4921.0,4918.25,4921.0,884.0,SYNTH-MES-A,1
2024-11-01 15:41:00+00:00,4921.0,4923.25,4920.75,4922.75,879.0,SYNTH-MES-A,1
2024-11-01 15:42:00+00:00,4922.75,4923.0,4921.75,4921.75,941.0,SYNTH-MES-A,1
2024-11-01 15:43:00+00:00,4921.75,4921.75,4921.25,4921.75,884.0,SYNTH-MES-A,1
2024-11-01 15:44:00+00:00,4921.75,4925.25,4921.5,4923.0,885.0,SYNTH-MES-A,1
2024-11-01 15:45:00+00:00,4923.0,4924.25,4921.5,4921.5,917.0,SYNTH-MES-A,1
2024-11-01 15:46:00+00:00,4921.5,4921.75,4918.75,4921.0,887.0,SYNTH-MES-A,1
2024-11-01 15:47:00+00:00,4921.0,4921.25,4919.75,4920.0,877.0,SYNTH-MES-A,1
2024-11-01 15:48:00+00:00,4920.0,4922.75,4919.75,4921.75,920.0,SYNTH-MES-A,1
2024-11-01 15:49:00+00:00,4921.75,4921.75,4919.75,4919.75,938.0,SYNTH-MES-A,1
2024-11-01 15:50:00+00:00,4919.75,4920.5,4918.25,4918.5,836.0,SYNTH-MES-A,1
2024-11-01 15:51:00+00:00,4918.5,4918.5,4914.75,4915.0,948.0,SYNTH-MES-A,1
2024-11-01 15:52:00+00:00,4915.0,4917.0,4913.0,4913.75,890.0,SYNTH-MES-A,1
2024-11-01 15:53:00+00:00,4913.75,4914.0,4913.0,4913.5,904.0,SYNTH-MES-A,1
2024-11-01 15:54:00+00:00,4913.5,4914.0,4912.0,4912.5,895.0,SYNTH-MES-A,1
2024-11-01 15:55:00+00:00,4912.5,4917.25,4912.0,4916.0,917.0,SYNTH-MES-A,1
2024-11-01 15:56:00+00:00,4916.0,4921.5,4915.5,4919.75,863.0,SYNTH-MES-A,1
2024-11-01 15:57:00+00:00,4919.75,4921.0,4918.0,4918.5,853.0,SYNTH-MES-A,1
2024-11-01 15:58:00+00:00,4918.5,4918.75,4917.25,4918.0,930.0,SYNTH-MES-A,1
2024-11-01 15:59:00+00:00,4918.0,4920.25,4917.5,4919.5,930.0,SYNTH-MES-A,1
2024-11-01 16:00:00+00:00,4919.5,4920.25,4919.0,4920.25,843.0,SYNTH-MES-A,1
2024-11-01 16:01:00+00:00,4920.25,4920.75,4920.0,4920.75,899.0,SYNTH-MES-A,1
2024-11-01 16:02:00+00:00,4920.75,4921.25,4920.25,4921.0,903.0,SYNTH-MES-A,1
2024-11-01 16:03:00+00:00,4921.0,4924.5,4920.5,4924.0,936.0,SYNTH-MES-A,1
2024-11-01 16:04:00+00:00,4924.0,4924.25,4924.0,4924.25,877.0,SYNTH-MES-A,1
2024-11-01 16:05:00+00:00,4924.25,4924.75,4922.0,4922.25,910.0,SYNTH-MES-A,1
2024-11-01 16:06:00+00:00,4922.25,4923.0,4919.25,4919.75,865.0,SYNTH-MES-A,1
2024-11-01 16:07:00+00:00,4919.75,4921.5,4919.25,4920.75,924.0,SYNTH-MES-A,1
2024-11-01 16:08:00+00:00,4920.75,4921.0,4919.5,4919.75,861.0,SYNTH-MES-A,1
2024-11-01 16:09:00+00:00,4919.75,4920.5,4919.75,4920.0,938.0,SYNTH-MES-A,1
2024-11-01 16:10:00+00:00,4920.0,4920.0,4919.75,4919.75,950.0,SYNTH-MES-A,1
2024-11-01 16:11:00+00:00,4919.75,4920.5,4919.5,4920.25,952.0,SYNTH-MES-A,1
2024-11-01 16:12:00+00:00,4920.25,4921.0,4920.25,4920.5,903.0,SYNTH-MES-A,1
2024-11-01 16:13:00+00:00,4920.5,4920.75,4918.25,4918.5,913.0,SYNTH-MES-A,1
2024-11-01 16:14:00+00:00,4918.5,4920.5,4915.5,4919.5,924.0,SYNTH-MES-A,1
2024-11-01 16:15:00+00:00,4919.5,4920.75,4918.75,4920.75,909.0,SYNTH-MES-A,1
2024-11-01 16:16:00+00:00,4920.75,4925.0,4920.5,4924.75,824.0,SYNTH-MES-A,1
2024-11-01 16:17:00+00:00,4924.75,4925.0,4921.5,4923.5,887.0,SYNTH-MES-A,1
2024-11-01 16:18:00+00:00,4923.5,4924.75,4920.75,4921.0,944.0,SYNTH-MES-A,1
2024-11-01 16:19:00+00:00,4921.0,4922.25,4920.5,4922.25,903.0,SYNTH-MES-A,1
2024-11-01 16:20:00+00:00,4922.25,4924.0,4921.75,4923.75,933.0,SYNTH-MES-A,1
2024-11-01 16:21:00+00:00,4923.75,4925.0,4923.5,4924.25,907.0,SYNTH-MES-A,1
2024-11-01 16:22:00+00:00,4924.25,4924.75,4924.0,4924.5,908.0,SYNTH-MES-A,1
2024-11-01 16:23:00+00:00,4924.5,4925.0,4924.25,4924.25,907.0,SYNTH-MES-A,1
2024-11-01 16:24:00+00:00,4924.25,4924.25,4922.5,4924.0,923.0,SYNTH-MES-A,1
2024-11-01 16:25:00+00:00,4924.0,4925.0,4923.5,4923.75,914.0,SYNTH-MES-A,1
2024-11-01 16:26:00+00:00,4923.75,4925.5,4922.75,4924.75,911.0,SYNTH-MES-A,1
2024-11-01 16:27:00+00:00,4924.75,4924.75,4922.5,4923.25,908.0,SYNTH-MES-A,1
2024-11-01 16:28:00+00:00,4923.25,4926.0,4923.25,4925.5,819.0,SYNTH-MES-A,1
2024-11-01 16:29:00+00:00,4925.5,4927.25,4925.25,4927.25,915.0,SYNTH-MES-A,1
2024-11-01 16:30:00+00:00,4927.25,4929.25,4926.25,4928.0,892.0,SYNTH-MES-A,1
2024-11-01 16:31:00+00:00,4928.0,4930.0,4926.75,4930.0,900.0,SYNTH-MES-A,1
2024-11-01 16:32:00+00:00,4930.0,4931.0,4927.75,4928.75,930.0,SYNTH-MES-A,1
2024-11-01 16:33:00+00:00,4928.75,4928.75,4925.5,4925.75,922.0,SYNTH-MES-A,1
2024-11-01 16:34:00+00:00,4925.75,4927.25,4925.25,4926.5,910.0,SYNTH-MES-A,1
2024-11-01 16:35:00+00:00,4926.5,4928.25,4926.5,4927.75,862.0,SYNTH-MES-A,1
2024-11-01 16:36:00+00:00,4927.75,4929.5,4927.5,4928.75,855.0,SYNTH-MES-A,1
2024-11-01 16:37:00+00:00,4928.75,4929.75,4927.5,4927.5,970.0,SYNTH-MES-A,1
2024-11-01 16:38:00+00:00,4927.5,4928.0,4926.25,4926.25,899.0,SYNTH-MES-A,1
2024-11-01 16:39:00+00:00,4926.25,4926.75,4924.5,4924.75,850.0,SYNTH-MES-A,1
2024-11-01 16:40:00+00:00,4924.75,4925.25,4921.25,4921.75,874.0,SYNTH-MES-A,1
2024-11-01 16:41:00+00:00,4921.75,4922.25,4919.75,4921.5,900.0,SYNTH-MES-A,1
2024-11-01 16:42:00+00:00,4921.5,4922.25,4919.5,4920.5,915.0,SYNTH-MES-A,1
2024-11-01 16:43:00+00:00,4920.5,4921.5,4920.25,4921.25,898.0,SYNTH-MES-A,1
2024-11-01 16:44:00+00:00,4921.25,4923.5,4920.5,4923.25,887.0,SYNTH-MES-A,1
2024-11-01 16:45:00+00:00,4923.25,4925.0,4923.0,4923.75,889.0,SYNTH-MES-A,1
2024-11-01 16:46:00+00:00,4923.75,4924.25,4923.5,4924.0,921.0,SYNTH-MES-A,1
2024-11-01 16:47:00+00:00,4924.0,4926.0,4923.0,4925.25,883.0,SYNTH-MES-A,1
2024-11-01 16:48:00+00:00,4925.25,4926.5,4925.0,4926.0,890.0,SYNTH-MES-A,1
2024-11-01 16:49:00+00:00,4926.0,4926.25,4925.75,4926.25,911.0,SYNTH-MES-A,1
2024-11-01 16:50:00+00:00,4926.25,4927.5,4924.0,4926.0,849.0,SYNTH-MES-A,1
2024-11-01 16:51:00+00:00,4926.0,4926.0,4923.25,4923.25,854.0,SYNTH-MES-A,1
2024-11-01 16:52:00+00:00,4923.25,4925.25,4923.25,4924.75,908.0,SYNTH-MES-A,1
2024-11-01 16:53:00+00:00,4924.75,4925.0,4921.5,4921.75,904.0,SYNTH-MES-A,1
2024-11-01 16:54:00+00:00,4921.75,4922.5,4919.25,4921.25,924.0,SYNTH-MES-A,1
2024-11-01 16:55:00+00:00,4921.25,4923.25,4917.5,4918.5,934.0,SYNTH-MES-A,1
2024-11-01 16:56:00+00:00,4918.5,4921.25,4917.25,4919.75,867.0,SYNTH-MES-A,1
2024-11-01 16:57:00+00:00,4919.75,4920.0,4918.5,4918.75,898.0,SYNTH-MES-A,1
2024-11-01 16:58:00+00:00,4918.75,4920.5,4918.25,4920.5,941.0,SYNTH-MES-A,1
2024-11-01 16:59:00+00:00,4920.5,4922.5,4920.5,4921.0,909.0,SYNTH-MES-A,1
2024-11-01 17:00:00+00:00,4921.0,4922.0,4920.25,4920.75,866.0,SYNTH-MES-A,1
2024-11-01 17:01:00+00:00,4920.75,4923.25,4920.5,4923.0,946.0,SYNTH-MES-A,1
2024-11-01 17:02:00+00:00,4923.0,4924.0,4923.0,4923.25,912.0,SYNTH-MES-A,1
2024-11-01 17:03:00+00:00,4923.25,4924.5,4923.0,4924.25,960.0,SYNTH-MES-A,1
2024-11-01 17:04:00+00:00,4924.25,4925.0,4923.5,4925.0,843.0,SYNTH-MES-A,1
2024-11-01 17:05:00+00:00,4925.0,4925.75,4924.25,4924.25,859.0,SYNTH-MES-A,1
2024-11-01 17:06:00+00:00,4924.25,4926.75,4921.75,4922.5,859.0,SYNTH-MES-A,1
2024-11-01 17:07:00+00:00,4922.5,4924.25,4916.5,4919.25,880.0,SYNTH-MES-A,1
2024-11-01 17:08:00+00:00,4919.25,4919.75,4918.5,4919.0,911.0,SYNTH-MES-A,1
2024-11-01 17:09:00+00:00,4919.0,4919.5,4918.75,4919.0,898.0,SYNTH-MES-A,1
2024-11-01 17:10:00+00:00,4919.0,4919.25,4918.75,4919.25,856.0,SYNTH-MES-A,1
2024-11-01 17:11:00+00:00,4919.25,4919.25,4917.0,4917.5,917.0,SYNTH-MES-A,1
2024-11-01 17:12:00+00:00,4917.5,4917.75,4917.25,4917.75,921.0,SYNTH-MES-A,1
2024-11-01 17:13:00+00:00,4917.75,4919.5,4917.5,4919.25,888.0,SYNTH-MES-A,1
2024-11-01 17:14:00+00:00,4919.25,4919.25,4918.0,4918.5,839.0,SYNTH-MES-A,1
2024-11-01 17:15:00+00:00,4918.5,4918.5,4918.5,4918.5,876.0,SYNTH-MES-A,1
2024-11-01 17:16:00+00:00,4918.5,4919.75,4917.5,4919.75,907.0,SYNTH-MES-A,1
2024-11-01 17:17:00+00:00,4919.75,4920.5,4919.25,4919.5,864.0,SYNTH-MES-A,1
2024-11-01 17:18:00+00:00,4919.5,4920.0,4918.5,4919.0,917.0,SYNTH-MES-A,1
2024-11-01 17:19:00+00:00,4919.0,4919.75,4918.25,4919.75,884.0,SYNTH-MES-A,1
2024-11-01 17:20:00+00:00,4919.75,4919.75,4915.25,4915.5,948.0,SYNTH-MES-A,1
2024-11-01 17:21:00+00:00,4915.5,4915.5,4912.75,4913.5,886.0,SYNTH-MES-A,1
2024-11-01 17:22:00+00:00,4913.5,4913.5,4913.25,4913.25,897.0,SYNTH-MES-A,1
2024-11-01 17:23:00+00:00,4913.25,4914.25,4912.0,4914.25,916.0,SYNTH-MES-A,1
2024-11-01 17:24:00+00:00,4914.25,4915.5,4912.75,4914.0,870.0,SYNTH-MES-A,1
2024-11-01 17:25:00+00:00,4914.0,4914.0,4912.25,4912.5,909.0,SYNTH-MES-A,1
2024-11-01 17:26:00+00:00,4912.5,4913.25,4912.0,4913.0,926.0,SYNTH-MES-A,1
2024-11-01 17:27:00+00:00,4913.0,4913.5,4912.75,4913.0,919.0,SYNTH-MES-A,1
2024-11-01 17:28:00+00:00,4913.0,4913.0,4912.5,4912.75,932.0,SYNTH-MES-A,1
2024-11-01 17:29:00+00:00,4912.75,4913.0,4911.0,4911.25,886.0,SYNTH-MES-A,1
2024-11-01 17:30:00+00:00,4911.25,4912.5,4910.75,4911.75,852.0,SYNTH-MES-A,1
2024-11-01 17:31:00+00:00,4911.75,4912.5,4911.5,4912.0,891.0,SYNTH-MES-A,1
2024-11-01 17:32:00+00:00,4912.0,4912.0,4909.25,4909.75,870.0,SYNTH-MES-A,1
2024-11-01 17:33:00+00:00,4909.75,4911.0,4909.75,4909.75,940.0,SYNTH-MES-A,1
2024-11-01 17:34:00+00:00,4909.75,4910.0,4908.25,4908.5,818.0,SYNTH-MES-A,1
2024-11-01 17:35:00+00:00,4908.5,4908.75,4907.5,4908.25,853.0,SYNTH-MES-A,1
2024-11-01 17:36:00+00:00,4908.25,4908.75,4903.5,4906.0,876.0,SYNTH-MES-A,1
2024-11-01 17:37:00+00:00,4906.0,4908.25,4904.5,4907.25,896.0,SYNTH-MES-A,1
2024-11-01 17:38:00+00:00,4907.25,4909.0,4907.0,4908.5,919.0,SYNTH-MES-A,1
2024-11-01 17:39:00+00:00,4908.5,4909.25,4907.25,4908.0,878.0,SYNTH-MES-A,1
2024-11-01 17:40:00+00:00,4908.0,4908.25,4906.25,4906.25,852.0,SYNTH-MES-A,1
2024-11-01 17:41:00+00:00,4906.25,4907.0,4904.0,4904.25,839.0,SYNTH-MES-A,1
2024-11-01 17:42:00+00:00,4904.25,4905.25,4903.75,4903.75,889.0,SYNTH-MES-A,1
2024-11-01 17:43:00+00:00,4903.75,4905.25,4903.25,4905.25,839.0,SYNTH-MES-A,1
2024-11-01 17:44:00+00:00,4905.25,4905.5,4902.5,4903.0,852.0,SYNTH-MES-A,1
2024-11-01 17:45:00+00:00,4903.0,4904.25,4903.0,4904.25,925.0,SYNTH-MES-A,1
2024-11-01 17:46:00+00:00,4904.25,4907.5,4904.0,4907.25,886.0,SYNTH-MES-A,1
2024-11-01 17:47:00+00:00,4907.25,4908.25,4906.5,4907.75,885.0,SYNTH-MES-A,1
2024-11-01 17:48:00+00:00,4907.75,4908.0,4906.5,4907.75,879.0,SYNTH-MES-A,1
2024-11-01 17:49:00+00:00,4907.75,4911.25,4907.75,4911.0,911.0,SYNTH-MES-A,1
2024-11-01 17:50:00+00:00,4911.0,4911.75,4910.5,4911.5,929.0,SYNTH-MES-A,1
2024-11-01 17:51:00+00:00,4911.5,4912.25,4910.0,4910.25,888.0,SYNTH-MES-A,1
2024-11-01 17:52:00+00:00,4910.25,4910.25,4908.75,4910.0,919.0,SYNTH-MES-A,1
2024-11-01 17:53:00+00:00,4910.0,4910.25,4909.0,4909.25,871.0,SYNTH-MES-A,1
2024-11-01 17:54:00+00:00,4909.25,4909.5,4908.25,4909.5,899.0,SYNTH-MES-A,1
2024-11-01 17:55:00+00:00,4909.5,4909.75,4907.0,4907.75,898.0,SYNTH-MES-A,1
2024-11-01 17:56:00+00:00,4907.75,4909.75,4906.75,4909.0,867.0,SYNTH-MES-A,1
2024-11-01 17:57:00+00:00,4909.0,4909.5,4908.0,4908.25,924.0,SYNTH-MES-A,1
2024-11-01 17:58:00+00:00,4908.25,4909.5,4907.75,4908.5,927.0,SYNTH-MES-A,1
2024-11-01 17:59:00+00:00,4908.5,4909.5,4907.5,4908.0,836.0,SYNTH-MES-A,1
2024-11-01 18:00:00+00:00,4908.0,4908.75,4906.75,4907.0,878.0,SYNTH-MES-A,1
2024-11-01 18:01:00+00:00,4907.0,4909.75,4907.0,4907.75,883.0,SYNTH-MES-A,1
2024-11-01 18:02:00+00:00,4907.75,4909.5,4907.0,4909.25,909.0,SYNTH-MES-A,1
2024-11-01 18:03:00+00:00,4909.25,4910.25,4909.25,4909.75,859.0,SYNTH-MES-A,1
2024-11-01 18:04:00+00:00,4909.75,4910.5,4909.5,4910.0,920.0,SYNTH-MES-A,1
2024-11-01 18:05:00+00:00,4910.0,4910.5,4909.25,4909.75,875.0,SYNTH-MES-A,1
2024-11-01 18:06:00+00:00,4909.75,4910.0,4909.5,4909.75,871.0,SYNTH-MES-A,1
2024-11-01 18:07:00+00:00,4909.75,4912.5,4909.5,4912.25,845.0,SYNTH-MES-A,1
2024-11-01 18:08:00+00:00,4912.25,4912.5,4911.0,4911.75,871.0,SYNTH-MES-A,1
2024-11-01 18:09:00+00:00,4911.75,4912.25,4910.0,4910.25,909.0,SYNTH-MES-A,1
2024-11-01 18:10:00+00:00,4910.25,4910.25,4909.75,4909.75,917.0,SYNTH-MES-A,1
2024-11-01 18:11:00+00:00,4909.75,4910.25,4908.75,4909.25,872.0,SYNTH-MES-A,1
2024-11-01 18:12:00+00:00,4909.25,4910.25,4908.5,4910.0,931.0,SYNTH-MES-A,1
2024-11-01 18:13:00+00:00,4910.0,4913.75,4910.0,4913.0,863.0,SYNTH-MES-A,1
2024-11-01 18:14:00+00:00,4913.0,4916.5,4912.25,4915.25,914.0,SYNTH-MES-A,1
2024-11-01 18:15:00+00:00,4915.25,4916.25,4914.25,4915.0,901.0,SYNTH-MES-A,1
2024-11-01 18:16:00+00:00,4915.0,4915.25,4914.75,4915.25,931.0,SYNTH-MES-A,1
2024-11-01 18:17:00+00:00,4915.25,4916.0,4914.5,4915.25,892.0,SYNTH-MES-A,1
2024-11-01 18:18:00+00:00,4915.25,4917.5,4914.75,4917.0,884.0,SYNTH-MES-A,1
2024-11-01 18:19:00+00:00,4917.0,4920.25,4917.0,4917.75,899.0,SYNTH-MES-A,1
2024-11-01 18:20:00+00:00,4917.75,4919.25,4917.75,4918.25,943.0,SYNTH-MES-A,1
2024-11-01 18:21:00+00:00,4918.25,4920.0,4917.75,4919.75,934.0,SYNTH-MES-A,1
2024-11-01 18:22:00+00:00,4919.75,4921.0,4919.5,4919.5,905.0,SYNTH-MES-A,1
2024-11-01 18:23:00+00:00,4919.5,4920.0,4918.0,4918.25,936.0,SYNTH-MES-A,1
2024-11-01 18:24:00+00:00,4918.25,4920.25,4918.0,4919.25,840.0,SYNTH-MES-A,1
2024-11-01 18:25:00+00:00,4919.25,4921.0,4918.75,4920.5,878.0,SYNTH-MES-A,1
2024-11-01 18:26:00+00:00,4920.5,4924.5,4920.25,4924.0,902.0,SYNTH-MES-A,1
2024-11-01 18:27:00+00:00,4924.0,4925.0,4921.5,4922.0,893.0,SYNTH-MES-A,1
2024-11-01 18:28:00+00:00,4922.0,4923.25,4919.0,4920.0,872.0,SYNTH-MES-A,1
2024-11-01 18:29:00+00:00,4920.0,4921.25,4916.75,4916.75,920.0,SYNTH-MES-A,1
2024-11-01 18:30:00+00:00,4916.75,4918.0,4916.0,4917.75,919.0,SYNTH-MES-A,1
2024-11-01 18:31:00+00:00,4917.75,4917.75,4913.5,4914.0,861.0,SYNTH-MES-A,1
2024-11-01 18:32:00+00:00,4914.0,4915.0,4912.5,4914.5,918.0,SYNTH-MES-A,1
2024-11-01 18:33:00+00:00,4914.5,4916.5,4914.0,4915.75,952.0,SYNTH-MES-A,1
2024-11-01 18:34:00+00:00,4915.75,4915.75,4913.0,4913.5,882.0,SYNTH-MES-A,1
2024-11-01 18:35:00+00:00,4913.5,4916.75,4912.25,4915.25,966.0,SYNTH-MES-A,1
2024-11-01 18:36:00+00:00,4915.25,4915.75,4914.25,4915.0,894.0,SYNTH-MES-A,1
2024-11-01 18:37:00+00:00,4915.0,4916.75,4914.5,4916.5,907.0,SYNTH-MES-A,1
2024-11-01 18:38:00+00:00,4916.5,4919.5,4915.75,4919.25,931.0,SYNTH-MES-A,1
2024-11-01 18:39:00+00:00,4919.25,4920.75,4918.5,4920.25,905.0,SYNTH-MES-A,1
2024-11-01 18:40:00+00:00,4920.25,4921.0,4917.0,4917.25,892.0,SYNTH-MES-A,1
2024-11-01 18:41:00+00:00,4917.25,4917.75,4916.5,4917.0,924.0,SYNTH-MES-A,1
2024-11-01 18:42:00+00:00,4917.0,4917.0,4916.25,4916.25,865.0,SYNTH-MES-A,1
2024-11-01 18:43:00+00:00,4916.25,4917.25,4914.5,4917.25,914.0,SYNTH-MES-A,1
2024-11-01 18:44:00+00:00,4917.25,4917.5,4915.75,4916.25,889.0,SYNTH-MES-A,1
2024-11-01 18:45:00+00:00,4916.25,4918.75,4916.25,4918.25,899.0,SYNTH-MES-A,1
2024-11-01 18:46:00+00:00,4918.25,4918.25,4917.75,4917.75,907.0,SYNTH-MES-A,1
2024-11-01 18:47:00+00:00,4917.75,4920.75,4917.75,4920.0,886.0,SYNTH-MES-A,1
2024-11-01 18:48:00+00:00,4920.0,4922.0,4917.0,4917.0,863.0,SYNTH-MES-A,1
2024-11-01 18:49:00+00:00,4917.0,4917.25,4916.25,4916.5,883.0,SYNTH-MES-A,1
2024-11-01 18:50:00+00:00,4916.5,4916.5,4915.75,4916.25,870.0,SYNTH-MES-A,1
2024-11-01 18:51:00+00:00,4916.25,4916.25,4915.25,4916.25,920.0,SYNTH-MES-A,1
2024-11-01 18:52:00+00:00,4916.25,4917.25,4913.75,4913.75,877.0,SYNTH-MES-A,1
2024-11-01 18:53:00+00:00,4913.75,4917.5,4912.75,4916.5,887.0,SYNTH-MES-A,1
2024-11-01 18:54:00+00:00,4916.5,4916.75,4913.5,4913.75,909.0,SYNTH-MES-A,1
2024-11-01 18:55:00+00:00,4913.75,4914.75,4912.5,4912.75,874.0,SYNTH-MES-A,1
2024-11-01 18:56:00+00:00,4912.75,4913.5,4912.25,4913.5,908.0,SYNTH-MES-A,1
2024-11-01 18:57:00+00:00,4913.5,4913.5,4912.5,4912.75,908.0,SYNTH-MES-A,1
2024-11-01 18:58:00+00:00,4912.75,4913.25,4909.75,4910.5,895.0,SYNTH-MES-A,1
2024-11-01 18:59:00+00:00,4910.5,4912.75,4910.0,4912.0,906.0,SYNTH-MES-A,1
2024-11-01 19:00:00+00:00,4912.0,4912.5,4911.5,4912.25,934.0,SYNTH-MES-A,1
2024-11-01 19:01:00+00:00,4912.25,4912.25,4910.0,4910.5,865.0,SYNTH-MES-A,1
2024-11-01 19:02:00+00:00,4910.5,4910.75,4910.0,4910.5,906.0,SYNTH-MES-A,1
2024-11-01 19:03:00+00:00,4910.5,4910.75,4909.75,4910.25,893.0,SYNTH-MES-A,1
2024-11-01 19:04:00+00:00,4910.25,4910.5,4908.0,4908.5,858.0,SYNTH-MES-A,1
2024-11-01 19:05:00+00:00,4908.5,4910.5,4908.0,4910.25,935.0,SYNTH-MES-A,1
2024-11-01 19:06:00+00:00,4910.25,4912.75,4909.75,4911.75,903.0,SYNTH-MES-A,1
2024-11-01 19:07:00+00:00,4911.75,4913.0,4910.75,4912.25,943.0,SYNTH-MES-A,1
2024-11-01 19:08:00+00:00,4912.25,4912.5,4909.0,4910.75,901.0,SYNTH-MES-A,1
2024-11-01 19:09:00+00:00,4910.75,4912.25,4906.5,4908.5,911.0,SYNTH-MES-A,1
2024-11-01 19:10:00+00:00,4908.5,4909.75,4908.25,4909.0,925.0,SYNTH-MES-A,1
2024-11-01 19:11:00+00:00,4909.0,4910.25,4908.75,4910.0,884.0,SYNTH-MES-A,1
2024-11-01 19:12:00+00:00,4910.0,4910.75,4909.75,4910.25,917.0,SYNTH-MES-A,1
2024-11-01 19:13:00+00:00,4910.25,4911.25,4909.5,4911.25,944.0,SYNTH-MES-A,1
2024-11-01 19:14:00+00:00,4911.25,4912.75,4911.25,4912.5,838.0,SYNTH-MES-A,1
2024-11-01 19:15:00+00:00,4912.5,4912.75,4912.25,4912.5,979.0,SYNTH-MES-A,1
2024-11-01 19:16:00+00:00,4912.5,4913.0,4910.5,4911.0,884.0,SYNTH-MES-A,1
2024-11-01 19:17:00+00:00,4911.0,4911.25,4909.25,4909.5,849.0,SYNTH-MES-A,1
2024-11-01 19:18:00+00:00,4909.5,4909.5,4907.75,4908.0,909.0,SYNTH-MES-A,1
2024-11-01 19:19:00+00:00,4908.0,4908.0,4906.75,4907.25,915.0,SYNTH-MES-A,1
2024-11-01 19:20:00+00:00,4907.25,4908.75,4907.25,4908.25,887.0,SYNTH-MES-A,1
2024-11-01 19:21:00+00:00,4908.25,4908.5,4907.25,4907.75,896.0,SYNTH-MES-A,1
2024-11-01 19:22:00+00:00,4907.75,4908.0,4906.25,4908.0,896.0,SYNTH-MES-A,1
2024-11-01 19:23:00+00:00,4908.0,4908.25,4907.0,4907.0,883.0,SYNTH-MES-A,1
2024-11-01 19:24:00+00:00,4907.0,4907.0,4900.5,4902.5,917.0,SYNTH-MES-A,1
2024-11-01 19:25:00+00:00,4902.5,4902.75,4901.0,4901.0,829.0,SYNTH-MES-A,1
2024-11-01 19:26:00+00:00,4901.0,4902.25,4896.75,4897.0,918.0,SYNTH-MES-A,1
2024-11-01 19:27:00+00:00,4897.0,4897.25,4896.5,4897.0,878.0,SYNTH-MES-A,1
2024-11-01 19:28:00+00:00,4897.0,4897.5,4896.25,4896.75,895.0,SYNTH-MES-A,1
2024-11-01 19:29:00+00:00,4896.75,4897.75,4896.0,4897.5,973.0,SYNTH-MES-A,1
2024-11-01 19:30:00+00:00,4897.5,4899.0,4897.25,4899.0,880.0,SYNTH-MES-A,1
2024-11-01 19:31:00+00:00,4899.0,4899.25,4897.25,4897.5,863.0,SYNTH-MES-A,1
2024-11-01 19:32:00+00:00,4897.5,4900.5,4897.0,4900.5,907.0,SYNTH-MES-A,1
2024-11-01 19:33:00+00:00,4900.5,4902.25,4900.25,4902.0,871.0,SYNTH-MES-A,1
2024-11-01 19:34:00+00:00,4902.0,4905.5,4901.75,4905.5,942.0,SYNTH-MES-A,1
2024-11-01 19:35:00+00:00,4905.5,4906.25,4904.75,4904.75,854.0,SYNTH-MES-A,1
2024-11-01 19:36:00+00:00,4904.75,4906.0,4904.5,4904.5,896.0,SYNTH-MES-A,1
2024-11-01 19:37:00+00:00,4904.5,4905.75,4903.5,4903.75,880.0,SYNTH-MES-A,1
2024-11-01 19:38:00+00:00,4903.75,4906.25,4903.75,4905.75,903.0,SYNTH-MES-A,1
2024-11-01 19:39:00+00:00,4905.75,4906.25,4905.75,4905.75,929.0,SYNTH-MES-A,1
2024-11-01 19:40:00+00:00,4905.75,4906.75,4905.75,4906.0,870.0,SYNTH-MES-A,1
2024-11-01 19:41:00+00:00,4906.0,4906.25,4905.0,4905.0,947.0,SYNTH-MES-A,1
2024-11-01 19:42:00+00:00,4905.0,4905.75,4904.5,4905.75,925.0,SYNTH-MES-A,1
2024-11-01 19:43:00+00:00,4905.75,4906.5,4905.75,4906.25,914.0,SYNTH-MES-A,1
2024-11-01 19:44:00+00:00,4906.25,4906.25,4903.25,4903.25,884.0,SYNTH-MES-A,1
2024-11-01 19:45:00+00:00,4903.25,4904.0,4902.0,4903.0,892.0,SYNTH-MES-A,1
2024-11-01 19:46:00+00:00,4903.0,4903.25,4901.25,4901.5,914.0,SYNTH-MES-A,1
2024-11-01 19:47:00+00:00,4901.5,4901.75,4900.0,4900.25,883.0,SYNTH-MES-A,1
2024-11-01 19:48:00+00:00,4900.25,4902.0,4900.25,4902.0,948.0,SYNTH-MES-A,1
2024-11-01 19:49:00+00:00,4902.0,4902.25,4900.75,4901.0,927.0,SYNTH-MES-A,1
2024-11-01 19:50:00+00:00,4901.0,4901.0,4899.75,4900.25,903.0,SYNTH-MES-A,1
2024-11-01 19:51:00+00:00,4900.25,4901.25,4900.0,4901.25,939.0,SYNTH-MES-A,1
2024-11-01 19:52:00+00:00,4901.25,4901.5,4900.0,4900.25,831.0,SYNTH-MES-A,1
2024-11-01 19:53:00+00:00,4900.25,4903.25,4900.0,4902.5,913.0,SYNTH-MES-A,1
2024-11-01 19:54:00+00:00,4902.5,4903.25,4902.5,4902.5,895.0,SYNTH-MES-A,1
2024-11-01 19:55:00+00:00,4902.5,4902.75,4900.25,4900.5,869.0,SYNTH-MES-A,1
2024-11-01 19:56:00+00:00,4900.5,4900.75,4899.25,4900.0,902.0,SYNTH-MES-A,1
2024-11-01 19:57:00+00:00,4900.0,4902.75,4900.0,4902.5,940.0,SYNTH-MES-A,1
2024-11-01 19:58:00+00:00,4902.5,4903.5,4901.75,4902.75,919.0,SYNTH-MES-A,1
2024-11-01 19:59:00+00:00,4902.75,4904.0,4902.5,4904.0,910.0,SYNTH-MES-A,1
2024-11-01 20:00:00+00:00,4904.0,4904.75,4904.0,4904.5,211.0,SYNTH-MES-A,1
2024-11-01 20:01:00+00:00,4904.5,4905.75,4904.25,4905.75,178.0,SYNTH-MES-A,1
2024-11-01 20:02:00+00:00,4905.75,4905.75,4905.0,4905.75,223.0,SYNTH-MES-A,1
2024-11-01 20:03:00+00:00,4905.75,4906.25,4905.25,4905.5,164.0,SYNTH-MES-A,1
2024-11-01 20:04:00+00:00,4905.5,4905.5,4904.0,4904.5,165.0,SYNTH-MES-A,1
2024-11-01 20:05:00+00:00,4904.5,4906.25,4904.25,4906.0,194.0,SYNTH-MES-A,1
2024-11-01 20:06:00+00:00,4906.0,4907.25,4905.75,4906.75,194.0,SYNTH-MES-A,1
2024-11-01 20:07:00+00:00,4906.75,4908.25,4906.5,4907.5,192.0,SYNTH-MES-A,1
2024-11-01 20:08:00+00:00,4907.5,4908.75,4907.5,4908.25,183.0,SYNTH-MES-A,1
2024-11-01 20:09:00+00:00,4908.25,4909.0,4908.0,4909.0,244.0,SYNTH-MES-A,1
2024-11-01 20:10:00+00:00,4909.0,4909.0,4908.75,4909.0,196.0,SYNTH-MES-A,1
2024-11-01 20:11:00+00:00,4909.0,4910.0,4907.75,4908.25,202.0,SYNTH-MES-A,1
2024-11-01 20:12:00+00:00,4908.25,4909.5,4907.75,4909.5,224.0,SYNTH-MES-A,1
2024-11-01 20:13:00+00:00,4909.5,4910.0,4909.5,4910.0,205.0,SYNTH-MES-A,1
2024-11-01 20:14:00+00:00,4910.0,4910.0,4909.0,4909.25,209.0,SYNTH-MES-A,1
2024-11-01 20:15:00+00:00,4909.25,4909.75,4909.25,4909.75,224.0,SYNTH-MES-A,1
2024-11-01 20:16:00+00:00,4909.75,4910.25,4909.5,4910.0,211.0,SYNTH-MES-A,1
2024-11-01 20:17:00+00:00,4910.0,4910.75,4910.0,4910.5,185.0,SYNTH-MES-A,1
2024-11-01 20:18:00+00:00,4910.5,4910.75,4910.0,4910.5,201.0,SYNTH-MES-A,1
2024-11-01 20:19:00+00:00,4910.5,4911.75,4910.25,4911.5,222.0,SYNTH-MES-A,1
2024-11-01 20:20:00+00:00,4911.5,4912.25,4911.5,4912.25,204.0,SYNTH-MES-A,1
2024-11-01 20:21:00+00:00,4912.25,4913.5,4911.25,4911.25,206.0,SYNTH-MES-A,1
2024-11-01 20:22:00+00:00,4911.25,4912.25,4910.75,4912.0,194.0,SYNTH-MES-A,1
2024-11-01 20:23:00+00:00,4912.0,4912.25,4911.5,4912.25,205.0,SYNTH-MES-A,1
2024-11-01 20:24:00+00:00,4912.25,4912.25,4912.25,4912.25,210.0,SYNTH-MES-A,1
2024-11-01 20:25:00+00:00,4912.25,4912.5,4911.5,4911.5,210.0,SYNTH-MES-A,1
2024-11-01 20:26:00+00:00,4911.5,4912.0,4911.5,4911.75,210.0,SYNTH-MES-A,1
2024-11-01 20:27:00+00:00,4911.75,4912.25,4910.75,4911.0,182.0,SYNTH-MES-A,1
2024-11-01 20:28:00+00:00,4911.0,4911.25,4910.75,4910.75,220.0,SYNTH-MES-A,1
2024-11-01 20:29:00+00:00,4910.75,4910.75,4909.75,4910.0,225.0,SYNTH-MES-A,1
2024-11-01 20:30:00+00:00,4910.0,4911.25,4909.5,4911.25,173.0,SYNTH-MES-A,1
2024-11-01 20:31:00+00:00,4911.25,4911.5,4910.25,4910.5,228.0,SYNTH-MES-A,1
2024-11-01 20:32:00+00:00,4910.5,4911.25,4910.5,4911.0,202.0,SYNTH-MES-A,1
2024-11-01 20:33:00+00:00,4911.0,4912.25,4910.5,4912.0,198.0,SYNTH-MES-A,1
2024-11-01 20:34:00+00:00,4912.0,4912.5,4911.5,4912.0,196.0,SYNTH-MES-A,1
2024-11-01 20:35:00+00:00,4912.0,4913.0,4911.5,4911.5,202.0,SYNTH-MES-A,1
2024-11-01 20:36:00+00:00,4911.5,4911.75,4911.0,4911.0,192.0,SYNTH-MES-A,1
2024-11-01 20:37:00+00:00,4911.0,4911.5,4908.75,4909.25,206.0,SYNTH-MES-A,1
2024-11-01 20:38:00+00:00,4909.25,4909.75,4908.75,4909.0,217.0,SYNTH-MES-A,1
2024-11-01 20:39:00+00:00,4909.0,4909.25,4908.75,4908.75,196.0,SYNTH-MES-A,1
2024-11-01 20:40:00+00:00,4908.75,4909.0,4908.75,4909.0,207.0,SYNTH-MES-A,1
2024-11-01 20:41:00+00:00,4909.0,4910.75,4909.0,4910.75,204.0,SYNTH-MES-A,1
2024-11-01 20:42:00+00:00,4910.75,4911.75,4910.5,4911.75,204.0,SYNTH-MES-A,1
2024-11-01 20:43:00+00:00,4911.75,4911.75,4911.5,4911.75,228.0,SYNTH-MES-A,1
2024-11-01 20:44:00+00:00,4911.75,4911.75,4911.75,4911.75,198.0,SYNTH-MES-A,1
2024-11-01 20:45:00+00:00,4911.75,4911.75,4911.0,4911.75,198.0,SYNTH-MES-A,1
2024-11-01 20:46:00+00:00,4911.75,4912.75,4911.75,4912.25,191.0,SYNTH-MES-A,1
2024-11-01 20:47:00+00:00,4912.25,4912.75,4912.25,4912.5,187.0,SYNTH-MES-A,1
2024-11-01 20:48:00+00:00,4912.5,4912.5,4912.0,4912.25,207.0,SYNTH-MES-A,1
2024-11-01 20:49:00+00:00,4912.25,4912.5,4912.0,4912.5,221.0,SYNTH-MES-A,1
2024-11-01 20:50:00+00:00,4912.5,4912.75,4910.75,4911.0,177.0,SYNTH-MES-A,1
2024-11-01 20:51:00+00:00,4911.0,4911.25,4910.5,4910.5,199.0,SYNTH-MES-A,1
2024-11-01 20:52:00+00:00,4910.5,4912.0,4910.0,4910.75,191.0,SYNTH-MES-A,1
2024-11-01 20:53:00+00:00,4910.75,4912.0,4910.75,4911.75,173.0,SYNTH-MES-A,1
2024-11-01 20:54:00+00:00,4911.75,4913.5,4911.5,4911.75,213.0,SYNTH-MES-A,1
2024-11-01 20:55:00+00:00,4911.75,4911.75,4911.0,4911.0,208.0,SYNTH-MES-A,1
2024-11-01 20:56:00+00:00,4911.0,4912.0,4911.0,4911.75,191.0,SYNTH-MES-A,1
2024-11-01 20:57:00+00:00,4911.75,4912.25,4910.5,4912.25,229.0,SYNTH-MES-A,1
2024-11-01 20:58:00+00:00,4912.25,4912.25,4911.75,4912.0,219.0,SYNTH-MES-A,1
2024-11-01 20:59:00+00:00,4912.0,4912.25,4912.0,4912.0,182.0,SYNTH-MES-A,1
2024-11-03 23:00:00+00:00,4912.0,4912.25,4911.5,4911.75,183.0,SYNTH-MES-A,1
2024-11-03 23:01:00+00:00,4911.75,4912.75,4911.75,4912.25,192.0,SYNTH-MES-A,1
2024-11-03 23:02:00+00:00,4912.25,4912.5,4910.75,4911.0,207.0,SYNTH-MES-A,1
2024-11-03 23:03:00+00:00,4911.0,4912.0,4910.75,4911.0,195.0,SYNTH-MES-A,1
2024-11-03 23:04:00+00:00,4911.0,4912.75,4911.0,4912.5,210.0,SYNTH-MES-A,1
2024-11-03 23:05:00+00:00,4912.5,4912.75,4912.0,4912.5,202.0,SYNTH-MES-A,1
2024-11-03 23:06:00+00:00,4912.5,4912.75,4912.25,4912.25,212.0,SYNTH-MES-A,1
2024-11-03 23:07:00+00:00,4912.25,4912.25,4912.0,4912.0,185.0,SYNTH-MES-A,1
2024-11-03 23:08:00+00:00,4912.0,4912.75,4911.5,4912.25,209.0,SYNTH-MES-A,1
2024-11-03 23:09:00+00:00,4912.25,4912.5,4911.75,4911.75,218.0,SYNTH-MES-A,1
2024-11-03 23:10:00+00:00,4911.75,4912.5,4911.75,4912.5,210.0,SYNTH-MES-A,1
2024-11-03 23:11:00+00:00,4912.5,4913.5,4912.5,4912.75,184.0,SYNTH-MES-A,1
2024-11-03 23:12:00+00:00,4912.75,4913.5,4912.75,4913.5,189.0,SYNTH-MES-A,1
2024-11-03 23:13:00+00:00,4913.5,4913.5,4912.5,4912.75,196.0,SYNTH-MES-A,1
2024-11-03 23:14:00+00:00,4912.75,4913.0,4912.25,4912.75,219.0,SYNTH-MES-A,1
2024-11-03 23:15:00+00:00,4912.75,4914.25,4912.75,4914.0,182.0,SYNTH-MES-A,1
2024-11-03 23:16:00+00:00,4914.0,4914.25,4913.25,4913.5,218.0,SYNTH-MES-A,1
2024-11-03 23:17:00+00:00,4913.5,4913.5,4912.5,4912.5,168.0,SYNTH-MES-A,1
2024-11-03 23:18:00+00:00,4912.5,4913.5,4911.5,4912.5,188.0,SYNTH-MES-A,1
2024-11-03 23:19:00+00:00,4912.5,4913.25,4911.5,4912.25,198.0,SYNTH-MES-A,1
2024-11-03 23:20:00+00:00,4912.25,4912.5,4911.75,4911.75,195.0,SYNTH-MES-A,1
2024-11-03 23:21:00+00:00,4911.75,4912.0,4911.0,4911.25,207.0,SYNTH-MES-A,1
2024-11-03 23:22:00+00:00,4911.25,4911.75,4911.0,4911.75,199.0,SYNTH-MES-A,1
2024-11-03 23:23:00+00:00,4911.75,4912.75,4911.75,4912.5,191.0,SYNTH-MES-A,1
2024-11-03 23:24:00+00:00,4912.5,4912.75,4909.75,4910.75,189.0,SYNTH-MES-A,1
2024-11-03 23:25:00+00:00,4910.75,4910.75,4910.25,4910.5,186.0,SYNTH-MES-A,1
2024-11-03 23:26:00+00:00,4910.5,4911.0,4910.25,4910.75,182.0,SYNTH-MES-A,1
2024-11-03 23:27:00+00:00,4910.75,4911.25,4910.5,4911.0,183.0,SYNTH-MES-A,1
2024-11-03 23:28:00+00:00,4911.0,4911.25,4910.75,4910.75,208.0,SYNTH-MES-A,1
2024-11-03 23:29:00+00:00,4910.75,4910.75,4908.75,4909.5,184.0,SYNTH-MES-A,1
2024-11-03 23:30:00+00:00,4909.5,4909.75,4909.5,4909.5,216.0,SYNTH-MES-A,1
2024-11-03 23:31:00+00:00,4909.5,4910.0,4908.75,4908.75,192.0,SYNTH-MES-A,1
2024-11-03 23:32:00+00:00,4908.75,4909.0,4908.0,4908.25,200.0,SYNTH-MES-A,1
2024-11-03 23:33:00+00:00,4908.25,4908.5,4907.5,4907.75,206.0,SYNTH-MES-A,1
2024-11-03 23:34:00+00:00,4907.75,4908.0,4907.5,4907.5,190.0,SYNTH-MES-A,1
2024-11-03 23:35:00+00:00,4907.5,4908.75,4907.25,4908.0,175.0,SYNTH-MES-A,1
2024-11-03 23:36:00+00:00,4908.0,4908.25,4907.75,4907.75,187.0,SYNTH-MES-A,1
2024-11-03 23:37:00+00:00,4907.75,4909.5,4907.75,4908.75,181.0,SYNTH-MES-A,1
2024-11-03 23:38:00+00:00,4908.75,4909.5,4908.5,4909.5,193.0,SYNTH-MES-A,1
2024-11-03 23:39:00+00:00,4909.5,4911.25,4909.0,4910.75,186.0,SYNTH-MES-A,1
2024-11-03 23:40:00+00:00,4910.75,4911.25,4910.5,4911.25,188.0,SYNTH-MES-A,1
2024-11-03 23:41:00+00:00,4911.25,4911.25,4909.75,4910.5,201.0,SYNTH-MES-A,1
2024-11-03 23:42:00+00:00,4910.5,4911.0,4909.0,4909.0,172.0,SYNTH-MES-A,1
2024-11-03 23:43:00+00:00,4909.0,4910.5,4908.75,4909.25,216.0,SYNTH-MES-A,1
2024-11-03 23:44:00+00:00,4909.25,4911.0,4909.25,4911.0,200.0,SYNTH-MES-A,1
2024-11-03 23:45:00+00:00,4911.0,4911.5,4910.0,4910.5,187.0,SYNTH-MES-A,1
2024-11-03 23:46:00+00:00,4910.5,4910.75,4910.25,4910.5,191.0,SYNTH-MES-A,1
2024-11-03 23:47:00+00:00,4910.5,4911.5,4910.25,4911.25,186.0,SYNTH-MES-A,1
2024-11-03 23:48:00+00:00,4911.25,4911.25,4909.25,4909.75,176.0,SYNTH-MES-A,1
2024-11-03 23:49:00+00:00,4909.75,4909.75,4909.25,4909.5,198.0,SYNTH-MES-A,1
2024-11-03 23:50:00+00:00,4909.5,4909.5,4908.5,4909.0,206.0,SYNTH-MES-A,1
2024-11-03 23:51:00+00:00,4909.0,4909.0,4907.75,4908.0,204.0,SYNTH-MES-A,1
2024-11-03 23:52:00+00:00,4908.0,4908.25,4907.75,4907.75,219.0,SYNTH-MES-A,1
2024-11-03 23:53:00+00:00,4907.75,4908.5,4907.75,4908.25,196.0,SYNTH-MES-A,1
2024-11-03 23:54:00+00:00,4908.25,4908.75,4906.5,4906.75,194.0,SYNTH-MES-A,1
2024-11-03 23:55:00+00:00,4906.75,4907.0,4906.5,4906.75,207.0,SYNTH-MES-A,1
2024-11-03 23:56:00+00:00,4906.75,4907.0,4905.75,4906.0,207.0,SYNTH-MES-A,1
2024-11-03 23:57:00+00:00,4906.0,4906.0,4905.0,4905.25,201.0,SYNTH-MES-A,1
2024-11-03 23:58:00+00:00,4905.25,4905.5,4904.0,4904.25,196.0,SYNTH-MES-A,1
2024-11-03 23:59:00+00:00,4904.25,4905.0,4904.0,4904.75,222.0,SYNTH-MES-A,1
2024-11-04 00:00:00+00:00,4904.75,4905.75,4904.75,4905.0,208.0,SYNTH-MES-A,1
2024-11-04 00:01:00+00:00,4905.0,4905.5,4904.75,4905.25,200.0,SYNTH-MES-A,1
2024-11-04 00:02:00+00:00,4905.25,4906.25,4903.75,4904.25,211.0,SYNTH-MES-A,1
2024-11-04 00:03:00+00:00,4904.25,4906.0,4904.25,4905.5,190.0,SYNTH-MES-A,1
2024-11-04 00:04:00+00:00,4905.5,4905.5,4905.0,4905.25,202.0,SYNTH-MES-A,1
2024-11-04 00:05:00+00:00,4905.25,4906.0,4905.25,4905.75,215.0,SYNTH-MES-A,1
2024-11-04 00:06:00+00:00,4905.75,4906.75,4905.75,4906.75,213.0,SYNTH-MES-A,1
2024-11-04 00:07:00+00:00,4906.75,4909.0,4906.75,4908.75,208.0,SYNTH-MES-A,1
2024-11-04 00:08:00+00:00,4908.75,4910.5,4908.75,4910.0,185.0,SYNTH-MES-A,1
2024-11-04 00:09:00+00:00,4910.0,4911.0,4910.0,4910.75,195.0,SYNTH-MES-A,1
2024-11-04 00:10:00+00:00,4910.75,4911.25,4910.75,4911.25,210.0,SYNTH-MES-A,1
2024-11-04 00:11:00+00:00,4911.25,4911.25,4910.25,4911.0,191.0,SYNTH-MES-A,1
2024-11-04 00:12:00+00:00,4911.0,4912.5,4911.0,4912.5,212.0,SYNTH-MES-A,1
2024-11-04 00:13:00+00:00,4912.5,4912.75,4912.0,4912.5,193.0,SYNTH-MES-A,1
2024-11-04 00:14:00+00:00,4912.5,4912.75,4912.25,4912.25,204.0,SYNTH-MES-A,1
2024-11-04 00:15:00+00:00,4912.25,4913.0,4911.75,4913.0,215.0,SYNTH-MES-A,1
2024-11-04 00:16:00+00:00,4913.0,4913.25,4912.0,4912.75,191.0,SYNTH-MES-A,1
2024-11-04 00:17:00+00:00,4912.75,4912.75,4912.0,4912.25,192.0,SYNTH-MES-A,1
2024-11-04 00:18:00+00:00,4912.25,4913.75,4912.25,4913.5,214.0,SYNTH-MES-A,1
2024-11-04 00:19:00+00:00,4913.5,4913.75,4912.75,4913.0,195.0,SYNTH-MES-A,1
2024-11-04 00:20:00+00:00,4913.0,4913.0,4912.25,4912.25,218.0,SYNTH-MES-A,1
2024-11-04 00:21:00+00:00,4912.25,4913.25,4912.25,4912.75,185.0,SYNTH-MES-A,1
2024-11-04 00:22:00+00:00,4912.75,4912.75,4912.0,4912.25,202.0,SYNTH-MES-A,1
2024-11-04 00:23:00+00:00,4912.25,4913.5,4912.25,4913.25,220.0,SYNTH-MES-A,1
2024-11-04 00:24:00+00:00,4913.25,4913.5,4913.0,4913.25,194.0,SYNTH-MES-A,1
2024-11-04 00:25:00+00:00,4913.25,4915.0,4913.0,4914.5,203.0,SYNTH-MES-A,1
2024-11-04 00:26:00+00:00,4914.5,4914.5,4913.75,4913.75,202.0,SYNTH-MES-A,1
2024-11-04 00:27:00+00:00,4913.75,4914.25,4913.75,4914.0,227.0,SYNTH-MES-A,1
2024-11-04 00:28:00+00:00,4914.0,4914.5,4913.5,4914.5,205.0,SYNTH-MES-A,1
2024-11-04 00:29:00+00:00,4914.5,4914.75,4914.0,4914.25,183.0,SYNTH-MES-A,1
2024-11-04 00:30:00+00:00,4914.25,4914.25,4914.0,4914.25,176.0,SYNTH-MES-A,1
2024-11-04 00:31:00+00:00,4914.25,4915.0,4914.25,4914.75,157.0,SYNTH-MES-A,1
2024-11-04 00:32:00+00:00,4914.75,4915.0,4914.25,4914.5,200.0,SYNTH-MES-A,1
2024-11-04 00:33:00+00:00,4914.5,4914.5,4914.25,4914.5,207.0,SYNTH-MES-A,1
2024-11-04 00:34:00+00:00,4914.5,4914.5,4913.75,4914.25,190.0,SYNTH-MES-A,1
2024-11-04 00:35:00+00:00,4914.25,4914.5,4914.25,4914.5,221.0,SYNTH-MES-A,1
2024-11-04 00:36:00+00:00,4914.5,4914.5,4913.0,4914.0,203.0,SYNTH-MES-A,1
2024-11-04 00:37:00+00:00,4914.0,4914.25,4913.25,4913.25,199.0,SYNTH-MES-A,1
2024-11-04 00:38:00+00:00,4913.25,4913.75,4912.5,4913.5,193.0,SYNTH-MES-A,1
2024-11-04 00:39:00+00:00,4913.5,4915.0,4913.5,4914.75,195.0,SYNTH-MES-A,1
2024-11-04 00:40:00+00:00,4914.75,4915.5,4914.75,4915.25,193.0,SYNTH-MES-A,1
2024-11-04 00:41:00+00:00,4915.25,4915.25,4914.75,4915.0,214.0,SYNTH-MES-A,1
2024-11-04 00:42:00+00:00,4915.0,4916.0,4914.75,4915.25,217.0,SYNTH-MES-A,1
2024-11-04 00:43:00+00:00,4915.25,4915.25,4913.0,4913.0,194.0,SYNTH-MES-A,1
2024-11-04 00:44:00+00:00,4913.0,4913.75,4912.75,4913.75,216.0,SYNTH-MES-A,1
2024-11-04 00:45:00+00:00,4913.75,4914.25,4913.75,4914.25,225.0,SYNTH-MES-A,1
2024-11-04 00:46:00+00:00,4914.25,4914.25,4914.0,4914.25,190.0,SYNTH-MES-A,1
2024-11-04 00:47:00+00:00,4914.25,4914.25,4913.75,4913.75,208.0,SYNTH-MES-A,1
2024-11-04 00:48:00+00:00,4913.75,4916.0,4913.25,4915.75,184.0,SYNTH-MES-A,1
2024-11-04 00:49:00+00:00,4915.75,4915.75,4914.5,4914.75,175.0,SYNTH-MES-A,1
2024-11-04 00:50:00+00:00,4914.75,4915.0,4914.25,4914.25,203.0,SYNTH-MES-A,1
2024-11-04 00:51:00+00:00,4914.25,4914.5,4914.25,4914.25,199.0,SYNTH-MES-A,1
2024-11-04 00:52:00+00:00,4914.25,4915.0,4913.25,4914.75,193.0,SYNTH-MES-A,1
2024-11-04 00:53:00+00:00,4914.75,4915.0,4914.75,4914.75,207.0,SYNTH-MES-A,1
2024-11-04 00:54:00+00:00,4914.75,4915.5,4914.75,4915.25,196.0,SYNTH-MES-A,1
2024-11-04 00:55:00+00:00,4915.25,4916.0,4915.0,4915.75,194.0,SYNTH-MES-A,1
2024-11-04 00:56:00+00:00,4915.75,4915.75,4915.25,4915.5,181.0,SYNTH-MES-A,1
2024-11-04 00:57:00+00:00,4915.5,4915.75,4915.25,4915.75,212.0,SYNTH-MES-A,1
2024-11-04 00:58:00+00:00,4915.75,4916.25,4915.5,4916.0,191.0,SYNTH-MES-A,1
2024-11-04 00:59:00+00:00,4916.0,4917.5,4916.0,4916.75,204.0,SYNTH-MES-A,1
2024-11-04 01:00:00+00:00,4916.75,4917.0,4915.75,4916.0,184.0,SYNTH-MES-A,1
2024-11-04 01:01:00+00:00,4916.0,4916.5,4915.5,4916.25,225.0,SYNTH-MES-A,1
2024-11-04 01:02:00+00:00,4916.25,4917.0,4916.25,4916.5,170.0,SYNTH-MES-A,1
2024-11-04 01:03:00+00:00,4916.5,4916.5,4916.5,4916.5,224.0,SYNTH-MES-A,1
2024-11-04 01:04:00+00:00,4916.5,4916.75,4915.0,4916.0,222.0,SYNTH-MES-A,1
2024-11-04 01:05:00+00:00,4916.0,4916.0,4916.0,4916.0,196.0,SYNTH-MES-A,1
2024-11-04 01:06:00+00:00,4916.0,4916.5,4915.25,4915.25,224.0,SYNTH-MES-A,1
2024-11-04 01:07:00+00:00,4915.25,4915.5,4914.75,4915.5,203.0,SYNTH-MES-A,1
2024-11-04 01:08:00+00:00,4915.5,4916.0,4914.5,4914.5,199.0,SYNTH-MES-A,1
2024-11-04 01:09:00+00:00,4914.5,4914.5,4913.0,4914.0,195.0,SYNTH-MES-A,1
2024-11-04 01:10:00+00:00,4914.0,4914.75,4914.0,4914.75,200.0,SYNTH-MES-A,1
2024-11-04 01:11:00+00:00,4914.75,4915.75,4914.75,4915.75,204.0,SYNTH-MES-A,1
2024-11-04 01:12:00+00:00,4915.75,4916.0,4915.5,4915.75,227.0,SYNTH-MES-A,1
2024-11-04 01:13:00+00:00,4915.75,4915.75,4915.25,4915.5,204.0,SYNTH-MES-A,1
2024-11-04 01:14:00+00:00,4915.5,4916.25,4915.25,4915.75,200.0,SYNTH-MES-A,1
2024-11-04 01:15:00+00:00,4915.75,4915.75,4914.5,4914.75,245.0,SYNTH-MES-A,1
2024-11-04 01:16:00+00:00,4914.75,4916.25,4914.0,4915.5,204.0,SYNTH-MES-A,1
2024-11-04 01:17:00+00:00,4915.5,4915.5,4914.0,4914.75,216.0,SYNTH-MES-A,1
2024-11-04 01:18:00+00:00,4914.75,4915.0,4914.5,4914.75,198.0,SYNTH-MES-A,1
2024-11-04 01:19:00+00:00,4914.75,4915.0,4914.25,4914.5,176.0,SYNTH-MES-A,1
2024-11-04 01:20:00+00:00,4914.5,4915.25,4914.25,4915.25,200.0,SYNTH-MES-A,1
2024-11-04 01:21:00+00:00,4915.25,4915.25,4914.75,4915.0,196.0,SYNTH-MES-A,1
2024-11-04 01:22:00+00:00,4915.0,4916.0,4915.0,4915.75,198.0,SYNTH-MES-A,1
2024-11-04 01:23:00+00:00,4915.75,4915.75,4915.5,4915.5,197.0,SYNTH-MES-A,1
2024-11-04 01:24:00+00:00,4915.5,4915.5,4914.75,4915.0,208.0,SYNTH-MES-A,1
2024-11-04 01:25:00+00:00,4915.0,4915.0,4915.0,4915.0,177.0,SYNTH-MES-A,1
2024-11-04 01:26:00+00:00,4915.0,4915.5,4915.0,4915.5,206.0,SYNTH-MES-A,1
2024-11-04 01:27:00+00:00,4915.5,4916.5,4914.75,4916.5,197.0,SYNTH-MES-A,1
2024-11-04 01:28:00+00:00,4916.5,4916.75,4916.0,4916.5,192.0,SYNTH-MES-A,1
2024-11-04 01:29:00+00:00,4916.5,4917.75,4916.25,4917.75,202.0,SYNTH-MES-A,1
2024-11-04 01:30:00+00:00,4917.75,4918.0,4917.0,4917.25,187.0,SYNTH-MES-A,1
2024-11-04 01:31:00+00:00,4917.25,4918.25,4916.75,4916.75,191.0,SYNTH-MES-A,1
2024-11-04 01:32:00+00:00,4916.75,4916.75,4915.5,4915.75,196.0,SYNTH-MES-A,1
2024-11-04 01:33:00+00:00,4915.75,4915.75,4915.5,4915.5,176.0,SYNTH-MES-A,1
2024-11-04 01:34:00+00:00,4915.5,4916.0,4914.0,4914.25,209.0,SYNTH-MES-A,1
2024-11-04 01:35:00+00:00,4914.25,4915.0,4914.25,4915.0,181.0,SYNTH-MES-A,1
2024-11-04 01:36:00+00:00,4915.0,4916.0,4914.0,4916.0,193.0,SYNTH-MES-A,1
2024-11-04 01:37:00+00:00,4916.0,4916.5,4916.0,4916.25,217.0,SYNTH-MES-A,1
2024-11-04 01:38:00+00:00,4916.25,4917.0,4915.75,4917.0,219.0,SYNTH-MES-A,1
2024-11-04 01:39:00+00:00,4917.0,4917.5,4917.0,4917.25,198.0,SYNTH-MES-A,1
2024-11-04 01:40:00+00:00,4917.25,4917.5,4916.75,4917.0,176.0,SYNTH-MES-A,1
2024-11-04 01:41:00+00:00,4917.0,4917.0,4917.0,4917.0,237.0,SYNTH-MES-A,1
2024-11-04 01:42:00+00:00,4917.0,4917.0,4916.0,4916.25,157.0,SYNTH-MES-A,1
2024-11-04 01:43:00+00:00,4916.25,4916.5,4916.0,4916.5,214.0,SYNTH-MES-A,1
2024-11-04 01:44:00+00:00,4916.5,4917.5,4916.5,4917.25,201.0,SYNTH-MES-A,1
2024-11-04 01:45:00+00:00,4917.25,4918.5,4915.5,4916.25,208.0,SYNTH-MES-A,1
2024-11-04 01:46:00+00:00,4916.25,4916.25,4915.75,4916.25,188.0,SYNTH-MES-A,1
2024-11-04 01:47:00+00:00,4916.25,4916.5,4915.5,4916.0,192.0,SYNTH-MES-A,1
2024-11-04 01:48:00+00:00,4916.0,4916.25,4916.0,4916.0,213.0,SYNTH-MES-A,1
2024-11-04 01:49:00+00:00,4916.0,4916.0,4915.75,4915.75,201.0,SYNTH-MES-A,1
2024-11-04 01:50:00+00:00,4915.75,4916.0,4915.0,4915.0,199.0,SYNTH-MES-A,1
2024-11-04 01:51:00+00:00,4915.0,4915.0,4915.0,4915.0,180.0,SYNTH-MES-A,1
2024-11-04 01:52:00+00:00,4915.0,4916.75,4914.5,4916.25,200.0,SYNTH-MES-A,1
2024-11-04 01:53:00+00:00,4916.25,4916.25,4914.75,4915.5,210.0,SYNTH-MES-A,1
2024-11-04 01:54:00+00:00,4915.5,4915.5,4914.75,4915.0,173.0,SYNTH-MES-A,1
2024-11-04 01:55:00+00:00,4915.0,4916.5,4914.75,4916.0,185.0,SYNTH-MES-A,1
2024-11-04 01:56:00+00:00,4916.0,4916.0,4914.75,4915.75,226.0,SYNTH-MES-A,1
2024-11-04 01:57:00+00:00,4915.75,4916.5,4915.75,4916.25,174.0,SYNTH-MES-A,1
2024-11-04 01:58:00+00:00,4916.25,4916.5,4915.5,4915.5,192.0,SYNTH-MES-A,1
2024-11-04 01:59:00+00:00,4915.5,4916.0,4915.5,4915.5,210.0,SYNTH-MES-A,1
2024-11-04 02:00:00+00:00,4915.5,4916.25,4914.75,4916.0,196.0,SYNTH-MES-A,1
2024-11-04 02:01:00+00:00,4916.0,4916.75,4916.0,4916.0,212.0,SYNTH-MES-A,1
2024-11-04 02:02:00+00:00,4916.0,4916.25,4914.75,4915.0,189.0,SYNTH-MES-A,1
2024-11-04 02:03:00+00:00,4915.0,4916.25,4915.0,4916.0,183.0,SYNTH-MES-A,1
2024-11-04 02:04:00+00:00,4916.0,4916.25,4915.0,4915.75,181.0,SYNTH-MES-A,1
2024-11-04 02:05:00+00:00,4915.75,4916.75,4915.75,4916.5,228.0,SYNTH-MES-A,1
2024-11-04 02:06:00+00:00,4916.5,4916.75,4915.75,4915.75,212.0,SYNTH-MES-A,1
2024-11-04 02:07:00+00:00,4915.75,4916.5,4915.5,4916.25,209.0,SYNTH-MES-A,1
2024-11-04 02:08:00+00:00,4916.25,4916.75,4915.75,4916.0,190.0,SYNTH-MES-A,1
2024-11-04 02:09:00+00:00,4916.0,4917.25,4915.75,4917.25,209.0,SYNTH-MES-A,1
2024-11-04 02:10:00+00:00,4917.25,4917.5,4915.75,4916.75,202.0,SYNTH-MES-A,1
2024-11-04 02:11:00+00:00,4916.75,4916.75,4916.5,4916.75,205.0,SYNTH-MES-A,1
2024-11-04 02:12:00+00:00,4916.75,4916.75,4916.25,4916.5,228.0,SYNTH-MES-A,1
2024-11-04 02:13:00+00:00,4916.5,4917.0,4915.5,4915.75,195.0,SYNTH-MES-A,1
2024-11-04 02:14:00+00:00,4915.75,4915.75,4914.0,4915.0,213.0,SYNTH-MES-A,1
2024-11-04 02:15:00+00:00,4915.0,4915.25,4913.5,4914.25,222.0,SYNTH-MES-A,1
2024-11-04 02:16:00+00:00,4914.25,4915.0,4914.0,4914.75,185.0,SYNTH-MES-A,1
2024-11-04 02:17:00+00:00,4914.75,4916.0,4914.75,4915.75,214.0,SYNTH-MES-A,1
2024-11-04 02:18:00+00:00,4915.75,4917.75,4915.5,4916.75,193.0,SYNTH-MES-A,1
2024-11-04 02:19:00+00:00,4916.75,4917.0,4916.5,4916.75,188.0,SYNTH-MES-A,1
2024-11-04 02:20:00+00:00,4916.75,4917.5,4916.75,4917.25,182.0,SYNTH-MES-A,1
2024-11-04 02:21:00+00:00,4917.25,4918.0,4916.5,4918.0,198.0,SYNTH-MES-A,1
2024-11-04 02:22:00+00:00,4918.0,4918.5,4917.5,4918.5,184.0,SYNTH-MES-A,1
2024-11-04 02:23:00+00:00,4918.5,4918.75,4918.25,4918.75,168.0,SYNTH-MES-A,1
2024-11-04 02:24:00+00:00,4918.75,4919.25,4918.0,4918.25,193.0,SYNTH-MES-A,1
2024-11-04 02:25:00+00:00,4918.25,4919.75,4918.25,4919.25,205.0,SYNTH-MES-A,1
2024-11-04 02:26:00+00:00,4919.25,4919.25,4917.75,4918.0,211.0,SYNTH-MES-A,1
2024-11-04 02:27:00+00:00,4918.0,4918.25,4917.75,4918.25,202.0,SYNTH-MES-A,1
2024-11-04 02:28:00+00:00,4918.25,4918.25,4917.25,4917.5,205.0,SYNTH-MES-A,1
2024-11-04 02:29:00+00:00,4917.5,4920.0,4917.5,4918.75,192.0,SYNTH-MES-A,1
2024-11-04 02:30:00+00:00,4918.75,4919.25,4917.5,4918.5,231.0,SYNTH-MES-A,1
2024-11-04 02:31:00+00:00,4918.5,4918.5,4917.75,4917.75,187.0,SYNTH-MES-A,1
2024-11-04 02:32:00+00:00,4917.75,4918.5,4917.5,4918.5,205.0,SYNTH-MES-A,1
2024-11-04 02:33:00+00:00,4918.5,4919.0,4917.75,4918.0,185.0,SYNTH-MES-A,1
2024-11-04 02:34:00+00:00,4918.0,4919.25,4917.25,4919.0,208.0,SYNTH-MES-A,1
2024-11-04 02:35:00+00:00,4919.0,4920.25,4918.75,4920.25,195.0,SYNTH-MES-A,1
2024-11-04 02:36:00+00:00,4920.25,4920.75,4918.25,4918.25,169.0,SYNTH-MES-A,1
2024-11-04 02:37:00+00:00,4918.25,4918.5,4917.25,4917.5,208.0,SYNTH-MES-A,1
2024-11-04 02:38:00+00:00,4917.5,4918.75,4917.0,4917.75,210.0,SYNTH-MES-A,1
2024-11-04 02:39:00+00:00,4917.75,4918.0,4917.5,4917.75,204.0,SYNTH-MES-A,1
2024-11-04 02:40:00+00:00,4917.75,4918.25,4916.75,4917.0,172.0,SYNTH-MES-A,1
2024-11-04 02:41:00+00:00,4917.0,4917.5,4916.75,4916.75,198.0,SYNTH-MES-A,1
2024-11-04 02:42:00+00:00,4916.75,4916.75,4915.5,4916.25,193.0,SYNTH-MES-A,1
2024-11-04 02:43:00+00:00,4916.25,4917.75,4915.75,4917.25,179.0,SYNTH-MES-A,1
2024-11-04 02:44:00+00:00,4917.25,4917.5,4917.0,4917.25,213.0,SYNTH-MES-A,1
2024-11-04 02:45:00+00:00,4917.25,4917.75,4917.25,4917.5,222.0,SYNTH-MES-A,1
2024-11-04 02:46:00+00:00,4917.5,4918.5,4917.25,4918.0,180.0,SYNTH-MES-A,1
2024-11-04 02:47:00+00:00,4918.0,4918.0,4917.5,4917.75,209.0,SYNTH-MES-A,1
2024-11-04 02:48:00+00:00,4917.75,4918.25,4917.75,4918.0,198.0,SYNTH-MES-A,1
2024-11-04 02:49:00+00:00,4918.0,4918.5,4917.75,4918.25,222.0,SYNTH-MES-A,1
2024-11-04 02:50:00+00:00,4918.25,4919.25,4918.0,4918.75,216.0,SYNTH-MES-A,1
2024-11-04 02:51:00+00:00,4918.75,4919.0,4918.5,4918.75,208.0,SYNTH-MES-A,1
2024-11-04 02:52:00+00:00,4918.75,4919.0,4918.75,4918.75,199.0,SYNTH-MES-A,1
2024-11-04 02:53:00+00:00,4918.75,4919.25,4916.5,4916.75,164.0,SYNTH-MES-A,1
2024-11-04 02:54:00+00:00,4916.75,4917.25,4916.5,4917.25,211.0,SYNTH-MES-A,1
2024-11-04 02:55:00+00:00,4917.25,4917.5,4916.75,4917.25,195.0,SYNTH-MES-A,1
2024-11-04 02:56:00+00:00,4917.25,4917.5,4916.75,4916.75,213.0,SYNTH-MES-A,1
2024-11-04 02:57:00+00:00,4916.75,4918.0,4916.75,4918.0,201.0,SYNTH-MES-A,1
2024-11-04 02:58:00+00:00,4918.0,4920.0,4917.75,4920.0,205.0,SYNTH-MES-A,1
2024-11-04 02:59:00+00:00,4920.0,4920.0,4918.25,4918.25,204.0,SYNTH-MES-A,1
2024-11-04 03:00:00+00:00,4918.25,4918.5,4917.75,4918.25,195.0,SYNTH-MES-A,1
2024-11-04 03:01:00+00:00,4918.25,4919.5,4918.25,4919.25,228.0,SYNTH-MES-A,1
2024-11-04 03:02:00+00:00,4919.25,4919.75,4919.0,4919.75,228.0,SYNTH-MES-A,1
2024-11-04 03:03:00+00:00,4919.75,4919.75,4919.0,4919.5,194.0,SYNTH-MES-A,1
2024-11-04 03:04:00+00:00,4919.5,4919.75,4919.25,4919.75,185.0,SYNTH-MES-A,1
2024-11-04 03:05:00+00:00,4919.75,4920.25,4919.5,4919.5,187.0,SYNTH-MES-A,1
2024-11-04 03:06:00+00:00,4919.5,4920.5,4919.5,4919.5,224.0,SYNTH-MES-A,1
2024-11-04 03:07:00+00:00,4919.5,4919.5,4918.25,4918.5,186.0,SYNTH-MES-A,1
2024-11-04 03:08:00+00:00,4918.5,4919.25,4918.25,4918.75,219.0,SYNTH-MES-A,1
2024-11-04 03:09:00+00:00,4918.75,4919.0,4917.0,4917.25,196.0,SYNTH-MES-A,1
2024-11-04 03:10:00+00:00,4917.25,4917.25,4916.25,4916.25,193.0,SYNTH-MES-A,1
2024-11-04 03:11:00+00:00,4916.25,4916.5,4915.75,4916.5,210.0,SYNTH-MES-A,1
2024-11-04 03:12:00+00:00,4916.5,4916.75,4915.5,4916.0,177.0,SYNTH-MES-A,1
2024-11-04 03:13:00+00:00,4916.0,4916.0,4915.0,4915.75,227.0,SYNTH-MES-A,1
2024-11-04 03:14:00+00:00,4915.75,4916.75,4915.25,4916.75,211.0,SYNTH-MES-A,1
2024-11-04 03:15:00+00:00,4916.75,4917.0,4916.0,4916.0,180.0,SYNTH-MES-A,1
2024-11-04 03:16:00+00:00,4916.0,4917.0,4915.75,4916.75,200.0,SYNTH-MES-A,1
2024-11-04 03:17:00+00:00,4916.75,4917.0,4916.75,4916.75,175.0,SYNTH-MES-A,1
2024-11-04 03:18:00+00:00,4916.75,4918.25,4916.25,4918.25,213.0,SYNTH-MES-A,1
2024-11-04 03:19:00+00:00,4918.25,4919.0,4918.0,4918.5,193.0,SYNTH-MES-A,1
2024-11-04 03:20:00+00:00,4918.5,4918.5,4918.0,4918.0,233.0,SYNTH-MES-A,1
2024-11-04 03:21:00+00:00,4918.0,4918.5,4918.0,4918.25,202.0,SYNTH-MES-A,1
2024-11-04 03:22:00+00:00,4918.25,4918.25,4917.75,4918.25,181.0,SYNTH-MES-A,1
2024-11-04 03:23:00+00:00,4918.25,4918.75,4917.75,4918.75,210.0,SYNTH-MES-A,1
2024-11-04 03:24:00+00:00,4918.75,4919.75,4918.5,4918.75,208.0,SYNTH-MES-A,1
2024-11-04 03:25:00+00:00,4918.75,4918.75,4918.25,4918.75,218.0,SYNTH-MES-A,1
2024-11-04 03:26:00+00:00,4918.75,4918.75,4917.5,4917.75,200.0,SYNTH-MES-A,1
2024-11-04 03:27:00+00:00,4917.75,4918.25,4917.5,4918.25,198.0,SYNTH-MES-A,1
2024-11-04 03:28:00+00:00,4918.25,4918.5,4917.75,4917.75,192.0,SYNTH-MES-A,1
2024-11-04 03:29:00+00:00,4917.75,4918.0,4917.75,4917.75,188.0,SYNTH-MES-A,1
2024-11-04 03:30:00+00:00,4917.75,4917.75,4917.5,4917.5,208.0,SYNTH-MES-A,1
2024-11-04 03:31:00+00:00,4917.5,4918.0,4917.5,4917.5,163.0,SYNTH-MES-A,1
2024-11-04 03:32:00+00:00,4917.5,4917.5,4916.5,4916.75,213.0,SYNTH-MES-A,1
2024-11-04 03:33:00+00:00,4916.75,4918.0,4916.75,4917.75,194.0,SYNTH-MES-A,1
2024-11-04 03:34:00+00:00,4917.75,4918.5,4917.5,4918.25,211.0,SYNTH-MES-A,1
2024-11-04 03:35:00+00:00,4918.25,4919.5,4918.25,4919.0,202.0,SYNTH-MES-A,1
2024-11-04 03:36:00+00:00,4919.0,4919.75,4918.0,4918.25,202.0,SYNTH-MES-A,1
2024-11-04 03:37:00+00:00,4918.25,4919.25,4918.25,4918.5,183.0,SYNTH-MES-A,1
2024-11-04 03:38:00+00:00,4918.5,4919.0,4917.5,4918.25,189.0,SYNTH-MES-A,1
2024-11-04 03:39:00+00:00,4918.25,4918.75,4918.0,4918.5,217.0,SYNTH-MES-A,1
2024-11-04 03:40:00+00:00,4918.5,4919.25,4918.25,4919.0,191.0,SYNTH-MES-A,1
2024-11-04 03:41:00+00:00,4919.0,4919.5,4919.0,4919.5,201.0,SYNTH-MES-A,1
2024-11-04 03:42:00+00:00,4919.5,4919.75,4918.75,4918.75,182.0,SYNTH-MES-A,1
2024-11-04 03:43:00+00:00,4918.75,4919.5,4918.75,4918.75,223.0,SYNTH-MES-A,1
2024-11-04 03:44:00+00:00,4918.75,4919.0,4917.75,4919.0,222.0,SYNTH-MES-A,1
2024-11-04 03:45:00+00:00,4919.0,4919.25,4919.0,4919.0,215.0,SYNTH-MES-A,1
2024-11-04 03:46:00+00:00,4919.0,4920.25,4918.75,4918.75,205.0,SYNTH-MES-A,1
2024-11-04 03:47:00+00:00,4918.75,4919.0,4918.5,4918.75,212.0,SYNTH-MES-A,1
2024-11-04 03:48:00+00:00,4918.75,4919.0,4917.5,4918.5,195.0,SYNTH-MES-A,1
2024-11-04 03:49:00+00:00,4918.5,4918.5,4918.0,4918.5,185.0,SYNTH-MES-A,1
2024-11-04 03:50:00+00:00,4918.5,4919.0,4918.5,4918.75,207.0,SYNTH-MES-A,1
2024-11-04 03:51:00+00:00,4918.75,4919.75,4918.75,4919.25,221.0,SYNTH-MES-A,1
2024-11-04 03:52:00+00:00,4919.25,4919.5,4918.5,4919.0,182.0,SYNTH-MES-A,1
2024-11-04 03:53:00+00:00,4919.0,4919.0,4917.75,4918.5,206.0,SYNTH-MES-A,1
2024-11-04 03:54:00+00:00,4918.5,4920.25,4918.25,4920.0,217.0,SYNTH-MES-A,1
2024-11-04 03:55:00+00:00,4920.0,4920.75,4919.25,4919.25,199.0,SYNTH-MES-A,1
2024-11-04 03:56:00+00:00,4919.25,4919.5,4919.0,4919.0,182.0,SYNTH-MES-A,1
2024-11-04 03:57:00+00:00,4919.0,4919.25,4918.0,4918.0,207.0,SYNTH-MES-A,1
2024-11-04 03:58:00+00:00,4918.0,4918.5,4917.5,4918.5,205.0,SYNTH-MES-A,1
2024-11-04 03:59:00+00:00,4918.5,4918.75,4918.5,4918.5,214.0,SYNTH-MES-A,1
2024-11-04 04:00:00+00:00,4918.5,4918.75,4917.0,4917.25,193.0,SYNTH-MES-A,1
2024-11-04 04:01:00+00:00,4917.25,4917.75,4916.75,4917.0,197.0,SYNTH-MES-A,1
2024-11-04 04:02:00+00:00,4917.0,4919.25,4916.75,4918.5,193.0,SYNTH-MES-A,1
2024-11-04 04:03:00+00:00,4918.5,4919.0,4918.25,4918.75,216.0,SYNTH-MES-A,1
2024-11-04 04:04:00+00:00,4918.75,4919.5,4918.25,4918.25,179.0,SYNTH-MES-A,1
2024-11-04 04:05:00+00:00,4918.25,4918.5,4918.0,4918.0,204.0,SYNTH-MES-A,1
2024-11-04 04:06:00+00:00,4918.0,4918.5,4917.5,4918.25,204.0,SYNTH-MES-A,1
2024-11-04 04:07:00+00:00,4918.25,4919.0,4918.0,4918.5,208.0,SYNTH-MES-A,1
2024-11-04 04:08:00+00:00,4918.5,4918.75,4918.25,4918.25,204.0,SYNTH-MES-A,1
2024-11-04 04:09:00+00:00,4918.25,4918.25,4917.5,4918.0,174.0,SYNTH-MES-A,1
2024-11-04 04:10:00+00:00,4918.0,4918.5,4917.5,4918.25,185.0,SYNTH-MES-A,1
2024-11-04 04:11:00+00:00,4918.25,4920.0,4918.25,4918.75,217.0,SYNTH-MES-A,1
2024-11-04 04:12:00+00:00,4918.75,4919.5,4918.75,4919.25,216.0,SYNTH-MES-A,1
2024-11-04 04:13:00+00:00,4919.25,4919.25,4919.0,4919.0,217.0,SYNTH-MES-A,1
2024-11-04 04:14:00+00:00,4919.0,4919.0,4918.5,4919.0,232.0,SYNTH-MES-A,1
2024-11-04 04:15:00+00:00,4919.0,4919.0,4918.25,4918.5,209.0,SYNTH-MES-A,1
2024-11-04 04:16:00+00:00,4918.5,4919.5,4918.25,4919.0,161.0,SYNTH-MES-A,1
2024-11-04 04:17:00+00:00,4919.0,4919.5,4919.0,4919.25,197.0,SYNTH-MES-A,1
2024-11-04 04:18:00+00:00,4919.25,4919.25,4918.25,4918.5,186.0,SYNTH-MES-A,1
2024-11-04 04:19:00+00:00,4918.5,4918.75,4918.25,4918.75,188.0,SYNTH-MES-A,1
2024-11-04 04:20:00+00:00,4918.75,4919.25,4918.5,4918.5,200.0,SYNTH-MES-A,1
2024-11-04 04:21:00+00:00,4918.5,4920.25,4917.5,4917.5,199.0,SYNTH-MES-A,1
2024-11-04 04:22:00+00:00,4917.5,4917.5,4917.0,4917.25,188.0,SYNTH-MES-A,1
2024-11-04 04:23:00+00:00,4917.25,4917.75,4916.5,4916.75,191.0,SYNTH-MES-A,1
2024-11-04 04:24:00+00:00,4916.75,4917.5,4916.5,4917.5,211.0,SYNTH-MES-A,1
2024-11-04 04:25:00+00:00,4917.5,4917.75,4917.25,4917.5,205.0,SYNTH-MES-A,1
2024-11-04 04:26:00+00:00,4917.5,4917.5,4916.75,4917.0,191.0,SYNTH-MES-A,1
2024-11-04 04:27:00+00:00,4917.0,4918.0,4916.75,4918.0,208.0,SYNTH-MES-A,1
2024-11-04 04:28:00+00:00,4918.0,4918.0,4917.5,4917.75,202.0,SYNTH-MES-A,1
2024-11-04 04:29:00+00:00,4917.75,4918.25,4917.5,4917.5,210.0,SYNTH-MES-A,1
2024-11-04 04:30:00+00:00,4917.5,4918.0,4916.25,4916.5,192.0,SYNTH-MES-A,1
2024-11-04 04:31:00+00:00,4916.5,4918.25,4916.0,4918.0,186.0,SYNTH-MES-A,1
2024-11-04 04:32:00+00:00,4918.0,4919.25,4917.5,4919.0,198.0,SYNTH-MES-A,1
2024-11-04 04:33:00+00:00,4919.0,4920.0,4919.0,4919.75,245.0,SYNTH-MES-A,1
2024-11-04 04:34:00+00:00,4919.75,4920.25,4918.75,4918.75,210.0,SYNTH-MES-A,1
2024-11-04 04:35:00+00:00,4918.75,4920.5,4918.5,4919.25,211.0,SYNTH-MES-A,1
2024-11-04 04:36:00+00:00,4919.25,4919.25,4918.75,4919.0,192.0,SYNTH-MES-A,1
2024-11-04 04:37:00+00:00,4919.0,4919.25,4918.75,4919.0,179.0,SYNTH-MES-A,1
2024-11-04 04:38:00+00:00,4919.0,4919.75,4918.5,4919.5,206.0,SYNTH-MES-A,1
2024-11-04 04:39:00+00:00,4919.5,4921.0,4919.0,4920.75,170.0,SYNTH-MES-A,1
2024-11-04 04:40:00+00:00,4920.75,4921.25,4919.75,4920.75,231.0,SYNTH-MES-A,1
2024-11-04 04:41:00+00:00,4920.75,4921.0,4920.0,4920.5,191.0,SYNTH-MES-A,1
2024-11-04 04:42:00+00:00,4920.5,4922.25,4920.25,4922.25,210.0,SYNTH-MES-A,1
2024-11-04 04:43:00+00:00,4922.25,4923.0,4921.75,4923.0,210.0,SYNTH-MES-A,1
2024-11-04 04:44:00+00:00,4923.0,4923.25,4922.0,4922.0,203.0,SYNTH-MES-A,1
2024-11-04 04:45:00+00:00,4922.0,4922.75,4922.0,4922.75,207.0,SYNTH-MES-A,1
2024-11-04 04:46:00+00:00,4922.75,4923.0,4922.5,4922.75,222.0,SYNTH-MES-A,1
2024-11-04 04:47:00+00:00,4922.75,4922.75,4922.25,4922.5,191.0,SYNTH-MES-A,1
2024-11-04 04:48:00+00:00,4922.5,4923.0,4922.25,4922.75,195.0,SYNTH-MES-A,1
2024-11-04 04:49:00+00:00,4922.75,4923.25,4922.25,4922.75,202.0,SYNTH-MES-A,1
2024-11-04 04:50:00+00:00,4922.75,4923.5,4922.75,4923.5,218.0,SYNTH-MES-A,1
2024-11-04 04:51:00+00:00,4923.5,4923.75,4923.5,4923.5,209.0,SYNTH-MES-A,1
2024-11-04 04:52:00+00:00,4923.5,4923.5,4922.0,4922.5,211.0,SYNTH-MES-A,1
2024-11-04 04:53:00+00:00,4922.5,4923.0,4921.75,4921.75,179.0,SYNTH-MES-A,1
2024-11-04 04:54:00+00:00,4921.75,4922.25,4921.25,4921.75,202.0,SYNTH-MES-A,1
2024-11-04 04:55:00+00:00,4921.75,4922.25,4921.5,4922.25,172.0,SYNTH-MES-A,1
2024-11-04 04:56:00+00:00,4922.25,4922.75,4922.0,4922.75,209.0,SYNTH-MES-A,1
2024-11-04 04:57:00+00:00,4922.75,4922.75,4922.25,4922.25,200.0,SYNTH-MES-A,1
2024-11-04 04:58:00+00:00,4922.25,4922.25,4921.75,4922.25,214.0,SYNTH-MES-A,1
2024-11-04 04:59:00+00:00,4922.25,4922.75,4921.75,4922.25,195.0,SYNTH-MES-A,1
2024-11-04 05:00:00+00:00,4922.25,4924.25,4922.0,4923.5,209.0,SYNTH-MES-A,1
2024-11-04 05:01:00+00:00,4923.5,4924.0,4923.25,4924.0,208.0,SYNTH-MES-A,1
2024-11-04 05:02:00+00:00,4924.0,4924.0,4921.75,4922.75,193.0,SYNTH-MES-A,1
2024-11-04 05:03:00+00:00,4922.75,4923.75,4922.75,4923.0,170.0,SYNTH-MES-A,1
2024-11-04 05:04:00+00:00,4923.0,4923.0,4922.75,4922.75,190.0,SYNTH-MES-A,1
2024-11-04 05:05:00+00:00,4922.75,4924.75,4922.75,4923.75,199.0,SYNTH-MES-A,1
2024-11-04 05:06:00+00:00,4923.75,4924.25,4923.5,4924.25,211.0,SYNTH-MES-A,1
2024-11-04 05:07:00+00:00,4924.25,4924.75,4923.25,4924.0,199.0,SYNTH-MES-A,1
2024-11-04 05:08:00+00:00,4924.0,4924.75,4923.5,4923.75,194.0,SYNTH-MES-A,1
2024-11-04 05:09:00+00:00,4923.75,4924.0,4923.5,4924.0,216.0,SYNTH-MES-A,1
2024-11-04 05:10:00+00:00,4924.0,4925.0,4923.75,4924.75,197.0,SYNTH-MES-A,1
2024-11-04 05:11:00+00:00,4924.75,4925.5,4924.75,4925.5,205.0,SYNTH-MES-A,1
2024-11-04 05:12:00+00:00,4925.5,4926.5,4925.25,4926.5,197.0,SYNTH-MES-A,1
2024-11-04 05:13:00+00:00,4926.5,4927.25,4926.0,4927.0,216.0,SYNTH-MES-A,1
2024-11-04 05:14:00+00:00,4927.0,4927.75,4927.0,4927.25,205.0,SYNTH-MES-A,1
2024-11-04 05:15:00+00:00,4927.25,4928.75,4927.25,4928.5,185.0,SYNTH-MES-A,1
2024-11-04 05:16:00+00:00,4928.5,4929.0,4928.25,4928.25,197.0,SYNTH-MES-A,1
2024-11-04 05:17:00+00:00,4928.25,4928.25,4927.25,4927.5,179.0,SYNTH-MES-A,1
2024-11-04 05:18:00+00:00,4927.5,4927.5,4926.5,4927.0,190.0,SYNTH-MES-A,1
2024-11-04 05:19:00+00:00,4927.0,4927.0,4926.25,4926.75,194.0,SYNTH-MES-A,1
2024-11-04 05:20:00+00:00,4926.75,4926.75,4926.25,4926.25,206.0,SYNTH-MES-A,1
2024-11-04 05:21:00+00:00,4926.25,4926.5,4925.25,4925.75,196.0,SYNTH-MES-A,1
2024-11-04 05:22:00+00:00,4925.75,4926.25,4925.25,4925.75,173.0,SYNTH-MES-A,1
2024-11-04 05:23:00+00:00,4925.75,4926.0,4925.25,4925.5,220.0,SYNTH-MES-A,1
2024-11-04 05:24:00+00:00,4925.5,4925.75,4924.75,4925.0,214.0,SYNTH-MES-A,1
2024-11-04 05:25:00+00:00,4925.0,4925.25,4924.0,4924.25,201.0,SYNTH-MES-A,1
2024-11-04 05:26:00+00:00,4924.25,4924.75,4922.5,4923.75,200.0,SYNTH-MES-A,1
2024-11-04 05:27:00+00:00,4923.75,4924.25,4923.5,4923.5,205.0,SYNTH-MES-A,1
2024-11-04 05:28:00+00:00,4923.5,4924.5,4923.25,4924.25,195.0,SYNTH-MES-A,1
2024-11-04 05:29:00+00:00,4924.25,4924.75,4924.25,4924.5,182.0,SYNTH-MES-A,1
2024-11-04 05:30:00+00:00,4924.5,4926.0,4924.5,4925.25,198.0,SYNTH-MES-A,1
2024-11-04 05:31:00+00:00,4925.25,4925.25,4924.0,4924.0,212.0,SYNTH-MES-A,1
2024-11-04 05:32:00+00:00,4924.0,4924.0,4923.75,4924.0,199.0,SYNTH-MES-A,1
2024-11-04 05:33:00+00:00,4924.0,4924.5,4924.0,4924.5,219.0,SYNTH-MES-A,1
2024-11-04 05:34:00+00:00,4924.5,4924.75,4923.75,4924.0,195.0,SYNTH-MES-A,1
2024-11-04 05:35:00+00:00,4924.0,4924.0,4923.0,4924.0,191.0,SYNTH-MES-A,1
2024-11-04 05:36:00+00:00,4924.0,4924.25,4924.0,4924.25,193.0,SYNTH-MES-A,1
2024-11-04 05:37:00+00:00,4924.25,4924.5,4924.0,4924.0,203.0,SYNTH-MES-A,1
2024-11-04 05:38:00+00:00,4924.0,4925.0,4924.0,4924.75,196.0,SYNTH-MES-A,1
2024-11-04 05:39:00+00:00,4924.75,4925.0,4924.0,4925.0,204.0,SYNTH-MES-A,1
2024-11-04 05:40:00+00:00,4925.0,4926.0,4925.0,4925.75,199.0,SYNTH-MES-A,1
2024-11-04 05:41:00+00:00,4925.75,4926.0,4925.75,4926.0,202.0,SYNTH-MES-A,1
2024-11-04 05:42:00+00:00,4926.0,4926.0,4925.5,4925.75,221.0,SYNTH-MES-A,1
2024-11-04 05:43:00+00:00,4925.75,4926.0,4925.25,4925.75,208.0,SYNTH-MES-A,1
2024-11-04 05:44:00+00:00,4925.75,4925.75,4924.75,4924.75,209.0,SYNTH-MES-A,1
2024-11-04 05:45:00+00:00,4924.75,4925.5,4924.25,4925.25,212.0,SYNTH-MES-A,1
2024-11-04 05:46:00+00:00,4925.25,4925.5,4924.75,4925.0,194.0,SYNTH-MES-A,1
2024-11-04 05:47:00+00:00,4925.0,4925.25,4924.75,4925.25,198.0,SYNTH-MES-A,1
2024-11-04 05:48:00+00:00,4925.25,4926.25,4925.25,4926.25,199.0,SYNTH-MES-A,1
2024-11-04 05:49:00+00:00,4926.25,4926.25,4925.25,4925.75,213.0,SYNTH-MES-A,1
2024-11-04 05:50:00+00:00,4925.75,4926.75,4925.25,4926.75,177.0,SYNTH-MES-A,1
2024-11-04 05:51:00+00:00,4926.75,4927.75,4925.5,4925.75,224.0,SYNTH-MES-A,1
2024-11-04 05:52:00+00:00,4925.75,4925.75,4924.0,4924.5,181.0,SYNTH-MES-A,1
2024-11-04 05:53:00+00:00,4924.5,4925.0,4923.25,4923.75,190.0,SYNTH-MES-A,1
2024-11-04 05:54:00+00:00,4923.75,4925.0,4923.75,4924.75,189.0,SYNTH-MES-A,1
2024-11-04 05:55:00+00:00,4924.75,4924.75,4924.0,4924.25,210.0,SYNTH-MES-A,1
2024-11-04 05:56:00+00:00,4924.25,4924.25,4924.0,4924.25,218.0,SYNTH-MES-A,1
2024-11-04 05:57:00+00:00,4924.25,4925.75,4924.25,4925.0,209.0,SYNTH-MES-A,1
2024-11-04 05:58:00+00:00,4925.0,4925.0,4924.75,4924.75,209.0,SYNTH-MES-A,1
2024-11-04 05:59:00+00:00,4924.75,4925.5,4924.25,4924.25,184.0,SYNTH-MES-A,1
2024-11-04 06:00:00+00:00,4924.25,4924.75,4923.5,4923.5,214.0,SYNTH-MES-A,1
2024-11-04 06:01:00+00:00,4923.5,4923.5,4921.75,4923.0,205.0,SYNTH-MES-A,1
2024-11-04 06:02:00+00:00,4923.0,4924.5,4922.25,4922.5,177.0,SYNTH-MES-A,1
2024-11-04 06:03:00+00:00,4922.5,4922.5,4921.5,4922.0,206.0,SYNTH-MES-A,1
2024-11-04 06:04:00+00:00,4922.0,4922.25,4921.0,4921.25,201.0,SYNTH-MES-A,1
2024-11-04 06:05:00+00:00,4921.25,4922.5,4921.0,4922.5,200.0,SYNTH-MES-A,1
2024-11-04 06:06:00+00:00,4922.5,4922.5,4921.75,4922.0,204.0,SYNTH-MES-A,1
2024-11-04 06:07:00+00:00,4922.0,4922.5,4921.5,4922.5,187.0,SYNTH-MES-A,1
2024-11-04 06:08:00+00:00,4922.5,4924.0,4922.5,4923.5,202.0,SYNTH-MES-A,1
2024-11-04 06:09:00+00:00,4923.5,4923.5,4922.25,4922.75,198.0,SYNTH-MES-A,1
2024-11-04 06:10:00+00:00,4922.75,4922.75,4922.25,4922.75,208.0,SYNTH-MES-A,1
2024-11-04 06:11:00+00:00,4922.75,4923.25,4922.0,4923.25,194.0,SYNTH-MES-A,1
2024-11-04 06:12:00+00:00,4923.25,4923.25,4923.25,4923.25,164.0,SYNTH-MES-A,1
2024-11-04 06:13:00+00:00,4923.25,4923.75,4922.5,4923.75,191.0,SYNTH-MES-A,1
2024-11-04 06:14:00+00:00,4923.75,4924.0,4923.25,4923.5,193.0,SYNTH-MES-A,1
2024-11-04 06:15:00+00:00,4923.5,4923.75,4923.25,4923.25,203.0,SYNTH-MES-A,1
2024-11-04 06:16:00+00:00,4923.25,4923.5,4922.5,4922.75,204.0,SYNTH-MES-A,1
2024-11-04 06:17:00+00:00,4922.75,4922.75,4921.75,4921.75,197.0,SYNTH-MES-A,1
2024-11-04 06:18:00+00:00,4921.75,4922.5,4921.75,4922.25,195.0,SYNTH-MES-A,1
2024-11-04 06:19:00+00:00,4922.25,4922.5,4921.5,4922.0,214.0,SYNTH-MES-A,1
2024-11-04 06:20:00+00:00,4922.0,4922.75,4922.0,4922.75,206.0,SYNTH-MES-A,1
2024-11-04 06:21:00+00:00,4922.75,4923.75,4922.0,4923.5,222.0,SYNTH-MES-A,1
2024-11-04 06:22:00+00:00,4923.5,4923.5,4923.5,4923.5,198.0,SYNTH-MES-A,1
2024-11-04 06:23:00+00:00,4923.5,4923.5,4923.0,4923.0,194.0,SYNTH-MES-A,1
2024-11-04 06:24:00+00:00,4923.0,4923.0,4922.0,4922.75,197.0,SYNTH-MES-A,1
2024-11-04 06:25:00+00:00,4922.75,4924.0,4921.25,4921.5,198.0,SYNTH-MES-A,1
2024-11-04 06:26:00+00:00,4921.5,4921.75,4919.75,4920.0,179.0,SYNTH-MES-A,1
2024-11-04 06:27:00+00:00,4920.0,4921.5,4920.0,4920.75,200.0,SYNTH-MES-A,1
2024-11-04 06:28:00+00:00,4920.75,4921.25,4920.5,4921.25,208.0,SYNTH-MES-A,1
2024-11-04 06:29:00+00:00,4921.25,4922.0,4921.0,4922.0,180.0,SYNTH-MES-A,1
2024-11-04 06:30:00+00:00,4922.0,4922.75,4921.75,4922.25,200.0,SYNTH-MES-A,1
2024-11-04 06:31:00+00:00,4922.25,4922.75,4921.75,4922.5,197.0,SYNTH-MES-A,1
2024-11-04 06:32:00+00:00,4922.5,4924.0,4922.5,4923.25,191.0,SYNTH-MES-A,1
2024-11-04 06:33:00+00:00,4923.25,4923.5,4923.25,4923.5,187.0,SYNTH-MES-A,1
2024-11-04 06:34:00+00:00,4923.5,4924.25,4923.5,4924.0,180.0,SYNTH-MES-A,1
2024-11-04 06:35:00+00:00,4924.0,4924.25,4923.75,4924.0,206.0,SYNTH-MES-A,1
2024-11-04 06:36:00+00:00,4924.0,4924.25,4923.0,4923.25,209.0,SYNTH-MES-A,1
2024-11-04 06:37:00+00:00,4923.25,4923.75,4923.0,4923.25,210.0,SYNTH-MES-A,1
2024-11-04 06:38:00+00:00,4923.25,4923.5,4922.75,4923.0,193.0,SYNTH-MES-A,1
2024-11-04 06:39:00+00:00,4923.0,4924.25,4923.0,4924.0,196.0,SYNTH-MES-A,1
2024-11-04 06:40:00+00:00,4924.0,4924.25,4922.75,4923.75,189.0,SYNTH-MES-A,1
2024-11-04 06:41:00+00:00,4923.75,4923.75,4922.0,4922.0,205.0,SYNTH-MES-A,1
2024-11-04 06:42:00+00:00,4922.0,4922.75,4921.0,4921.25,248.0,SYNTH-MES-A,1
2024-11-04 06:43:00+00:00,4921.25,4922.0,4921.25,4922.0,200.0,SYNTH-MES-A,1
2024-11-04 06:44:00+00:00,4922.0,4923.0,4921.75,4922.75,196.0,SYNTH-MES-A,1
2024-11-04 06:45:00+00:00,4922.75,4925.0,4922.5,4924.75,198.0,SYNTH-MES-A,1
2024-11-04 06:46:00+00:00,4924.75,4924.75,4923.5,4923.75,203.0,SYNTH-MES-A,1
2024-11-04 06:47:00+00:00,4923.75,4923.75,4922.75,4923.0,218.0,SYNTH-MES-A,1
2024-11-04 06:48:00+00:00,4923.0,4923.25,4922.5,4922.75,197.0,SYNTH-MES-A,1
2024-11-04 06:49:00+00:00,4922.75,4922.75,4922.0,4922.25,183.0,SYNTH-MES-A,1
2024-11-04 06:50:00+00:00,4922.25,4923.5,4921.75,4923.25,208.0,SYNTH-MES-A,1
2024-11-04 06:51:00+00:00,4923.25,4923.5,4922.5,4922.5,215.0,SYNTH-MES-A,1
2024-11-04 06:52:00+00:00,4922.5,4923.25,4922.25,4923.0,189.0,SYNTH-MES-A,1
2024-11-04 06:53:00+00:00,4923.0,4923.5,4923.0,4923.5,214.0,SYNTH-MES-A,1
2024-11-04 06:54:00+00:00,4923.5,4923.5,4922.25,4922.25,206.0,SYNTH-MES-A,1
2024-11-04 06:55:00+00:00,4922.25,4922.25,4921.5,4921.5,201.0,SYNTH-MES-A,1
2024-11-04 06:56:00+00:00,4921.5,4922.75,4921.0,4922.5,191.0,SYNTH-MES-A,1
2024-11-04 06:57:00+00:00,4922.5,4923.25,4921.75,4922.75,196.0,SYNTH-MES-A,1
2024-11-04 06:58:00+00:00,4922.75,4922.75,4922.25,4922.5,184.0,SYNTH-MES-A,1
2024-11-04 06:59:00+00:00,4922.5,4922.75,4921.75,4922.75,190.0,SYNTH-MES-A,1
2024-11-04 07:00:00+00:00,4922.75,4923.0,4922.5,4922.5,204.0,SYNTH-MES-A,1
2024-11-04 07:01:00+00:00,4922.5,4922.5,4922.5,4922.5,200.0,SYNTH-MES-A,1
2024-11-04 07:02:00+00:00,4922.5,4923.75,4922.5,4923.75,185.0,SYNTH-MES-A,1
2024-11-04 07:03:00+00:00,4923.75,4925.0,4923.5,4925.0,197.0,SYNTH-MES-A,1
2024-11-04 07:04:00+00:00,4925.0,4925.25,4924.25,4924.75,209.0,SYNTH-MES-A,1
2024-11-04 07:05:00+00:00,4924.75,4925.75,4924.25,4925.0,205.0,SYNTH-MES-A,1
2024-11-04 07:06:00+00:00,4925.0,4925.25,4925.0,4925.25,202.0,SYNTH-MES-A,1
2024-11-04 07:07:00+00:00,4925.25,4925.25,4924.75,4924.75,194.0,SYNTH-MES-A,1
2024-11-04 07:08:00+00:00,4924.75,4924.75,4924.25,4924.5,228.0,SYNTH-MES-A,1
2024-11-04 07:09:00+00:00,4924.5,4925.5,4924.5,4925.0,224.0,SYNTH-MES-A,1
2024-11-04 07:10:00+00:00,4925.0,4926.5,4925.0,4926.5,205.0,SYNTH-MES-A,1
2024-11-04 07:11:00+00:00,4926.5,4927.5,4926.25,4927.25,207.0,SYNTH-MES-A,1
2024-11-04 07:12:00+00:00,4927.25,4928.0,4927.0,4928.0,227.0,SYNTH-MES-A,1
2024-11-04 07:13:00+00:00,4928.0,4928.25,4927.75,4927.75,181.0,SYNTH-MES-A,1
2024-11-04 07:14:00+00:00,4927.75,4928.25,4927.0,4927.25,228.0,SYNTH-MES-A,1
2024-11-04 07:15:00+00:00,4927.25,4927.25,4926.75,4927.0,202.0,SYNTH-MES-A,1
2024-11-04 07:16:00+00:00,4927.0,4928.0,4926.0,4926.5,181.0,SYNTH-MES-A,1
2024-11-04 07:17:00+00:00,4926.5,4927.5,4926.5,4926.75,227.0,SYNTH-MES-A,1
2024-11-04 07:18:00+00:00,4926.75,4928.0,4926.75,4928.0,192.0,SYNTH-MES-A,1
2024-11-04 07:19:00+00:00,4928.0,4928.25,4926.25,4927.0,191.0,SYNTH-MES-A,1
2024-11-04 07:20:00+00:00,4927.0,4928.5,4927.0,4928.0,208.0,SYNTH-MES-A,1
2024-11-04 07:21:00+00:00,4928.0,4928.5,4927.5,4928.0,185.0,SYNTH-MES-A,1
2024-11-04 07:22:00+00:00,4928.0,4928.75,4928.0,4928.5,207.0,SYNTH-MES-A,1
2024-11-04 07:23:00+00:00,4928.5,4928.75,4928.5,4928.75,195.0,SYNTH-MES-A,1
2024-11-04 07:24:00+00:00,4928.75,4930.0,4928.5,4929.5,192.0,SYNTH-MES-A,1
2024-11-04 07:25:00+00:00,4929.5,4930.0,4929.25,4929.25,194.0,SYNTH-MES-A,1
2024-11-04 07:26:00+00:00,4929.25,4929.25,4928.25,4928.75,212.0,SYNTH-MES-A,1
2024-11-04 07:27:00+00:00,4928.75,4930.25,4928.75,4930.0,200.0,SYNTH-MES-A,1
2024-11-04 07:28:00+00:00,4930.0,4930.0,4929.5,4929.75,203.0,SYNTH-MES-A,1
2024-11-04 07:29:00+00:00,4929.75,4930.75,4929.0,4930.5,171.0,SYNTH-MES-A,1
2024-11-04 07:30:00+00:00,4930.5,4930.5,4930.25,4930.5,207.0,SYNTH-MES-A,1
2024-11-04 07:31:00+00:00,4930.5,4930.75,4930.0,4930.0,233.0,SYNTH-MES-A,1
2024-11-04 07:32:00+00:00,4930.0,4930.5,4930.0,4930.5,205.0,SYNTH-MES-A,1
2024-11-04 07:33:00+00:00,4930.5,4930.5,4930.0,4930.5,210.0,SYNTH-MES-A,1
2024-11-04 07:34:00+00:00,4930.5,4931.25,4930.5,4931.0,213.0,SYNTH-MES-A,1
2024-11-04 07:35:00+00:00,4931.0,4931.0,4930.5,4930.75,219.0,SYNTH-MES-A,1
2024-11-04 07:36:00+00:00,4930.75,4931.25,4930.75,4931.0,174.0,SYNTH-MES-A,1
2024-11-04 07:37:00+00:00,4931.0,4932.0,4929.75,4931.75,182.0,SYNTH-MES-A,1
2024-11-04 07:38:00+00:00,4931.75,4932.0,4931.75,4931.75,211.0,SYNTH-MES-A,1
2024-11-04 07:39:00+00:00,4931.75,4932.0,4931.5,4931.5,193.0,SYNTH-MES-A,1
2024-11-04 07:40:00+00:00,4931.5,4931.75,4930.75,4931.0,187.0,SYNTH-MES-A,1
2024-11-04 07:41:00+00:00,4931.0,4931.0,4929.0,4929.5,193.0,SYNTH-MES-A,1
2024-11-04 07:42:00+00:00,4929.5,4929.5,4927.5,4928.0,203.0,SYNTH-MES-A,1
2024-11-04 07:43:00+00:00,4928.0,4928.25,4927.0,4927.0,214.0,SYNTH-MES-A,1
2024-11-04 07:44:00+00:00,4927.0,4927.25,4925.0,4925.25,208.0,SYNTH-MES-A,1
2024-11-04 07:45:00+00:00,4925.25,4926.25,4925.0,4925.75,212.0,SYNTH-MES-A,1
2024-11-04 07:46:00+00:00,4925.75,4926.5,4925.5,4926.25,168.0,SYNTH-MES-A,1
2024-11-04 07:47:00+00:00,4926.25,4927.25,4926.25,4926.5,181.0,SYNTH-MES-A,1
2024-11-04 07:48:00+00:00,4926.5,4928.0,4925.5,4927.75,202.0,SYNTH-MES-A,1
2024-11-04 07:49:00+00:00,4927.75,4928.0,4926.75,4926.75,195.0,SYNTH-MES-A,1
2024-11-04 07:50:00+00:00,4926.75,4927.25,4926.25,4926.5,187.0,SYNTH-MES-A,1
2024-11-04 07:51:00+00:00,4926.5,4926.75,4926.25,4926.75,196.0,SYNTH-MES-A,1
2024-11-04 07:52:00+00:00,4926.75,4926.75,4926.0,4926.25,188.0,SYNTH-MES-A,1
2024-11-04 07:53:00+00:00,4926.25,4926.75,4926.25,4926.25,225.0,SYNTH-MES-A,1
2024-11-04 07:54:00+00:00,4926.25,4927.0,4926.0,4926.75,216.0,SYNTH-MES-A,1
2024-11-04 07:55:00+00:00,4926.75,4927.5,4925.5,4926.25,181.0,SYNTH-MES-A,1
2024-11-04 07:56:00+00:00,4926.25,4926.25,4925.75,4925.75,176.0,SYNTH-MES-A,1
2024-11-04 07:57:00+00:00,4925.75,4926.5,4925.75,4926.25,200.0,SYNTH-MES-A,1
2024-11-04 07:58:00+00:00,4926.25,4926.75,4925.5,4926.5,201.0,SYNTH-MES-A,1
2024-11-04 07:59:00+00:00,4926.5,4927.5,4926.0,4927.5,192.0,SYNTH-MES-A,1
2024-11-04 08:00:00+00:00,4927.5,4928.0,4927.25,4927.25,219.0,SYNTH-MES-A,1
2024-11-04 08:01:00+00:00,4927.25,4927.5,4926.75,4927.0,205.0,SYNTH-MES-A,1
2024-11-04 08:02:00+00:00,4927.0,4927.0,4925.5,4925.75,217.0,SYNTH-MES-A,1
2024-11-04 08:03:00+00:00,4925.75,4925.75,4925.25,4925.25,201.0,SYNTH-MES-A,1
2024-11-04 08:04:00+00:00,4925.25,4925.5,4925.0,4925.25,210.0,SYNTH-MES-A,1
2024-11-04 08:05:00+00:00,4925.25,4926.25,4922.75,4924.25,194.0,SYNTH-MES-A,1
2024-11-04 08:06:00+00:00,4924.25,4925.0,4924.25,4924.5,203.0,SYNTH-MES-A,1
2024-11-04 08:07:00+00:00,4924.5,4925.75,4924.0,4925.25,194.0,SYNTH-MES-A,1
2024-11-04 08:08:00+00:00,4925.25,4925.5,4925.25,4925.5,204.0,SYNTH-MES-A,1
2024-11-04 08:09:00+00:00,4925.5,4926.75,4924.5,4925.0,180.0,SYNTH-MES-A,1
2024-11-04 08:10:00+00:00,4925.0,4926.25,4924.25,4925.5,206.0,SYNTH-MES-A,1
2024-11-04 08:11:00+00:00,4925.5,4925.75,4924.0,4924.25,200.0,SYNTH-MES-A,1
2024-11-04 08:12:00+00:00,4924.25,4925.25,4924.25,4924.5,212.0,SYNTH-MES-A,1
2024-11-04 08:13:00+00:00,4924.5,4925.0,4923.75,4924.0,183.0,SYNTH-MES-A,1
2024-11-04 08:14:00+00:00,4924.0,4924.25,4923.75,4924.25,203.0,SYNTH-MES-A,1
2024-11-04 08:15:00+00:00,4924.25,4924.75,4924.0,4924.75,212.0,SYNTH-MES-A,1
2024-11-04 08:16:00+00:00,4924.75,4925.0,4923.75,4924.0,210.0,SYNTH-MES-A,1
2024-11-04 08:17:00+00:00,4924.0,4924.0,4921.25,4921.25,215.0,SYNTH-MES-A,1
2024-11-04 08:18:00+00:00,4921.25,4921.5,4920.75,4920.75,206.0,SYNTH-MES-A,1
2024-11-04 08:19:00+00:00,4920.75,4921.75,4920.0,4921.25,189.0,SYNTH-MES-A,1
2024-11-04 08:20:00+00:00,4921.25,4921.25,4919.5,4920.25,181.0,SYNTH-MES-A,1
2024-11-04 08:21:00+00:00,4920.25,4920.75,4919.25,4919.25,189.0,SYNTH-MES-A,1
2024-11-04 08:22:00+00:00,4919.25,4920.5,4919.25,4920.0,161.0,SYNTH-MES-A,1
2024-11-04 08:23:00+00:00,4920.0,4920.5,4920.0,4920.5,202.0,SYNTH-MES-A,1
2024-11-04 08:24:00+00:00,4920.5,4921.0,4920.25,4920.25,186.0,SYNTH-MES-A,1
2024-11-04 08:25:00+00:00,4920.25,4920.5,4919.5,4920.0,199.0,SYNTH-MES-A,1
2024-11-04 08:26:00+00:00,4920.0,4920.25,4918.0,4918.5,197.0,SYNTH-MES-A,1
2024-11-04 08:27:00+00:00,4918.5,4919.5,4918.0,4919.5,208.0,SYNTH-MES-A,1
2024-11-04 08:28:00+00:00,4919.5,4920.75,4919.25,4920.5,206.0,SYNTH-MES-A,1
2024-11-04 08:29:00+00:00,4920.5,4920.75,4920.25,4920.5,190.0,SYNTH-MES-A,1
2024-11-04 08:30:00+00:00,4920.5,4921.25,4920.5,4921.0,200.0,SYNTH-MES-A,1
2024-11-04 08:31:00+00:00,4921.0,4921.0,4920.25,4920.5,184.0,SYNTH-MES-A,1
2024-11-04 08:32:00+00:00,4920.5,4920.5,4918.5,4919.5,192.0,SYNTH-MES-A,1
2024-11-04 08:33:00+00:00,4919.5,4920.25,4919.0,4919.75,212.0,SYNTH-MES-A,1
2024-11-04 08:34:00+00:00,4919.75,4920.0,4919.5,4919.75,205.0,SYNTH-MES-A,1
2024-11-04 08:35:00+00:00,4919.75,4920.75,4919.75,4920.5,184.0,SYNTH-MES-A,1
2024-11-04 08:36:00+00:00,4920.5,4920.75,4919.5,4919.5,199.0,SYNTH-MES-A,1
2024-11-04 08:37:00+00:00,4919.5,4919.5,4918.0,4918.5,196.0,SYNTH-MES-A,1
2024-11-04 08:38:00+00:00,4918.5,4919.75,4918.5,4919.5,194.0,SYNTH-MES-A,1
2024-11-04 08:39:00+00:00,4919.5,4921.75,4919.0,4920.75,206.0,SYNTH-MES-A,1
2024-11-04 08:40:00+00:00,4920.75,4922.0,4920.75,4922.0,206.0,SYNTH-MES-A,1
2024-11-04 08:41:00+00:00,4922.0,4922.0,4921.0,4921.0,200.0,SYNTH-MES-A,1
2024-11-04 08:42:00+00:00,4921.0,4921.5,4919.5,4919.75,192.0,SYNTH-MES-A,1
2024-11-04 08:43:00+00:00,4919.75,4920.0,4919.75,4919.75,211.0,SYNTH-MES-A,1
2024-11-04 08:44:00+00:00,4919.75,4922.25,4919.75,4921.25,230.0,SYNTH-MES-A,1
2024-11-04 08:45:00+00:00,4921.25,4922.5,4921.25,4922.25,183.0,SYNTH-MES-A,1
2024-11-04 08:46:00+00:00,4922.25,4922.5,4921.0,4921.5,195.0,SYNTH-MES-A,1
2024-11-04 08:47:00+00:00,4921.5,4921.5,4920.0,4920.5,187.0,SYNTH-MES-A,1
2024-11-04 08:48:00+00:00,4920.5,4922.75,4920.5,4922.5,217.0,SYNTH-MES-A,1
2024-11-04 08:49:00+00:00,4922.5,4923.5,4922.0,4922.25,189.0,SYNTH-MES-A,1
2024-11-04 08:50:00+00:00,4922.25,4924.0,4922.25,4923.25,210.0,SYNTH-MES-A,1
2024-11-04 08:51:00+00:00,4923.25,4923.5,4923.0,4923.5,190.0,SYNTH-MES-A,1
2024-11-04 08:52:00+00:00,4923.5,4923.75,4922.0,4922.25,218.0,SYNTH-MES-A,1
2024-11-04 08:53:00+00:00,4922.25,4922.25,4921.0,4921.25,214.0,SYNTH-MES-A,1
2024-11-04 08:54:00+00:00,4921.25,4921.25,4920.75,4920.75,192.0,SYNTH-MES-A,1
2024-11-04 08:55:00+00:00,4920.75,4921.0,4920.25,4920.75,208.0,SYNTH-MES-A,1
2024-11-04 08:56:00+00:00,4920.75,4922.0,4920.5,4921.75,225.0,SYNTH-MES-A,1
2024-11-04 08:57:00+00:00,4921.75,4923.0,4921.5,4921.5,209.0,SYNTH-MES-A,1
2024-11-04 08:58:00+00:00,4921.5,4923.25,4921.25,4922.25,207.0,SYNTH-MES-A,1
2024-11-04 08:59:00+00:00,4922.25,4922.5,4920.75,4921.25,205.0,SYNTH-MES-A,1
2024-11-04 09:00:00+00:00,4921.25,4921.25,4920.25,4920.5,193.0,SYNTH-MES-A,1
2024-11-04 09:01:00+00:00,4920.5,4922.0,4920.5,4921.5,199.0,SYNTH-MES-A,1
2024-11-04 09:02:00+00:00,4921.5,4922.25,4921.25,4922.0,197.0,SYNTH-MES-A,1
2024-11-04 09:03:00+00:00,4922.0,4922.0,4922.0,4922.0,174.0,SYNTH-MES-A,1
2024-11-04 09:04:00+00:00,4922.0,4922.0,4921.5,4921.75,207.0,SYNTH-MES-A,1
2024-11-04 09:05:00+00:00,4921.75,4922.0,4921.5,4921.5,209.0,SYNTH-MES-A,1
2024-11-04 09:06:00+00:00,4921.5,4921.75,4921.5,4921.75,208.0,SYNTH-MES-A,1
2024-11-04 09:07:00+00:00,4921.75,4922.0,4921.25,4921.5,196.0,SYNTH-MES-A,1
2024-11-04 09:08:00+00:00,4921.5,4922.25,4921.25,4922.25,224.0,SYNTH-MES-A,1
2024-11-04 09:09:00+00:00,4922.25,4922.5,4921.75,4921.75,194.0,SYNTH-MES-A,1
2024-11-04 09:10:00+00:00,4921.75,4922.0,4921.25,4921.5,178.0,SYNTH-MES-A,1
2024-11-04 09:11:00+00:00,4921.5,4922.25,4921.25,4922.0,188.0,SYNTH-MES-A,1
2024-11-04 09:12:00+00:00,4922.0,4923.25,4921.75,4923.25,233.0,SYNTH-MES-A,1
2024-11-04 09:13:00+00:00,4923.25,4923.5,4922.5,4922.75,193.0,SYNTH-MES-A,1
2024-11-04 09:14:00+00:00,4922.75,4924.0,4922.75,4923.75,199.0,SYNTH-MES-A,1
2024-11-04 09:15:00+00:00,4923.75,4923.75,4923.5,4923.5,196.0,SYNTH-MES-A,1
2024-11-04 09:16:00+00:00,4923.5,4924.5,4923.0,4924.5,218.0,SYNTH-MES-A,1
2024-11-04 09:17:00+00:00,4924.5,4924.75,4924.0,4924.0,193.0,SYNTH-MES-A,1
2024-11-04 09:18:00+00:00,4924.0,4924.0,4923.0,4923.0,205.0,SYNTH-MES-A,1
2024-11-04 09:19:00+00:00,4923.0,4923.25,4922.5,4922.75,176.0,SYNTH-MES-A,1
2024-11-04 09:20:00+00:00,4922.75,4923.75,4922.75,4923.5,186.0,SYNTH-MES-A,1
2024-11-04 09:21:00+00:00,4923.5,4925.0,4922.75,4923.75,202.0,SYNTH-MES-A,1
2024-11-04 09:22:00+00:00,4923.75,4925.0,4923.5,4924.75,203.0,SYNTH-MES-A,1
2024-11-04 09:23:00+00:00,4924.75,4924.75,4924.25,4924.5,188.0,SYNTH-MES-A,1
2024-11-04 09:24:00+00:00,4924.5,4925.0,4923.75,4924.25,201.0,SYNTH-MES-A,1
2024-11-04 09:25:00+00:00,4924.25,4924.5,4923.75,4924.25,189.0,SYNTH-MES-A,1
2024-11-04 09:26:00+00:00,4924.25,4925.25,4924.25,4925.0,232.0,SYNTH-MES-A,1
2024-11-04 09:27:00+00:00,4925.0,4925.25,4924.0,4924.75,182.0,SYNTH-MES-A,1
2024-11-04 09:28:00+00:00,4924.75,4925.25,4923.25,4923.75,197.0,SYNTH-MES-A,1
2024-11-04 09:29:00+00:00,4923.75,4924.25,4923.5,4924.25,218.0,SYNTH-MES-A,1
2024-11-04 09:30:00+00:00,4924.25,4924.5,4923.5,4923.5,189.0,SYNTH-MES-A,1
2024-11-04 09:31:00+00:00,4923.5,4923.5,4923.25,4923.25,208.0,SYNTH-MES-A,1
2024-11-04 09:32:00+00:00,4923.25,4924.5,4923.25,4924.0,200.0,SYNTH-MES-A,1
2024-11-04 09:33:00+00:00,4924.0,4924.0,4922.25,4922.5,207.0,SYNTH-MES-A,1
2024-11-04 09:34:00+00:00,4922.5,4922.5,4921.75,4921.75,184.0,SYNTH-MES-A,1
2024-11-04 09:35:00+00:00,4921.75,4922.0,4921.25,4922.0,214.0,SYNTH-MES-A,1
2024-11-04 09:36:00+00:00,4922.0,4922.75,4921.25,4922.5,182.0,SYNTH-MES-A,1
2024-11-04 09:37:00+00:00,4922.5,4923.25,4922.0,4922.25,191.0,SYNTH-MES-A,1
2024-11-04 09:38:00+00:00,4922.25,4923.0,4922.25,4922.75,224.0,SYNTH-MES-A,1
2024-11-04 09:39:00+00:00,4922.75,4923.0,4921.25,4921.5,198.0,SYNTH-MES-A,1
2024-11-04 09:40:00+00:00,4921.5,4922.25,4921.25,4921.5,204.0,SYNTH-MES-A,1
2024-11-04 09:41:00+00:00,4921.5,4921.75,4920.5,4920.75,200.0,SYNTH-MES-A,1
2024-11-04 09:42:00+00:00,4920.75,4921.5,4920.75,4921.25,193.0,SYNTH-MES-A,1
2024-11-04 09:43:00+00:00,4921.25,4921.5,4921.0,4921.25,188.0,SYNTH-MES-A,1
2024-11-04 09:44:00+00:00,4921.25,4921.5,4920.5,4921.0,217.0,SYNTH-MES-A,1
2024-11-04 09:45:00+00:00,4921.0,4922.75,4920.75,4922.5,193.0,SYNTH-MES-A,1
2024-11-04 09:46:00+00:00,4922.5,4923.5,4922.5,4922.75,178.0,SYNTH-MES-A,1
2024-11-04 09:47:00+00:00,4922.75,4923.25,4921.5,4921.5,223.0,SYNTH-MES-A,1
2024-11-04 09:48:00+00:00,4921.5,4922.0,4921.5,4921.75,207.0,SYNTH-MES-A,1
2024-11-04 09:49:00+00:00,4921.75,4921.75,4921.0,4921.0,189.0,SYNTH-MES-A,1
2024-11-04 09:50:00+00:00,4921.0,4921.5,4920.75,4921.25,198.0,SYNTH-MES-A,1
2024-11-04 09:51:00+00:00,4921.25,4922.0,4921.25,4921.75,214.0,SYNTH-MES-A,1
2024-11-04 09:52:00+00:00,4921.75,4921.75,4920.75,4921.0,205.0,SYNTH-MES-A,1
2024-11-04 09:53:00+00:00,4921.0,4921.75,4921.0,4921.5,203.0,SYNTH-MES-A,1
2024-11-04 09:54:00+00:00,4921.5,4922.0,4921.5,4921.75,190.0,SYNTH-MES-A,1
2024-11-04 09:55:00+00:00,4921.75,4922.75,4921.5,4922.25,198.0,SYNTH-MES-A,1
2024-11-04 09:56:00+00:00,4922.25,4922.25,4921.5,4921.75,217.0,SYNTH-MES-A,1
2024-11-04 09:57:00+00:00,4921.75,4922.0,4921.5,4921.5,208.0,SYNTH-MES-A,1
2024-11-04 09:58:00+00:00,4921.5,4922.0,4921.5,4921.75,188.0,SYNTH-MES-A,1
2024-11-04 09:59:00+00:00,4921.75,4922.0,4921.5,4922.0,202.0,SYNTH-MES-A,1
2024-11-04 10:00:00+00:00,4922.0,4923.25,4922.0,4923.25,195.0,SYNTH-MES-A,1
2024-11-04 10:01:00+00:00,4923.25,4924.75,4923.25,4924.5,213.0,SYNTH-MES-A,1
2024-11-04 10:02:00+00:00,4924.5,4924.5,4923.75,4923.75,209.0,SYNTH-MES-A,1
2024-11-04 10:03:00+00:00,4923.75,4924.25,4923.5,4923.5,188.0,SYNTH-MES-A,1
2024-11-04 10:04:00+00:00,4923.5,4924.5,4923.25,4924.5,186.0,SYNTH-MES-A,1
2024-11-04 10:05:00+00:00,4924.5,4924.75,4924.0,4924.25,218.0,SYNTH-MES-A,1
2024-11-04 10:06:00+00:00,4924.25,4924.75,4923.75,4924.5,192.0,SYNTH-MES-A,1
2024-11-04 10:07:00+00:00,4924.5,4925.0,4924.5,4925.0,189.0,SYNTH-MES-A,1
2024-11-04 10:08:00+00:00,4925.0,4926.25,4925.0,4926.0,192.0,SYNTH-MES-A,1
2024-11-04 10:09:00+00:00,4926.0,4926.0,4925.0,4925.0,209.0,SYNTH-MES-A,1
2024-11-04 10:10:00+00:00,4925.0,4925.0,4924.75,4924.75,207.0,SYNTH-MES-A,1
2024-11-04 10:11:00+00:00,4924.75,4926.25,4924.5,4926.0,171.0,SYNTH-MES-A,1
2024-11-04 10:12:00+00:00,4926.0,4926.0,4925.25,4925.5,179.0,SYNTH-MES-A,1
2024-11-04 10:13:00+00:00,4925.5,4925.5,4925.0,4925.25,184.0,SYNTH-MES-A,1
2024-11-04 10:14:00+00:00,4925.25,4925.75,4925.25,4925.75,186.0,SYNTH-MES-A,1
2024-11-04 10:15:00+00:00,4925.75,4926.25,4925.25,4926.0,198.0,SYNTH-MES-A,1
2024-11-04 10:16:00+00:00,4926.0,4926.25,4925.5,4925.75,194.0,SYNTH-MES-A,1
2024-11-04 10:17:00+00:00,4925.75,4926.0,4925.75,4925.75,202.0,SYNTH-MES-A,1
2024-11-04 10:18:00+00:00,4925.75,4925.75,4924.75,4924.75,182.0,SYNTH-MES-A,1
2024-11-04 10:19:00+00:00,4924.75,4926.25,4924.0,4926.0,205.0,SYNTH-MES-A,1
2024-11-04 10:20:00+00:00,4926.0,4926.0,4924.75,4924.75,183.0,SYNTH-MES-A,1
2024-11-04 10:21:00+00:00,4924.75,4926.25,4924.75,4926.0,174.0,SYNTH-MES-A,1
2024-11-04 10:22:00+00:00,4926.0,4928.0,4926.0,4927.75,184.0,SYNTH-MES-A,1
2024-11-04 10:23:00+00:00,4927.75,4928.0,4927.25,4927.25,199.0,SYNTH-MES-A,1
2024-11-04 10:24:00+00:00,4927.25,4927.75,4926.0,4926.0,203.0,SYNTH-MES-A,1
2024-11-04 10:25:00+00:00,4926.0,4927.25,4925.75,4927.0,215.0,SYNTH-MES-A,1
2024-11-04 10:26:00+00:00,4927.0,4927.25,4925.0,4925.75,182.0,SYNTH-MES-A,1
2024-11-04 10:27:00+00:00,4925.75,4926.75,4925.5,4926.5,204.0,SYNTH-MES-A,1
2024-11-04 10:28:00+00:00,4926.5,4927.5,4926.25,4927.25,191.0,SYNTH-MES-A,1
2024-11-04 10:29:00+00:00,4927.25,4927.5,4926.75,4926.75,197.0,SYNTH-MES-A,1
2024-11-04 10:30:00+00:00,4926.75,4927.75,4926.75,4927.25,211.0,SYNTH-MES-A,1
2024-11-04 10:31:00+00:00,4927.25,4928.0,4925.75,4926.25,203.0,SYNTH-MES-A,1
2024-11-04 10:32:00+00:00,4926.25,4926.5,4925.5,4926.0,193.0,SYNTH-MES-A,1
2024-11-04 10:33:00+00:00,4926.0,4926.0,4925.5,4925.75,201.0,SYNTH-MES-A,1
2024-11-04 10:34:00+00:00,4925.75,4925.75,4925.0,4925.0,193.0,SYNTH-MES-A,1
2024-11-04 10:35:00+00:00,4925.0,4925.25,4925.0,4925.0,193.0,SYNTH-MES-A,1
2024-11-04 10:36:00+00:00,4925.0,4925.5,4925.0,4925.5,191.0,SYNTH-MES-A,1
2024-11-04 10:37:00+00:00,4925.5,4925.5,4924.5,4924.5,184.0,SYNTH-MES-A,1
2024-11-04 10:38:00+00:00,4924.5,4925.25,4924.25,4925.0,176.0,SYNTH-MES-A,1
2024-11-04 10:39:00+00:00,4925.0,4925.5,4925.0,4925.25,210.0,SYNTH-MES-A,1
2024-11-04 10:40:00+00:00,4925.25,4925.25,4924.5,4924.75,181.0,SYNTH-MES-A,1
2024-11-04 10:41:00+00:00,4924.75,4926.0,4924.25,4925.75,183.0,SYNTH-MES-A,1
2024-11-04 10:42:00+00:00,4925.75,4926.5,4925.25,4926.5,184.0,SYNTH-MES-A,1
2024-11-04 10:43:00+00:00,4926.5,4926.5,4925.75,4926.5,195.0,SYNTH-MES-A,1
2024-11-04 10:44:00+00:00,4926.5,4926.75,4925.0,4925.25,229.0,SYNTH-MES-A,1
2024-11-04 10:45:00+00:00,4925.25,4927.0,4925.25,4926.5,220.0,SYNTH-MES-A,1
2024-11-04 10:46:00+00:00,4926.5,4927.0,4925.0,4926.0,197.0,SYNTH-MES-A,1
2024-11-04 10:47:00+00:00,4926.0,4926.25,4925.0,4925.5,217.0,SYNTH-MES-A,1
2024-11-04 10:48:00+00:00,4925.5,4926.25,4925.0,4926.25,197.0,SYNTH-MES-A,1
2024-11-04 10:49:00+00:00,4926.25,4926.25,4925.25,4925.25,183.0,SYNTH-MES-A,1
2024-11-04 10:50:00+00:00,4925.25,4925.25,4924.5,4924.5,213.0,SYNTH-MES-A,1
2024-11-04 10:51:00+00:00,4924.5,4924.5,4923.5,4924.5,223.0,SYNTH-MES-A,1
2024-11-04 10:52:00+00:00,4924.5,4925.0,4924.25,4924.75,219.0,SYNTH-MES-A,1
2024-11-04 10:53:00+00:00,4924.75,4925.0,4924.25,4924.25,211.0,SYNTH-MES-A,1
2024-11-04 10:54:00+00:00,4924.25,4924.5,4924.0,4924.25,189.0,SYNTH-MES-A,1
2024-11-04 10:55:00+00:00,4924.25,4924.25,4922.75,4923.0,193.0,SYNTH-MES-A,1
2024-11-04 10:56:00+00:00,4923.0,4923.5,4922.5,4922.75,198.0,SYNTH-MES-A,1
2024-11-04 10:57:00+00:00,4922.75,4923.75,4922.0,4923.25,204.0,SYNTH-MES-A,1
2024-11-04 10:58:00+00:00,4923.25,4924.5,4923.0,4924.25,207.0,SYNTH-MES-A,1
2024-11-04 10:59:00+00:00,4924.25,4924.25,4923.5,4923.5,228.0,SYNTH-MES-A,1
2024-11-04 11:00:00+00:00,4923.5,4923.5,4923.0,4923.5,185.0,SYNTH-MES-A,1
2024-11-04 11:01:00+00:00,4923.5,4924.5,4923.25,4923.75,204.0,SYNTH-MES-A,1
2024-11-04 11:02:00+00:00,4923.75,4925.0,4922.75,4925.0,203.0,SYNTH-MES-A,1
2024-11-04 11:03:00+00:00,4925.0,4926.0,4924.75,4925.75,209.0,SYNTH-MES-A,1
2024-11-04 11:04:00+00:00,4925.75,4926.75,4925.75,4926.25,195.0,SYNTH-MES-A,1
2024-11-04 11:05:00+00:00,4926.25,4926.25,4925.75,4926.0,191.0,SYNTH-MES-A,1
2024-11-04 11:06:00+00:00,4926.0,4927.75,4925.75,4927.0,173.0,SYNTH-MES-A,1
2024-11-04 11:07:00+00:00,4927.0,4927.25,4926.5,4926.75,215.0,SYNTH-MES-A,1
2024-11-04 11:08:00+00:00,4926.75,4927.0,4924.5,4925.25,220.0,SYNTH-MES-A,1
2024-11-04 11:09:00+00:00,4925.25,4925.75,4924.5,4924.5,179.0,SYNTH-MES-A,1
2024-11-04 11:10:00+00:00,4924.5,4924.75,4924.25,4924.5,181.0,SYNTH-MES-A,1
2024-11-04 11:11:00+00:00,4924.5,4924.75,4924.0,4924.25,212.0,SYNTH-MES-A,1
2024-11-04 11:12:00+00:00,4924.25,4924.5,4922.25,4922.5,206.0,SYNTH-MES-A,1
2024-11-04 11:13:00+00:00,4922.5,4922.5,4922.0,4922.0,185.0,SYNTH-MES-A,1
2024-11-04 11:14:00+00:00,4922.0,4922.25,4922.0,4922.25,202.0,SYNTH-MES-A,1
2024-11-04 11:15:00+00:00,4922.25,4922.5,4920.25,4920.5,193.0,SYNTH-MES-A,1
2024-11-04 11:16:00+00:00,4920.5,4920.75,4920.0,4920.0,192.0,SYNTH-MES-A,1
2024-11-04 11:17:00+00:00,4920.0,4920.75,4919.5,4920.25,200.0,SYNTH-MES-A,1
2024-11-04 11:18:00+00:00,4920.25,4921.0,4920.25,4921.0,206.0,SYNTH-MES-A,1
2024-11-04 11:19:00+00:00,4921.0,4922.25,4921.0,4921.75,231.0,SYNTH-MES-A,1
2024-11-04 11:20:00+00:00,4921.75,4922.0,4921.0,4921.75,204.0,SYNTH-MES-A,1
2024-11-04 11:21:00+00:00,4921.75,4922.25,4921.5,4922.0,206.0,SYNTH-MES-A,1
2024-11-04 11:22:00+00:00,4922.0,4923.0,4921.5,4922.75,207.0,SYNTH-MES-A,1
2024-11-04 11:23:00+00:00,4922.75,4923.25,4921.25,4921.5,185.0,SYNTH-MES-A,1
2024-11-04 11:24:00+00:00,4921.5,4921.75,4921.5,4921.75,193.0,SYNTH-MES-A,1
2024-11-04 11:25:00+00:00,4921.75,4922.5,4921.75,4922.0,202.0,SYNTH-MES-A,1
2024-11-04 11:26:00+00:00,4922.0,4922.75,4921.75,4922.75,202.0,SYNTH-MES-A,1
2024-11-04 11:27:00+00:00,4922.75,4926.0,4922.5,4924.5,220.0,SYNTH-MES-A,1
2024-11-04 11:28:00+00:00,4924.5,4924.5,4924.25,4924.25,197.0,SYNTH-MES-A,1
2024-11-04 11:29:00+00:00,4924.25,4924.5,4922.5,4923.0,207.0,SYNTH-MES-A,1
2024-11-04 11:30:00+00:00,4923.0,4923.25,4923.0,4923.25,200.0,SYNTH-MES-A,1
2024-11-04 11:31:00+00:00,4923.25,4924.0,4923.25,4923.75,197.0,SYNTH-MES-A,1
2024-11-04 11:32:00+00:00,4923.75,4924.0,4923.25,4923.5,193.0,SYNTH-MES-A,1
2024-11-04 11:33:00+00:00,4923.5,4924.0,4922.75,4923.75,217.0,SYNTH-MES-A,1
2024-11-04 11:34:00+00:00,4923.75,4924.25,4923.75,4924.0,211.0,SYNTH-MES-A,1
2024-11-04 11:35:00+00:00,4924.0,4924.0,4923.25,4923.5,194.0,SYNTH-MES-A,1
2024-11-04 11:36:00+00:00,4923.5,4923.75,4923.5,4923.75,207.0,SYNTH-MES-A,1
2024-11-04 11:37:00+00:00,4923.75,4923.75,4922.75,4923.0,196.0,SYNTH-MES-A,1
2024-11-04 11:38:00+00:00,4923.0,4923.75,4922.25,4923.5,179.0,SYNTH-MES-A,1
2024-11-04 11:39:00+00:00,4923.5,4925.5,4923.25,4925.0,204.0,SYNTH-MES-A,1
2024-11-04 11:40:00+00:00,4925.0,4925.75,4924.75,4925.5,199.0,SYNTH-MES-A,1
2024-11-04 11:41:00+00:00,4925.5,4926.25,4924.75,4925.0,193.0,SYNTH-MES-A,1
2024-11-04 11:42:00+00:00,4925.0,4925.75,4924.75,4925.5,219.0,SYNTH-MES-A,1
2024-11-04 11:43:00+00:00,4925.5,4925.75,4925.25,4925.5,166.0,SYNTH-MES-A,1
2024-11-04 11:44:00+00:00,4925.5,4925.5,4924.75,4925.0,218.0,SYNTH-MES-A,1
2024-11-04 11:45:00+00:00,4925.0,4926.5,4924.25,4924.5,180.0,SYNTH-MES-A,1
2024-11-04 11:46:00+00:00,4924.5,4925.25,4923.75,4925.0,198.0,SYNTH-MES-A,1
2024-11-04 11:47:00+00:00,4925.0,4926.0,4924.75,4925.5,207.0,SYNTH-MES-A,1
2024-11-04 11:48:00+00:00,4925.5,4926.0,4924.75,4925.0,206.0,SYNTH-MES-A,1
2024-11-04 11:49:00+00:00,4925.0,4926.75,4925.0,4926.25,202.0,SYNTH-MES-A,1
2024-11-04 11:50:00+00:00,4926.25,4926.5,4925.5,4925.5,195.0,SYNTH-MES-A,1
2024-11-04 11:51:00+00:00,4925.5,4926.75,4925.5,4926.75,207.0,SYNTH-MES-A,1
2024-11-04 11:52:00+00:00,4926.75,4927.0,4926.5,4926.5,189.0,SYNTH-MES-A,1
2024-11-04 11:53:00+00:00,4926.5,4927.5,4926.25,4927.25,186.0,SYNTH-MES-A,1
2024-11-04 11:54:00+00:00,4927.25,4927.5,4926.75,4927.5,194.0,SYNTH-MES-A,1
2024-11-04 11:55:00+00:00,4927.5,4927.75,4927.25,4927.75,186.0,SYNTH-MES-A,1
2024-11-04 11:56:00+00:00,4927.75,4928.25,4927.0,4927.5,214.0,SYNTH-MES-A,1
2024-11-04 11:57:00+00:00,4927.5,4927.75,4927.5,4927.5,200.0,SYNTH-MES-A,1
2024-11-04 11:58:00+00:00,4927.5,4928.75,4927.25,4928.5,216.0,SYNTH-MES-A,1
2024-11-04 11:59:00+00:00,4928.5,4928.75,4927.5,4927.75,187.0,SYNTH-MES-A,1
2024-11-04 12:00:00+00:00,4927.75,4928.25,4927.5,4927.75,210.0,SYNTH-MES-A,1
2024-11-04 12:01:00+00:00,4927.75,4928.75,4926.75,4928.5,192.0,SYNTH-MES-A,1
2024-11-04 12:02:00+00:00,4928.5,4928.5,4926.75,4927.0,225.0,SYNTH-MES-A,1
2024-11-04 12:03:00+00:00,4927.0,4927.75,4927.0,4927.5,199.0,SYNTH-MES-A,1
2024-11-04 12:04:00+00:00,4927.5,4927.75,4927.0,4927.0,210.0,SYNTH-MES-A,1
2024-11-04 12:05:00+00:00,4927.0,4927.0,4926.25,4926.75,189.0,SYNTH-MES-A,1
2024-11-04 12:06:00+00:00,4926.75,4928.0,4926.75,4927.25,194.0,SYNTH-MES-A,1
2024-11-04 12:07:00+00:00,4927.25,4927.25,4926.0,4926.5,197.0,SYNTH-MES-A,1
2024-11-04 12:08:00+00:00,4926.5,4926.75,4924.75,4925.0,203.0,SYNTH-MES-A,1
2024-11-04 12:09:00+00:00,4925.0,4925.0,4924.25,4924.25,187.0,SYNTH-MES-A,1
2024-11-04 12:10:00+00:00,4924.25,4925.0,4923.25,4924.5,198.0,SYNTH-MES-A,1
2024-11-04 12:11:00+00:00,4924.5,4924.5,4924.0,4924.25,188.0,SYNTH-MES-A,1
2024-11-04 12:12:00+00:00,4924.25,4924.75,4924.25,4924.5,192.0,SYNTH-MES-A,1
2024-11-04 12:13:00+00:00,4924.5,4924.5,4924.25,4924.25,192.0,SYNTH-MES-A,1
2024-11-04 12:14:00+00:00,4924.25,4924.5,4923.25,4923.25,190.0,SYNTH-MES-A,1
2024-11-04 12:15:00+00:00,4923.25,4923.5,4922.0,4922.0,222.0,SYNTH-MES-A,1
2024-11-04 12:16:00+00:00,4922.0,4922.5,4920.75,4921.5,199.0,SYNTH-MES-A,1
2024-11-04 12:17:00+00:00,4921.5,4922.25,4921.5,4921.75,183.0,SYNTH-MES-A,1
2024-11-04 12:18:00+00:00,4921.75,4923.0,4921.25,4922.5,193.0,SYNTH-MES-A,1
2024-11-04 12:19:00+00:00,4922.5,4922.75,4921.75,4921.75,210.0,SYNTH-MES-A,1
2024-11-04 12:20:00+00:00,4921.75,4922.25,4921.0,4922.0,191.0,SYNTH-MES-A,1
2024-11-04 12:21:00+00:00,4922.0,4923.25,4921.75,4922.75,218.0,SYNTH-MES-A,1
2024-11-04 12:22:00+00:00,4922.75,4922.75,4921.5,4921.75,197.0,SYNTH-MES-A,1
2024-11-04 12:23:00+00:00,4921.75,4921.75,4921.5,4921.5,177.0,SYNTH-MES-A,1
2024-11-04 12:24:00+00:00,4921.5,4922.0,4921.25,4922.0,200.0,SYNTH-MES-A,1
2024-11-04 12:25:00+00:00,4922.0,4922.75,4922.0,4922.25,184.0,SYNTH-MES-A,1
2024-11-04 12:26:00+00:00,4922.25,4922.25,4922.0,4922.0,215.0,SYNTH-MES-A,1
2024-11-04 12:27:00+00:00,4922.0,4922.5,4921.5,4921.5,178.0,SYNTH-MES-A,1
2024-11-04 12:28:00+00:00,4921.5,4922.0,4921.25,4921.25,194.0,SYNTH-MES-A,1
2024-11-04 12:29:00+00:00,4921.25,4923.0,4920.75,4922.0,186.0,SYNTH-MES-A,1
2024-11-04 12:30:00+00:00,4922.0,4923.25,4922.0,4923.25,219.0,SYNTH-MES-A,1
2024-11-04 12:31:00+00:00,4923.25,4923.75,4923.25,4923.25,206.0,SYNTH-MES-A,1
2024-11-04 12:32:00+00:00,4923.25,4924.25,4923.0,4924.25,177.0,SYNTH-MES-A,1
2024-11-04 12:33:00+00:00,4924.25,4924.25,4922.5,4922.75,208.0,SYNTH-MES-A,1
2024-11-04 12:34:00+00:00,4922.75,4923.25,4922.5,4923.0,191.0,SYNTH-MES-A,1
2024-11-04 12:35:00+00:00,4923.0,4923.25,4922.0,4922.5,203.0,SYNTH-MES-A,1
2024-11-04 12:36:00+00:00,4922.5,4922.75,4922.25,4922.5,190.0,SYNTH-MES-A,1
2024-11-04 12:37:00+00:00,4922.5,4923.0,4922.25,4922.75,213.0,SYNTH-MES-A,1
2024-11-04 12:38:00+00:00,4922.75,4923.0,4922.25,4922.25,232.0,SYNTH-MES-A,1
2024-11-04 12:39:00+00:00,4922.25,4924.75,4922.25,4924.25,206.0,SYNTH-MES-A,1
2024-11-04 12:40:00+00:00,4924.25,4924.75,4923.25,4923.25,191.0,SYNTH-MES-A,1
2024-11-04 12:41:00+00:00,4923.25,4924.0,4923.0,4923.75,176.0,SYNTH-MES-A,1
2024-11-04 12:42:00+00:00,4923.75,4925.0,4923.5,4924.75,195.0,SYNTH-MES-A,1
2024-11-04 12:43:00+00:00,4924.75,4924.75,4923.5,4924.0,192.0,SYNTH-MES-A,1
2024-11-04 12:44:00+00:00,4924.0,4925.0,4923.75,4923.75,204.0,SYNTH-MES-A,1
2024-11-04 12:45:00+00:00,4923.75,4923.75,4922.75,4923.0,190.0,SYNTH-MES-A,1
2024-11-04 12:46:00+00:00,4923.0,4923.25,4921.5,4922.0,202.0,SYNTH-MES-A,1
2024-11-04 12:47:00+00:00,4922.0,4922.25,4921.5,4921.75,189.0,SYNTH-MES-A,1
2024-11-04 12:48:00+00:00,4921.75,4921.75,4921.5,4921.5,181.0,SYNTH-MES-A,1
2024-11-04 12:49:00+00:00,4921.5,4922.25,4921.5,4922.25,210.0,SYNTH-MES-A,1
2024-11-04 12:50:00+00:00,4922.25,4923.0,4922.25,4922.75,184.0,SYNTH-MES-A,1
2024-11-04 12:51:00+00:00,4922.75,4924.0,4922.5,4923.5,210.0,SYNTH-MES-A,1
2024-11-04 12:52:00+00:00,4923.5,4923.75,4922.75,4922.75,194.0,SYNTH-MES-A,1
2024-11-04 12:53:00+00:00,4922.75,4923.0,4922.75,4923.0,194.0,SYNTH-MES-A,1
2024-11-04 12:54:00+00:00,4923.0,4923.75,4922.25,4923.5,209.0,SYNTH-MES-A,1
2024-11-04 12:55:00+00:00,4923.5,4924.75,4922.25,4924.75,224.0,SYNTH-MES-A,1
2024-11-04 12:56:00+00:00,4924.75,4925.0,4924.5,4924.75,228.0,SYNTH-MES-A,1
2024-11-04 12:57:00+00:00,4924.75,4925.5,4924.5,4925.0,196.0,SYNTH-MES-A,1
2024-11-04 12:58:00+00:00,4925.0,4926.75,4924.75,4926.75,185.0,SYNTH-MES-A,1
2024-11-04 12:59:00+00:00,4926.75,4927.0,4926.25,4926.25,212.0,SYNTH-MES-A,1
2024-11-04 13:00:00+00:00,4926.25,4927.0,4925.75,4925.75,191.0,SYNTH-MES-A,1
2024-11-04 13:01:00+00:00,4925.75,4925.75,4925.0,4925.25,224.0,SYNTH-MES-A,1
2024-11-04 13:02:00+00:00,4925.25,4925.5,4925.25,4925.25,189.0,SYNTH-MES-A,1
2024-11-04 13:03:00+00:00,4925.25,4925.5,4923.5,4923.5,227.0,SYNTH-MES-A,1
2024-11-04 13:04:00+00:00,4923.5,4924.25,4923.25,4924.25,222.0,SYNTH-MES-A,1
2024-11-04 13:05:00+00:00,4924.25,4926.25,4924.25,4925.5,200.0,SYNTH-MES-A,1
2024-11-04 13:06:00+00:00,4925.5,4926.0,4925.5,4926.0,186.0,SYNTH-MES-A,1
2024-11-04 13:07:00+00:00,4926.0,4926.0,4925.0,4925.25,195.0,SYNTH-MES-A,1
2024-11-04 13:08:00+00:00,4925.25,4926.5,4925.25,4925.5,214.0,SYNTH-MES-A,1
2024-11-04 13:09:00+00:00,4925.5,4926.25,4925.25,4926.25,190.0,SYNTH-MES-A,1
2024-11-04 13:10:00+00:00,4926.25,4926.5,4925.5,4925.75,201.0,SYNTH-MES-A,1
2024-11-04 13:11:00+00:00,4925.75,4925.75,4925.0,4925.25,206.0,SYNTH-MES-A,1
2024-11-04 13:12:00+00:00,4925.25,4925.25,4924.75,4925.25,202.0,SYNTH-MES-A,1
2024-11-04 13:13:00+00:00,4925.25,4925.5,4925.25,4925.25,191.0,SYNTH-MES-A,1
2024-11-04 13:14:00+00:00,4925.25,4926.25,4925.0,4926.0,200.0,SYNTH-MES-A,1
2024-11-04 13:15:00+00:00,4926.0,4926.25,4924.5,4925.0,158.0,SYNTH-MES-A,1
2024-11-04 13:16:00+00:00,4925.0,4925.0,4924.5,4924.5,201.0,SYNTH-MES-A,1
2024-11-04 13:17:00+00:00,4924.5,4925.25,4924.5,4925.25,193.0,SYNTH-MES-A,1
2024-11-04 13:18:00+00:00,4925.25,4925.5,4925.0,4925.25,232.0,SYNTH-MES-A,1
2024-11-04 13:19:00+00:00,4925.25,4925.25,4924.5,4924.5,197.0,SYNTH-MES-A,1
2024-11-04 13:20:00+00:00,4924.5,4924.75,4924.0,4924.5,204.0,SYNTH-MES-A,1
2024-11-04 13:21:00+00:00,4924.5,4925.0,4924.5,4925.0,186.0,SYNTH-MES-A,1
2024-11-04 13:22:00+00:00,4925.0,4925.25,4925.0,4925.0,195.0,SYNTH-MES-A,1
2024-11-04 13:23:00+00:00,4925.0,4925.75,4924.25,4924.25,191.0,SYNTH-MES-A,1
2024-11-04 13:24:00+00:00,4924.25,4925.0,4924.25,4924.75,220.0,SYNTH-MES-A,1
2024-11-04 13:25:00+00:00,4924.75,4925.0,4924.0,4924.5,221.0,SYNTH-MES-A,1
2024-11-04 13:26:00+00:00,4924.5,4924.75,4923.25,4923.5,198.0,SYNTH-MES-A,1
2024-11-04 13:27:00+00:00,4923.5,4924.5,4922.0,4922.5,193.0,SYNTH-MES-A,1
2024-11-04 13:28:00+00:00,4922.5,4923.75,4922.25,4923.5,186.0,SYNTH-MES-A,1
2024-11-04 13:29:00+00:00,4923.5,4923.75,4922.75,4923.0,205.0,SYNTH-MES-A,1
2024-11-04 13:30:00+00:00,4923.0,4923.25,4922.5,4923.0,212.0,SYNTH-MES-A,1
2024-11-04 13:31:00+00:00,4923.0,4923.0,4922.25,4922.25,199.0,SYNTH-MES-A,1
2024-11-04 13:32:00+00:00,4922.25,4922.75,4921.5,4921.5,212.0,SYNTH-MES-A,1
2024-11-04 13:33:00+00:00,4921.5,4921.5,4919.25,4920.5,211.0,SYNTH-MES-A,1
2024-11-04 13:34:00+00:00,4920.5,4921.0,4919.5,4919.75,196.0,SYNTH-MES-A,1
2024-11-04 13:35:00+00:00,4919.75,4919.75,4918.75,4919.25,173.0,SYNTH-MES-A,1
2024-11-04 13:36:00+00:00,4919.25,4919.5,4919.0,4919.25,216.0,SYNTH-MES-A,1
2024-11-04 13:37:00+00:00,4919.25,4919.75,4919.25,4919.75,177.0,SYNTH-MES-A,1
2024-11-04 13:38:00+00:00,4919.75,4920.0,4919.75,4920.0,214.0,SYNTH-MES-A,1
2024-11-04 13:39:00+00:00,4920.0,4920.0,4919.75,4920.0,187.0,SYNTH-MES-A,1
2024-11-04 13:40:00+00:00,4920.0,4921.0,4919.5,4920.75,206.0,SYNTH-MES-A,1
2024-11-04 13:41:00+00:00,4920.75,4921.0,4920.0,4920.5,211.0,SYNTH-MES-A,1
2024-11-04 13:42:00+00:00,4920.5,4920.5,4920.5,4920.5,178.0,SYNTH-MES-A,1
2024-11-04 13:43:00+00:00,4920.5,4922.0,4920.0,4921.75,176.0,SYNTH-MES-A,1
2024-11-04 13:44:00+00:00,4921.75,4922.75,4921.25,4922.75,174.0,SYNTH-MES-A,1
2024-11-04 13:45:00+00:00,4922.75,4922.75,4921.75,4922.0,152.0,SYNTH-MES-A,1
2024-11-04 13:46:00+00:00,4922.0,4922.25,4922.0,4922.0,193.0,SYNTH-MES-A,1
2024-11-04 13:47:00+00:00,4922.0,4922.5,4921.75,4921.75,194.0,SYNTH-MES-A,1
2024-11-04 13:48:00+00:00,4921.75,4922.25,4921.75,4922.0,180.0,SYNTH-MES-A,1
2024-11-04 13:49:00+00:00,4922.0,4922.0,4921.5,4922.0,195.0,SYNTH-MES-A,1
2024-11-04 13:50:00+00:00,4922.0,4923.75,4921.5,4923.25,192.0,SYNTH-MES-A,1
2024-11-04 13:51:00+00:00,4923.25,4923.5,4922.5,4922.5,197.0,SYNTH-MES-A,1
2024-11-04 13:52:00+00:00,4922.5,4923.25,4922.25,4922.75,217.0,SYNTH-MES-A,1
2024-11-04 13:53:00+00:00,4922.75,4923.0,4921.25,4921.75,192.0,SYNTH-MES-A,1
2024-11-04 13:54:00+00:00,4921.75,4922.0,4921.75,4921.75,186.0,SYNTH-MES-A,1
2024-11-04 13:55:00+00:00,4921.75,4922.0,4921.75,4921.75,200.0,SYNTH-MES-A,1
2024-11-04 13:56:00+00:00,4921.75,4922.75,4921.0,4921.0,217.0,SYNTH-MES-A,1
2024-11-04 13:57:00+00:00,4921.0,4922.5,4920.75,4922.5,192.0,SYNTH-MES-A,1
2024-11-04 13:58:00+00:00,4922.5,4922.75,4922.25,4922.25,211.0,SYNTH-MES-A,1
2024-11-04 13:59:00+00:00,4922.25,4922.25,4921.0,4921.5,212.0,SYNTH-MES-A,1
2024-11-04 14:00:00+00:00,4921.5,4921.75,4921.5,4921.5,186.0,SYNTH-MES-A,1
2024-11-04 14:01:00+00:00,4921.5,4921.5,4920.5,4921.0,206.0,SYNTH-MES-A,1
2024-11-04 14:02:00+00:00,4921.0,4922.5,4919.75,4922.25,215.0,SYNTH-MES-A,1
2024-11-04 14:03:00+00:00,4922.25,4922.75,4921.75,4922.0,186.0,SYNTH-MES-A,1
2024-11-04 14:04:00+00:00,4922.0,4922.5,4921.25,4921.5,219.0,SYNTH-MES-A,1
2024-11-04 14:05:00+00:00,4921.5,4922.5,4921.0,4921.25,203.0,SYNTH-MES-A,1
2024-11-04 14:06:00+00:00,4921.25,4922.5,4920.0,4920.0,193.0,SYNTH-MES-A,1
2024-11-04 14:07:00+00:00,4920.0,4920.25,4919.5,4920.25,215.0,SYNTH-MES-A,1
2024-11-04 14:08:00+00:00,4920.25,4921.25,4920.25,4920.25,178.0,SYNTH-MES-A,1
2024-11-04 14:09:00+00:00,4920.25,4920.25,4920.0,4920.0,220.0,SYNTH-MES-A,1
2024-11-04 14:10:00+00:00,4920.0,4920.5,4919.75,4920.0,208.0,SYNTH-MES-A,1
2024-11-04 14:11:00+00:00,4920.0,4920.5,4919.75,4920.0,184.0,SYNTH-MES-A,1
2024-11-04 14:12:00+00:00,4920.0,4920.0,4919.5,4919.75,194.0,SYNTH-MES-A,1
2024-11-04 14:13:00+00:00,4919.75,4920.5,4918.25,4918.25,181.0,SYNTH-MES-A,1
2024-11-04 14:14:00+00:00,4918.25,4919.0,4917.75,4918.0,216.0,SYNTH-MES-A,1
2024-11-04 14:15:00+00:00,4918.0,4919.0,4918.0,4918.75,181.0,SYNTH-MES-A,1
2024-11-04 14:16:00+00:00,4918.75,4918.75,4917.75,4918.0,195.0,SYNTH-MES-A,1
2024-11-04 14:17:00+00:00,4918.0,4918.25,4917.75,4918.25,197.0,SYNTH-MES-A,1
2024-11-04 14:18:00+00:00,4918.25,4918.5,4917.75,4917.75,196.0,SYNTH-MES-A,1
2024-11-04 14:19:00+00:00,4917.75,4919.5,4916.75,4919.25,197.0,SYNTH-MES-A,1
2024-11-04 14:20:00+00:00,4919.25,4920.5,4918.75,4920.0,198.0,SYNTH-MES-A,1
2024-11-04 14:21:00+00:00,4920.0,4921.0,4919.5,4921.0,215.0,SYNTH-MES-A,1
2024-11-04 14:22:00+00:00,4921.0,4921.25,4921.0,4921.25,228.0,SYNTH-MES-A,1
2024-11-04 14:23:00+00:00,4921.25,4921.5,4920.75,4920.75,196.0,SYNTH-MES-A,1
2024-11-04 14:24:00+00:00,4920.75,4921.0,4920.5,4920.75,195.0,SYNTH-MES-A,1
2024-11-04 14:25:00+00:00,4920.75,4922.0,4920.5,4921.75,194.0,SYNTH-MES-A,1
2024-11-04 14:26:00+00:00,4921.75,4922.25,4920.75,4922.0,202.0,SYNTH-MES-A,1
2024-11-04 14:27:00+00:00,4922.0,4924.0,4921.75,4923.75,244.0,SYNTH-MES-A,1
2024-11-04 14:28:00+00:00,4923.75,4924.5,4923.25,4923.5,212.0,SYNTH-MES-A,1
2024-11-04 14:29:00+00:00,4923.5,4923.5,4921.75,4922.0,210.0,SYNTH-MES-A,1
2024-11-04 14:30:00+00:00,4922.0,4923.25,4920.25,4922.25,915.0,SYNTH-MES-A,1
2024-11-04 14:31:00+00:00,4922.25,4924.0,4921.75,4923.75,916.0,SYNTH-MES-A,1
2024-11-04 14:32:00+00:00,4923.75,4925.25,4922.75,4924.75,903.0,SYNTH-MES-A,1
2024-11-04 14:33:00+00:00,4924.75,4927.0,4924.75,4926.75,917.0,SYNTH-MES-A,1
2024-11-04 14:34:00+00:00,4926.75,4927.5,4926.25,4926.25,888.0,SYNTH-MES-A,1
2024-11-04 14:35:00+00:00,4926.25,4926.75,4925.25,4925.25,857.0,SYNTH-MES-A,1
2024-11-04 14:36:00+00:00,4925.25,4926.25,4925.0,4926.25,904.0,SYNTH-MES-A,1
2024-11-04 14:37:00+00:00,4926.25,4926.75,4926.0,4926.5,901.0,SYNTH-MES-A,1
2024-11-04 14:38:00+00:00,4926.5,4927.75,4925.5,4925.5,920.0,SYNTH-MES-A,1
2024-11-04 14:39:00+00:00,4925.5,4925.5,4923.5,4923.75,896.0,SYNTH-MES-A,1
2024-11-04 14:40:00+00:00,4923.75,4926.0,4923.25,4926.0,864.0,SYNTH-MES-A,1
2024-11-04 14:41:00+00:00,4926.0,4926.25,4925.75,4925.75,923.0,SYNTH-MES-A,1
2024-11-04 14:42:00+00:00,4925.75,4926.0,4923.75,4924.0,891.0,SYNTH-MES-A,1
2024-11-04 14:43:00+00:00,4924.0,4924.75,4921.5,4921.75,916.0,SYNTH-MES-A,1
2024-11-04 14:44:00+00:00,4921.75,4922.0,4920.75,4921.5,874.0,SYNTH-MES-A,1
2024-11-04 14:45:00+00:00,4921.5,4921.75,4920.25,4920.75,893.0,SYNTH-MES-A,1
2024-11-04 14:46:00+00:00,4920.75,4922.5,4919.75,4921.75,907.0,SYNTH-MES-A,1
2024-11-04 14:47:00+00:00,4921.75,4923.25,4921.75,4923.25,863.0,SYNTH-MES-A,1
2024-11-04 14:48:00+00:00,4923.25,4924.0,4923.0,4923.75,904.0,SYNTH-MES-A,1
2024-11-04 14:49:00+00:00,4923.75,4924.25,4920.75,4921.25,941.0,SYNTH-MES-A,1
2024-11-04 14:50:00+00:00,4921.25,4922.0,4921.0,4922.0,869.0,SYNTH-MES-A,1
2024-11-04 14:51:00+00:00,4922.0,4922.75,4921.0,4921.5,891.0,SYNTH-MES-A,1
2024-11-04 14:52:00+00:00,4921.5,4923.25,4920.25,4921.25,856.0,SYNTH-MES-A,1
2024-11-04 14:53:00+00:00,4921.25,4921.5,4917.5,4918.75,893.0,SYNTH-MES-A,1
2024-11-04 14:54:00+00:00,4918.75,4919.25,4917.25,4917.5,881.0,SYNTH-MES-A,1
2024-11-04 14:55:00+00:00,4917.5,4918.25,4916.75,4916.75,871.0,SYNTH-MES-A,1
2024-11-04 14:56:00+00:00,4916.75,4917.25,4916.75,4916.75,863.0,SYNTH-MES-A,1
2024-11-04 14:57:00+00:00,4916.75,4918.75,4914.5,4918.0,837.0,SYNTH-MES-A,1
2024-11-04 14:58:00+00:00,4918.0,4922.0,4917.25,4921.0,925.0,SYNTH-MES-A,1
2024-11-04 14:59:00+00:00,4921.0,4922.75,4920.5,4922.25,923.0,SYNTH-MES-A,1
2024-11-04 15:00:00+00:00,4922.25,4923.5,4921.75,4923.5,907.0,SYNTH-MES-A,1
2024-11-04 15:01:00+00:00,4923.5,4927.25,4922.75,4925.25,922.0,SYNTH-MES-A,1
2024-11-04 15:02:00+00:00,4925.25,4925.5,4924.0,4924.75,901.0,SYNTH-MES-A,1
2024-11-04 15:03:00+00:00,4924.75,4926.25,4924.5,4926.25,883.0,SYNTH-MES-A,1
2024-11-04 15:04:00+00:00,4926.25,4929.5,4925.0,4929.25,944.0,SYNTH-MES-A,1
2024-11-04 15:05:00+00:00,4929.25,4929.75,4927.5,4928.0,895.0,SYNTH-MES-A,1
2024-11-04 15:06:00+00:00,4928.0,4928.0,4926.5,4927.25,885.0,SYNTH-MES-A,1
2024-11-04 15:07:00+00:00,4927.25,4927.75,4924.5,4924.5,898.0,SYNTH-MES-A,1
2024-11-04 15:08:00+00:00,4924.5,4925.25,4923.25,4924.25,844.0,SYNTH-MES-A,1
2024-11-04 15:09:00+00:00,4924.25,4924.25,4923.5,4923.75,909.0,SYNTH-MES-A,1
2024-11-04 15:10:00+00:00,4923.75,4927.25,4923.5,4927.0,855.0,SYNTH-MES-A,1
2024-11-04 15:11:00+00:00,4927.0,4927.5,4926.0,4926.5,888.0,SYNTH-MES-A,1
2024-11-04 15:12:00+00:00,4926.5,4926.75,4925.5,4926.0,850.0,SYNTH-MES-A,1
2024-11-04 15:13:00+00:00,4926.0,4926.5,4925.0,4925.25,939.0,SYNTH-MES-A,1
2024-11-04 15:14:00+00:00,4925.25,4925.5,4922.5,4923.0,949.0,SYNTH-MES-A,1
2024-11-04 15:15:00+00:00,4923.0,4924.25,4922.75,4923.75,885.0,SYNTH-MES-A,1
2024-11-04 15:16:00+00:00,4923.75,4924.5,4923.5,4923.75,899.0,SYNTH-MES-A,1
2024-11-04 15:17:00+00:00,4923.75,4925.5,4923.25,4925.25,904.0,SYNTH-MES-A,1
2024-11-04 15:18:00+00:00,4925.25,4927.0,4925.25,4926.5,923.0,SYNTH-MES-A,1
2024-11-04 15:19:00+00:00,4926.5,4926.75,4924.75,4926.0,863.0,SYNTH-MES-A,1
2024-11-04 15:20:00+00:00,4926.0,4927.25,4924.5,4925.75,890.0,SYNTH-MES-A,1
2024-11-04 15:21:00+00:00,4925.75,4925.75,4924.5,4925.0,917.0,SYNTH-MES-A,1
2024-11-04 15:22:00+00:00,4925.0,4925.5,4924.25,4924.5,944.0,SYNTH-MES-A,1
2024-11-04 15:23:00+00:00,4924.5,4925.0,4919.25,4920.5,936.0,SYNTH-MES-A,1
2024-11-04 15:24:00+00:00,4920.5,4921.0,4920.25,4921.0,853.0,SYNTH-MES-A,1
2024-11-04 15:25:00+00:00,4921.0,4922.75,4920.75,4922.5,857.0,SYNTH-MES-A,1
2024-11-04 15:26:00+00:00,4922.5,4923.0,4922.25,4923.0,910.0,SYNTH-MES-A,1
2024-11-04 15:27:00+00:00,4923.0,4923.75,4922.75,4923.5,900.0,SYNTH-MES-A,1
2024-11-04 15:28:00+00:00,4923.5,4924.25,4921.5,4922.25,927.0,SYNTH-MES-A,1
2024-11-04 15:29:00+00:00,4922.25,4923.5,4918.5,4919.0,893.0,SYNTH-MES-A,1
2024-11-04 15:30:00+00:00,4919.0,4920.0,4918.75,4919.75,865.0,SYNTH-MES-A,1
2024-11-04 15:31:00+00:00,4919.75,4921.5,4919.75,4921.5,925.0,SYNTH-MES-A,1
2024-11-04 15:32:00+00:00,4921.5,4924.5,4920.25,4923.25,939.0,SYNTH-MES-A,1
2024-11-04 15:33:00+00:00,4923.25,4923.75,4922.5,4922.5,904.0,SYNTH-MES-A,1
2024-11-04 15:34:00+00:00,4922.5,4924.75,4922.0,4924.25,882.0,SYNTH-MES-A,1
2024-11-04 15:35:00+00:00,4924.25,4925.0,4923.0,4923.75,909.0,SYNTH-MES-A,1
2024-11-04 15:36:00+00:00,4923.75,4925.5,4922.25,4924.75,914.0,SYNTH-MES-A,1
2024-11-04 15:37:00+00:00,4924.75,4924.75,4922.25,4923.0,923.0,SYNTH-MES-A,1
2024-11-04 15:38:00+00:00,4923.0,4925.25,4922.5,4924.25,825.0,SYNTH-MES-A,1
2024-11-04 15:39:00+00:00,4924.25,4925.0,4923.5,4924.75,861.0,SYNTH-MES-A,1
2024-11-04 15:40:00+00:00,4924.75,4927.75,4924.75,4926.5,870.0,SYNTH-MES-A,1
2024-11-04 15:41:00+00:00,4926.5,4926.75,4925.0,4925.25,932.0,SYNTH-MES-A,1
2024-11-04 15:42:00+00:00,4925.25,4926.25,4924.5,4925.0,927.0,SYNTH-MES-A,1
2024-11-04 15:43:00+00:00,4925.0,4928.5,4925.0,4927.25,915.0,SYNTH-MES-A,1
2024-11-04 15:44:00+00:00,4927.25,4928.0,4927.25,4928.0,872.0,SYNTH-MES-A,1
2024-11-04 15:45:00+00:00,4928.0,4929.25,4928.0,4928.5,923.0,SYNTH-MES-A,1
2024-11-04 15:46:00+00:00,4928.5,4929.75,4927.75,4929.75,913.0,SYNTH-MES-A,1
2024-11-04 15:47:00+00:00,4929.75,4930.5,4929.75,4930.5,885.0,SYNTH-MES-A,1
2024-11-04 15:48:00+00:00,4930.5,4930.75,4928.75,4929.25,842.0,SYNTH-MES-A,1
2024-11-04 15:49:00+00:00,4929.25,4930.75,4929.25,4930.5,848.0,SYNTH-MES-A,1
2024-11-04 15:50:00+00:00,4930.5,4930.75,4930.0,4930.25,919.0,SYNTH-MES-A,1
2024-11-04 15:51:00+00:00,4930.25,4931.0,4929.25,4929.25,934.0,SYNTH-MES-A,1
2024-11-04 15:52:00+00:00,4929.25,4930.0,4928.75,4930.0,931.0,SYNTH-MES-A,1
2024-11-04 15:53:00+00:00,4930.0,4932.5,4929.0,4932.5,861.0,SYNTH-MES-A,1
2024-11-04 15:54:00+00:00,4932.5,4935.75,4932.25,4933.25,897.0,SYNTH-MES-A,1
2024-11-04 15:55:00+00:00,4933.25,4933.5,4931.25,4931.75,852.0,SYNTH-MES-A,1
2024-11-04 15:56:00+00:00,4931.75,4931.75,4930.5,4931.0,863.0,SYNTH-MES-A,1
2024-11-04 15:57:00+00:00,4931.0,4931.75,4929.75,4930.25,899.0,SYNTH-MES-A,1
2024-11-04 15:58:00+00:00,4930.25,4931.0,4927.0,4927.25,867.0,SYNTH-MES-A,1
2024-11-04 15:59:00+00:00,4927.25,4927.5,4925.25,4926.75,930.0,SYNTH-MES-A,1
2024-11-04 16:00:00+00:00,4926.75,4929.0,4926.5,4928.5,906.0,SYNTH-MES-A,1
2024-11-04 16:01:00+00:00,4928.5,4930.25,4928.25,4930.0,906.0,SYNTH-MES-A,1
2024-11-04 16:02:00+00:00,4930.0,4933.25,4928.5,4931.5,937.0,SYNTH-MES-A,1
2024-11-04 16:03:00+00:00,4931.5,4932.25,4929.5,4931.75,908.0,SYNTH-MES-A,1
2024-11-04 16:04:00+00:00,4931.75,4932.0,4931.75,4932.0,938.0,SYNTH-MES-A,1
2024-11-04 16:05:00+00:00,4932.0,4932.75,4931.25,4931.5,892.0,SYNTH-MES-A,1
2024-11-04 16:06:00+00:00,4931.5,4931.75,4929.5,4929.75,890.0,SYNTH-MES-A,1
2024-11-04 16:07:00+00:00,4929.75,4932.0,4929.5,4931.0,927.0,SYNTH-MES-A,1
2024-11-04 16:08:00+00:00,4931.0,4933.25,4929.75,4932.0,901.0,SYNTH-MES-A,1
2024-11-04 16:09:00+00:00,4932.0,4935.25,4930.5,4935.0,921.0,SYNTH-MES-A,1
2024-11-04 16:10:00+00:00,4935.0,4935.0,4931.75,4932.5,938.0,SYNTH-MES-A,1
2024-11-04 16:11:00+00:00,4932.5,4932.75,4930.25,4932.25,888.0,SYNTH-MES-A,1
2024-11-04 16:12:00+00:00,4932.25,4934.0,4932.25,4933.75,934.0,SYNTH-MES-A,1
2024-11-04 16:13:00+00:00,4933.75,4936.5,4933.25,4936.25,892.0,SYNTH-MES-A,1
2024-11-04 16:14:00+00:00,4936.25,4936.5,4934.75,4935.5,877.0,SYNTH-MES-A,1
2024-11-04 16:15:00+00:00,4935.5,4936.0,4934.5,4935.75,878.0,SYNTH-MES-A,1
2024-11-04 16:16:00+00:00,4935.75,4936.5,4934.25,4934.25,926.0,SYNTH-MES-A,1
2024-11-04 16:17:00+00:00,4934.25,4935.0,4933.5,4933.5,887.0,SYNTH-MES-A,1
2024-11-04 16:18:00+00:00,4933.5,4933.5,4931.0,4932.25,935.0,SYNTH-MES-A,1
2024-11-04 16:19:00+00:00,4932.25,4933.25,4932.25,4932.25,909.0,SYNTH-MES-A,1
2024-11-04 16:20:00+00:00,4932.25,4932.75,4932.0,4932.0,825.0,SYNTH-MES-A,1
2024-11-04 16:21:00+00:00,4932.0,4932.5,4929.5,4930.5,899.0,SYNTH-MES-A,1
2024-11-04 16:22:00+00:00,4930.5,4931.25,4929.5,4929.75,873.0,SYNTH-MES-A,1
2024-11-04 16:23:00+00:00,4929.75,4932.25,4929.75,4931.5,915.0,SYNTH-MES-A,1
2024-11-04 16:24:00+00:00,4931.5,4932.25,4931.25,4932.25,887.0,SYNTH-MES-A,1
2024-11-04 16:25:00+00:00,4932.25,4933.25,4931.75,4933.25,921.0,SYNTH-MES-A,1
2024-11-04 16:26:00+00:00,4933.25,4934.75,4931.0,4931.25,893.0,SYNTH-MES-A,1
2024-11-04 16:27:00+00:00,4931.25,4932.0,4930.5,4931.25,904.0,SYNTH-MES-A,1
2024-11-04 16:28:00+00:00,4931.25,4932.0,4929.75,4929.75,879.0,SYNTH-MES-A,1
2024-11-04 16:29:00+00:00,4929.75,4933.0,4929.25,4932.5,941.0,SYNTH-MES-A,1
2024-11-04 16:30:00+00:00,4932.5,4933.5,4931.5,4933.25,890.0,SYNTH-MES-A,1
2024-11-04 16:31:00+00:00,4933.25,4935.0,4932.0,4934.5,864.0,SYNTH-MES-A,1
2024-11-04 16:32:00+00:00,4934.5,4934.75,4931.25,4931.25,876.0,SYNTH-MES-A,1
2024-11-04 16:33:00+00:00,4931.25,4932.5,4928.5,4929.5,903.0,SYNTH-MES-A,1
2024-11-04 16:34:00+00:00,4929.5,4930.25,4929.0,4930.25,920.0,SYNTH-MES-A,1
2024-11-04 16:35:00+00:00,4930.25,4931.5,4927.5,4931.25,899.0,SYNTH-MES-A,1
2024-11-04 16:36:00+00:00,4931.25,4931.5,4929.75,4929.75,975.0,SYNTH-MES-A,1
2024-11-04 16:37:00+00:00,4929.75,4930.0,4929.5,4929.75,912.0,SYNTH-MES-A,1
2024-11-04 16:38:00+00:00,4929.75,4932.0,4929.5,4931.0,912.0,SYNTH-MES-A,1
2024-11-04 16:39:00+00:00,4931.0,4931.25,4928.0,4928.75,872.0,SYNTH-MES-A,1
2024-11-04 16:40:00+00:00,4928.75,4928.75,4925.0,4925.0,869.0,SYNTH-MES-A,1
2024-11-04 16:41:00+00:00,4925.0,4925.25,4923.5,4924.0,865.0,SYNTH-MES-A,1
2024-11-04 16:42:00+00:00,4924.0,4926.75,4922.5,4922.75,920.0,SYNTH-MES-A,1
2024-11-04 16:43:00+00:00,4922.75,4923.0,4922.25,4923.0,871.0,SYNTH-MES-A,1
2024-11-04 16:44:00+00:00,4923.0,4924.0,4921.75,4922.5,929.0,SYNTH-MES-A,1
2024-11-04 16:45:00+00:00,4922.5,4922.75,4922.25,4922.75,904.0,SYNTH-MES-A,1
2024-11-04 16:46:00+00:00,4922.75,4927.75,4922.5,4925.25,891.0,SYNTH-MES-A,1
2024-11-04 16:47:00+00:00,4925.25,4926.75,4925.0,4925.5,852.0,SYNTH-MES-A,1
2024-11-04 16:48:00+00:00,4925.5,4925.5,4924.25,4924.25,924.0,SYNTH-MES-A,1
2024-11-04 16:49:00+00:00,4924.25,4924.5,4922.25,4923.0,912.0,SYNTH-MES-A,1
2024-11-04 16:50:00+00:00,4923.0,4923.75,4923.0,4923.25,864.0,SYNTH-MES-A,1
2024-11-04 16:51:00+00:00,4923.25,4925.75,4922.75,4925.5,888.0,SYNTH-MES-A,1
2024-11-04 16:52:00+00:00,4925.5,4925.5,4924.25,4925.25,835.0,SYNTH-MES-A,1
2024-11-04 16:53:00+00:00,4925.25,4925.25,4924.25,4924.5,949.0,SYNTH-MES-A,1
2024-11-04 16:54:00+00:00,4924.5,4925.25,4924.25,4924.75,926.0,SYNTH-MES-A,1
2024-11-04 16:55:00+00:00,4924.75,4924.75,4924.0,4924.25,855.0,SYNTH-MES-A,1
2024-11-04 16:56:00+00:00,4924.25,4925.75,4923.5,4925.25,877.0,SYNTH-MES-A,1
2024-11-04 16:57:00+00:00,4925.25,4926.0,4922.75,4924.75,914.0,SYNTH-MES-A,1
2024-11-04 16:58:00+00:00,4924.75,4926.0,4924.75,4925.25,947.0,SYNTH-MES-A,1
2024-11-04 16:59:00+00:00,4925.25,4926.5,4925.0,4926.5,955.0,SYNTH-MES-A,1
2024-11-04 17:00:00+00:00,4926.5,4928.75,4925.5,4928.0,908.0,SYNTH-MES-A,1
2024-11-04 17:01:00+00:00,4928.0,4928.25,4926.5,4926.5,859.0,SYNTH-MES-A,1
2024-11-04 17:02:00+00:00,4926.5,4926.75,4924.5,4925.0,911.0,SYNTH-MES-A,1
2024-11-04 17:03:00+00:00,4925.0,4927.5,4924.75,4927.5,868.0,SYNTH-MES-A,1
2024-11-04 17:04:00+00:00,4927.5,4927.5,4927.5,4927.5,956.0,SYNTH-MES-A,1
2024-11-04 17:05:00+00:00,4927.5,4927.5,4925.0,4925.25,859.0,SYNTH-MES-A,1
2024-11-04 17:06:00+00:00,4925.25,4925.75,4923.5,4925.25,924.0,SYNTH-MES-A,1
2024-11-04 17:07:00+00:00,4925.25,4925.75,4925.25,4925.75,839.0,SYNTH-MES-A,1
2024-11-04 17:08:00+00:00,4925.75,4926.0,4924.75,4925.5,894.0,SYNTH-MES-A,1
2024-11-04 17:09:00+00:00,4925.5,4926.75,4924.75,4925.0,916.0,SYNTH-MES-A,1
2024-11-04 17:10:00+00:00,4925.0,4925.0,4922.0,4922.5,897.0,SYNTH-MES-A,1
2024-11-04 17:11:00+00:00,4922.5,4924.25,4922.0,4923.75,884.0,SYNTH-MES-A,1
2024-11-04 17:12:00+00:00,4923.75,4923.75,4922.25,4923.0,907.0,SYNTH-MES-A,1
2024-11-04 17:13:00+00:00,4923.0,4923.75,4922.0,4922.5,861.0,SYNTH-MES-A,1
2024-11-04 17:14:00+00:00,4922.5,4923.0,4921.75,4922.25,892.0,SYNTH-MES-A,1
2024-11-04 17:15:00+00:00,4922.25,4923.5,4921.25,4921.75,930.0,SYNTH-MES-A,1
2024-11-04 17:16:00+00:00,4921.75,4924.25,4921.5,4923.5,848.0,SYNTH-MES-A,1
2024-11-04 17:17:00+00:00,4923.5,4924.25,4922.75,4923.0,903.0,SYNTH-MES-A,1
2024-11-04 17:18:00+00:00,4923.0,4924.0,4919.75,4921.0,898.0,SYNTH-MES-A,1
2024-11-04 17:19:00+00:00,4921.0,4921.0,4919.0,4919.25,928.0,SYNTH-MES-A,1
2024-11-04 17:20:00+00:00,4919.25,4921.75,4919.0,4921.5,965.0,SYNTH-MES-A,1
2024-11-04 17:21:00+00:00,4921.5,4924.0,4921.25,4923.75,873.0,SYNTH-MES-A,1
2024-11-04 17:22:00+00:00,4923.75,4925.75,4922.25,4923.0,904.0,SYNTH-MES-A,1
2024-11-04 17:23:00+00:00,4923.0,4924.5,4922.75,4924.0,946.0,SYNTH-MES-A,1
2024-11-04 17:24:00+00:00,4924.0,4924.0,4922.25,4922.25,912.0,SYNTH-MES-A,1
2024-11-04 17:25:00+00:00,4922.25,4923.25,4920.25,4920.5,915.0,SYNTH-MES-A,1
2024-11-04 17:26:00+00:00,4920.5,4921.0,4918.75,4919.75,910.0,SYNTH-MES-A,1
2024-11-04 17:27:00+00:00,4919.75,4920.25,4919.25,4919.5,935.0,SYNTH-MES-A,1
2024-11-04 17:28:00+00:00,4919.5,4920.25,4918.75,4920.0,891.0,SYNTH-MES-A,1
2024-11-04 17:29:00+00:00,4920.0,4920.0,4919.75,4920.0,870.0,SYNTH-MES-A,1
2024-11-04 17:30:00+00:00,4920.0,4920.0,4918.25,4918.25,905.0,SYNTH-MES-A,1
2024-11-04 17:31:00+00:00,4918.25,4918.25,4917.25,4917.5,907.0,SYNTH-MES-A,1
2024-11-04 17:32:00+00:00,4917.5,4918.75,4915.5,4916.0,897.0,SYNTH-MES-A,1
2024-11-04 17:33:00+00:00,4916.0,4916.5,4915.25,4916.25,912.0,SYNTH-MES-A,1
2024-11-04 17:34:00+00:00,4916.25,4919.0,4915.5,4915.5,856.0,SYNTH-MES-A,1
2024-11-04 17:35:00+00:00,4915.5,4916.25,4913.5,4913.75,915.0,SYNTH-MES-A,1
2024-11-04 17:36:00+00:00,4913.75,4914.0,4912.5,4912.5,872.0,SYNTH-MES-A,1
2024-11-04 17:37:00+00:00,4912.5,4913.0,4912.25,4912.5,914.0,SYNTH-MES-A,1
2024-11-04 17:38:00+00:00,4912.5,4912.75,4911.25,4911.25,902.0,SYNTH-MES-A,1
2024-11-04 17:39:00+00:00,4911.25,4912.75,4905.5,4909.75,871.0,SYNTH-MES-A,1
2024-11-04 17:40:00+00:00,4909.75,4911.25,4909.25,4911.25,891.0,SYNTH-MES-A,1
2024-11-04 17:41:00+00:00,4911.25,4911.25,4910.0,4910.0,918.0,SYNTH-MES-A,1
2024-11-04 17:42:00+00:00,4910.0,4911.75,4909.75,4910.5,863.0,SYNTH-MES-A,1
2024-11-04 17:43:00+00:00,4910.5,4911.0,4909.5,4910.75,871.0,SYNTH-MES-A,1
2024-11-04 17:44:00+00:00,4910.75,4911.5,4909.75,4910.5,859.0,SYNTH-MES-A,1
2024-11-04 17:45:00+00:00,4910.5,4911.0,4910.25,4911.0,861.0,SYNTH-MES-A,1
2024-11-04 17:46:00+00:00,4911.0,4913.25,4910.25,4912.75,869.0,SYNTH-MES-A,1
2024-11-04 17:47:00+00:00,4912.75,4913.0,4911.25,4911.5,900.0,SYNTH-MES-A,1
2024-11-04 17:48:00+00:00,4911.5,4912.0,4909.75,4910.75,879.0,SYNTH-MES-A,1
2024-11-04 17:49:00+00:00,4910.75,4910.75,4909.0,4909.25,903.0,SYNTH-MES-A,1
2024-11-04 17:50:00+00:00,4909.25,4910.0,4908.75,4910.0,906.0,SYNTH-MES-A,1
2024-11-04 17:51:00+00:00,4910.0,4910.5,4909.75,4909.75,908.0,SYNTH-MES-A,1
2024-11-04 17:52:00+00:00,4909.75,4911.5,4909.5,4911.5,942.0,SYNTH-MES-A,1
2024-11-04 17:53:00+00:00,4911.5,4912.0,4908.25,4908.75,909.0,SYNTH-MES-A,1
2024-11-04 17:54:00+00:00,4908.75,4911.0,4908.0,4909.0,894.0,SYNTH-MES-A,1
2024-11-04 17:55:00+00:00,4909.0,4909.0,4907.0,4908.25,932.0,SYNTH-MES-A,1
2024-11-04 17:56:00+00:00,4908.25,4908.5,4904.25,4904.5,884.0,SYNTH-MES-A,1
2024-11-04 17:57:00+00:00,4904.5,4904.75,4903.25,4904.0,950.0,SYNTH-MES-A,1
2024-11-04 17:58:00+00:00,4904.0,4905.75,4903.75,4905.75,875.0,SYNTH-MES-A,1
2024-11-04 17:59:00+00:00,4905.75,4906.0,4905.5,4905.5,892.0,SYNTH-MES-A,1
2024-11-04 18:00:00+00:00,4905.5,4905.75,4905.0,4905.75,937.0,SYNTH-MES-A,1
2024-11-04 18:01:00+00:00,4905.75,4905.75,4903.25,4903.75,911.0,SYNTH-MES-A,1
2024-11-04 18:02:00+00:00,4903.75,4905.75,4903.5,4905.0,890.0,SYNTH-MES-A,1
2024-11-04 18:03:00+00:00,4905.0,4905.75,4902.5,4902.75,898.0,SYNTH-MES-A,1
2024-11-04 18:04:00+00:00,4902.75,4904.0,4902.5,4903.5,866.0,SYNTH-MES-A,1
2024-11-04 18:05:00+00:00,4903.5,4903.5,4901.25,4901.25,906.0,SYNTH-MES-A,1
2024-11-04 18:06:00+00:00,4901.25,4902.75,4901.0,4902.25,867.0,SYNTH-MES-A,1
2024-11-04 18:07:00+00:00,4902.25,4904.75,4902.0,4902.75,841.0,SYNTH-MES-A,1
2024-11-04 18:08:00+00:00,4902.75,4902.75,4901.0,4902.0,895.0,SYNTH-MES-A,1
2024-11-04 18:09:00+00:00,4902.0,4902.25,4901.75,4902.25,861.0,SYNTH-MES-A,1
2024-11-04 18:10:00+00:00,4902.25,4903.0,4902.25,4902.75,966.0,SYNTH-MES-A,1
2024-11-04 18:11:00+00:00,4902.75,4903.75,4901.75,4903.0,899.0,SYNTH-MES-A,1
2024-11-04 18:12:00+00:00,4903.0,4906.0,4902.25,4905.25,876.0,SYNTH-MES-A,1
2024-11-04 18:13:00+00:00,4905.25,4906.25,4904.75,4905.5,896.0,SYNTH-MES-A,1
2024-11-04 18:14:00+00:00,4905.5,4908.0,4905.25,4907.0,938.0,SYNTH-MES-A,1
2024-11-04 18:15:00+00:00,4907.0,4907.0,4906.25,4906.75,883.0,SYNTH-MES-A,1
2024-11-04 18:16:00+00:00,4906.75,4909.0,4906.75,4907.75,908.0,SYNTH-MES-A,1
2024-11-04 18:17:00+00:00,4907.75,4908.75,4906.5,4907.0,866.0,SYNTH-MES-A,1
2024-11-04 18:18:00+00:00,4907.0,4907.0,4905.75,4906.0,931.0,SYNTH-MES-A,1
2024-11-04 18:19:00+00:00,4906.0,4907.25,4904.0,4904.0,882.0,SYNTH-MES-A,1
2024-11-04 18:20:00+00:00,4904.0,4906.5,4903.75,4904.25,896.0,SYNTH-MES-A,1
2024-11-04 18:21:00+00:00,4904.25,4904.75,4902.5,4902.75,899.0,SYNTH-MES-A,1
2024-11-04 18:22:00+00:00,4902.75,4903.0,4902.75,4902.75,862.0,SYNTH-MES-A,1
2024-11-04 18:23:00+00:00,4902.75,4904.0,4902.25,4902.75,890.0,SYNTH-MES-A,1
2024-11-04 18:24:00+00:00,4902.75,4903.75,4902.0,4902.25,878.0,SYNTH-MES-A,1
2024-11-04 18:25:00+00:00,4902.25,4903.75,4901.25,4901.5,876.0,SYNTH-MES-A,1
2024-11-04 18:26:00+00:00,4901.5,4903.5,4901.0,4902.75,869.0,SYNTH-MES-A,1
2024-11-04 18:27:00+00:00,4902.75,4902.75,4902.5,4902.75,909.0,SYNTH-MES-A,1
2024-11-04 18:28:00+00:00,4902.75,4903.25,4902.25,4903.0,867.0,SYNTH-MES-A,1
2024-11-04 18:29:00+00:00,4903.0,4903.0,4902.25,4902.75,889.0,SYNTH-MES-A,1
2024-11-04 18:30:00+00:00,4902.75,4903.25,4901.25,4903.0,926.0,SYNTH-MES-A,1
2024-11-04 18:31:00+00:00,4903.0,4904.0,4902.5,4902.75,910.0,SYNTH-MES-A,1
2024-11-04 18:32:00+00:00,4902.75,4904.25,4902.5,4903.0,934.0,SYNTH-MES-A,1
2024-11-04 18:33:00+00:00,4903.0,4904.0,4901.75,4902.5,907.0,SYNTH-MES-A,1
2024-11-04 18:34:00+00:00,4902.5,4903.0,4900.75,4901.25,854.0,SYNTH-MES-A,1
2024-11-04 18:35:00+00:00,4901.25,4901.75,4901.0,4901.75,919.0,SYNTH-MES-A,1
2024-11-04 18:36:00+00:00,4901.75,4903.5,4901.5,4902.0,899.0,SYNTH-MES-A,1
2024-11-04 18:37:00+00:00,4902.0,4902.5,4901.75,4902.25,890.0,SYNTH-MES-A,1
2024-11-04 18:38:00+00:00,4902.25,4902.5,4900.0,4900.25,902.0,SYNTH-MES-A,1
2024-11-04 18:39:00+00:00,4900.25,4900.75,4898.5,4898.75,914.0,SYNTH-MES-A,1
2024-11-04 18:40:00+00:00,4898.75,4899.75,4897.75,4899.5,910.0,SYNTH-MES-A,1
2024-11-04 18:41:00+00:00,4899.5,4899.75,4895.5,4895.75,885.0,SYNTH-MES-A,1
2024-11-04 18:42:00+00:00,4895.75,4897.75,4895.5,4897.5,890.0,SYNTH-MES-A,1
2024-11-04 18:43:00+00:00,4897.5,4897.75,4896.25,4896.5,940.0,SYNTH-MES-A,1
2024-11-04 18:44:00+00:00,4896.5,4898.0,4895.0,4895.0,886.0,SYNTH-MES-A,1
2024-11-04 18:45:00+00:00,4895.0,4897.75,4894.75,4897.0,863.0,SYNTH-MES-A,1
2024-11-04 18:46:00+00:00,4897.0,4897.5,4894.5,4895.75,872.0,SYNTH-MES-A,1
2024-11-04 18:47:00+00:00,4895.75,4897.25,4895.5,4896.75,848.0,SYNTH-MES-A,1
2024-11-04 18:48:00+00:00,4896.75,4897.25,4895.25,4896.0,893.0,SYNTH-MES-A,1
2024-11-04 18:49:00+00:00,4896.0,4896.0,4894.75,4895.0,920.0,SYNTH-MES-A,1
2024-11-04 18:50:00+00:00,4895.0,4895.25,4895.0,4895.25,883.0,SYNTH-MES-A,1
2024-11-04 18:51:00+00:00,4895.25,4895.5,4893.75,4893.75,860.0,SYNTH-MES-A,1
2024-11-04 18:52:00+00:00,4893.75,4894.5,4892.75,4892.75,907.0,SYNTH-MES-A,1
2024-11-04 18:53:00+00:00,4892.75,4893.0,4890.75,4891.0,850.0,SYNTH-MES-A,1
2024-11-04 18:54:00+00:00,4891.0,4891.25,4889.75,4891.25,886.0,SYNTH-MES-A,1
2024-11-04 18:55:00+00:00,4891.25,4891.25,4888.5,4889.0,900.0,SYNTH-MES-A,1
2024-11-04 18:56:00+00:00,4889.0,4889.5,4885.5,4886.0,878.0,SYNTH-MES-A,1
2024-11-04 18:57:00+00:00,4886.0,4888.5,4885.25,4888.0,954.0,SYNTH-MES-A,1
2024-11-04 18:58:00+00:00,4888.0,4889.5,4887.5,4888.25,878.0,SYNTH-MES-A,1
2024-11-04 18:59:00+00:00,4888.25,4889.25,4888.0,4888.25,929.0,SYNTH-MES-A,1
2024-11-04 19:00:00+00:00,4888.25,4889.25,4885.25,4886.0,877.0,SYNTH-MES-A,1
2024-11-04 19:01:00+00:00,4886.0,4886.25,4885.75,4886.0,886.0,SYNTH-MES-A,1
2024-11-04 19:02:00+00:00,4886.0,4886.0,4885.25,4885.25,905.0,SYNTH-MES-A,1
2024-11-04 19:03:00+00:00,4885.25,4889.0,4882.5,4882.75,949.0,SYNTH-MES-A,1
2024-11-04 19:04:00+00:00,4882.75,4883.0,4880.5,4881.5,904.0,SYNTH-MES-A,1
2024-11-04 19:05:00+00:00,4881.5,4883.0,4881.5,4883.0,850.0,SYNTH-MES-A,1
2024-11-04 19:06:00+00:00,4883.0,4884.75,4882.75,4884.75,827.0,SYNTH-MES-A,1
2024-11-04 19:07:00+00:00,4884.75,4885.0,4881.75,4883.0,904.0,SYNTH-MES-A,1
2024-11-04 19:08:00+00:00,4883.0,4883.75,4882.75,4883.75,897.0,SYNTH-MES-A,1
2024-11-04 19:09:00+00:00,4883.75,4887.0,4883.5,4887.0,906.0,SYNTH-MES-A,1
2024-11-04 19:10:00+00:00,4887.0,4887.5,4885.5,4885.75,868.0,SYNTH-MES-A,1
2024-11-04 19:11:00+00:00,4885.75,4886.0,4884.5,4885.75,855.0,SYNTH-MES-A,1
2024-11-04 19:12:00+00:00,4885.75,4886.5,4884.75,4885.5,930.0,SYNTH-MES-A,1
2024-11-04 19:13:00+00:00,4885.5,4886.0,4883.0,4883.25,942.0,SYNTH-MES-A,1
2024-11-04 19:14:00+00:00,4883.25,4886.25,4882.75,4886.25,927.0,SYNTH-MES-A,1
2024-11-04 19:15:00+00:00,4886.25,4887.5,4886.0,4887.0,925.0,SYNTH-MES-A,1
2024-11-04 19:16:00+00:00,4887.0,4891.75,4886.75,4889.0,939.0,SYNTH-MES-A,1
2024-11-04 19:17:00+00:00,4889.0,4889.75,4888.25,4888.25,874.0,SYNTH-MES-A,1
2024-11-04 19:18:00+00:00,4888.25,4889.25,4887.5,4888.5,919.0,SYNTH-MES-A,1
2024-11-04 19:19:00+00:00,4888.5,4888.5,4888.0,4888.5,892.0,SYNTH-MES-A,1
2024-11-04 19:20:00+00:00,4888.5,4889.0,4888.25,4888.25,918.0,SYNTH-MES-A,1
2024-11-04 19:21:00+00:00,4888.25,4890.5,4888.0,4890.25,907.0,SYNTH-MES-A,1
2024-11-04 19:22:00+00:00,4890.25,4891.25,4890.0,4890.0,956.0,SYNTH-MES-A,1
2024-11-04 19:23:00+00:00,4890.0,4891.0,4889.75,4891.0,900.0,SYNTH-MES-A,1
2024-11-04 19:24:00+00:00,4891.0,4892.0,4889.75,4890.0,908.0,SYNTH-MES-A,1
2024-11-04 19:25:00+00:00,4890.0,4891.75,4890.0,4890.25,848.0,SYNTH-MES-A,1
2024-11-04 19:26:00+00:00,4890.25,4890.75,4889.5,4890.25,911.0,SYNTH-MES-A,1
2024-11-04 19:27:00+00:00,4890.25,4890.25,4889.75,4890.0,911.0,SYNTH-MES-A,1
2024-11-04 19:28:00+00:00,4890.0,4891.25,4889.25,4890.5,895.0,SYNTH-MES-A,1
2024-11-04 19:29:00+00:00,4890.5,4892.25,4888.0,4889.75,891.0,SYNTH-MES-A,1
2024-11-04 19:30:00+00:00,4889.75,4889.75,4888.25,4888.75,969.0,SYNTH-MES-A,1
2024-11-04 19:31:00+00:00,4888.75,4893.75,4888.5,4891.25,894.0,SYNTH-MES-A,1
2024-11-04 19:32:00+00:00,4891.25,4891.25,4890.0,4890.25,901.0,SYNTH-MES-A,1
2024-11-04 19:33:00+00:00,4890.25,4892.0,4890.0,4891.0,924.0,SYNTH-MES-A,1
2024-11-04 19:34:00+00:00,4891.0,4892.25,4890.25,4890.25,873.0,SYNTH-MES-A,1
2024-11-04 19:35:00+00:00,4890.25,4890.75,4887.75,4888.0,935.0,SYNTH-MES-A,1
2024-11-04 19:36:00+00:00,4888.0,4888.75,4887.75,4888.75,912.0,SYNTH-MES-A,1
2024-11-04 19:37:00+00:00,4888.75,4888.75,4887.75,4888.0,874.0,SYNTH-MES-A,1
2024-11-04 19:38:00+00:00,4888.0,4888.5,4887.0,4888.0,873.0,SYNTH-MES-A,1
2024-11-04 19:39:00+00:00,4888.0,4888.5,4885.5,4886.25,904.0,SYNTH-MES-A,1
2024-11-04 19:40:00+00:00,4886.25,4887.25,4882.75,4884.25,915.0,SYNTH-MES-A,1
2024-11-04 19:41:00+00:00,4884.25,4887.5,4884.25,4887.0,902.0,SYNTH-MES-A,1
2024-11-04 19:42:00+00:00,4887.0,4887.0,4884.5,4886.25,915.0,SYNTH-MES-A,1
2024-11-04 19:43:00+00:00,4886.25,4886.5,4885.5,4886.0,905.0,SYNTH-MES-A,1
2024-11-04 19:44:00+00:00,4886.0,4886.75,4884.25,4884.75,904.0,SYNTH-MES-A,1
2024-11-04 19:45:00+00:00,4884.75,4885.5,4884.25,4885.0,889.0,SYNTH-MES-A,1
2024-11-04 19:46:00+00:00,4885.0,4888.0,4883.25,4887.5,933.0,SYNTH-MES-A,1
2024-11-04 19:47:00+00:00,4887.5,4887.5,4885.5,4886.75,920.0,SYNTH-MES-A,1
2024-11-04 19:48:00+00:00,4886.75,4889.25,4886.5,4889.0,985.0,SYNTH-MES-A,1
2024-11-04 19:49:00+00:00,4889.0,4892.5,4889.0,4891.25,952.0,SYNTH-MES-A,1
2024-11-04 19:50:00+00:00,4891.25,4891.75,4889.5,4890.0,929.0,SYNTH-MES-A,1
2024-11-04 19:51:00+00:00,4890.0,4890.25,4888.75,4889.75,879.0,SYNTH-MES-A,1
2024-11-04 19:52:00+00:00,4889.75,4890.25,4889.0,4890.25,922.0,SYNTH-MES-A,1
2024-11-04 19:53:00+00:00,4890.25,4890.5,4887.25,4888.0,880.0,SYNTH-MES-A,1
2024-11-04 19:54:00+00:00,4888.0,4890.0,4886.5,4889.75,908.0,SYNTH-MES-A,1
2024-11-04 19:55:00+00:00,4889.75,4890.25,4887.25,4887.25,942.0,SYNTH-MES-A,1
2024-11-04 19:56:00+00:00,4887.25,4890.75,4887.0,4888.75,870.0,SYNTH-MES-A,1
2024-11-04 19:57:00+00:00,4888.75,4888.75,4888.0,4888.25,933.0,SYNTH-MES-A,1
2024-11-04 19:58:00+00:00,4888.25,4888.5,4887.0,4887.75,932.0,SYNTH-MES-A,1
2024-11-04 19:59:00+00:00,4887.75,4887.75,4885.25,4886.75,918.0,SYNTH-MES-A,1
2024-11-04 20:00:00+00:00,4886.75,4887.0,4885.75,4886.0,850.0,SYNTH-MES-A,1
2024-11-04 20:01:00+00:00,4886.0,4888.75,4885.75,4887.25,893.0,SYNTH-MES-A,1
2024-11-04 20:02:00+00:00,4887.25,4889.0,4886.5,4888.75,891.0,SYNTH-MES-A,1
2024-11-04 20:03:00+00:00,4888.75,4889.0,4883.5,4885.5,886.0,SYNTH-MES-A,1
2024-11-04 20:04:00+00:00,4885.5,4886.75,4882.25,4883.25,935.0,SYNTH-MES-A,1
2024-11-04 20:05:00+00:00,4883.25,4885.0,4882.75,4885.0,896.0,SYNTH-MES-A,1
2024-11-04 20:06:00+00:00,4885.0,4885.0,4885.0,4885.0,872.0,SYNTH-MES-A,1
2024-11-04 20:07:00+00:00,4885.0,4885.25,4882.5,4883.25,918.0,SYNTH-MES-A,1
2024-11-04 20:08:00+00:00,4883.25,4884.0,4882.0,4882.25,929.0,SYNTH-MES-A,1
2024-11-04 20:09:00+00:00,4882.25,4883.75,4880.75,4881.0,919.0,SYNTH-MES-A,1
2024-11-04 20:10:00+00:00,4881.0,4882.0,4880.25,4880.75,936.0,SYNTH-MES-A,1
2024-11-04 20:11:00+00:00,4880.75,4880.75,4880.25,4880.5,894.0,SYNTH-MES-A,1
2024-11-04 20:12:00+00:00,4880.5,4883.0,4880.25,4882.5,841.0,SYNTH-MES-A,1
2024-11-04 20:13:00+00:00,4882.5,4882.75,4882.0,4882.25,916.0,SYNTH-MES-A,1
2024-11-04 20:14:00+00:00,4882.25,4883.0,4879.75,4879.75,854.0,SYNTH-MES-A,1
2024-11-04 20:15:00+00:00,4879.75,4880.25,4878.0,4879.5,973.0,SYNTH-MES-A,1
2024-11-04 20:16:00+00:00,4879.5,4881.75,4878.5,4881.5,857.0,SYNTH-MES-A,1
2024-11-04 20:17:00+00:00,4881.5,4883.25,4881.25,4882.5,890.0,SYNTH-MES-A,1
2024-11-04 20:18:00+00:00,4882.5,4884.0,4880.0,4880.25,911.0,SYNTH-MES-A,1
2024-11-04 20:19:00+00:00,4880.25,4881.0,4879.0,4880.0,933.0,SYNTH-MES-A,1
2024-11-04 20:20:00+00:00,4880.0,4880.25,4879.25,4880.25,930.0,SYNTH-MES-A,1
2024-11-04 20:21:00+00:00,4880.25,4880.25,4878.0,4879.0,911.0,SYNTH-MES-A,1
2024-11-04 20:22:00+00:00,4879.0,4879.75,4878.75,4879.75,857.0,SYNTH-MES-A,1
2024-11-04 20:23:00+00:00,4879.75,4880.25,4877.5,4877.5,927.0,SYNTH-MES-A,1
2024-11-04 20:24:00+00:00,4877.5,4877.75,4876.0,4876.0,873.0,SYNTH-MES-A,1
2024-11-04 20:25:00+00:00,4876.0,4878.5,4875.25,4878.25,905.0,SYNTH-MES-A,1
2024-11-04 20:26:00+00:00,4878.25,4880.25,4877.5,4878.5,840.0,SYNTH-MES-A,1
2024-11-04 20:27:00+00:00,4878.5,4880.75,4878.0,4880.75,898.0,SYNTH-MES-A,1
2024-11-04 20:28:00+00:00,4880.75,4883.0,4880.25,4882.75,892.0,SYNTH-MES-A,1
2024-11-04 20:29:00+00:00,4882.75,4883.5,4881.5,4882.5,912.0,SYNTH-MES-A,1
2024-11-04 20:30:00+00:00,4882.5,4884.25,4882.25,4883.75,870.0,SYNTH-MES-A,1
2024-11-04 20:31:00+00:00,4883.75,4885.0,4882.0,4882.75,930.0,SYNTH-MES-A,1
2024-11-04 20:32:00+00:00,4882.75,4883.25,4882.5,4883.25,902.0,SYNTH-MES-A,1
2024-11-04 20:33:00+00:00,4883.25,4883.5,4879.5,4883.0,864.0,SYNTH-MES-A,1
2024-11-04 20:34:00+00:00,4883.0,4884.5,4883.0,4884.5,914.0,SYNTH-MES-A,1
2024-11-04 20:35:00+00:00,4884.5,4886.0,4884.5,4886.0,918.0,SYNTH-MES-A,1
2024-11-04 20:36:00+00:00,4886.0,4889.5,4885.75,4885.75,929.0,SYNTH-MES-A,1
2024-11-04 20:37:00+00:00,4885.75,4885.75,4881.75,4882.75,868.0,SYNTH-MES-A,1
2024-11-04 20:38:00+00:00,4882.75,4885.0,4882.5,4884.5,833.0,SYNTH-MES-A,1
2024-11-04 20:39:00+00:00,4884.5,4885.25,4882.5,4882.5,873.0,SYNTH-MES-A,1
2024-11-04 20:40:00+00:00,4882.5,4883.5,4880.0,4883.0,866.0,SYNTH-MES-A,1
2024-11-04 20:41:00+00:00,4883.0,4885.75,4882.75,4885.75,894.0,SYNTH-MES-A,1
2024-11-04 20:42:00+00:00,4885.75,4887.0,4885.75,4886.5,868.0,SYNTH-MES-A,1
2024-11-04 20:43:00+00:00,4886.5,4887.0,4883.5,4883.75,929.0,SYNTH-MES-A,1
2024-11-04 20:44:00+00:00,4883.75,4884.0,4881.0,4882.0,847.0,SYNTH-MES-A,1
2024-11-04 20:45:00+00:00,4882.0,4883.5,4880.75,4881.25,860.0,SYNTH-MES-A,1
2024-11-04 20:46:00+00:00,4881.25,4884.5,4880.5,4882.0,879.0,SYNTH-MES-A,1
2024-11-04 20:47:00+00:00,4882.0,4884.75,4881.25,4884.75,896.0,SYNTH-MES-A,1
2024-11-04 20:48:00+00:00,4884.75,4886.75,4884.5,4885.25,906.0,SYNTH-MES-A,1
2024-11-04 20:49:00+00:00,4885.25,4886.5,4885.25,4886.25,895.0,SYNTH-MES-A,1
2024-11-04 20:50:00+00:00,4886.25,4886.25,4880.75,4881.25,860.0,SYNTH-MES-A,1
2024-11-04 20:51:00+00:00,4881.25,4884.5,4880.5,4883.75,860.0,SYNTH-MES-A,1
2024-11-04 20:52:00+00:00,4883.75,4883.75,4882.5,4882.75,847.0,SYNTH-MES-A,1
2024-11-04 20:53:00+00:00,4882.75,4883.25,4882.0,4882.25,914.0,SYNTH-MES-A,1
2024-11-04 20:54:00+00:00,4882.25,4883.0,4881.25,4882.0,886.0,SYNTH-MES-A,1
2024-11-04 20:55:00+00:00,4882.0,4882.75,4882.0,4882.25,912.0,SYNTH-MES-A,1
2024-11-04 20:56:00+00:00,4882.25,4884.75,4881.0,4881.25,898.0,SYNTH-MES-A,1
2024-11-04 20:57:00+00:00,4881.25,4882.75,4881.25,4882.25,906.0,SYNTH-MES-A,1
2024-11-04 20:58:00+00:00,4882.25,4884.5,4880.25,4884.0,897.0,SYNTH-MES-A,1
2024-11-04 20:59:00+00:00,4884.0,4885.0,4883.0,4884.25,846.0,SYNTH-MES-A,1
2024-11-04 21:00:00+00:00,4884.25,4885.25,4884.0,4885.25,197.0,SYNTH-MES-A,1
2024-11-04 21:01:00+00:00,4885.25,4886.25,4885.25,4886.25,176.0,SYNTH-MES-A,1
2024-11-04 21:02:00+00:00,4886.25,4886.5,4885.75,4885.75,184.0,SYNTH-MES-A,1
2024-11-04 21:03:00+00:00,4885.75,4885.75,4885.5,4885.5,208.0,SYNTH-MES-A,1
2024-11-04 21:04:00+00:00,4885.5,4885.5,4883.75,4885.25,209.0,SYNTH-MES-A,1
2024-11-04 21:05:00+00:00,4885.25,4886.25,4885.25,4886.0,198.0,SYNTH-MES-A,1
2024-11-04 21:06:00+00:00,4886.0,4886.75,4886.0,4886.25,197.0,SYNTH-MES-A,1
2024-11-04 21:07:00+00:00,4886.25,4887.25,4886.0,4887.0,183.0,SYNTH-MES-A,1
2024-11-04 21:08:00+00:00,4887.0,4887.0,4886.25,4886.5,190.0,SYNTH-MES-A,1
2024-11-04 21:09:00+00:00,4886.5,4886.75,4886.25,4886.5,217.0,SYNTH-MES-A,1
2024-11-04 21:10:00+00:00,4886.5,4886.75,4886.25,4886.75,202.0,SYNTH-MES-A,1
2024-11-04 21:11:00+00:00,4886.75,4886.75,4885.5,4886.0,199.0,SYNTH-MES-A,1
2024-11-04 21:12:00+00:00,4886.0,4886.25,4886.0,4886.25,227.0,SYNTH-MES-A,1
2024-11-04 21:13:00+00:00,4886.25,4887.25,4886.25,4887.25,185.0,SYNTH-MES-A,1
2024-11-04 21:14:00+00:00,4887.25,4887.75,4887.0,4887.75,216.0,SYNTH-MES-A,1
2024-11-04 21:15:00+00:00,4887.75,4888.0,4887.25,4887.25,230.0,SYNTH-MES-A,1
2024-11-04 21:16:00+00:00,4887.25,4888.0,4886.0,4886.25,208.0,SYNTH-MES-A,1
2024-11-04 21:17:00+00:00,4886.25,4886.25,4885.75,4886.0,190.0,SYNTH-MES-A,1
2024-11-04 21:18:00+00:00,4886.0,4886.0,4885.75,4885.75,214.0,SYNTH-MES-A,1
2024-11-04 21:19:00+00:00,4885.75,4885.75,4885.5,4885.5,215.0,SYNTH-MES-A,1
2024-11-04 21:20:00+00:00,4885.5,4886.75,4885.5,4886.25,199.0,SYNTH-MES-A,1
2024-11-04 21:21:00+00:00,4886.25,4886.5,4886.0,4886.25,219.0,SYNTH-MES-A,1
2024-11-04 21:22:00+00:00,4886.25,4888.0,4886.0,4886.75,197.0,SYNTH-MES-A,1
2024-11-04 21:23:00+00:00,4886.75,4887.0,4886.5,4887.0,216.0,SYNTH-MES-A,1
2024-11-04 21:24:00+00:00,4887.0,4887.5,4886.5,4886.75,202.0,SYNTH-MES-A,1
2024-11-04 21:25:00+00:00,4886.75,4888.0,4886.5,4887.0,205.0,SYNTH-MES-A,1
2024-11-04 21:26:00+00:00,4887.0,4887.0,4886.0,4886.25,192.0,SYNTH-MES-A,1
2024-11-04 21:27:00+00:00,4886.25,4887.0,4885.75,4885.75,193.0,SYNTH-MES-A,1
2024-11-04 21:28:00+00:00,4885.75,4886.5,4884.75,4885.0,210.0,SYNTH-MES-A,1
2024-11-04 21:29:00+00:00,4885.0,4885.5,4884.75,4885.25,192.0,SYNTH-MES-A,1
2024-11-04 21:30:00+00:00,4885.25,4885.5,4885.0,4885.5,200.0,SYNTH-MES-A,1
2024-11-04 21:31:00+00:00,4885.5,4885.75,4885.0,4885.25,225.0,SYNTH-MES-A,1
2024-11-04 21:32:00+00:00,4885.25,4885.5,4885.0,4885.5,189.0,SYNTH-MES-A,1
2024-11-04 21:33:00+00:00,4885.5,4885.75,4885.25,4885.25,205.0,SYNTH-MES-A,1
2024-11-04 21:34:00+00:00,4885.25,4885.5,4884.75,4884.75,168.0,SYNTH-MES-A,1
2024-11-04 21:35:00+00:00,4884.75,4885.0,4883.5,4883.5,209.0,SYNTH-MES-A,1
2024-11-04 21:36:00+00:00,4883.5,4884.0,4883.25,4883.75,214.0,SYNTH-MES-A,1
2024-11-04 21:37:00+00:00,4883.75,4884.5,4883.25,4884.5,194.0,SYNTH-MES-A,1
2024-11-04 21:38:00+00:00,4884.5,4884.75,4884.25,4884.5,169.0,SYNTH-MES-A,1
2024-11-04 21:39:00+00:00,4884.5,4885.0,4884.25,4884.25,215.0,SYNTH-MES-A,1
2024-11-04 21:40:00+00:00,4884.25,4884.5,4884.25,4884.5,182.0,SYNTH-MES-A,1
2024-11-04 21:41:00+00:00,4884.5,4884.5,4883.5,4884.0,187.0,SYNTH-MES-A,1
2024-11-04 21:42:00+00:00,4884.0,4884.0,4884.0,4884.0,217.0,SYNTH-MES-A,1
2024-11-04 21:43:00+00:00,4884.0,4884.25,4882.25,4883.0,202.0,SYNTH-MES-A,1
2024-11-04 21:44:00+00:00,4883.0,4884.0,4882.5,4883.75,174.0,SYNTH-MES-A,1
2024-11-04 21:45:00+00:00,4883.75,4884.25,4883.75,4884.25,192.0,SYNTH-MES-A,1
2024-11-04 21:46:00+00:00,4884.25,4884.25,4884.25,4884.25,193.0,SYNTH-MES-A,1
2024-11-04 21:47:00+00:00,4884.25,4885.5,4884.0,4885.0,221.0,SYNTH-MES-A,1
2024-11-04 21:48:00+00:00,4885.0,4885.5,4883.25,4884.25,208.0,SYNTH-MES-A,1
2024-11-04 21:49:00+00:00,4884.25,4884.5,4884.0,4884.25,196.0,SYNTH-MES-A,1
2024-11-04 21:50:00+00:00,4884.25,4884.25,4883.75,4884.25,216.0,SYNTH-MES-A,1
2024-11-04 21:51:00+00:00,4884.25,4884.75,4884.0,4884.5,190.0,SYNTH-MES-A,1
2024-11-04 21:52:00+00:00,4884.5,4885.75,4884.25,4884.75,210.0,SYNTH-MES-A,1
2024-11-04 21:53:00+00:00,4884.75,4885.5,4884.0,4885.5,199.0,SYNTH-MES-A,1
2024-11-04 21:54:00+00:00,4885.5,4885.75,4885.0,4885.75,214.0,SYNTH-MES-A,1
2024-11-04 21:55:00+00:00,4885.75,4886.0,4884.25,4885.0,182.0,SYNTH-MES-A,1
2024-11-04 21:56:00+00:00,4885.0,4885.25,4884.5,4884.75,218.0,SYNTH-MES-A,1
2024-11-04 21:57:00+00:00,4884.75,4886.0,4884.75,4886.0,191.0,SYNTH-MES-A,1
2024-11-04 21:58:00+00:00,4886.0,4886.25,4884.25,4884.5,189.0,SYNTH-MES-A,1
2024-11-04 21:59:00+00:00,4884.5,4886.25,4884.25,4885.25,185.0,SYNTH-MES-A,1
2024-11-04 23:00:00+00:00,4885.25,4885.25,4885.0,4885.0,176.0,SYNTH-MES-A,1
2024-11-04 23:01:00+00:00,4885.0,4886.5,4885.0,4885.75,211.0,SYNTH-MES-A,1
2024-11-04 23:02:00+00:00,4885.75,4886.0,4884.75,4885.0,175.0,SYNTH-MES-A,1
2024-11-04 23:03:00+00:00,4885.0,4885.0,4884.5,4884.75,175.0,SYNTH-MES-A,1
2024-11-04 23:04:00+00:00,4884.75,4885.75,4884.5,4885.75,207.0,SYNTH-MES-A,1
2024-11-04 23:05:00+00:00,4885.75,4886.0,4884.25,4885.0,217.0,SYNTH-MES-A,1
2024-11-04 23:06:00+00:00,4885.0,4885.75,4885.0,4885.75,192.0,SYNTH-MES-A,1
2024-11-04 23:07:00+00:00,4885.75,4886.25,4884.5,4885.0,219.0,SYNTH-MES-A,1
2024-11-04 23:08:00+00:00,4885.0,4886.0,4884.75,4885.25,205.0,SYNTH-MES-A,1
2024-11-04 23:09:00+00:00,4885.25,4885.5,4884.5,4884.75,220.0,SYNTH-MES-A,1
2024-11-04 23:10:00+00:00,4884.75,4884.75,4884.0,4884.75,197.0,SYNTH-MES-A,1
2024-11-04 23:11:00+00:00,4884.75,4885.5,4884.5,4885.5,189.0,SYNTH-MES-A,1
2024-11-04 23:12:00+00:00,4885.5,4886.75,4885.0,4886.5,184.0,SYNTH-MES-A,1
2024-11-04 23:13:00+00:00,4886.5,4886.75,4886.25,4886.25,176.0,SYNTH-MES-A,1
2024-11-04 23:14:00+00:00,4886.25,4887.25,4886.25,4886.75,184.0,SYNTH-MES-A,1
2024-11-04 23:15:00+00:00,4886.75,4888.0,4886.75,4888.0,229.0,SYNTH-MES-A,1
2024-11-04 23:16:00+00:00,4888.0,4888.5,4887.75,4888.25,204.0,SYNTH-MES-A,1
2024-11-04 23:17:00+00:00,4888.25,4888.5,4887.75,4888.5,207.0,SYNTH-MES-A,1
2024-11-04 23:18:00+00:00,4888.5,4888.75,4886.25,4887.5,208.0,SYNTH-MES-A,1
2024-11-04 23:19:00+00:00,4887.5,4887.75,4887.0,4887.0,214.0,SYNTH-MES-A,1
2024-11-04 23:20:00+00:00,4887.0,4887.25,4886.75,4887.0,196.0,SYNTH-MES-A,1
2024-11-04 23:21:00+00:00,4887.0,4887.0,4885.25,4886.25,189.0,SYNTH-MES-A,1
2024-11-04 23:22:00+00:00,4886.25,4886.75,4886.0,4886.25,176.0,SYNTH-MES-A,1
2024-11-04 23:23:00+00:00,4886.25,4887.0,4885.0,4885.75,207.0,SYNTH-MES-A,1
2024-11-04 23:24:00+00:00,4885.75,4885.75,4884.5,4884.75,206.0,SYNTH-MES-A,1
2024-11-04 23:25:00+00:00,4884.75,4886.0,4884.5,4885.5,191.0,SYNTH-MES-A,1
2024-11-04 23:26:00+00:00,4885.5,4886.0,4885.5,4885.5,231.0,SYNTH-MES-A,1
2024-11-04 23:27:00+00:00,4885.5,4885.75,4885.5,4885.5,188.0,SYNTH-MES-A,1
2024-11-04 23:28:00+00:00,4885.5,4886.5,4885.5,4886.0,199.0,SYNTH-MES-A,1
2024-11-04 23:29:00+00:00,4886.0,4887.5,4886.0,4887.25,172.0,SYNTH-MES-A,1
2024-11-04 23:30:00+00:00,4887.25,4888.75,4886.0,4888.5,209.0,SYNTH-MES-A,1
2024-11-04 23:31:00+00:00,4888.5,4888.75,4887.25,4887.25,211.0,SYNTH-MES-A,1
2024-11-04 23:32:00+00:00,4887.25,4887.5,4886.75,4887.5,189.0,SYNTH-MES-A,1
2024-11-04 23:33:00+00:00,4887.5,4888.0,4887.25,4887.25,192.0,SYNTH-MES-A,1
2024-11-04 23:34:00+00:00,4887.25,4888.0,4886.5,4887.0,216.0,SYNTH-MES-A,1
2024-11-04 23:35:00+00:00,4887.0,4887.5,4886.5,4886.75,218.0,SYNTH-MES-A,1
2024-11-04 23:36:00+00:00,4886.75,4887.5,4886.5,4887.5,220.0,SYNTH-MES-A,1
2024-11-04 23:37:00+00:00,4887.5,4887.5,4886.25,4886.5,212.0,SYNTH-MES-A,1
2024-11-04 23:38:00+00:00,4886.5,4888.25,4886.5,4888.25,184.0,SYNTH-MES-A,1
2024-11-04 23:39:00+00:00,4888.25,4888.25,4887.25,4887.5,199.0,SYNTH-MES-A,1
2024-11-04 23:40:00+00:00,4887.5,4887.75,4886.25,4886.5,197.0,SYNTH-MES-A,1
2024-11-04 23:41:00+00:00,4886.5,4886.5,4886.5,4886.5,208.0,SYNTH-MES-A,1
2024-11-04 23:42:00+00:00,4886.5,4887.0,4886.0,4886.0,211.0,SYNTH-MES-A,1
2024-11-04 23:43:00+00:00,4886.0,4886.75,4886.0,4886.5,216.0,SYNTH-MES-A,1
2024-11-04 23:44:00+00:00,4886.5,4886.5,4884.75,4885.5,233.0,SYNTH-MES-A,1
2024-11-04 23:45:00+00:00,4885.5,4887.0,4885.0,4886.5,224.0,SYNTH-MES-A,1
2024-11-04 23:46:00+00:00,4886.5,4887.25,4886.5,4887.25,216.0,SYNTH-MES-A,1
2024-11-04 23:47:00+00:00,4887.25,4887.5,4887.0,4887.25,202.0,SYNTH-MES-A,1
2024-11-04 23:48:00+00:00,4887.25,4888.25,4887.0,4888.25,199.0,SYNTH-MES-A,1
2024-11-04 23:49:00+00:00,4888.25,4890.0,4888.25,4889.75,161.0,SYNTH-MES-A,1
2024-11-04 23:50:00+00:00,4889.75,4890.0,4887.5,4888.25,218.0,SYNTH-MES-A,1
2024-11-04 23:51:00+00:00,4888.25,4888.75,4888.0,4888.75,218.0,SYNTH-MES-A,1
2024-11-04 23:52:00+00:00,4888.75,4889.0,4888.5,4888.75,203.0,SYNTH-MES-A,1
2024-11-04 23:53:00+00:00,4888.75,4888.75,4886.5,4887.25,207.0,SYNTH-MES-A,1
2024-11-04 23:54:00+00:00,4887.25,4888.5,4887.25,4888.5,180.0,SYNTH-MES-A,1
2024-11-04 23:55:00+00:00,4888.5,4888.5,4887.5,4888.0,162.0,SYNTH-MES-A,1
2024-11-04 23:56:00+00:00,4888.0,4888.5,4888.0,4888.25,205.0,SYNTH-MES-A,1
2024-11-04 23:57:00+00:00,4888.25,4888.75,4888.25,4888.5,203.0,SYNTH-MES-A,1
2024-11-04 23:58:00+00:00,4888.5,4888.75,4888.25,4888.75,233.0,SYNTH-MES-A,1
2024-11-04 23:59:00+00:00,4888.75,4890.0,4888.75,4889.0,185.0,SYNTH-MES-A,1
2024-11-05 00:00:00+00:00,4889.0,4889.0,4888.5,4888.75,201.0,SYNTH-MES-A,1
2024-11-05 00:01:00+00:00,4888.75,4888.75,4887.25,4887.75,206.0,SYNTH-MES-A,1
2024-11-05 00:02:00+00:00,4887.75,4889.5,4887.75,4888.75,211.0,SYNTH-MES-A,1
2024-11-05 00:03:00+00:00,4888.75,4888.75,4887.0,4887.0,188.0,SYNTH-MES-A,1
2024-11-05 00:04:00+00:00,4887.0,4887.25,4885.75,4886.0,224.0,SYNTH-MES-A,1
2024-11-05 00:05:00+00:00,4886.0,4886.0,4885.75,4885.75,205.0,SYNTH-MES-A,1
2024-11-05 00:06:00+00:00,4885.75,4885.75,4885.0,4885.25,185.0,SYNTH-MES-A,1
2024-11-05 00:07:00+00:00,4885.25,4885.5,4884.25,4884.5,195.0,SYNTH-MES-A,1
2024-11-05 00:08:00+00:00,4884.5,4885.0,4883.5,4883.5,207.0,SYNTH-MES-A,1
2024-11-05 00:09:00+00:00,4883.5,4885.5,4883.25,4884.75,183.0,SYNTH-MES-A,1
2024-11-05 00:10:00+00:00,4884.75,4885.0,4884.75,4884.75,214.0,SYNTH-MES-A,1
2024-11-05 00:11:00+00:00,4884.75,4885.25,4883.75,4883.75,187.0,SYNTH-MES-A,1
2024-11-05 00:12:00+00:00,4883.75,4884.5,4883.75,4884.5,176.0,SYNTH-MES-A,1
2024-11-05 00:13:00+00:00,4884.5,4885.5,4883.75,4885.25,185.0,SYNTH-MES-A,1
2024-11-05 00:14:00+00:00,4885.25,4885.5,4884.25,4884.5,206.0,SYNTH-MES-A,1
2024-11-05 00:15:00+00:00,4884.5,4884.5,4884.25,4884.25,185.0,SYNTH-MES-A,1
2024-11-05 00:16:00+00:00,4884.25,4885.75,4884.0,4884.75,219.0,SYNTH-MES-A,1
2024-11-05 00:17:00+00:00,4884.75,4886.25,4884.5,4886.0,174.0,SYNTH-MES-A,1
2024-11-05 00:18:00+00:00,4886.0,4887.25,4885.5,4886.75,205.0,SYNTH-MES-A,1
2024-11-05 00:19:00+00:00,4886.75,4887.5,4886.75,4887.25,205.0,SYNTH-MES-A,1
2024-11-05 00:20:00+00:00,4887.25,4887.25,4887.0,4887.25,193.0,SYNTH-MES-A,1
2024-11-05 00:21:00+00:00,4887.25,4887.5,4887.0,4887.0,170.0,SYNTH-MES-A,1
2024-11-05 00:22:00+00:00,4887.0,4887.5,4886.5,4886.5,221.0,SYNTH-MES-A,1
2024-11-05 00:23:00+00:00,4886.5,4887.5,4886.5,4887.5,207.0,SYNTH-MES-A,1
2024-11-05 00:24:00+00:00,4887.5,4888.25,4887.25,4888.0,177.0,SYNTH-MES-A,1
2024-11-05 00:25:00+00:00,4888.0,4888.5,4887.0,4887.5,189.0,SYNTH-MES-A,1
2024-11-05 00:26:00+00:00,4887.5,4887.75,4887.0,4887.25,217.0,SYNTH-MES-A,1
2024-11-05 00:27:00+00:00,4887.25,4887.5,4887.25,4887.25,221.0,SYNTH-MES-A,1
2024-11-05 00:28:00+00:00,4887.25,4887.75,4887.0,4887.25,202.0,SYNTH-MES-A,1
2024-11-05 00:29:00+00:00,4887.25,4889.75,4887.0,4888.25,199.0,SYNTH-MES-A,1
2024-11-05 00:30:00+00:00,4888.25,4888.75,4888.0,4888.5,200.0,SYNTH-MES-A,1
2024-11-05 00:31:00+00:00,4888.5,4888.75,4888.25,4888.5,201.0,SYNTH-MES-A,1
2024-11-05 00:32:00+00:00,4888.5,4888.75,4888.0,4888.25,213.0,SYNTH-MES-A,1
2024-11-05 00:33:00+00:00,4888.25,4888.25,4887.25,4887.5,207.0,SYNTH-MES-A,1
2024-11-05 00:34:00+00:00,4887.5,4889.0,4887.25,4889.0,184.0,SYNTH-MES-A,1
2024-11-05 00:35:00+00:00,4889.0,4889.25,4888.5,4889.0,216.0,SYNTH-MES-A,1
2024-11-05 00:36:00+00:00,4889.0,4889.5,4888.5,4888.5,226.0,SYNTH-MES-A,1
2024-11-05 00:37:00+00:00,4888.5,4888.75,4886.75,4887.0,196.0,SYNTH-MES-A,1
2024-11-05 00:38:00+00:00,4887.0,4887.25,4886.75,4887.0,210.0,SYNTH-MES-A,1
2024-11-05 00:39:00+00:00,4887.0,4887.0,4886.5,4887.0,185.0,SYNTH-MES-A,1
2024-11-05 00:40:00+00:00,4887.0,4887.25,4885.75,4886.25,190.0,SYNTH-MES-A,1
2024-11-05 00:41:00+00:00,4886.25,4887.5,4886.25,4886.75,200.0,SYNTH-MES-A,1
2024-11-05 00:42:00+00:00,4886.75,4887.5,4886.25,4886.5,208.0,SYNTH-MES-A,1
2024-11-05 00:43:00+00:00,4886.5,4887.5,4886.25,4886.75,202.0,SYNTH-MES-A,1
2024-11-05 00:44:00+00:00,4886.75,4887.5,4886.5,4887.25,210.0,SYNTH-MES-A,1
2024-11-05 00:45:00+00:00,4887.25,4887.75,4887.25,4887.75,240.0,SYNTH-MES-A,1
2024-11-05 00:46:00+00:00,4887.75,4888.5,4887.0,4888.5,179.0,SYNTH-MES-A,1
2024-11-05 00:47:00+00:00,4888.5,4890.5,4888.25,4890.25,187.0,SYNTH-MES-A,1
2024-11-05 00:48:00+00:00,4890.25,4891.25,4889.0,4890.75,180.0,SYNTH-MES-A,1
2024-11-05 00:49:00+00:00,4890.75,4891.5,4890.25,4891.0,193.0,SYNTH-MES-A,1
2024-11-05 00:50:00+00:00,4891.0,4892.0,4890.75,4891.75,218.0,SYNTH-MES-A,1
2024-11-05 00:51:00+00:00,4891.75,4891.75,4891.5,4891.5,204.0,SYNTH-MES-A,1
2024-11-05 00:52:00+00:00,4891.5,4891.75,4890.5,4890.75,192.0,SYNTH-MES-A,1
2024-11-05 00:53:00+00:00,4890.75,4890.75,4889.75,4890.0,188.0,SYNTH-MES-A,1
2024-11-05 00:54:00+00:00,4890.0,4890.5,4889.75,4890.5,178.0,SYNTH-MES-A,1
2024-11-05 00:55:00+00:00,4890.5,4890.5,4889.75,4889.75,224.0,SYNTH-MES-A,1
2024-11-05 00:56:00+00:00,4889.75,4890.0,4888.5,4888.75,192.0,SYNTH-MES-A,1
2024-11-05 00:57:00+00:00,4888.75,4889.0,4888.75,4888.75,199.0,SYNTH-MES-A,1
2024-11-05 00:58:00+00:00,4888.75,4888.75,4888.0,4888.75,196.0,SYNTH-MES-A,1
2024-11-05 00:59:00+00:00,4888.75,4888.75,4887.5,4887.75,205.0,SYNTH-MES-A,1
2024-11-05 01:00:00+00:00,4887.75,4888.0,4887.25,4888.0,204.0,SYNTH-MES-A,1
2024-11-05 01:01:00+00:00,4888.0,4888.25,4887.5,4887.75,193.0,SYNTH-MES-A,1
2024-11-05 01:02:00+00:00,4887.75,4888.5,4887.75,4888.25,201.0,SYNTH-MES-A,1
2024-11-05 01:03:00+00:00,4888.25,4888.25,4887.25,4887.5,204.0,SYNTH-MES-A,1
2024-11-05 01:04:00+00:00,4887.5,4887.5,4886.75,4887.0,212.0,SYNTH-MES-A,1
2024-11-05 01:05:00+00:00,4887.0,4887.5,4885.75,4887.25,203.0,SYNTH-MES-A,1
2024-11-05 01:06:00+00:00,4887.25,4887.75,4886.25,4886.5,206.0,SYNTH-MES-A,1
2024-11-05 01:07:00+00:00,4886.5,4886.75,4886.0,4886.5,197.0,SYNTH-MES-A,1
2024-11-05 01:08:00+00:00,4886.5,4886.5,4886.0,4886.25,211.0,SYNTH-MES-A,1
2024-11-05 01:09:00+00:00,4886.25,4887.0,4886.0,4886.75,197.0,SYNTH-MES-A,1
2024-11-05 01:10:00+00:00,4886.75,4887.5,4886.75,4887.25,195.0,SYNTH-MES-A,1
2024-11-05 01:11:00+00:00,4887.25,4887.75,4886.75,4887.0,190.0,SYNTH-MES-A,1
2024-11-05 01:12:00+00:00,4887.0,4887.0,4885.75,4886.0,201.0,SYNTH-MES-A,1
2024-11-05 01:13:00+00:00,4886.0,4886.25,4884.75,4885.25,223.0,SYNTH-MES-A,1
2024-11-05 01:14:00+00:00,4885.25,4885.5,4883.75,4884.0,217.0,SYNTH-MES-A,1
2024-11-05 01:15:00+00:00,4884.0,4884.0,4884.0,4884.0,198.0,SYNTH-MES-A,1
2024-11-05 01:16:00+00:00,4884.0,4884.25,4883.5,4883.75,184.0,SYNTH-MES-A,1
2024-11-05 01:17:00+00:00,4883.75,4885.0,4883.75,4885.0,204.0,SYNTH-MES-A,1
2024-11-05 01:18:00+00:00,4885.0,4885.25,4884.75,4885.25,195.0,SYNTH-MES-A,1
2024-11-05 01:19:00+00:00,4885.25,4885.5,4884.0,4884.25,198.0,SYNTH-MES-A,1
2024-11-05 01:20:00+00:00,4884.25,4884.75,4883.5,4883.5,206.0,SYNTH-MES-A,1
2024-11-05 01:21:00+00:00,4883.5,4885.25,4883.25,4885.25,204.0,SYNTH-MES-A,1
2024-11-05 01:22:00+00:00,4885.25,4885.25,4884.5,4884.75,192.0,SYNTH-MES-A,1
2024-11-05 01:23:00+00:00,4884.75,4884.75,4884.5,4884.5,215.0,SYNTH-MES-A,1
2024-11-05 01:24:00+00:00,4884.5,4885.0,4884.0,4884.75,195.0,SYNTH-MES-A,1
2024-11-05 01:25:00+00:00,4884.75,4885.5,4884.25,4885.5,204.0,SYNTH-MES-A,1
2024-11-05 01:26:00+00:00,4885.5,4886.0,4885.25,4885.25,193.0,SYNTH-MES-A,1
2024-11-05 01:27:00+00:00,4885.25,4885.5,4884.0,4884.75,192.0,SYNTH-MES-A,1
2024-11-05 01:28:00+00:00,4884.75,4885.0,4884.5,4884.75,206.0,SYNTH-MES-A,1
2024-11-05 01:29:00+00:00,4884.75,4885.75,4884.75,4885.5,188.0,SYNTH-MES-A,1
2024-11-05 01:30:00+00:00,4885.5,4886.0,4885.0,4885.5,203.0,SYNTH-MES-A,1
2024-11-05 01:31:00+00:00,4885.5,4885.75,4884.75,4884.75,204.0,SYNTH-MES-A,1
2024-11-05 01:32:00+00:00,4884.75,4886.0,4884.0,4885.5,165.0,SYNTH-MES-A,1
2024-11-05 01:33:00+00:00,4885.5,4885.5,4884.0,4884.25,191.0,SYNTH-MES-A,1
2024-11-05 01:34:00+00:00,4884.25,4884.5,4882.25,4884.0,221.0,SYNTH-MES-A,1
2024-11-05 01:35:00+00:00,4884.0,4885.5,4883.5,4885.5,205.0,SYNTH-MES-A,1
2024-11-05 01:36:00+00:00,4885.5,4886.25,4885.25,4886.25,203.0,SYNTH-MES-A,1
2024-11-05 01:37:00+00:00,4886.25,4886.75,4885.75,4886.5,191.0,SYNTH-MES-A,1
2024-11-05 01:38:00+00:00,4886.5,4886.75,4886.5,4886.75,179.0,SYNTH-MES-A,1
2024-11-05 01:39:00+00:00,4886.75,4886.75,4886.5,4886.5,208.0,SYNTH-MES-A,1
2024-11-05 01:40:00+00:00,4886.5,4887.5,4886.25,4887.25,187.0,SYNTH-MES-A,1
2024-11-05 01:41:00+00:00,4887.25,4888.25,4887.25,4888.0,186.0,SYNTH-MES-A,1
2024-11-05 01:42:00+00:00,4888.0,4889.0,4888.0,4888.25,175.0,SYNTH-MES-A,1
2024-11-05 01:43:00+00:00,4888.25,4888.5,4886.5,4888.25,210.0,SYNTH-MES-A,1
2024-11-05 01:44:00+00:00,4888.25,4888.25,4887.75,4888.0,199.0,SYNTH-MES-A,1
2024-11-05 01:45:00+00:00,4888.0,4888.75,4887.75,4888.75,198.0,SYNTH-MES-A,1
2024-11-05 01:46:00+00:00,4888.75,4889.5,4888.5,4889.25,194.0,SYNTH-MES-A,1
2024-11-05 01:47:00+00:00,4889.25,4889.25,4888.5,4888.5,206.0,SYNTH-MES-A,1
2024-11-05 01:48:00+00:00,4888.5,4888.75,4887.5,4888.0,199.0,SYNTH-MES-A,1
2024-11-05 01:49:00+00:00,4888.0,4888.5,4887.25,4887.5,200.0,SYNTH-MES-A,1
2024-11-05 01:50:00+00:00,4887.5,4888.5,4887.5,4888.5,202.0,SYNTH-MES-A,1
2024-11-05 01:51:00+00:00,4888.5,4888.75,4888.25,4888.25,168.0,SYNTH-MES-A,1
2024-11-05 01:52:00+00:00,4888.25,4889.25,4888.25,4889.0,164.0,SYNTH-MES-A,1
2024-11-05 01:53:00+00:00,4889.0,4889.5,4888.5,4888.5,225.0,SYNTH-MES-A,1
2024-11-05 01:54:00+00:00,4888.5,4889.5,4887.75,4888.25,203.0,SYNTH-MES-A,1
2024-11-05 01:55:00+00:00,4888.25,4888.25,4887.0,4887.25,220.0,SYNTH-MES-A,1
2024-11-05 01:56:00+00:00,4887.25,4887.75,4886.75,4887.0,204.0,SYNTH-MES-A,1
2024-11-05 01:57:00+00:00,4887.0,4887.25,4886.75,4887.25,220.0,SYNTH-MES-A,1
2024-11-05 01:58:00+00:00,4887.25,4887.5,4885.5,4886.25,190.0,SYNTH-MES-A,1
2024-11-05 01:59:00+00:00,4886.25,4886.5,4885.75,4886.0,193.0,SYNTH-MES-A,1
2024-11-05 02:00:00+00:00,4886.0,4887.25,4886.0,4887.25,210.0,SYNTH-MES-A,1
2024-11-05 02:01:00+00:00,4887.25,4888.0,4887.25,4887.75,172.0,SYNTH-MES-A,1
2024-11-05 02:02:00+00:00,4887.75,4888.0,4887.5,4888.0,182.0,SYNTH-MES-A,1
2024-11-05 02:03:00+00:00,4888.0,4888.5,4886.0,4886.0,193.0,SYNTH-MES-A,1
2024-11-05 02:04:00+00:00,4886.0,4886.25,4885.75,4886.0,169.0,SYNTH-MES-A,1
2024-11-05 02:05:00+00:00,4886.0,4886.0,4885.25,4885.5,193.0,SYNTH-MES-A,1
2024-11-05 02:06:00+00:00,4885.5,4886.0,4885.5,4885.5,208.0,SYNTH-MES-A,1
2024-11-05 02:07:00+00:00,4885.5,4885.5,4884.75,4884.75,200.0,SYNTH-MES-A,1
2024-11-05 02:08:00+00:00,4884.75,4884.75,4884.5,4884.75,183.0,SYNTH-MES-A,1
2024-11-05 02:09:00+00:00,4884.75,4885.75,4884.5,4885.25,193.0,SYNTH-MES-A,1
2024-11-05 02:10:00+00:00,4885.25,4885.5,4884.0,4884.25,238.0,SYNTH-MES-A,1
2024-11-05 02:11:00+00:00,4884.25,4884.75,4884.0,4884.25,188.0,SYNTH-MES-A,1
2024-11-05 02:12:00+00:00,4884.25,4884.75,4883.5,4884.25,223.0,SYNTH-MES-A,1
2024-11-05 02:13:00+00:00,4884.25,4884.25,4883.5,4883.5,200.0,SYNTH-MES-A,1
2024-11-05 02:14:00+00:00,4883.5,4884.0,4882.75,4883.5,175.0,SYNTH-MES-A,1
2024-11-05 02:15:00+00:00,4883.5,4884.5,4883.5,4884.25,220.0,SYNTH-MES-A,1
2024-11-05 02:16:00+00:00,4884.25,4884.75,4884.25,4884.75,229.0,SYNTH-MES-A,1
2024-11-05 02:17:00+00:00,4884.75,4884.75,4884.5,4884.5,193.0,SYNTH-MES-A,1
2024-11-05 02:18:00+00:00,4884.5,4885.75,4884.0,4885.75,190.0,SYNTH-MES-A,1
2024-11-05 02:19:00+00:00,4885.75,4886.0,4885.25,4885.25,198.0,SYNTH-MES-A,1
2024-11-05 02:20:00+00:00,4885.25,4885.75,4885.25,4885.5,196.0,SYNTH-MES-A,1
2024-11-05 02:21:00+00:00,4885.5,4885.75,4884.5,4884.5,225.0,SYNTH-MES-A,1
2024-11-05 02:22:00+00:00,4884.5,4886.75,4884.25,4886.0,167.0,SYNTH-MES-A,1
2024-11-05 02:23:00+00:00,4886.0,4886.0,4884.5,4884.75,227.0,SYNTH-MES-A,1
2024-11-05 02:24:00+00:00,4884.75,4885.5,4884.75,4885.5,202.0,SYNTH-MES-A,1
2024-11-05 02:25:00+00:00,4885.5,4885.75,4885.5,4885.75,207.0,SYNTH-MES-A,1
2024-11-05 02:26:00+00:00,4885.75,4886.0,4885.75,4886.0,226.0,SYNTH-MES-A,1
2024-11-05 02:27:00+00:00,4886.0,4886.5,4885.25,4885.5,196.0,SYNTH-MES-A,1
2024-11-05 02:28:00+00:00,4885.5,4885.75,4885.5,4885.5,195.0,SYNTH-MES-A,1
2024-11-05 02:29:00+00:00,4885.5,4887.0,4884.75,4887.0,194.0,SYNTH-MES-A,1
2024-11-05 02:30:00+00:00,4887.0,4887.25,4885.25,4886.25,195.0,SYNTH-MES-A,1
2024-11-05 02:31:00+00:00,4886.25,4887.0,4886.0,4887.0,201.0,SYNTH-MES-A,1
2024-11-05 02:32:00+00:00,4887.0,4887.5,4886.75,4887.5,207.0,SYNTH-MES-A,1
2024-11-05 02:33:00+00:00,4887.5,4888.0,4887.5,4888.0,161.0,SYNTH-MES-A,1
2024-11-05 02:34:00+00:00,4888.0,4888.25,4887.25,4887.25,220.0,SYNTH-MES-A,1
2024-11-05 02:35:00+00:00,4887.25,4887.5,4886.25,4886.5,202.0,SYNTH-MES-A,1
2024-11-05 02:36:00+00:00,4886.5,4887.5,4886.5,4887.25,200.0,SYNTH-MES-A,1
2024-11-05 02:37:00+00:00,4887.25,4888.0,4887.25,4888.0,191.0,SYNTH-MES-A,1
2024-11-05 02:38:00+00:00,4888.0,4888.0,4888.0,4888.0,205.0,SYNTH-MES-A,1
2024-11-05 02:39:00+00:00,4888.0,4888.0,4887.25,4887.25,165.0,SYNTH-MES-A,1
2024-11-05 02:40:00+00:00,4887.25,4887.5,4886.5,4886.5,201.0,SYNTH-MES-A,1
2024-11-05 02:41:00+00:00,4886.5,4886.75,4886.25,4886.5,211.0,SYNTH-MES-A,1
2024-11-05 02:42:00+00:00,4886.5,4887.5,4885.25,4887.0,193.0,SYNTH-MES-A,1
2024-11-05 02:43:00+00:00,4887.0,4887.0,4886.25,4886.75,222.0,SYNTH-MES-A,1
2024-11-05 02:44:00+00:00,4886.75,4887.25,4886.5,4887.25,189.0,SYNTH-MES-A,1
2024-11-05 02:45:00+00:00,4887.25,4887.5,4886.75,4886.75,211.0,SYNTH-MES-A,1
2024-11-05 02:46:00+00:00,4886.75,4887.0,4885.75,4886.25,185.0,SYNTH-MES-A,1
2024-11-05 02:47:00+00:00,4886.25,4887.0,4885.5,4886.0,207.0,SYNTH-MES-A,1
2024-11-05 02:48:00+00:00,4886.0,4886.5,4885.75,4886.25,214.0,SYNTH-MES-A,1
2024-11-05 02:49:00+00:00,4886.25,4886.25,4884.5,4884.75,218.0,SYNTH-MES-A,1
2024-11-05 02:50:00+00:00,4884.75,4885.75,4884.5,4885.5,220.0,SYNTH-MES-A,1
2024-11-05 02:51:00+00:00,4885.5,4886.0,4885.0,4885.75,190.0,SYNTH-MES-A,1
2024-11-05 02:52:00+00:00,4885.75,4886.0,4885.5,4885.5,195.0,SYNTH-MES-A,1
2024-11-05 02:53:00+00:00,4885.5,4885.75,4885.25,4885.5,205.0,SYNTH-MES-A,1
2024-11-05 02:54:00+00:00,4885.5,4885.5,4884.25,4884.75,192.0,SYNTH-MES-A,1
2024-11-05 02:55:00+00:00,4884.75,4886.5,4884.75,4886.25,182.0,SYNTH-MES-A,1
2024-11-05 02:56:00+00:00,4886.25,4886.5,4885.25,4886.5,207.0,SYNTH-MES-A,1
2024-11-05 02:57:00+00:00,4886.5,4887.5,4886.5,4887.25,197.0,SYNTH-MES-A,1
2024-11-05 02:58:00+00:00,4887.25,4887.25,4886.0,4886.0,187.0,SYNTH-MES-A,1
2024-11-05 02:59:00+00:00,4886.0,4886.25,4885.25,4885.5,220.0,SYNTH-MES-A,1
2024-11-05 03:00:00+00:00,4885.5,4885.5,4885.5,4885.5,195.0,SYNTH-MES-A,1
2024-11-05 03:01:00+00:00,4885.5,4885.75,4884.75,4885.25,207.0,SYNTH-MES-A,1
2024-11-05 03:02:00+00:00,4885.25,4885.25,4884.25,4885.25,195.0,SYNTH-MES-A,1
2024-11-05 03:03:00+00:00,4885.25,4885.5,4884.25,4884.5,221.0,SYNTH-MES-A,1
2024-11-05 03:04:00+00:00,4884.5,4885.75,4883.25,4883.5,221.0,SYNTH-MES-A,1
2024-11-05 03:05:00+00:00,4883.5,4883.5,4882.25,4882.5,187.0,SYNTH-MES-A,1
2024-11-05 03:06:00+00:00,4882.5,4882.75,4882.25,4882.75,213.0,SYNTH-MES-A,1
2024-11-05 03:07:00+00:00,4882.75,4883.5,4882.0,4882.75,198.0,SYNTH-MES-A,1
2024-11-05 03:08:00+00:00,4882.75,4882.75,4882.25,4882.25,188.0,SYNTH-MES-A,1
2024-11-05 03:09:00+00:00,4882.25,4883.0,4882.25,4882.75,225.0,SYNTH-MES-A,1
2024-11-05 03:10:00+00:00,4882.75,4883.5,4881.25,4882.0,210.0,SYNTH-MES-A,1
2024-11-05 03:11:00+00:00,4882.0,4882.5,4880.75,4881.0,222.0,SYNTH-MES-A,1
2024-11-05 03:12:00+00:00,4881.0,4881.75,4880.75,4881.0,189.0,SYNTH-MES-A,1
2024-11-05 03:13:00+00:00,4881.0,4881.75,4879.5,4879.75,189.0,SYNTH-MES-A,1
2024-11-05 03:14:00+00:00,4879.75,4880.25,4879.5,4879.5,200.0,SYNTH-MES-A,1
2024-11-05 03:15:00+00:00,4879.5,4879.5,4879.5,4879.5,183.0,SYNTH-MES-A,1
2024-11-05 03:16:00+00:00,4879.5,4879.75,4878.75,4879.0,220.0,SYNTH-MES-A,1
2024-11-05 03:17:00+00:00,4879.0,4880.5,4879.0,4880.0,199.0,SYNTH-MES-A,1
2024-11-05 03:18:00+00:00,4880.0,4880.5,4879.5,4879.5,188.0,SYNTH-MES-A,1
2024-11-05 03:19:00+00:00,4879.5,4879.75,4879.25,4879.25,227.0,SYNTH-MES-A,1
2024-11-05 03:20:00+00:00,4879.25,4879.5,4878.25,4878.75,186.0,SYNTH-MES-A,1
2024-11-05 03:21:00+00:00,4878.75,4879.5,4878.0,4878.25,189.0,SYNTH-MES-A,1
2024-11-05 03:22:00+00:00,4878.25,4878.5,4878.25,4878.25,194.0,SYNTH-MES-A,1
2024-11-05 03:23:00+00:00,4878.25,4878.25,4877.5,4877.75,208.0,SYNTH-MES-A,1
2024-11-05 03:24:00+00:00,4877.75,4879.75,4877.5,4879.5,200.0,SYNTH-MES-A,1
2024-11-05 03:25:00+00:00,4879.5,4880.0,4879.5,4879.75,207.0,SYNTH-MES-A,1
2024-11-05 03:26:00+00:00,4879.75,4881.75,4879.5,4881.5,219.0,SYNTH-MES-A,1
2024-11-05 03:27:00+00:00,4881.5,4882.25,4881.0,4881.5,196.0,SYNTH-MES-A,1
2024-11-05 03:28:00+00:00,4881.5,4882.5,4881.25,4881.75,180.0,SYNTH-MES-A,1
2024-11-05 03:29:00+00:00,4881.75,4882.0,4881.75,4882.0,191.0,SYNTH-MES-A,1
2024-11-05 03:30:00+00:00,4882.0,4882.0,4881.25,4881.5,214.0,SYNTH-MES-A,1
2024-11-05 03:31:00+00:00,4881.5,4882.25,4881.0,4882.25,202.0,SYNTH-MES-A,1
2024-11-05 03:32:00+00:00,4882.25,4882.5,4881.0,4881.5,178.0,SYNTH-MES-A,1
2024-11-05 03:33:00+00:00,4881.5,4882.25,4880.75,4881.0,236.0,SYNTH-MES-A,1
2024-11-05 03:34:00+00:00,4881.0,4881.75,4879.5,4880.0,206.0,SYNTH-MES-A,1
2024-11-05 03:35:00+00:00,4880.0,4880.5,4880.0,4880.5,187.0,SYNTH-MES-A,1
2024-11-05 03:36:00+00:00,4880.5,4880.75,4878.25,4879.5,192.0,SYNTH-MES-A,1
2024-11-05 03:37:00+00:00,4879.5,4879.5,4878.0,4878.25,204.0,SYNTH-MES-A,1
2024-11-05 03:38:00+00:00,4878.25,4880.0,4878.25,4879.0,206.0,SYNTH-MES-A,1
2024-11-05 03:39:00+00:00,4879.0,4879.0,4877.75,4877.75,197.0,SYNTH-MES-A,1
2024-11-05 03:40:00+00:00,4877.75,4878.5,4877.5,4878.5,197.0,SYNTH-MES-A,1
2024-11-05 03:41:00+00:00,4878.5,4878.5,4877.5,4877.75,189.0,SYNTH-MES-A,1
2024-11-05 03:42:00+00:00,4877.75,4877.75,4877.0,4877.25,203.0,SYNTH-MES-A,1
2024-11-05 03:43:00+00:00,4877.25,4877.5,4877.25,4877.5,202.0,SYNTH-MES-A,1
2024-11-05 03:44:00+00:00,4877.5,4878.0,4876.5,4876.5,203.0,SYNTH-MES-A,1
2024-11-05 03:45:00+00:00,4876.5,4877.0,4876.0,4876.0,185.0,SYNTH-MES-A,1
2024-11-05 03:46:00+00:00,4876.0,4876.75,4875.25,4875.25,195.0,SYNTH-MES-A,1
2024-11-05 03:47:00+00:00,4875.25,4875.25,4874.5,4874.5,180.0,SYNTH-MES-A,1
2024-11-05 03:48:00+00:00,4874.5,4874.75,4873.75,4874.25,188.0,SYNTH-MES-A,1
2024-11-05 03:49:00+00:00,4874.25,4875.5,4874.0,4875.25,201.0,SYNTH-MES-A,1
2024-11-05 03:50:00+00:00,4875.25,4876.0,4874.5,4874.75,190.0,SYNTH-MES-A,1
2024-11-05 03:51:00+00:00,4874.75,4875.25,4874.75,4875.25,192.0,SYNTH-MES-A,1
2024-11-05 03:52:00+00:00,4875.25,4875.25,4874.0,4874.25,231.0,SYNTH-MES-A,1
2024-11-05 03:53:00+00:00,4874.25,4874.25,4873.75,4873.75,187.0,SYNTH-MES-A,1
2024-11-05 03:54:00+00:00,4873.75,4873.75,4872.25,4873.75,208.0,SYNTH-MES-A,1
2024-11-05 03:55:00+00:00,4873.75,4873.75,4873.5,4873.75,201.0,SYNTH-MES-A,1
2024-11-05 03:56:00+00:00,4873.75,4874.5,4873.75,4873.75,211.0,SYNTH-MES-A,1
2024-11-05 03:57:00+00:00,4873.75,4873.75,4873.5,4873.5,192.0,SYNTH-MES-A,1
2024-11-05 03:58:00+00:00,4873.5,4873.5,4873.5,4873.5,189.0,SYNTH-MES-A,1
2024-11-05 03:59:00+00:00,4873.5,4873.5,4872.5,4872.5,190.0,SYNTH-MES-A,1
2024-11-05 04:00:00+00:00,4872.5,4872.75,4871.5,4871.5,203.0,SYNTH-MES-A,1
2024-11-05 04:01:00+00:00,4871.5,4872.5,4871.25,4872.5,209.0,SYNTH-MES-A,1
2024-11-05 04:02:00+00:00,4872.5,4872.75,4872.25,4872.75,187.0,SYNTH-MES-A,1
2024-11-05 04:03:00+00:00,4872.75,4873.0,4872.75,4872.75,173.0,SYNTH-MES-A,1
2024-11-05 04:04:00+00:00,4872.75,4874.25,4872.5,4874.0,225.0,SYNTH-MES-A,1
2024-11-05 04:05:00+00:00,4874.0,4874.25,4872.75,4873.0,188.0,SYNTH-MES-A,1
2024-11-05 04:06:00+00:00,4873.0,4873.5,4871.75,4872.0,205.0,SYNTH-MES-A,1
2024-11-05 04:07:00+00:00,4872.0,4872.25,4870.75,4871.25,177.0,SYNTH-MES-A,1
2024-11-05 04:08:00+00:00,4871.25,4871.25,4870.25,4870.25,171.0,SYNTH-MES-A,1
2024-11-05 04:09:00+00:00,4870.25,4871.5,4870.0,4871.25,214.0,SYNTH-MES-A,1
2024-11-05 04:10:00+00:00,4871.25,4871.5,4870.5,4870.5,186.0,SYNTH-MES-A,1
2024-11-05 04:11:00+00:00,4870.5,4870.75,4870.5,4870.75,201.0,SYNTH-MES-A,1
2024-11-05 04:12:00+00:00,4870.75,4872.0,4870.5,4871.75,200.0,SYNTH-MES-A,1
2024-11-05 04:13:00+00:00,4871.75,4872.0,4871.25,4871.25,219.0,SYNTH-MES-A,1
2024-11-05 04:14:00+00:00,4871.25,4871.5,4871.0,4871.5,211.0,SYNTH-MES-A,1
2024-11-05 04:15:00+00:00,4871.5,4872.0,4870.5,4872.0,186.0,SYNTH-MES-A,1
2024-11-05 04:16:00+00:00,4872.0,4872.25,4871.75,4872.0,196.0,SYNTH-MES-A,1
2024-11-05 04:17:00+00:00,4872.0,4873.25,4871.0,4871.25,185.0,SYNTH-MES-A,1
2024-11-05 04:18:00+00:00,4871.25,4871.5,4871.0,4871.5,245.0,SYNTH-MES-A,1
2024-11-05 04:19:00+00:00,4871.5,4873.25,4870.75,4872.5,217.0,SYNTH-MES-A,1
2024-11-05 04:20:00+00:00,4872.5,4872.5,4870.25,4870.25,188.0,SYNTH-MES-A,1
2024-11-05 04:21:00+00:00,4870.25,4870.5,4869.25,4869.25,200.0,SYNTH-MES-A,1
2024-11-05 04:22:00+00:00,4869.25,4869.75,4869.0,4869.75,216.0,SYNTH-MES-A,1
2024-11-05 04:23:00+00:00,4869.75,4869.75,4869.25,4869.5,198.0,SYNTH-MES-A,1
2024-11-05 04:24:00+00:00,4869.5,4870.0,4869.5,4870.0,175.0,SYNTH-MES-A,1
2024-11-05 04:25:00+00:00,4870.0,4870.0,4869.5,4869.75,197.0,SYNTH-MES-A,1
2024-11-05 04:26:00+00:00,4869.75,4869.75,4869.0,4869.0,211.0,SYNTH-MES-A,1
2024-11-05 04:27:00+00:00,4869.0,4869.0,4868.0,4868.0,219.0,SYNTH-MES-A,1
2024-11-05 04:28:00+00:00,4868.0,4868.25,4867.75,4868.25,199.0,SYNTH-MES-A,1
2024-11-05 04:29:00+00:00,4868.25,4869.5,4868.0,4869.25,168.0,SYNTH-MES-A,1
2024-11-05 04:30:00+00:00,4869.25,4870.25,4869.25,4869.75,226.0,SYNTH-MES-A,1
2024-11-05 04:31:00+00:00,4869.75,4869.75,4868.75,4869.25,202.0,SYNTH-MES-A,1
2024-11-05 04:32:00+00:00,4869.25,4870.0,4869.0,4869.75,195.0,SYNTH-MES-A,1
2024-11-05 04:33:00+00:00,4869.75,4870.5,4869.75,4870.5,189.0,SYNTH-MES-A,1
2024-11-05 04:34:00+00:00,4870.5,4871.0,4870.5,4870.75,191.0,SYNTH-MES-A,1
2024-11-05 04:35:00+00:00,4870.75,4870.75,4869.5,4869.75,217.0,SYNTH-MES-A,1
2024-11-05 04:36:00+00:00,4869.75,4870.0,4868.75,4869.5,194.0,SYNTH-MES-A,1
2024-11-05 04:37:00+00:00,4869.5,4870.25,4869.5,4869.5,199.0,SYNTH-MES-A,1
2024-11-05 04:38:00+00:00,4869.5,4870.75,4869.25,4870.75,206.0,SYNTH-MES-A,1
2024-11-05 04:39:00+00:00,4870.75,4870.75,4869.5,4870.0,200.0,SYNTH-MES-A,1
2024-11-05 04:40:00+00:00,4870.0,4872.0,4870.0,4871.25,194.0,SYNTH-MES-A,1
2024-11-05 04:41:00+00:00,4871.25,4871.25,4870.5,4870.75,188.0,SYNTH-MES-A,1
2024-11-05 04:42:00+00:00,4870.75,4870.75,4870.5,4870.5,206.0,SYNTH-MES-A,1
2024-11-05 04:43:00+00:00,4870.5,4870.5,4870.5,4870.5,199.0,SYNTH-MES-A,1
2024-11-05 04:44:00+00:00,4870.5,4871.0,4870.25,4870.25,232.0,SYNTH-MES-A,1
2024-11-05 04:45:00+00:00,4870.25,4870.75,4870.0,4870.0,216.0,SYNTH-MES-A,1
2024-11-05 04:46:00+00:00,4870.0,4870.75,4869.75,4870.5,181.0,SYNTH-MES-A,1
2024-11-05 04:47:00+00:00,4870.5,4870.75,4869.25,4869.5,178.0,SYNTH-MES-A,1
2024-11-05 04:48:00+00:00,4869.5,4871.25,4869.5,4870.75,203.0,SYNTH-MES-A,1
2024-11-05 04:49:00+00:00,4870.75,4871.0,4869.75,4871.0,175.0,SYNTH-MES-A,1
2024-11-05 04:50:00+00:00,4871.0,4871.25,4869.75,4870.0,202.0,SYNTH-MES-A,1
2024-11-05 04:51:00+00:00,4870.0,4870.0,4868.75,4869.0,192.0,SYNTH-MES-A,1
2024-11-05 04:52:00+00:00,4869.0,4869.75,4869.0,4869.75,197.0,SYNTH-MES-A,1
2024-11-05 04:53:00+00:00,4869.75,4870.25,4869.5,4870.25,214.0,SYNTH-MES-A,1
2024-11-05 04:54:00+00:00,4870.25,4870.75,4870.0,4870.75,195.0,SYNTH-MES-A,1
2024-11-05 04:55:00+00:00,4870.75,4871.5,4870.5,4870.75,177.0,SYNTH-MES-A,1
2024-11-05 04:56:00+00:00,4870.75,4871.0,4870.25,4870.5,174.0,SYNTH-MES-A,1
2024-11-05 04:57:00+00:00,4870.5,4870.75,4870.0,4870.75,209.0,SYNTH-MES-A,1
2024-11-05 04:58:00+00:00,4870.75,4872.25,4870.25,4872.0,189.0,SYNTH-MES-A,1
2024-11-05 04:59:00+00:00,4872.0,4872.75,4871.5,4872.25,203.0,SYNTH-MES-A,1
2024-11-05 05:00:00+00:00,4872.25,4873.0,4871.75,4872.75,161.0,SYNTH-MES-A,1
2024-11-05 05:01:00+00:00,4872.75,4873.5,4872.5,4873.5,224.0,SYNTH-MES-A,1
2024-11-05 05:02:00+00:00,4873.5,4874.5,4872.5,4874.25,179.0,SYNTH-MES-A,1
2024-11-05 05:03:00+00:00,4874.25,4874.75,4873.0,4873.0,191.0,SYNTH-MES-A,1
2024-11-05 05:04:00+00:00,4873.0,4873.75,4872.25,4873.5,193.0,SYNTH-MES-A,1
2024-11-05 05:05:00+00:00,4873.5,4874.25,4873.25,4873.75,194.0,SYNTH-MES-A,1
2024-11-05 05:06:00+00:00,4873.75,4873.75,4872.75,4873.5,204.0,SYNTH-MES-A,1
2024-11-05 05:07:00+00:00,4873.5,4873.5,4873.25,4873.25,227.0,SYNTH-MES-A,1
2024-11-05 05:08:00+00:00,4873.25,4873.75,4873.0,4873.0,219.0,SYNTH-MES-A,1
2024-11-05 05:09:00+00:00,4873.0,4873.0,4872.25,4872.25,177.0,SYNTH-MES-A,1
2024-11-05 05:10:00+00:00,4872.25,4873.0,4872.25,4873.0,206.0,SYNTH-MES-A,1
2024-11-05 05:11:00+00:00,4873.0,4873.0,4872.75,4872.75,212.0,SYNTH-MES-A,1
2024-11-05 05:12:00+00:00,4872.75,4873.0,4872.75,4872.75,175.0,SYNTH-MES-A,1
2024-11-05 05:13:00+00:00,4872.75,4874.25,4872.75,4873.5,204.0,SYNTH-MES-A,1
2024-11-05 05:14:00+00:00,4873.5,4874.25,4873.5,4873.75,203.0,SYNTH-MES-A,1
2024-11-05 05:15:00+00:00,4873.75,4874.5,4873.0,4874.0,204.0,SYNTH-MES-A,1
2024-11-05 05:16:00+00:00,4874.0,4874.5,4873.75,4874.0,201.0,SYNTH-MES-A,1
2024-11-05 05:17:00+00:00,4874.0,4874.25,4873.25,4873.25,190.0,SYNTH-MES-A,1
2024-11-05 05:18:00+00:00,4873.25,4873.5,4873.0,4873.25,228.0,SYNTH-MES-A,1
2024-11-05 05:19:00+00:00,4873.25,4873.25,4872.25,4872.5,197.0,SYNTH-MES-A,1
2024-11-05 05:20:00+00:00,4872.5,4873.5,4872.5,4873.25,192.0,SYNTH-MES-A,1
2024-11-05 05:21:00+00:00,4873.25,4873.75,4873.0,4873.0,171.0,SYNTH-MES-A,1
2024-11-05 05:22:00+00:00,4873.0,4873.75,4872.75,4873.25,183.0,SYNTH-MES-A,1
2024-11-05 05:23:00+00:00,4873.25,4874.25,4872.25,4872.25,203.0,SYNTH-MES-A,1
2024-11-05 05:24:00+00:00,4872.25,4872.25,4871.5,4872.0,214.0,SYNTH-MES-A,1
2024-11-05 05:25:00+00:00,4872.0,4872.25,4871.5,4871.5,165.0,SYNTH-MES-A,1
2024-11-05 05:26:00+00:00,4871.5,4871.5,4869.25,4870.25,204.0,SYNTH-MES-A,1
2024-11-05 05:27:00+00:00,4870.25,4871.25,4870.25,4871.0,177.0,SYNTH-MES-A,1
2024-11-05 05:28:00+00:00,4871.0,4872.0,4870.75,4871.75,208.0,SYNTH-MES-A,1
2024-11-05 05:29:00+00:00,4871.75,4872.0,4871.25,4871.5,197.0,SYNTH-MES-A,1
2024-11-05 05:30:00+00:00,4871.5,4871.5,4871.0,4871.25,208.0,SYNTH-MES-A,1
2024-11-05 05:31:00+00:00,4871.25,4872.75,4871.25,4872.75,197.0,SYNTH-MES-A,1
2024-11-05 05:32:00+00:00,4872.75,4873.75,4872.75,4873.75,201.0,SYNTH-MES-A,1
2024-11-05 05:33:00+00:00,4873.75,4874.0,4873.25,4873.5,220.0,SYNTH-MES-A,1
2024-11-05 05:34:00+00:00,4873.5,4873.5,4873.0,4873.0,214.0,SYNTH-MES-A,1
2024-11-05 05:35:00+00:00,4873.0,4874.75,4872.75,4874.5,189.0,SYNTH-MES-A,1
2024-11-05 05:36:00+00:00,4874.5,4875.75,4874.25,4875.5,188.0,SYNTH-MES-A,1
2024-11-05 05:37:00+00:00,4875.5,4876.5,4875.5,4876.25,184.0,SYNTH-MES-A,1
2024-11-05 05:38:00+00:00,4876.25,4876.5,4874.75,4875.25,188.0,SYNTH-MES-A,1
2024-11-05 05:39:00+00:00,4875.25,4876.0,4874.75,4874.75,172.0,SYNTH-MES-A,1
2024-11-05 05:40:00+00:00,4874.75,4874.75,4874.5,4874.75,229.0,SYNTH-MES-A,1
2024-11-05 05:41:00+00:00,4874.75,4875.0,4874.75,4875.0,177.0,SYNTH-MES-A,1
2024-11-05 05:42:00+00:00,4875.0,4875.0,4873.75,4874.0,179.0,SYNTH-MES-A,1
2024-11-05 05:43:00+00:00,4874.0,4874.25,4873.75,4874.25,180.0,SYNTH-MES-A,1
2024-11-05 05:44:00+00:00,4874.25,4874.25,4873.75,4874.0,198.0,SYNTH-MES-A,1
2024-11-05 05:45:00+00:00,4874.0,4874.25,4873.0,4873.0,211.0,SYNTH-MES-A,1
2024-11-05 05:46:00+00:00,4873.0,4874.5,4871.5,4874.0,193.0,SYNTH-MES-A,1
2024-11-05 05:47:00+00:00,4874.0,4874.75,4874.0,4874.5,234.0,SYNTH-MES-A,1
2024-11-05 05:48:00+00:00,4874.5,4874.75,4873.75,4873.75,189.0,SYNTH-MES-A,1
2024-11-05 05:49:00+00:00,4873.75,4875.75,4873.25,4875.0,217.0,SYNTH-MES-A,1
2024-11-05 05:50:00+00:00,4875.0,4875.0,4874.5,4874.5,217.0,SYNTH-MES-A,1
2024-11-05 05:51:00+00:00,4874.5,4875.25,4873.75,4874.0,209.0,SYNTH-MES-A,1
2024-11-05 05:52:00+00:00,4874.0,4875.75,4874.0,4875.75,198.0,SYNTH-MES-A,1
2024-11-05 05:53:00+00:00,4875.75,4876.0,4874.0,4874.5,187.0,SYNTH-MES-A,1
2024-11-05 05:54:00+00:00,4874.5,4875.0,4874.5,4874.5,198.0,SYNTH-MES-A,1
2024-11-05 05:55:00+00:00,4874.5,4875.0,4874.0,4874.75,188.0,SYNTH-MES-A,1
2024-11-05 05:56:00+00:00,4874.75,4874.75,4874.25,4874.5,232.0,SYNTH-MES-A,1
2024-11-05 05:57:00+00:00,4874.5,4874.5,4873.75,4874.0,209.0,SYNTH-MES-A,1
2024-11-05 05:58:00+00:00,4874.0,4874.0,4872.0,4872.5,193.0,SYNTH-MES-A,1
2024-11-05 05:59:00+00:00,4872.5,4873.0,4870.5,4872.75,206.0,SYNTH-MES-A,1
2024-11-05 06:00:00+00:00,4872.75,4872.75,4872.5,4872.5,214.0,SYNTH-MES-A,1
2024-11-05 06:01:00+00:00,4872.5,4872.75,4871.5,4872.25,206.0,SYNTH-MES-A,1
2024-11-05 06:02:00+00:00,4872.25,4872.5,4872.25,4872.5,212.0,SYNTH-MES-A,1
2024-11-05 06:03:00+00:00,4872.5,4873.0,4872.25,4873.0,205.0,SYNTH-MES-A,1
2024-11-05 06:04:00+00:00,4873.0,4875.0,4872.75,4874.25,224.0,SYNTH-MES-A,1
2024-11-05 06:05:00+00:00,4874.25,4874.5,4873.25,4873.25,197.0,SYNTH-MES-A,1
2024-11-05 06:06:00+00:00,4873.25,4873.5,4872.75,4873.0,205.0,SYNTH-MES-A,1
2024-11-05 06:07:00+00:00,4873.0,4873.0,4873.0,4873.0,207.0,SYNTH-MES-A,1
2024-11-05 06:08:00+00:00,4873.0,4874.0,4872.75,4873.5,200.0,SYNTH-MES-A,1
2024-11-05 06:09:00+00:00,4873.5,4874.0,4873.5,4873.75,221.0,SYNTH-MES-A,1
2024-11-05 06:10:00+00:00,4873.75,4874.0,4873.5,4873.5,186.0,SYNTH-MES-A,1
2024-11-05 06:11:00+00:00,4873.5,4874.75,4873.25,4874.0,221.0,SYNTH-MES-A,1
2024-11-05 06:12:00+00:00,4874.0,4875.0,4873.75,4875.0,192.0,SYNTH-MES-A,1
2024-11-05 06:13:00+00:00,4875.0,4875.5,4874.5,4874.5,182.0,SYNTH-MES-A,1
2024-11-05 06:14:00+00:00,4874.5,4874.5,4874.0,4874.0,176.0,SYNTH-MES-A,1
2024-11-05 06:15:00+00:00,4874.0,4875.25,4873.75,4875.0,210.0,SYNTH-MES-A,1
2024-11-05 06:16:00+00:00,4875.0,4875.0,4874.0,4874.25,187.0,SYNTH-MES-A,1
2024-11-05 06:17:00+00:00,4874.25,4874.75,4874.25,4874.75,221.0,SYNTH-MES-A,1
2024-11-05 06:18:00+00:00,4874.75,4875.25,4874.5,4875.25,199.0,SYNTH-MES-A,1
2024-11-05 06:19:00+00:00,4875.25,4875.5,4874.75,4874.75,196.0,SYNTH-MES-A,1
2024-11-05 06:20:00+00:00,4874.75,4876.5,4874.5,4876.25,194.0,SYNTH-MES-A,1
2024-11-05 06:21:00+00:00,4876.25,4876.5,4875.25,4875.5,194.0,SYNTH-MES-A,1
2024-11-05 06:22:00+00:00,4875.5,4875.75,4874.75,4875.0,205.0,SYNTH-MES-A,1
2024-11-05 06:23:00+00:00,4875.0,4875.5,4874.75,4875.25,172.0,SYNTH-MES-A,1
2024-11-05 06:24:00+00:00,4875.25,4875.75,4873.25,4873.5,196.0,SYNTH-MES-A,1
2024-11-05 06:25:00+00:00,4873.5,4873.75,4872.25,4872.75,202.0,SYNTH-MES-A,1
2024-11-05 06:26:00+00:00,4872.75,4872.75,4872.25,4872.5,177.0,SYNTH-MES-A,1
2024-11-05 06:27:00+00:00,4872.5,4872.75,4872.25,4872.25,229.0,SYNTH-MES-A,1
2024-11-05 06:28:00+00:00,4872.25,4873.5,4872.0,4873.5,177.0,SYNTH-MES-A,1
2024-11-05 06:29:00+00:00,4873.5,4874.0,4873.5,4874.0,192.0,SYNTH-MES-A,1
2024-11-05 06:30:00+00:00,4874.0,4874.25,4873.25,4873.25,217.0,SYNTH-MES-A,1
2024-11-05 06:31:00+00:00,4873.25,4873.25,4871.5,4872.0,211.0,SYNTH-MES-A,1
2024-11-05 06:32:00+00:00,4872.0,4873.25,4871.75,4873.0,184.0,SYNTH-MES-A,1
2024-11-05 06:33:00+00:00,4873.0,4873.75,4872.25,4873.25,206.0,SYNTH-MES-A,1
2024-11-05 06:34:00+00:00,4873.25,4873.25,4872.5,4873.0,203.0,SYNTH-MES-A,1
2024-11-05 06:35:00+00:00,4873.0,4873.0,4872.5,4872.5,204.0,SYNTH-MES-A,1
2024-11-05 06:36:00+00:00,4872.5,4873.0,4872.5,4872.75,186.0,SYNTH-MES-A,1
2024-11-05 06:37:00+00:00,4872.75,4873.0,4872.0,4872.5,207.0,SYNTH-MES-A,1
2024-11-05 06:38:00+00:00,4872.5,4874.0,4872.0,4873.75,189.0,SYNTH-MES-A,1
2024-11-05 06:39:00+00:00,4873.75,4873.75,4873.5,4873.5,182.0,SYNTH-MES-A,1
2024-11-05 06:40:00+00:00,4873.5,4873.75,4873.25,4873.75,186.0,SYNTH-MES-A,1
2024-11-05 06:41:00+00:00,4873.75,4874.5,4873.5,4874.5,195.0,SYNTH-MES-A,1
2024-11-05 06:42:00+00:00,4874.5,4874.5,4874.5,4874.5,186.0,SYNTH-MES-A,1
2024-11-05 06:43:00+00:00,4874.5,4874.5,4873.75,4874.0,239.0,SYNTH-MES-A,1
2024-11-05 06:44:00+00:00,4874.0,4874.0,4872.75,4872.75,206.0,SYNTH-MES-A,1
2024-11-05 06:45:00+00:00,4872.75,4873.0,4872.0,4872.0,208.0,SYNTH-MES-A,1
2024-11-05 06:46:00+00:00,4872.0,4872.0,4871.5,4871.5,195.0,SYNTH-MES-A,1
2024-11-05 06:47:00+00:00,4871.5,4871.75,4871.0,4871.5,208.0,SYNTH-MES-A,1
2024-11-05 06:48:00+00:00,4871.5,4872.0,4871.5,4872.0,187.0,SYNTH-MES-A,1
2024-11-05 06:49:00+00:00,4872.0,4874.25,4872.0,4874.0,207.0,SYNTH-MES-A,1
2024-11-05 06:50:00+00:00,4874.0,4874.25,4873.0,4873.0,208.0,SYNTH-MES-A,1
2024-11-05 06:51:00+00:00,4873.0,4874.25,4873.0,4874.0,209.0,SYNTH-MES-A,1
2024-11-05 06:52:00+00:00,4874.0,4874.25,4873.75,4874.25,220.0,SYNTH-MES-A,1
2024-11-05 06:53:00+00:00,4874.25,4874.25,4874.25,4874.25,212.0,SYNTH-MES-A,1
2024-11-05 06:54:00+00:00,4874.25,4875.0,4874.0,4874.75,214.0,SYNTH-MES-A,1
2024-11-05 06:55:00+00:00,4874.75,4875.0,4873.5,4874.5,211.0,SYNTH-MES-A,1
2024-11-05 06:56:00+00:00,4874.5,4874.5,4873.5,4873.75,186.0,SYNTH-MES-A,1
2024-11-05 06:57:00+00:00,4873.75,4874.75,4873.75,4874.5,217.0,SYNTH-MES-A,1
2024-11-05 06:58:00+00:00,4874.5,4874.5,4873.0,4873.5,217.0,SYNTH-MES-A,1
2024-11-05 06:59:00+00:00,4873.5,4873.75,4873.0,4873.0,222.0,SYNTH-MES-A,1
2024-11-05 07:00:00+00:00,4873.0,4874.0,4872.5,4873.75,186.0,SYNTH-MES-A,1
2024-11-05 07:01:00+00:00,4873.75,4873.75,4872.75,4873.25,217.0,SYNTH-MES-A,1
2024-11-05 07:02:00+00:00,4873.25,4873.25,4873.0,4873.0,201.0,SYNTH-MES-A,1
2024-11-05 07:03:00+00:00,4873.0,4873.25,4872.75,4873.0,181.0,SYNTH-MES-A,1
2024-11-05 07:04:00+00:00,4873.0,4873.25,4871.75,4872.5,199.0,SYNTH-MES-A,1
2024-11-05 07:05:00+00:00,4872.5,4873.0,4872.5,4873.0,223.0,SYNTH-MES-A,1
2024-11-05 07:06:00+00:00,4873.0,4873.0,4872.0,4872.5,211.0,SYNTH-MES-A,1
2024-11-05 07:07:00+00:00,4872.5,4872.75,4871.75,4872.0,197.0,SYNTH-MES-A,1
2024-11-05 07:08:00+00:00,4872.0,4872.0,4871.75,4872.0,204.0,SYNTH-MES-A,1
2024-11-05 07:09:00+00:00,4872.0,4872.75,4871.75,4872.5,167.0,SYNTH-MES-A,1
2024-11-05 07:10:00+00:00,4872.5,4873.0,4872.25,4872.5,200.0,SYNTH-MES-A,1
2024-11-05 07:11:00+00:00,4872.5,4873.25,4872.0,4872.5,200.0,SYNTH-MES-A,1
2024-11-05 07:12:00+00:00,4872.5,4874.5,4872.25,4874.25,202.0,SYNTH-MES-A,1
2024-11-05 07:13:00+00:00,4874.25,4875.0,4873.25,4873.5,190.0,SYNTH-MES-A,1
2024-11-05 07:14:00+00:00,4873.5,4874.0,4873.5,4873.75,205.0,SYNTH-MES-A,1
2024-11-05 07:15:00+00:00,4873.75,4874.25,4873.0,4874.0,222.0,SYNTH-MES-A,1
2024-11-05 07:16:00+00:00,4874.0,4874.5,4873.75,4874.0,195.0,SYNTH-MES-A,1
2024-11-05 07:17:00+00:00,4874.0,4874.75,4873.75,4874.5,226.0,SYNTH-MES-A,1
2024-11-05 07:18:00+00:00,4874.5,4874.75,4873.5,4873.75,198.0,SYNTH-MES-A,1
2024-11-05 07:19:00+00:00,4873.75,4873.75,4872.75,4873.25,220.0,SYNTH-MES-A,1
2024-11-05 07:20:00+00:00,4873.25,4873.5,4872.75,4873.5,189.0,SYNTH-MES-A,1
2024-11-05 07:21:00+00:00,4873.5,4873.5,4873.0,4873.5,208.0,SYNTH-MES-A,1
2024-11-05 07:22:00+00:00,4873.5,4873.75,4872.0,4872.75,193.0,SYNTH-MES-A,1
2024-11-05 07:23:00+00:00,4872.75,4873.0,4871.5,4872.0,230.0,SYNTH-MES-A,1
2024-11-05 07:24:00+00:00,4872.0,4873.0,4871.75,4872.75,218.0,SYNTH-MES-A,1
2024-11-05 07:25:00+00:00,4872.75,4873.5,4872.25,4873.25,218.0,SYNTH-MES-A,1
2024-11-05 07:26:00+00:00,4873.25,4873.5,4872.5,4872.5,216.0,SYNTH-MES-A,1
2024-11-05 07:27:00+00:00,4872.5,4873.25,4872.25,4873.0,214.0,SYNTH-MES-A,1
2024-11-05 07:28:00+00:00,4873.0,4874.0,4872.0,4872.0,203.0,SYNTH-MES-A,1
2024-11-05 07:29:00+00:00,4872.0,4872.5,4871.5,4872.5,198.0,SYNTH-MES-A,1
2024-11-05 07:30:00+00:00,4872.5,4873.25,4872.25,4873.25,194.0,SYNTH-MES-A,1
2024-11-05 07:31:00+00:00,4873.25,4875.25,4873.25,4873.75,221.0,SYNTH-MES-A,1
2024-11-05 07:32:00+00:00,4873.75,4875.0,4873.25,4874.5,211.0,SYNTH-MES-A,1
2024-11-05 07:33:00+00:00,4874.5,4876.0,4874.25,4875.25,209.0,SYNTH-MES-A,1
2024-11-05 07:34:00+00:00,4875.25,4875.25,4874.0,4874.5,181.0,SYNTH-MES-A,1
2024-11-05 07:35:00+00:00,4874.5,4874.75,4873.5,4873.75,189.0,SYNTH-MES-A,1
2024-11-05 07:36:00+00:00,4873.75,4874.75,4873.5,4874.5,187.0,SYNTH-MES-A,1
2024-11-05 07:37:00+00:00,4874.5,4875.5,4874.25,4875.5,206.0,SYNTH-MES-A,1
2024-11-05 07:38:00+00:00,4875.5,4876.0,4875.25,4875.75,204.0,SYNTH-MES-A,1
2024-11-05 07:39:00+00:00,4875.75,4876.5,4875.0,4876.5,197.0,SYNTH-MES-A,1
2024-11-05 07:40:00+00:00,4876.5,4877.25,4876.5,4877.25,218.0,SYNTH-MES-A,1
2024-11-05 07:41:00+00:00,4877.25,4877.25,4876.25,4876.25,190.0,SYNTH-MES-A,1
2024-11-05 07:42:00+00:00,4876.25,4877.0,4876.0,4876.75,175.0,SYNTH-MES-A,1
2024-11-05 07:43:00+00:00,4876.75,4877.0,4876.0,4876.25,195.0,SYNTH-MES-A,1
2024-11-05 07:44:00+00:00,4876.25,4876.25,4875.25,4875.5,188.0,SYNTH-MES-A,1
2024-11-05 07:45:00+00:00,4875.5,4876.25,4875.25,4875.75,213.0,SYNTH-MES-A,1
2024-11-05 07:46:00+00:00,4875.75,4875.75,4874.5,4875.0,167.0,SYNTH-MES-A,1
2024-11-05 07:47:00+00:00,4875.0,4875.75,4875.0,4875.75,179.0,SYNTH-MES-A,1
2024-11-05 07:48:00+00:00,4875.75,4876.0,4875.75,4875.75,197.0,SYNTH-MES-A,1
2024-11-05 07:49:00+00:00,4875.75,4875.75,4875.75,4875.75,197.0,SYNTH-MES-A,1
2024-11-05 07:50:00+00:00,4875.75,4875.75,4875.0,4875.5,186.0,SYNTH-MES-A,1
2024-11-05 07:51:00+00:00,4875.5,4875.5,4874.5,4874.5,215.0,SYNTH-MES-A,1
2024-11-05 07:52:00+00:00,4874.5,4874.5,4872.5,4872.75,218.0,SYNTH-MES-A,1
2024-11-05 07:53:00+00:00,4872.75,4874.0,4872.0,4874.0,188.0,SYNTH-MES-A,1
2024-11-05 07:54:00+00:00,4874.0,4874.5,4874.0,4874.0,213.0,SYNTH-MES-A,1
2024-11-05 07:55:00+00:00,4874.0,4875.75,4873.75,4875.25,213.0,SYNTH-MES-A,1
2024-11-05 07:56:00+00:00,4875.25,4875.5,4875.25,4875.5,198.0,SYNTH-MES-A,1
2024-11-05 07:57:00+00:00,4875.5,4875.75,4875.5,4875.5,187.0,SYNTH-MES-A,1
2024-11-05 07:58:00+00:00,4875.5,4875.75,4875.25,4875.25,197.0,SYNTH-MES-A,1
2024-11-05 07:59:00+00:00,4875.25,4877.5,4875.25,4877.0,219.0,SYNTH-MES-A,1
2024-11-05 08:00:00+00:00,4877.0,4877.0,4876.5,4876.5,179.0,SYNTH-MES-A,1
2024-11-05 08:01:00+00:00,4876.5,4876.75,4876.5,4876.75,218.0,SYNTH-MES-A,1
2024-11-05 08:02:00+00:00,4876.75,4877.0,4876.0,4876.0,194.0,SYNTH-MES-A,1
2024-11-05 08:03:00+00:00,4876.0,4876.75,4875.75,4876.5,183.0,SYNTH-MES-A,1
2024-11-05 08:04:00+00:00,4876.5,4876.75,4875.5,4875.5,213.0,SYNTH-MES-A,1
2024-11-05 08:05:00+00:00,4875.5,4875.75,4875.25,4875.5,203.0,SYNTH-MES-A,1
2024-11-05 08:06:00+00:00,4875.5,4875.5,4875.25,4875.5,208.0,SYNTH-MES-A,1
2024-11-05 08:07:00+00:00,4875.5,4876.25,4874.25,4874.75,171.0,SYNTH-MES-A,1
2024-11-05 08:08:00+00:00,4874.75,4875.0,4872.25,4872.25,203.0,SYNTH-MES-A,1
2024-11-05 08:09:00+00:00,4872.25,4873.5,4872.25,4872.75,209.0,SYNTH-MES-A,1
2024-11-05 08:10:00+00:00,4872.75,4873.25,4872.75,4873.0,173.0,SYNTH-MES-A,1
2024-11-05 08:11:00+00:00,4873.0,4873.25,4872.25,4872.5,185.0,SYNTH-MES-A,1
2024-11-05 08:12:00+00:00,4872.5,4872.75,4871.25,4872.25,185.0,SYNTH-MES-A,1
2024-11-05 08:13:00+00:00,4872.25,4872.25,4871.75,4872.0,182.0,SYNTH-MES-A,1
2024-11-05 08:14:00+00:00,4872.0,4872.0,4871.25,4871.5,202.0,SYNTH-MES-A,1
2024-11-05 08:15:00+00:00,4871.5,4873.0,4871.5,4872.0,214.0,SYNTH-MES-A,1
2024-11-05 08:16:00+00:00,4872.0,4872.25,4871.25,4871.25,194.0,SYNTH-MES-A,1
2024-11-05 08:17:00+00:00,4871.25,4871.5,4871.0,4871.5,182.0,SYNTH-MES-A,1
2024-11-05 08:18:00+00:00,4871.5,4872.25,4871.5,4872.25,191.0,SYNTH-MES-A,1
2024-11-05 08:19:00+00:00,4872.25,4872.75,4871.0,4871.25,198.0,SYNTH-MES-A,1
2024-11-05 08:20:00+00:00,4871.25,4871.5,4871.0,4871.25,191.0,SYNTH-MES-A,1
2024-11-05 08:21:00+00:00,4871.25,4871.5,4871.0,4871.5,196.0,SYNTH-MES-A,1
2024-11-05 08:22:00+00:00,4871.5,4871.5,4871.5,4871.5,212.0,SYNTH-MES-A,1
2024-11-05 08:23:00+00:00,4871.5,4872.25,4871.5,4872.0,195.0,SYNTH-MES-A,1
2024-11-05 08:24:00+00:00,4872.0,4873.5,4871.75,4873.5,191.0,SYNTH-MES-A,1
2024-11-05 08:25:00+00:00,4873.5,4874.5,4872.75,4873.0,187.0,SYNTH-MES-A,1
2024-11-05 08:26:00+00:00,4873.0,4873.5,4872.5,4873.25,186.0,SYNTH-MES-A,1
2024-11-05 08:27:00+00:00,4873.25,4874.0,4873.25,4874.0,209.0,SYNTH-MES-A,1
2024-11-05 08:28:00+00:00,4874.0,4874.0,4873.75,4873.75,198.0,SYNTH-MES-A,1
2024-11-05 08:29:00+00:00,4873.75,4873.75,4873.5,4873.75,215.0,SYNTH-MES-A,1
2024-11-05 08:30:00+00:00,4873.75,4874.25,4873.5,4874.25,194.0,SYNTH-MES-A,1
2024-11-05 08:31:00+00:00,4874.25,4874.25,4874.0,4874.0,184.0,SYNTH-MES-A,1
2024-11-05 08:32:00+00:00,4874.0,4874.0,4874.0,4874.0,238.0,SYNTH-MES-A,1
2024-11-05 08:33:00+00:00,4874.0,4874.75,4873.5,4874.5,195.0,SYNTH-MES-A,1
2024-11-05 08:34:00+00:00,4874.5,4874.75,4873.75,4874.0,208.0,SYNTH-MES-A,1
2024-11-05 08:35:00+00:00,4874.0,4875.0,4873.75,4874.25,181.0,SYNTH-MES-A,1
2024-11-05 08:36:00+00:00,4874.25,4874.5,4874.25,4874.5,180.0,SYNTH-MES-A,1
2024-11-05 08:37:00+00:00,4874.5,4874.75,4873.75,4873.75,212.0,SYNTH-MES-A,1
2024-11-05 08:38:00+00:00,4873.75,4874.5,4873.75,4874.25,191.0,SYNTH-MES-A,1
2024-11-05 08:39:00+00:00,4874.25,4875.0,4873.5,4875.0,201.0,SYNTH-MES-A,1
2024-11-05 08:40:00+00:00,4875.0,4875.5,4874.0,4874.5,203.0,SYNTH-MES-A,1
2024-11-05 08:41:00+00:00,4874.5,4874.75,4874.0,4874.25,226.0,SYNTH-MES-A,1
2024-11-05 08:42:00+00:00,4874.25,4874.75,4874.25,4874.75,206.0,SYNTH-MES-A,1
2024-11-05 08:43:00+00:00,4874.75,4875.75,4873.75,4875.0,216.0,SYNTH-MES-A,1
2024-11-05 08:44:00+00:00,4875.0,4875.25,4875.0,4875.25,182.0,SYNTH-MES-A,1
2024-11-05 08:45:00+00:00,4875.25,4875.25,4874.75,4874.75,192.0,SYNTH-MES-A,1
2024-11-05 08:46:00+00:00,4874.75,4874.75,4873.75,4873.75,186.0,SYNTH-MES-A,1
2024-11-05 08:47:00+00:00,4873.75,4874.5,4873.5,4874.25,201.0,SYNTH-MES-A,1
2024-11-05 08:48:00+00:00,4874.25,4874.75,4873.25,4874.0,214.0,SYNTH-MES-A,1
2024-11-05 08:49:00+00:00,4874.0,4874.25,4872.75,4873.25,189.0,SYNTH-MES-A,1
2024-11-05 08:50:00+00:00,4873.25,4875.25,4873.25,4875.25,213.0,SYNTH-MES-A,1
2024-11-05 08:51:00+00:00,4875.25,4875.75,4875.25,4875.75,219.0,SYNTH-MES-A,1
2024-11-05 08:52:00+00:00,4875.75,4876.5,4875.75,4876.25,204.0,SYNTH-MES-A,1
2024-11-05 08:53:00+00:00,4876.25,4876.25,4875.25,4875.5,212.0,SYNTH-MES-A,1
2024-11-05 08:54:00+00:00,4875.5,4877.0,4875.0,4875.75,189.0,SYNTH-MES-A,1
2024-11-05 08:55:00+00:00,4875.75,4876.25,4873.25,4874.0,183.0,SYNTH-MES-A,1
2024-11-05 08:56:00+00:00,4874.0,4874.5,4874.0,4874.25,185.0,SYNTH-MES-A,1
2024-11-05 08:57:00+00:00,4874.25,4875.5,4874.0,4875.25,197.0,SYNTH-MES-A,1
2024-11-05 08:58:00+00:00,4875.25,4875.5,4873.75,4874.5,205.0,SYNTH-MES-A,1
2024-11-05 08:59:00+00:00,4874.5,4875.0,4874.5,4874.75,210.0,SYNTH-MES-A,1
2024-11-05 09:00:00+00:00,4874.75,4875.25,4874.25,4875.25,200.0,SYNTH-MES-A,1
2024-11-05 09:01:00+00:00,4875.25,4875.5,4874.5,4874.5,227.0,SYNTH-MES-A,1
2024-11-05 09:02:00+00:00,4874.5,4875.5,4874.25,4875.25,192.0,SYNTH-MES-A,1
2024-11-05 09:03:00+00:00,4875.25,4876.5,4875.0,4876.5,202.0,SYNTH-MES-A,1
2024-11-05 09:04:00+00:00,4876.5,4876.75,4876.25,4876.25,204.0,SYNTH-MES-A,1
2024-11-05 09:05:00+00:00,4876.25,4876.25,4875.25,4875.5,213.0,SYNTH-MES-A,1
2024-11-05 09:06:00+00:00,4875.5,4876.0,4875.0,4875.25,191.0,SYNTH-MES-A,1
2024-11-05 09:07:00+00:00,4875.25,4875.25,4874.75,4875.0,187.0,SYNTH-MES-A,1
2024-11-05 09:08:00+00:00,4875.0,4875.0,4874.25,4874.25,234.0,SYNTH-MES-A,1
2024-11-05 09:09:00+00:00,4874.25,4874.5,4874.0,4874.5,213.0,SYNTH-MES-A,1
2024-11-05 09:10:00+00:00,4874.5,4874.75,4874.25,4874.25,189.0,SYNTH-MES-A,1
2024-11-05 09:11:00+00:00,4874.25,4874.75,4873.25,4873.5,195.0,SYNTH-MES-A,1
2024-11-05 09:12:00+00:00,4873.5,4874.0,4873.25,4873.5,159.0,SYNTH-MES-A,1
2024-11-05 09:13:00+00:00,4873.5,4873.75,4871.5,4872.25,203.0,SYNTH-MES-A,1
2024-11-05 09:14:00+00:00,4872.25,4872.5,4871.75,4872.0,196.0,SYNTH-MES-A,1
2024-11-05 09:15:00+00:00,4872.0,4872.0,4871.25,4871.75,216.0,SYNTH-MES-A,1
2024-11-05 09:16:00+00:00,4871.75,4872.25,4871.5,4872.25,205.0,SYNTH-MES-A,1
2024-11-05 09:17:00+00:00,4872.25,4872.5,4871.5,4871.75,204.0,SYNTH-MES-A,1
2024-11-05 09:18:00+00:00,4871.75,4872.5,4871.5,4872.25,225.0,SYNTH-MES-A,1
2024-11-05 09:19:00+00:00,4872.25,4873.25,4872.25,4873.0,217.0,SYNTH-MES-A,1
2024-11-05 09:20:00+00:00,4873.0,4873.0,4872.5,4872.75,193.0,SYNTH-MES-A,1
2024-11-05 09:21:00+00:00,4872.75,4872.75,4872.5,4872.75,200.0,SYNTH-MES-A,1
2024-11-05 09:22:00+00:00,4872.75,4874.75,4872.25,4874.5,186.0,SYNTH-MES-A,1
2024-11-05 09:23:00+00:00,4874.5,4875.0,4874.25,4874.25,215.0,SYNTH-MES-A,1
2024-11-05 09:24:00+00:00,4874.25,4875.0,4874.25,4875.0,214.0,SYNTH-MES-A,1
2024-11-05 09:25:00+00:00,4875.0,4875.5,4874.5,4874.75,180.0,SYNTH-MES-A,1
2024-11-05 09:26:00+00:00,4874.75,4875.0,4874.5,4875.0,207.0,SYNTH-MES-A,1
2024-11-05 09:27:00+00:00,4875.0,4875.5,4874.0,4874.75,202.0,SYNTH-MES-A,1
2024-11-05 09:28:00+00:00,4874.75,4875.5,4874.25,4874.25,201.0,SYNTH-MES-A,1
2024-11-05 09:29:00+00:00,4874.25,4874.75,4873.75,4874.5,196.0,SYNTH-MES-A,1
2024-11-05 09:30:00+00:00,4874.5,4874.5,4874.25,4874.25,226.0,SYNTH-MES-A,1
2024-11-05 09:31:00+00:00,4874.25,4875.75,4874.25,4875.5,198.0,SYNTH-MES-A,1
2024-11-05 09:32:00+00:00,4875.5,4876.25,4875.0,4875.25,199.0,SYNTH-MES-A,1
2024-11-05 09:33:00+00:00,4875.25,4875.25,4875.0,4875.25,208.0,SYNTH-MES-A,1
2024-11-05 09:34:00+00:00,4875.25,4876.0,4875.25,4875.75,192.0,SYNTH-MES-A,1
2024-11-05 09:35:00+00:00,4875.75,4876.75,4875.5,4876.0,202.0,SYNTH-MES-A,1
2024-11-05 09:36:00+00:00,4876.0,4876.5,4876.0,4876.25,206.0,SYNTH-MES-A,1
2024-11-05 09:37:00+00:00,4876.25,4876.75,4876.0,4876.75,216.0,SYNTH-MES-A,1
2024-11-05 09:38:00+00:00,4876.75,4877.0,4876.75,4877.0,212.0,SYNTH-MES-A,1
2024-11-05 09:39:00+00:00,4877.0,4877.25,4875.75,4877.25,189.0,SYNTH-MES-A,1
2024-11-05 09:40:00+00:00,4877.25,4879.25,4877.25,4878.75,196.0,SYNTH-MES-A,1
2024-11-05 09:41:00+00:00,4878.75,4879.25,4878.75,4879.0,227.0,SYNTH-MES-A,1
2024-11-05 09:42:00+00:00,4879.0,4879.75,4879.0,4879.75,194.0,SYNTH-MES-A,1
2024-11-05 09:43:00+00:00,4879.75,4881.0,4879.5,4880.75,205.0,SYNTH-MES-A,1
2024-11-05 09:44:00+00:00,4880.75,4881.25,4880.75,4881.25,209.0,SYNTH-MES-A,1
2024-11-05 09:45:00+00:00,4881.25,4882.25,4881.0,4882.25,198.0,SYNTH-MES-A,1
2024-11-05 09:46:00+00:00,4882.25,4882.25,4881.25,4881.25,190.0,SYNTH-MES-A,1
2024-11-05 09:47:00+00:00,4881.25,4881.5,4880.5,4880.75,194.0,SYNTH-MES-A,1
2024-11-05 09:48:00+00:00,4880.75,4882.0,4880.75,4881.0,197.0,SYNTH-MES-A,1
2024-11-05 09:49:00+00:00,4881.0,4882.0,4880.25,4880.25,203.0,SYNTH-MES-A,1
2024-11-05 09:50:00+00:00,4880.25,4880.5,4879.0,4879.25,207.0,SYNTH-MES-A,1
2024-11-05 09:51:00+00:00,4879.25,4879.25,4878.75,4878.75,217.0,SYNTH-MES-A,1
2024-11-05 09:52:00+00:00,4878.75,4878.75,4878.0,4878.25,194.0,SYNTH-MES-A,1
2024-11-05 09:53:00+00:00,4878.25,4878.5,4877.0,4878.0,213.0,SYNTH-MES-A,1
2024-11-05 09:54:00+00:00,4878.0,4879.25,4877.5,4879.0,194.0,SYNTH-MES-A,1
2024-11-05 09:55:00+00:00,4879.0,4879.0,4878.25,4878.75,201.0,SYNTH-MES-A,1
2024-11-05 09:56:00+00:00,4878.75,4879.25,4878.75,4878.75,198.0,SYNTH-MES-A,1
2024-11-05 09:57:00+00:00,4878.75,4878.75,4878.5,4878.5,189.0,SYNTH-MES-A,1
2024-11-05 09:58:00+00:00,4878.5,4879.5,4878.0,4879.25,190.0,SYNTH-MES-A,1
2024-11-05 09:59:00+00:00,4879.25,4879.25,4878.0,4878.25,187.0,SYNTH-MES-A,1
2024-11-05 10:00:00+00:00,4878.25,4879.25,4877.75,4879.0,219.0,SYNTH-MES-A,1
2024-11-05 10:01:00+00:00,4879.0,4880.0,4879.0,4879.75,220.0,SYNTH-MES-A,1
2024-11-05 10:02:00+00:00,4879.75,4879.75,4879.75,4879.75,218.0,SYNTH-MES-A,1
2024-11-05 10:03:00+00:00,4879.75,4881.0,4879.5,4880.5,200.0,SYNTH-MES-A,1
2024-11-05 10:04:00+00:00,4880.5,4881.25,4880.25,4881.0,211.0,SYNTH-MES-A,1
2024-11-05 10:05:00+00:00,4881.0,4881.5,4880.0,4880.0,197.0,SYNTH-MES-A,1
2024-11-05 10:06:00+00:00,4880.0,4880.0,4878.0,4878.25,198.0,SYNTH-MES-A,1
2024-11-05 10:07:00+00:00,4878.25,4878.25,4877.0,4877.25,170.0,SYNTH-MES-A,1
2024-11-05 10:08:00+00:00,4877.25,4877.5,4877.25,4877.5,194.0,SYNTH-MES-A,1
2024-11-05 10:09:00+00:00,4877.5,4877.75,4877.0,4877.0,213.0,SYNTH-MES-A,1
2024-11-05 10:10:00+00:00,4877.0,4877.75,4875.5,4876.0,189.0,SYNTH-MES-A,1
2024-11-05 10:11:00+00:00,4876.0,4876.25,4875.75,4876.25,175.0,SYNTH-MES-A,1
2024-11-05 10:12:00+00:00,4876.25,4876.75,4876.25,4876.75,225.0,SYNTH-MES-A,1
2024-11-05 10:13:00+00:00,4876.75,4877.0,4876.75,4876.75,203.0,SYNTH-MES-A,1
2024-11-05 10:14:00+00:00,4876.75,4877.5,4876.75,4877.5,189.0,SYNTH-MES-A,1
2024-11-05 10:15:00+00:00,4877.5,4878.5,4877.25,4878.25,208.0,SYNTH-MES-A,1
2024-11-05 10:16:00+00:00,4878.25,4878.5,4877.25,4877.5,212.0,SYNTH-MES-A,1
2024-11-05 10:17:00+00:00,4877.5,4877.5,4877.25,4877.5,190.0,SYNTH-MES-A,1
2024-11-05 10:18:00+00:00,4877.5,4877.75,4877.5,4877.75,198.0,SYNTH-MES-A,1
2024-11-05 10:19:00+00:00,4877.75,4878.0,4875.75,4875.75,189.0,SYNTH-MES-A,1
2024-11-05 10:20:00+00:00,4875.75,4876.25,4874.75,4875.0,180.0,SYNTH-MES-A,1
2024-11-05 10:21:00+00:00,4875.0,4875.0,4873.75,4874.0,196.0,SYNTH-MES-A,1
2024-11-05 10:22:00+00:00,4874.0,4874.0,4873.0,4873.5,212.0,SYNTH-MES-A,1
2024-11-05 10:23:00+00:00,4873.5,4874.75,4873.0,4874.75,198.0,SYNTH-MES-A,1
2024-11-05 10:24:00+00:00,4874.75,4875.0,4874.25,4874.75,200.0,SYNTH-MES-A,1
2024-11-05 10:25:00+00:00,4874.75,4874.75,4873.5,4874.25,181.0,SYNTH-MES-A,1
2024-11-05 10:26:00+00:00,4874.25,4874.5,4873.25,4873.25,195.0,SYNTH-MES-A,1
2024-11-05 10:27:00+00:00,4873.25,4873.25,4873.25,4873.25,208.0,SYNTH-MES-A,1
2024-11-05 10:28:00+00:00,4873.25,4873.5,4872.75,4873.0,204.0,SYNTH-MES-A,1
2024-11-05 10:29:00+00:00,4873.0,4873.25,4872.5,4873.0,186.0,SYNTH-MES-A,1
2024-11-05 10:30:00+00:00,4873.0,4873.0,4873.0,4873.0,190.0,SYNTH-MES-A,1
2024-11-05 10:31:00+00:00,4873.0,4873.5,4872.75,4873.25,198.0,SYNTH-MES-A,1
2024-11-05 10:32:00+00:00,4873.25,4873.75,4873.25,4873.75,202.0,SYNTH-MES-A,1
2024-11-05 10:33:00+00:00,4873.75,4874.75,4873.25,4874.75,197.0,SYNTH-MES-A,1
2024-11-05 10:34:00+00:00,4874.75,4875.25,4873.5,4873.75,197.0,SYNTH-MES-A,1
2024-11-05 10:35:00+00:00,4873.75,4875.5,4873.25,4875.5,191.0,SYNTH-MES-A,1
2024-11-05 10:36:00+00:00,4875.5,4876.5,4874.75,4876.25,190.0,SYNTH-MES-A,1
2024-11-05 10:37:00+00:00,4876.25,4878.0,4876.0,4877.25,204.0,SYNTH-MES-A,1
2024-11-05 10:38:00+00:00,4877.25,4878.5,4877.0,4878.25,183.0,SYNTH-MES-A,1
2024-11-05 10:39:00+00:00,4878.25,4878.75,4878.0,4878.75,198.0,SYNTH-MES-A,1
2024-11-05 10:40:00+00:00,4878.75,4878.75,4878.0,4878.0,244.0,SYNTH-MES-A,1
2024-11-05 10:41:00+00:00,4878.0,4878.5,4877.5,4878.25,202.0,SYNTH-MES-A,1
2024-11-05 10:42:00+00:00,4878.25,4880.75,4878.0,4879.75,213.0,SYNTH-MES-A,1
2024-11-05 10:43:00+00:00,4879.75,4880.0,4879.25,4880.0,216.0,SYNTH-MES-A,1
2024-11-05 10:44:00+00:00,4880.0,4880.5,4879.25,4879.75,203.0,SYNTH-MES-A,1
2024-11-05 10:45:00+00:00,4879.75,4880.75,4879.25,4880.75,193.0,SYNTH-MES-A,1
2024-11-05 10:46:00+00:00,4880.75,4881.5,4880.5,4881.25,197.0,SYNTH-MES-A,1
2024-11-05 10:47:00+00:00,4881.25,4881.5,4879.75,4880.0,213.0,SYNTH-MES-A,1
2024-11-05 10:48:00+00:00,4880.0,4880.25,4878.75,4879.0,209.0,SYNTH-MES-A,1
2024-11-05 10:49:00+00:00,4879.0,4879.5,4879.0,4879.0,223.0,SYNTH-MES-A,1
2024-11-05 10:50:00+00:00,4879.0,4879.25,4878.25,4878.5,177.0,SYNTH-MES-A,1
2024-11-05 10:51:00+00:00,4878.5,4879.25,4878.25,4878.75,210.0,SYNTH-MES-A,1
2024-11-05 10:52:00+00:00,4878.75,4879.0,4878.5,4879.0,231.0,SYNTH-MES-A,1
2024-11-05 10:53:00+00:00,4879.0,4879.0,4878.75,4878.75,189.0,SYNTH-MES-A,1
2024-11-05 10:54:00+00:00,4878.75,4879.0,4878.0,4878.25,220.0,SYNTH-MES-A,1
2024-11-05 10:55:00+00:00,4878.25,4878.5,4877.25,4877.5,188.0,SYNTH-MES-A,1
2024-11-05 10:56:00+00:00,4877.5,4877.75,4876.5,4877.0,172.0,SYNTH-MES-A,1
2024-11-05 10:57:00+00:00,4877.0,4878.25,4876.75,4878.0,195.0,SYNTH-MES-A,1
2024-11-05 10:58:00+00:00,4878.0,4878.5,4877.75,4878.5,200.0,SYNTH-MES-A,1
2024-11-05 10:59:00+00:00,4878.5,4879.0,4878.25,4879.0,197.0,SYNTH-MES-A,1
2024-11-05 11:00:00+00:00,4879.0,4880.0,4879.0,4879.5,199.0,SYNTH-MES-A,1
2024-11-05 11:01:00+00:00,4879.5,4879.5,4878.75,4878.75,195.0,SYNTH-MES-A,1
2024-11-05 11:02:00+00:00,4878.75,4879.25,4878.5,4879.0,198.0,SYNTH-MES-A,1
2024-11-05 11:03:00+00:00,4879.0,4879.75,4879.0,4879.0,184.0,SYNTH-MES-A,1
2024-11-05 11:04:00+00:00,4879.0,4880.0,4878.75,4879.5,203.0,SYNTH-MES-A,1
2024-11-05 11:05:00+00:00,4879.5,4879.5,4877.5,4878.0,194.0,SYNTH-MES-A,1
2024-11-05 11:06:00+00:00,4878.0,4879.0,4877.75,4878.75,191.0,SYNTH-MES-A,1
2024-11-05 11:07:00+00:00,4878.75,4879.0,4877.25,4877.25,208.0,SYNTH-MES-A,1
2024-11-05 11:08:00+00:00,4877.25,4877.5,4877.0,4877.25,207.0,SYNTH-MES-A,1
2024-11-05 11:09:00+00:00,4877.25,4877.25,4877.25,4877.25,182.0,SYNTH-MES-A,1
2024-11-05 11:10:00+00:00,4877.25,4879.0,4877.0,4878.5,219.0,SYNTH-MES-A,1
2024-11-05 11:11:00+00:00,4878.5,4878.5,4878.0,4878.5,205.0,SYNTH-MES-A,1
2024-11-05 11:12:00+00:00,4878.5,4878.5,4877.25,4877.5,193.0,SYNTH-MES-A,1
2024-11-05 11:13:00+00:00,4877.5,4877.75,4876.0,4876.75,217.0,SYNTH-MES-A,1
2024-11-05 11:14:00+00:00,4876.75,4877.5,4876.5,4876.5,215.0,SYNTH-MES-A,1
2024-11-05 11:15:00+00:00,4876.5,4877.0,4876.5,4876.75,220.0,SYNTH-MES-A,1
2024-11-05 11:16:00+00:00,4876.75,4877.75,4876.25,4877.25,199.0,SYNTH-MES-A,1
2024-11-05 11:17:00+00:00,4877.25,4877.25,4875.75,4876.0,203.0,SYNTH-MES-A,1
2024-11-05 11:18:00+00:00,4876.0,4876.5,4875.5,4876.25,213.0,SYNTH-MES-A,1
2024-11-05 11:19:00+00:00,4876.25,4876.5,4876.0,4876.0,191.0,SYNTH-MES-A,1
2024-11-05 11:20:00+00:00,4876.0,4876.0,4875.5,4875.5,208.0,SYNTH-MES-A,1
2024-11-05 11:21:00+00:00,4875.5,4876.25,4875.5,4876.25,205.0,SYNTH-MES-A,1
2024-11-05 11:22:00+00:00,4876.25,4877.25,4876.25,4876.75,209.0,SYNTH-MES-A,1
2024-11-05 11:23:00+00:00,4876.75,4877.0,4876.25,4876.25,202.0,SYNTH-MES-A,1
2024-11-05 11:24:00+00:00,4876.25,4878.0,4875.5,4877.5,193.0,SYNTH-MES-A,1
2024-11-05 11:25:00+00:00,4877.5,4878.5,4877.25,4877.5,224.0,SYNTH-MES-A,1
2024-11-05 11:26:00+00:00,4877.5,4878.25,4877.5,4878.0,209.0,SYNTH-MES-A,1
2024-11-05 11:27:00+00:00,4878.0,4878.0,4877.5,4877.75,186.0,SYNTH-MES-A,1
2024-11-05 11:28:00+00:00,4877.75,4878.25,4877.0,4877.0,163.0,SYNTH-MES-A,1
2024-11-05 11:29:00+00:00,4877.0,4877.0,4876.25,4876.5,216.0,SYNTH-MES-A,1
2024-11-05 11:30:00+00:00,4876.5,4876.5,4876.0,4876.0,210.0,SYNTH-MES-A,1
2024-11-05 11:31:00+00:00,4876.0,4876.75,4875.75,4876.5,179.0,SYNTH-MES-A,1
2024-11-05 11:32:00+00:00,4876.5,4877.5,4876.0,4876.5,182.0,SYNTH-MES-A,1
2024-11-05 11:33:00+00:00,4876.5,4876.5,4876.5,4876.5,219.0,SYNTH-MES-A,1
2024-11-05 11:34:00+00:00,4876.5,4877.0,4876.25,4876.25,173.0,SYNTH-MES-A,1
2024-11-05 11:35:00+00:00,4876.25,4877.0,4876.25,4877.0,199.0,SYNTH-MES-A,1
2024-11-05 11:36:00+00:00,4877.0,4878.5,4875.5,4878.25,185.0,SYNTH-MES-A,1
2024-11-05 11:37:00+00:00,4878.25,4880.0,4878.0,4879.5,184.0,SYNTH-MES-A,1
2024-11-05 11:38:00+00:00,4879.5,4880.25,4879.5,4880.25,179.0,SYNTH-MES-A,1
2024-11-05 11:39:00+00:00,4880.25,4880.5,4879.75,4880.25,172.0,SYNTH-MES-A,1
2024-11-05 11:40:00+00:00,4880.25,4882.0,4880.25,4881.5,191.0,SYNTH-MES-A,1
2024-11-05 11:41:00+00:00,4881.5,4882.0,4881.5,4881.5,183.0,SYNTH-MES-A,1
2024-11-05 11:42:00+00:00,4881.5,4881.75,4881.25,4881.25,201.0,SYNTH-MES-A,1
2024-11-05 11:43:00+00:00,4881.25,4882.0,4881.0,4881.75,207.0,SYNTH-MES-A,1
2024-11-05 11:44:00+00:00,4881.75,4882.5,4881.5,4882.5,188.0,SYNTH-MES-A,1
2024-11-05 11:45:00+00:00,4882.5,4883.5,4882.5,4882.5,230.0,SYNTH-MES-A,1
2024-11-05 11:46:00+00:00,4882.5,4882.75,4881.5,4881.75,207.0,SYNTH-MES-A,1
2024-11-05 11:47:00+00:00,4881.75,4883.0,4881.5,4883.0,185.0,SYNTH-MES-A,1
2024-11-05 11:48:00+00:00,4883.0,4883.0,4883.0,4883.0,192.0,SYNTH-MES-A,1
2024-11-05 11:49:00+00:00,4883.0,4883.0,4883.0,4883.0,199.0,SYNTH-MES-A,1
2024-11-05 11:50:00+00:00,4883.0,4883.0,4882.5,4883.0,195.0,SYNTH-MES-A,1
2024-11-05 11:51:00+00:00,4883.0,4884.5,4882.75,4884.5,202.0,SYNTH-MES-A,1
2024-11-05 11:52:00+00:00,4884.5,4884.75,4884.25,4884.5,188.0,SYNTH-MES-A,1
2024-11-05 11:53:00+00:00,4884.5,4885.75,4884.5,4885.0,174.0,SYNTH-MES-A,1
2024-11-05 11:54:00+00:00,4885.0,4885.75,4882.0,4882.25,206.0,SYNTH-MES-A,1
2024-11-05 11:55:00+00:00,4882.25,4882.5,4880.75,4881.0,216.0,SYNTH-MES-A,1
2024-11-05 11:56:00+00:00,4881.0,4881.25,4879.75,4880.25,212.0,SYNTH-MES-A,1
2024-11-05 11:57:00+00:00,4880.25,4880.25,4879.5,4879.75,173.0,SYNTH-MES-A,1
2024-11-05 11:58:00+00:00,4879.75,4880.0,4878.75,4878.75,211.0,SYNTH-MES-A,1
2024-11-05 11:59:00+00:00,4878.75,4880.75,4878.0,4879.0,181.0,SYNTH-MES-A,1
2024-11-05 12:00:00+00:00,4879.0,4879.5,4878.75,4879.0,202.0,SYNTH-MES-A,1
2024-11-05 12:01:00+00:00,4879.0,4879.0,4878.25,4878.5,192.0,SYNTH-MES-A,1
2024-11-05 12:02:00+00:00,4878.5,4878.75,4877.75,4878.0,199.0,SYNTH-MES-A,1
2024-11-05 12:03:00+00:00,4878.0,4878.75,4877.75,4878.25,195.0,SYNTH-MES-A,1
2024-11-05 12:04:00+00:00,4878.25,4879.25,4878.0,4879.0,212.0,SYNTH-MES-A,1
2024-11-05 12:05:00+00:00,4879.0,4879.25,4878.25,4878.75,188.0,SYNTH-MES-A,1
2024-11-05 12:06:00+00:00,4878.75,4880.0,4878.75,4879.25,216.0,SYNTH-MES-A,1
2024-11-05 12:07:00+00:00,4879.25,4880.25,4879.0,4880.25,194.0,SYNTH-MES-A,1
2024-11-05 12:08:00+00:00,4880.25,4880.25,4880.0,4880.25,209.0,SYNTH-MES-A,1
2024-11-05 12:09:00+00:00,4880.25,4880.5,4880.25,4880.25,222.0,SYNTH-MES-A,1
2024-11-05 12:10:00+00:00,4880.25,4881.25,4880.0,4881.0,214.0,SYNTH-MES-A,1
2024-11-05 12:11:00+00:00,4881.0,4881.0,4880.0,4880.25,200.0,SYNTH-MES-A,1
2024-11-05 12:12:00+00:00,4880.25,4880.25,4878.25,4879.5,203.0,SYNTH-MES-A,1
2024-11-05 12:13:00+00:00,4879.5,4879.5,4878.25,4878.5,206.0,SYNTH-MES-A,1
2024-11-05 12:14:00+00:00,4878.5,4879.5,4878.0,4879.5,196.0,SYNTH-MES-A,1
2024-11-05 12:15:00+00:00,4879.5,4880.25,4879.25,4879.75,191.0,SYNTH-MES-A,1
2024-11-05 12:16:00+00:00,4879.75,4879.75,4879.5,4879.75,199.0,SYNTH-MES-A,1
2024-11-05 12:17:00+00:00,4879.75,4880.0,4879.0,4879.75,214.0,SYNTH-MES-A,1
2024-11-05 12:18:00+00:00,4879.75,4880.5,4879.25,4880.5,190.0,SYNTH-MES-A,1
2024-11-05 12:19:00+00:00,4880.5,4880.75,4879.25,4879.5,222.0,SYNTH-MES-A,1
2024-11-05 12:20:00+00:00,4879.5,4879.5,4878.5,4878.75,221.0,SYNTH-MES-A,1
2024-11-05 12:21:00+00:00,4878.75,4879.0,4878.0,4878.0,180.0,SYNTH-MES-A,1
2024-11-05 12:22:00+00:00,4878.0,4878.5,4878.0,4878.5,249.0,SYNTH-MES-A,1
2024-11-05 12:23:00+00:00,4878.5,4879.0,4878.5,4878.75,219.0,SYNTH-MES-A,1
2024-11-05 12:24:00+00:00,4878.75,4879.0,4878.0,4879.0,207.0,SYNTH-MES-A,1
2024-11-05 12:25:00+00:00,4879.0,4879.25,4878.75,4879.0,209.0,SYNTH-MES-A,1
2024-11-05 12:26:00+00:00,4879.0,4879.5,4878.75,4879.25,195.0,SYNTH-MES-A,1
2024-11-05 12:27:00+00:00,4879.25,4879.75,4878.75,4879.25,183.0,SYNTH-MES-A,1
2024-11-05 12:28:00+00:00,4879.25,4879.5,4878.25,4878.5,205.0,SYNTH-MES-A,1
2024-11-05 12:29:00+00:00,4878.5,4878.75,4877.0,4877.75,207.0,SYNTH-MES-A,1
2024-11-05 12:30:00+00:00,4877.75,4877.75,4877.0,4877.0,208.0,SYNTH-MES-A,1
2024-11-05 12:31:00+00:00,4877.0,4878.5,4877.0,4878.25,216.0,SYNTH-MES-A,1
2024-11-05 12:32:00+00:00,4878.25,4879.5,4878.0,4879.25,218.0,SYNTH-MES-A,1
2024-11-05 12:33:00+00:00,4879.25,4879.25,4879.0,4879.0,194.0,SYNTH-MES-A,1
2024-11-05 12:34:00+00:00,4879.0,4879.75,4879.0,4879.0,209.0,SYNTH-MES-A,1
2024-11-05 12:35:00+00:00,4879.0,4879.5,4878.25,4878.5,168.0,SYNTH-MES-A,1
2024-11-05 12:36:00+00:00,4878.5,4879.25,4878.5,4879.0,233.0,SYNTH-MES-A,1
2024-11-05 12:37:00+00:00,4879.0,4879.0,4878.0,4878.25,205.0,SYNTH-MES-A,1
2024-11-05 12:38:00+00:00,4878.25,4879.75,4878.25,4879.25,196.0,SYNTH-MES-A,1
2024-11-05 12:39:00+00:00,4879.25,4879.25,4878.25,4879.25,215.0,SYNTH-MES-A,1
2024-11-05 12:40:00+00:00,4879.25,4879.5,4879.25,4879.25,191.0,SYNTH-MES-A,1
2024-11-05 12:41:00+00:00,4879.25,4879.5,4879.0,4879.0,229.0,SYNTH-MES-A,1
2024-11-05 12:42:00+00:00,4879.0,4879.75,4878.5,4878.5,200.0,SYNTH-MES-A,1
2024-11-05 12:43:00+00:00,4878.5,4878.5,4877.75,4877.75,203.0,SYNTH-MES-A,1
2024-11-05 12:44:00+00:00,4877.75,4878.0,4876.5,4876.75,196.0,SYNTH-MES-A,1
2024-11-05 12:45:00+00:00,4876.75,4877.0,4876.75,4877.0,199.0,SYNTH-MES-A,1
2024-11-05 12:46:00+00:00,4877.0,4877.25,4876.5,4876.5,207.0,SYNTH-MES-A,1
2024-11-05 12:47:00+00:00,4876.5,4877.75,4876.25,4877.75,202.0,SYNTH-MES-A,1
2024-11-05 12:48:00+00:00,4877.75,4879.0,4877.5,4879.0,201.0,SYNTH-MES-A,1
2024-11-05 12:49:00+00:00,4879.0,4879.0,4877.75,4878.25,203.0,SYNTH-MES-A,1
2024-11-05 12:50:00+00:00,4878.25,4878.25,4877.75,4878.0,207.0,SYNTH-MES-A,1
2024-11-05 12:51:00+00:00,4878.0,4878.25,4877.0,4877.5,175.0,SYNTH-MES-A,1
2024-11-05 12:52:00+00:00,4877.5,4878.25,4877.25,4878.0,216.0,SYNTH-MES-A,1
2024-11-05 12:53:00+00:00,4878.0,4878.5,4877.75,4878.25,196.0,SYNTH-MES-A,1
2024-11-05 12:54:00+00:00,4878.25,4878.25,4878.25,4878.25,195.0,SYNTH-MES-A,1
2024-11-05 12:55:00+00:00,4878.25,4878.75,4878.25,4878.5,213.0,SYNTH-MES-A,1
2024-11-05 12:56:00+00:00,4878.5,4879.25,4877.5,4877.75,176.0,SYNTH-MES-A,1
2024-11-05 12:57:00+00:00,4877.75,4878.0,4877.0,4877.25,188.0,SYNTH-MES-A,1
2024-11-05 12:58:00+00:00,4877.25,4877.25,4875.75,4876.25,192.0,SYNTH-MES-A,1
2024-11-05 12:59:00+00:00,4876.25,4876.25,4875.5,4876.25,195.0,SYNTH-MES-A,1
2024-11-05 13:00:00+00:00,4876.25,4876.5,4875.5,4875.75,208.0,SYNTH-MES-A,1
2024-11-05 13:01:00+00:00,4875.75,4876.25,4875.75,4876.25,207.0,SYNTH-MES-A,1
2024-11-05 13:02:00+00:00,4876.25,4877.0,4875.25,4875.25,181.0,SYNTH-MES-A,1
2024-11-05 13:03:00+00:00,4875.25,4875.5,4875.0,4875.0,203.0,SYNTH-MES-A,1
2024-11-05 13:04:00+00:00,4875.0,4875.25,4874.25,4875.25,225.0,SYNTH-MES-A,1
2024-11-05 13:05:00+00:00,4875.25,4875.5,4874.25,4874.75,185.0,SYNTH-MES-A,1
2024-11-05 13:06:00+00:00,4874.75,4874.75,4873.25,4873.75,198.0,SYNTH-MES-A,1
2024-11-05 13:07:00+00:00,4873.75,4873.75,4872.75,4873.0,187.0,SYNTH-MES-A,1
2024-11-05 13:08:00+00:00,4873.0,4874.5,4872.75,4872.75,218.0,SYNTH-MES-A,1
2024-11-05 13:09:00+00:00,4872.75,4873.0,4871.25,4871.5,187.0,SYNTH-MES-A,1
2024-11-05 13:10:00+00:00,4871.5,4872.75,4871.25,4872.5,223.0,SYNTH-MES-A,1
2024-11-05 13:11:00+00:00,4872.5,4872.75,4872.25,4872.25,213.0,SYNTH-MES-A,1
2024-11-05 13:12:00+00:00,4872.25,4872.25,4872.25,4872.25,190.0,SYNTH-MES-A,1
2024-11-05 13:13:00+00:00,4872.25,4872.25,4871.75,4871.75,202.0,SYNTH-MES-A,1
2024-11-05 13:14:00+00:00,4871.75,4872.25,4870.75,4870.75,196.0,SYNTH-MES-A,1
2024-11-05 13:15:00+00:00,4870.75,4871.75,4870.75,4871.5,224.0,SYNTH-MES-A,1
2024-11-05 13:16:00+00:00,4871.5,4871.75,4870.0,4870.5,208.0,SYNTH-MES-A,1
2024-11-05 13:17:00+00:00,4870.5,4871.25,4870.0,4870.25,214.0,SYNTH-MES-A,1
2024-11-05 13:18:00+00:00,4870.25,4871.25,4870.0,4871.0,189.0,SYNTH-MES-A,1
2024-11-05 13:19:00+00:00,4871.0,4871.5,4871.0,4871.25,200.0,SYNTH-MES-A,1
2024-11-05 13:20:00+00:00,4871.25,4871.5,4870.75,4871.25,211.0,SYNTH-MES-A,1
2024-11-05 13:21:00+00:00,4871.25,4871.5,4871.0,4871.0,205.0,SYNTH-MES-A,1
2024-11-05 13:22:00+00:00,4871.0,4871.0,4869.75,4870.5,207.0,SYNTH-MES-A,1
2024-11-05 13:23:00+00:00,4870.5,4871.75,4870.25,4870.75,176.0,SYNTH-MES-A,1
2024-11-05 13:24:00+00:00,4870.75,4871.0,4870.0,4871.0,204.0,SYNTH-MES-A,1
2024-11-05 13:25:00+00:00,4871.0,4871.25,4869.75,4869.75,196.0,SYNTH-MES-A,1
2024-11-05 13:26:00+00:00,4869.75,4871.0,4869.5,4870.75,199.0,SYNTH-MES-A,1
2024-11-05 13:27:00+00:00,4870.75,4871.0,4869.75,4870.25,215.0,SYNTH-MES-A,1
2024-11-05 13:28:00+00:00,4870.25,4870.75,4870.0,4870.0,207.0,SYNTH-MES-A,1
2024-11-05 13:29:00+00:00,4870.0,4870.25,4869.25,4869.5,187.0,SYNTH-MES-A,1
2024-11-05 13:30:00+00:00,4869.5,4870.5,4868.75,4870.5,228.0,SYNTH-MES-A,1
2024-11-05 13:31:00+00:00,4870.5,4871.0,4870.25,4870.75,193.0,SYNTH-MES-A,1
2024-11-05 13:32:00+00:00,4870.75,4871.0,4869.75,4870.25,216.0,SYNTH-MES-A,1
2024-11-05 13:33:00+00:00,4870.25,4872.0,4869.5,4870.75,203.0,SYNTH-MES-A,1
2024-11-05 13:34:00+00:00,4870.75,4871.0,4870.25,4870.25,234.0,SYNTH-MES-A,1
2024-11-05 13:35:00+00:00,4870.25,4872.5,4870.25,4872.5,186.0,SYNTH-MES-A,1
2024-11-05 13:36:00+00:00,4872.5,4873.0,4872.5,4872.75,203.0,SYNTH-MES-A,1
2024-11-05 13:37:00+00:00,4872.75,4873.25,4872.75,4872.75,174.0,SYNTH-MES-A,1
2024-11-05 13:38:00+00:00,4872.75,4872.75,4870.75,4870.75,199.0,SYNTH-MES-A,1
2024-11-05 13:39:00+00:00,4870.75,4870.75,4870.0,4870.25,183.0,SYNTH-MES-A,1
2024-11-05 13:40:00+00:00,4870.25,4871.5,4870.0,4871.25,197.0,SYNTH-MES-A,1
2024-11-05 13:41:00+00:00,4871.25,4871.25,4871.0,4871.0,212.0,SYNTH-MES-A,1
2024-11-05 13:42:00+00:00,4871.0,4871.25,4870.5,4870.75,202.0,SYNTH-MES-A,1
2024-11-05 13:43:00+00:00,4870.75,4871.0,4870.0,4870.25,226.0,SYNTH-MES-A,1
2024-11-05 13:44:00+00:00,4870.25,4870.25,4868.75,4869.25,209.0,SYNTH-MES-A,1
2024-11-05 13:45:00+00:00,4869.25,4871.0,4869.25,4870.75,193.0,SYNTH-MES-A,1
2024-11-05 13:46:00+00:00,4870.75,4872.25,4870.0,4872.0,181.0,SYNTH-MES-A,1
2024-11-05 13:47:00+00:00,4872.0,4872.5,4871.75,4872.0,189.0,SYNTH-MES-A,1
2024-11-05 13:48:00+00:00,4872.0,4872.25,4871.5,4871.75,221.0,SYNTH-MES-A,1
2024-11-05 13:49:00+00:00,4871.75,4872.25,4871.5,4872.0,214.0,SYNTH-MES-A,1
2024-11-05 13:50:00+00:00,4872.0,4872.5,4870.75,4870.75,201.0,SYNTH-MES-A,1
2024-11-05 13:51:00+00:00,4870.75,4871.75,4870.25,4871.25,189.0,SYNTH-MES-A,1
2024-11-05 13:52:00+00:00,4871.25,4872.0,4871.25,4872.0,203.0,SYNTH-MES-A,1
2024-11-05 13:53:00+00:00,4872.0,4872.0,4871.25,4871.25,203.0,SYNTH-MES-A,1
2024-11-05 13:54:00+00:00,4871.25,4874.25,4871.0,4873.75,196.0,SYNTH-MES-A,1
2024-11-05 13:55:00+00:00,4873.75,4874.0,4872.5,4872.75,217.0,SYNTH-MES-A,1
2024-11-05 13:56:00+00:00,4872.75,4873.5,4872.75,4872.75,184.0,SYNTH-MES-A,1
2024-11-05 13:57:00+00:00,4872.75,4873.5,4872.5,4872.75,174.0,SYNTH-MES-A,1
2024-11-05 13:58:00+00:00,4872.75,4872.75,4872.0,4872.25,201.0,SYNTH-MES-A,1
2024-11-05 13:59:00+00:00,4872.25,4872.75,4871.5,4871.75,227.0,SYNTH-MES-A,1
2024-11-05 14:00:00+00:00,4871.75,4872.5,4871.75,4872.5,195.0,SYNTH-MES-A,1
2024-11-05 14:01:00+00:00,4872.5,4872.75,4872.25,4872.75,198.0,SYNTH-MES-A,1
2024-11-05 14:02:00+00:00,4872.75,4873.25,4871.0,4871.25,163.0,SYNTH-MES-A,1
2024-11-05 14:03:00+00:00,4871.25,4871.5,4870.25,4870.5,203.0,SYNTH-MES-A,1
2024-11-05 14:04:00+00:00,4870.5,4870.75,4870.5,4870.5,186.0,SYNTH-MES-A,1
2024-11-05 14:05:00+00:00,4870.5,4870.75,4869.75,4870.75,211.0,SYNTH-MES-A,1
2024-11-05 14:06:00+00:00,4870.75,4871.0,4869.75,4870.0,181.0,SYNTH-MES-A,1
2024-11-05 14:07:00+00:00,4870.0,4870.0,4869.25,4869.75,192.0,SYNTH-MES-A,1
2024-11-05 14:08:00+00:00,4869.75,4871.25,4869.75,4871.25,191.0,SYNTH-MES-A,1
2024-11-05 14:09:00+00:00,4871.25,4871.75,4868.25,4868.25,222.0,SYNTH-MES-A,1
2024-11-05 14:10:00+00:00,4868.25,4868.5,4868.0,4868.25,198.0,SYNTH-MES-A,1
2024-11-05 14:11:00+00:00,4868.25,4869.75,4868.25,4869.25,199.0,SYNTH-MES-A,1
2024-11-05 14:12:00+00:00,4869.25,4869.75,4868.75,4869.5,168.0,SYNTH-MES-A,1
2024-11-05 14:13:00+00:00,4869.5,4869.5,4868.75,4868.75,184.0,SYNTH-MES-A,1
2024-11-05 14:14:00+00:00,4868.75,4869.0,4868.0,4868.5,198.0,SYNTH-MES-A,1
2024-11-05 14:15:00+00:00,4868.5,4868.5,4868.25,4868.25,208.0,SYNTH-MES-A,1
2024-11-05 14:16:00+00:00,4868.25,4869.25,4868.25,4868.75,213.0,SYNTH-MES-A,1
2024-11-05 14:17:00+00:00,4868.75,4869.25,4867.0,4867.5,209.0,SYNTH-MES-A,1
2024-11-05 14:18:00+00:00,4867.5,4867.75,4867.5,4867.5,196.0,SYNTH-MES-A,1
2024-11-05 14:19:00+00:00,4867.5,4867.75,4867.0,4867.25,215.0,SYNTH-MES-A,1
2024-11-05 14:20:00+00:00,4867.25,4868.25,4866.5,4868.0,208.0,SYNTH-MES-A,1
2024-11-05 14:21:00+00:00,4868.0,4868.0,4867.5,4867.5,202.0,SYNTH-MES-A,1
2024-11-05 14:22:00+00:00,4867.5,4867.75,4866.75,4867.5,202.0,SYNTH-MES-A,1
2024-11-05 14:23:00+00:00,4867.5,4867.5,4865.75,4866.0,200.0,SYNTH-MES-A,1
2024-11-05 14:24:00+00:00,4866.0,4866.5,4866.0,4866.5,205.0,SYNTH-MES-A,1
2024-11-05 14:25:00+00:00,4866.5,4867.0,4866.25,4867.0,229.0,SYNTH-MES-A,1
2024-11-05 14:26:00+00:00,4867.0,4868.25,4866.75,4868.0,201.0,SYNTH-MES-A,1
2024-11-05 14:27:00+00:00,4868.0,4868.25,4867.25,4867.5,185.0,SYNTH-MES-A,1
2024-11-05 14:28:00+00:00,4867.5,4868.75,4867.25,4868.0,213.0,SYNTH-MES-A,1
2024-11-05 14:29:00+00:00,4868.0,4868.0,4867.25,4868.0,217.0,SYNTH-MES-A,1
2024-11-05 14:30:00+00:00,4868.0,4868.0,4866.5,4866.75,893.0,SYNTH-MES-A,1
2024-11-05 14:31:00+00:00,4866.75,4866.75,4864.0,4864.5,919.0,SYNTH-MES-A,1
2024-11-05 14:32:00+00:00,4864.5,4864.5,4861.5,4862.5,898.0,SYNTH-MES-A,1
2024-11-05 14:33:00+00:00,4862.5,4863.0,4861.0,4861.5,857.0,SYNTH-MES-A,1
2024-11-05 14:34:00+00:00,4861.5,4862.75,4861.5,4862.5,875.0,SYNTH-MES-A,1
2024-11-05 14:35:00+00:00,4862.5,4863.25,4862.0,4863.25,899.0,SYNTH-MES-A,1
2024-11-05 14:36:00+00:00,4863.25,4864.0,4862.25,4862.5,878.0,SYNTH-MES-A,1
2024-11-05 14:37:00+00:00,4862.5,4863.0,4862.0,4862.5,824.0,SYNTH-MES-A,1
2024-11-05 14:38:00+00:00,4862.5,4863.25,4862.5,4863.0,833.0,SYNTH-MES-A,1
2024-11-05 14:39:00+00:00,4863.0,4865.25,4861.75,4863.75,852.0,SYNTH-MES-A,1
2024-11-05 14:40:00+00:00,4863.75,4864.0,4861.5,4862.0,917.0,SYNTH-MES-A,1
2024-11-05 14:41:00+00:00,4862.0,4862.25,4859.0,4859.75,912.0,SYNTH-MES-A,1
2024-11-05 14:42:00+00:00,4859.75,4860.0,4857.5,4858.25,897.0,SYNTH-MES-A,1
2024-11-05 14:43:00+00:00,4858.25,4859.0,4856.5,4856.75,941.0,SYNTH-MES-A,1
2024-11-05 14:44:00+00:00,4856.75,4859.75,4856.75,4858.75,916.0,SYNTH-MES-A,1
2024-11-05 14:45:00+00:00,4858.75,4859.25,4855.5,4855.75,856.0,SYNTH-MES-A,1
2024-11-05 14:46:00+00:00,4855.75,4856.75,4852.0,4852.75,894.0,SYNTH-MES-A,1
2024-11-05 14:47:00+00:00,4852.75,4854.25,4852.75,4854.0,905.0,SYNTH-MES-A,1
2024-11-05 14:48:00+00:00,4854.0,4856.0,4853.25,4855.25,899.0,SYNTH-MES-A,1
2024-11-05 14:49:00+00:00,4855.25,4856.0,4855.25,4855.75,943.0,SYNTH-MES-A,1
2024-11-05 14:50:00+00:00,4855.75,4856.0,4854.25,4854.5,830.0,SYNTH-MES-A,1
2024-11-05 14:51:00+00:00,4854.5,4856.0,4853.75,4854.0,897.0,SYNTH-MES-A,1
2024-11-05 14:52:00+00:00,4854.0,4854.0,4853.0,4853.25,861.0,SYNTH-MES-A,1
2024-11-05 14:53:00+00:00,4853.25,4853.25,4851.5,4852.0,915.0,SYNTH-MES-A,1
2024-11-05 14:54:00+00:00,4852.0,4852.5,4852.0,4852.25,895.0,SYNTH-MES-A,1
2024-11-05 14:55:00+00:00,4852.25,4852.5,4849.5,4850.25,888.0,SYNTH-MES-A,1
2024-11-05 14:56:00+00:00,4850.25,4850.75,4850.0,4850.75,908.0,SYNTH-MES-A,1
2024-11-05 14:57:00+00:00,4850.75,4852.5,4849.5,4852.0,916.0,SYNTH-MES-A,1
2024-11-05 14:58:00+00:00,4852.0,4853.0,4849.75,4850.5,949.0,SYNTH-MES-A,1
2024-11-05 14:59:00+00:00,4850.5,4850.75,4849.75,4850.5,909.0,SYNTH-MES-A,1
2024-11-05 15:00:00+00:00,4850.5,4850.75,4849.5,4850.25,860.0,SYNTH-MES-A,1
2024-11-05 15:01:00+00:00,4850.25,4851.25,4847.75,4848.5,914.0,SYNTH-MES-A,1
2024-11-05 15:02:00+00:00,4848.5,4849.5,4847.5,4847.75,957.0,SYNTH-MES-A,1
2024-11-05 15:03:00+00:00,4847.75,4848.0,4845.5,4845.5,882.0,SYNTH-MES-A,1
2024-11-05 15:04:00+00:00,4845.5,4847.0,4844.0,4844.75,867.0,SYNTH-MES-A,1
2024-11-05 15:05:00+00:00,4844.75,4844.75,4843.5,4844.0,991.0,SYNTH-MES-A,1
2024-11-05 15:06:00+00:00,4844.0,4845.25,4843.0,4845.0,885.0,SYNTH-MES-A,1
2024-11-05 15:07:00+00:00,4845.0,4846.75,4843.75,4846.5,877.0,SYNTH-MES-A,1
2024-11-05 15:08:00+00:00,4846.5,4849.5,4846.25,4848.75,871.0,SYNTH-MES-A,1
2024-11-05 15:09:00+00:00,4848.75,4849.5,4848.5,4849.5,919.0,SYNTH-MES-A,1
2024-11-05 15:10:00+00:00,4849.5,4849.5,4849.5,4849.5,872.0,SYNTH-MES-A,1
2024-11-05 15:11:00+00:00,4849.5,4849.75,4849.0,4849.5,903.0,SYNTH-MES-A,1
2024-11-05 15:12:00+00:00,4849.5,4849.75,4847.0,4849.0,919.0,SYNTH-MES-A,1
2024-11-05 15:13:00+00:00,4849.0,4851.25,4848.75,4851.25,905.0,SYNTH-MES-A,1
2024-11-05 15:14:00+00:00,4851.25,4851.75,4849.0,4849.0,995.0,SYNTH-MES-A,1
2024-11-05 15:15:00+00:00,4849.0,4849.75,4848.75,4849.5,898.0,SYNTH-MES-A,1
2024-11-05 15:16:00+00:00,4849.5,4849.75,4847.5,4849.0,911.0,SYNTH-MES-A,1
2024-11-05 15:17:00+00:00,4849.0,4849.75,4849.0,4849.5,895.0,SYNTH-MES-A,1
2024-11-05 15:18:00+00:00,4849.5,4849.75,4848.75,4849.0,892.0,SYNTH-MES-A,1
2024-11-05 15:19:00+00:00,4849.0,4852.25,4848.0,4850.0,941.0,SYNTH-MES-A,1
2024-11-05 15:20:00+00:00,4850.0,4850.75,4849.0,4850.5,877.0,SYNTH-MES-A,1
2024-11-05 15:21:00+00:00,4850.5,4852.25,4848.5,4851.0,850.0,SYNTH-MES-A,1
2024-11-05 15:22:00+00:00,4851.0,4853.0,4850.5,4851.0,895.0,SYNTH-MES-A,1
2024-11-05 15:23:00+00:00,4851.0,4851.5,4848.75,4849.25,905.0,SYNTH-MES-A,1
2024-11-05 15:24:00+00:00,4849.25,4851.75,4848.75,4851.0,904.0,SYNTH-MES-A,1
2024-11-05 15:25:00+00:00,4851.0,4851.5,4849.75,4851.25,922.0,SYNTH-MES-A,1
2024-11-05 15:26:00+00:00,4851.25,4851.25,4850.75,4851.25,927.0,SYNTH-MES-A,1
2024-11-05 15:27:00+00:00,4851.25,4852.0,4851.0,4851.75,860.0,SYNTH-MES-A,1
2024-11-05 15:28:00+00:00,4851.75,4852.75,4849.5,4849.75,921.0,SYNTH-MES-A,1
2024-11-05 15:29:00+00:00,4849.75,4851.5,4848.75,4849.25,900.0,SYNTH-MES-A,1
2024-11-05 15:30:00+00:00,4849.25,4852.25,4849.0,4850.25,896.0,SYNTH-MES-A,1
2024-11-05 15:31:00+00:00,4850.25,4852.5,4849.75,4851.5,890.0,SYNTH-MES-A,1
2024-11-05 15:32:00+00:00,4851.5,4851.75,4847.25,4848.0,905.0,SYNTH-MES-A,1
2024-11-05 15:33:00+00:00,4848.0,4849.75,4847.75,4849.0,927.0,SYNTH-MES-A,1
2024-11-05 15:34:00+00:00,4849.0,4850.25,4848.25,4849.75,886.0,SYNTH-MES-A,1
2024-11-05 15:35:00+00:00,4849.75,4849.75,4849.5,4849.5,898.0,SYNTH-MES-A,1
2024-11-05 15:36:00+00:00,4849.5,4849.75,4848.5,4849.75,882.0,SYNTH-MES-A,1
2024-11-05 15:37:00+00:00,4849.75,4849.75,4849.5,4849.75,911.0,SYNTH-MES-A,1
2024-11-05 15:38:00+00:00,4849.75,4850.5,4847.75,4848.0,903.0,SYNTH-MES-A,1
2024-11-05 15:39:00+00:00,4848.0,4849.0,4848.0,4848.75,902.0,SYNTH-MES-A,1
2024-11-05 15:40:00+00:00,4848.75,4849.0,4846.5,4847.25,941.0,SYNTH-MES-A,1
2024-11-05 15:41:00+00:00,4847.25,4848.5,4846.0,4846.0,943.0,SYNTH-MES-A,1
2024-11-05 15:42:00+00:00,4846.0,4846.25,4844.25,4845.75,914.0,SYNTH-MES-A,1
2024-11-05 15:43:00+00:00,4845.75,4846.0,4843.5,4844.75,870.0,SYNTH-MES-A,1
2024-11-05 15:44:00+00:00,4844.75,4845.25,4843.75,4845.0,886.0,SYNTH-MES-A,1
2024-11-05 15:45:00+00:00,4845.0,4845.5,4844.5,4845.25,867.0,SYNTH-MES-A,1
2024-11-05 15:46:00+00:00,4845.25,4847.25,4844.75,4845.25,903.0,SYNTH-MES-A,1
2024-11-05 15:47:00+00:00,4845.25,4846.5,4844.25,4844.25,913.0,SYNTH-MES-A,1
2024-11-05 15:48:00+00:00,4844.25,4845.25,4844.25,4845.25,938.0,SYNTH-MES-A,1
2024-11-05 15:49:00+00:00,4845.25,4845.5,4845.0,4845.5,837.0,SYNTH-MES-A,1
2024-11-05 15:50:00+00:00,4845.5,4846.75,4845.25,4846.5,919.0,SYNTH-MES-A,1
2024-11-05 15:51:00+00:00,4846.5,4847.75,4846.5,4847.5,893.0,SYNTH-MES-A,1
2024-11-05 15:52:00+00:00,4847.5,4848.25,4846.5,4846.75,874.0,SYNTH-MES-A,1
2024-11-05 15:53:00+00:00,4846.75,4848.0,4846.5,4847.5,845.0,SYNTH-MES-A,1
2024-11-05 15:54:00+00:00,4847.5,4850.25,4846.75,4849.5,884.0,SYNTH-MES-A,1
2024-11-05 15:55:00+00:00,4849.5,4850.0,4847.5,4847.75,909.0,SYNTH-MES-A,1
2024-11-05 15:56:00+00:00,4847.75,4848.0,4847.25,4847.75,877.0,SYNTH-MES-A,1
2024-11-05 15:57:00+00:00,4847.75,4850.5,4847.25,4850.0,921.0,SYNTH-MES-A,1
2024-11-05 15:58:00+00:00,4850.0,4851.0,4849.75,4850.75,887.0,SYNTH-MES-A,1
2024-11-05 15:59:00+00:00,4850.75,4850.75,4848.75,4850.0,929.0,SYNTH-MES-A,1
2024-11-05 16:00:00+00:00,4850.0,4850.25,4848.0,4848.0,944.0,SYNTH-MES-A,1
2024-11-05 16:01:00+00:00,4848.0,4848.0,4847.0,4847.25,901.0,SYNTH-MES-A,1
2024-11-05 16:02:00+00:00,4847.25,4848.25,4845.25,4847.75,899.0,SYNTH-MES-A,1
2024-11-05 16:03:00+00:00,4847.75,4847.75,4845.25,4847.25,891.0,SYNTH-MES-A,1
2024-11-05 16:04:00+00:00,4847.25,4847.5,4844.0,4846.75,901.0,SYNTH-MES-A,1
2024-11-05 16:05:00+00:00,4846.75,4847.0,4844.75,4845.25,959.0,SYNTH-MES-A,1
2024-11-05 16:06:00+00:00,4845.25,4848.5,4845.0,4847.5,949.0,SYNTH-MES-A,1
2024-11-05 16:07:00+00:00,4847.5,4849.25,4847.0,4848.75,870.0,SYNTH-MES-A,1
2024-11-05 16:08:00+00:00,4848.75,4849.0,4847.5,4847.5,895.0,SYNTH-MES-A,1
2024-11-05 16:09:00+00:00,4847.5,4849.0,4846.25,4847.25,903.0,SYNTH-MES-A,1
2024-11-05 16:10:00+00:00,4847.25,4848.75,4847.0,4847.0,877.0,SYNTH-MES-A,1
2024-11-05 16:11:00+00:00,4847.0,4847.75,4847.0,4847.25,850.0,SYNTH-MES-A,1
2024-11-05 16:12:00+00:00,4847.25,4847.5,4844.0,4845.5,882.0,SYNTH-MES-A,1
2024-11-05 16:13:00+00:00,4845.5,4847.0,4845.25,4847.0,905.0,SYNTH-MES-A,1
2024-11-05 16:14:00+00:00,4847.0,4850.5,4847.0,4850.25,940.0,SYNTH-MES-A,1
2024-11-05 16:15:00+00:00,4850.25,4851.5,4850.25,4850.25,943.0,SYNTH-MES-A,1
2024-11-05 16:16:00+00:00,4850.25,4850.75,4847.75,4848.25,870.0,SYNTH-MES-A,1
2024-11-05 16:17:00+00:00,4848.25,4848.75,4845.0,4845.0,872.0,SYNTH-MES-A,1
2024-11-05 16:18:00+00:00,4845.0,4847.5,4843.75,4847.25,921.0,SYNTH-MES-A,1
2024-11-05 16:19:00+00:00,4847.25,4848.25,4845.75,4846.0,920.0,SYNTH-MES-A,1
2024-11-05 16:20:00+00:00,4846.0,4848.5,4845.25,4846.75,895.0,SYNTH-MES-A,1
2024-11-05 16:21:00+00:00,4846.75,4847.5,4844.75,4845.25,879.0,SYNTH-MES-A,1
2024-11-05 16:22:00+00:00,4845.25,4845.5,4844.5,4845.5,934.0,SYNTH-MES-A,1
2024-11-05 16:23:00+00:00,4845.5,4845.5,4845.0,4845.0,943.0,SYNTH-MES-A,1
2024-11-05 16:24:00+00:00,4845.0,4845.25,4843.5,4843.75,906.0,SYNTH-MES-A,1
2024-11-05 16:25:00+00:00,4843.75,4844.0,4841.75,4842.5,850.0,SYNTH-MES-A,1
2024-11-05 16:26:00+00:00,4842.5,4844.0,4841.75,4843.75,870.0,SYNTH-MES-A,1
2024-11-05 16:27:00+00:00,4843.75,4846.25,4843.0,4843.0,896.0,SYNTH-MES-A,1
2024-11-05 16:28:00+00:00,4843.0,4844.0,4841.5,4842.0,945.0,SYNTH-MES-A,1
2024-11-05 16:29:00+00:00,4842.0,4842.25,4841.25,4842.0,886.0,SYNTH-MES-A,1
2024-11-05 16:30:00+00:00,4842.0,4842.0,4841.5,4841.75,882.0,SYNTH-MES-A,1
2024-11-05 16:31:00+00:00,4841.75,4842.0,4841.5,4842.0,883.0,SYNTH-MES-A,1
2024-11-05 16:32:00+00:00,4842.0,4842.75,4841.75,4842.5,888.0,SYNTH-MES-A,1
2024-11-05 16:33:00+00:00,4842.5,4843.75,4841.5,4841.75,849.0,SYNTH-MES-A,1
2024-11-05 16:34:00+00:00,4841.75,4842.25,4841.25,4842.0,895.0,SYNTH-MES-A,1
2024-11-05 16:35:00+00:00,4842.0,4844.5,4841.25,4843.0,909.0,SYNTH-MES-A,1
2024-11-05 16:36:00+00:00,4843.0,4845.5,4842.5,4845.25,904.0,SYNTH-MES-A,1
2024-11-05 16:37:00+00:00,4845.25,4848.25,4845.0,4847.75,947.0,SYNTH-MES-A,1
2024-11-05 16:38:00+00:00,4847.75,4849.0,4846.5,4848.75,895.0,SYNTH-MES-A,1
2024-11-05 16:39:00+00:00,4848.75,4849.0,4848.5,4849.0,935.0,SYNTH-MES-A,1
2024-11-05 16:40:00+00:00,4849.0,4850.25,4848.0,4850.25,937.0,SYNTH-MES-A,1
2024-11-05 16:41:00+00:00,4850.25,4851.5,4849.25,4849.5,913.0,SYNTH-MES-A,1
2024-11-05 16:42:00+00:00,4849.5,4850.75,4849.25,4849.75,905.0,SYNTH-MES-A,1
2024-11-05 16:43:00+00:00,4849.75,4851.5,4849.5,4851.0,880.0,SYNTH-MES-A,1
2024-11-05 16:44:00+00:00,4851.0,4851.5,4850.5,4850.5,861.0,SYNTH-MES-A,1
2024-11-05 16:45:00+00:00,4850.5,4852.5,4850.25,4852.5,840.0,SYNTH-MES-A,1
2024-11-05 16:46:00+00:00,4852.5,4854.0,4852.0,4853.5,950.0,SYNTH-MES-A,1
2024-11-05 16:47:00+00:00,4853.5,4854.0,4852.0,4852.0,873.0,SYNTH-MES-A,1
2024-11-05 16:48:00+00:00,4852.0,4852.25,4848.0,4850.25,903.0,SYNTH-MES-A,1
2024-11-05 16:49:00+00:00,4850.25,4851.5,4847.75,4851.5,923.0,SYNTH-MES-A,1
2024-11-05 16:50:00+00:00,4851.5,4852.75,4851.25,4851.5,961.0,SYNTH-MES-A,1
2024-11-05 16:51:00+00:00,4851.5,4853.75,4851.0,4853.25,905.0,SYNTH-MES-A,1
2024-11-05 16:52:00+00:00,4853.25,4854.25,4850.25,4852.0,908.0,SYNTH-MES-A,1
2024-11-05 16:53:00+00:00,4852.0,4852.25,4851.75,4851.75,924.0,SYNTH-MES-A,1
2024-11-05 16:54:00+00:00,4851.75,4853.25,4851.5,4852.25,887.0,SYNTH-MES-A,1
2024-11-05 16:55:00+00:00,4852.25,4852.25,4850.5,4850.75,899.0,SYNTH-MES-A,1
2024-11-05 16:56:00+00:00,4850.75,4851.5,4849.25,4849.75,898.0,SYNTH-MES-A,1
2024-11-05 16:57:00+00:00,4849.75,4850.5,4849.0,4850.5,876.0,SYNTH-MES-A,1
2024-11-05 16:58:00+00:00,4850.5,4853.0,4850.25,4851.0,872.0,SYNTH-MES-A,1
2024-11-05 16:59:00+00:00,4851.0,4851.25,4846.0,4846.25,880.0,SYNTH-MES-A,1
2024-11-05 17:00:00+00:00,4846.25,4846.5,4845.5,4845.75,902.0,SYNTH-MES-A,1
2024-11-05 17:01:00+00:00,4845.75,4847.5,4845.25,4845.5,815.0,SYNTH-MES-A,1
2024-11-05 17:02:00+00:00,4845.5,4848.5,4845.25,4847.25,917.0,SYNTH-MES-A,1
2024-11-05 17:03:00+00:00,4847.25,4847.5,4844.75,4846.0,893.0,SYNTH-MES-A,1
2024-11-05 17:04:00+00:00,4846.0,4847.25,4845.5,4846.75,921.0,SYNTH-MES-A,1
2024-11-05 17:05:00+00:00,4846.75,4848.0,4846.0,4847.5,915.0,SYNTH-MES-A,1
2024-11-05 17:06:00+00:00,4847.5,4847.75,4844.5,4844.75,925.0,SYNTH-MES-A,1
2024-11-05 17:07:00+00:00,4844.75,4844.75,4842.0,4842.25,926.0,SYNTH-MES-A,1
2024-11-05 17:08:00+00:00,4842.25,4843.5,4842.25,4843.25,892.0,SYNTH-MES-A,1
2024-11-05 17:09:00+00:00,4843.25,4847.25,4843.0,4846.25,921.0,SYNTH-MES-A,1
2024-11-05 17:10:00+00:00,4846.25,4848.25,4846.25,4847.25,925.0,SYNTH-MES-A,1
2024-11-05 17:11:00+00:00,4847.25,4849.25,4847.0,4848.75,835.0,SYNTH-MES-A,1
2024-11-05 17:12:00+00:00,4848.75,4850.0,4847.75,4850.0,861.0,SYNTH-MES-A,1
2024-11-05 17:13:00+00:00,4850.0,4851.0,4849.0,4850.0,892.0,SYNTH-MES-A,1
2024-11-05 17:14:00+00:00,4850.0,4850.0,4849.0,4849.5,886.0,SYNTH-MES-A,1
2024-11-05 17:15:00+00:00,4849.5,4849.5,4848.75,4849.25,882.0,SYNTH-MES-A,1
2024-11-05 17:16:00+00:00,4849.25,4849.5,4848.75,4849.25,930.0,SYNTH-MES-A,1
2024-11-05 17:17:00+00:00,4849.25,4850.0,4848.25,4848.5,937.0,SYNTH-MES-A,1
2024-11-05 17:18:00+00:00,4848.5,4850.5,4847.25,4850.0,926.0,SYNTH-MES-A,1
2024-11-05 17:19:00+00:00,4850.0,4852.25,4849.75,4852.25,856.0,SYNTH-MES-A,1
2024-11-05 17:20:00+00:00,4852.25,4853.5,4851.75,4852.75,918.0,SYNTH-MES-A,1
2024-11-05 17:21:00+00:00,4852.75,4853.0,4850.5,4852.25,894.0,SYNTH-MES-A,1
2024-11-05 17:22:00+00:00,4852.25,4852.75,4850.75,4851.25,898.0,SYNTH-MES-A,1
2024-11-05 17:23:00+00:00,4851.25,4851.5,4850.75,4850.75,925.0,SYNTH-MES-A,1
2024-11-05 17:24:00+00:00,4850.75,4851.25,4849.0,4850.25,915.0,SYNTH-MES-A,1
2024-11-05 17:25:00+00:00,4850.25,4851.0,4849.75,4851.0,939.0,SYNTH-MES-A,1
2024-11-05 17:26:00+00:00,4851.0,4852.5,4850.25,4850.5,935.0,SYNTH-MES-A,1
2024-11-05 17:27:00+00:00,4850.5,4850.5,4849.75,4850.25,928.0,SYNTH-MES-A,1
2024-11-05 17:28:00+00:00,4850.25,4852.0,4850.25,4851.25,932.0,SYNTH-MES-A,1
2024-11-05 17:29:00+00:00,4851.25,4853.0,4851.25,4852.25,893.0,SYNTH-MES-A,1
2024-11-05 17:30:00+00:00,4852.25,4852.75,4852.0,4852.5,873.0,SYNTH-MES-A,1
2024-11-05 17:31:00+00:00,4852.5,4853.75,4852.5,4853.75,915.0,SYNTH-MES-A,1
2024-11-05 17:32:00+00:00,4853.75,4854.0,4851.25,4852.0,859.0,SYNTH-MES-A,1
2024-11-05 17:33:00+00:00,4852.0,4853.0,4850.75,4852.5,901.0,SYNTH-MES-A,1
2024-11-05 17:34:00+00:00,4852.5,4854.75,4852.5,4854.75,944.0,SYNTH-MES-A,1
2024-11-05 17:35:00+00:00,4854.75,4856.5,4854.25,4854.25,909.0,SYNTH-MES-A,1
2024-11-05 17:36:00+00:00,4854.25,4855.5,4853.5,4853.75,881.0,SYNTH-MES-A,1
2024-11-05 17:37:00+00:00,4853.75,4855.0,4853.0,4854.75,915.0,SYNTH-MES-A,1
2024-11-05 17:38:00+00:00,4854.75,4855.5,4854.75,4855.25,874.0,SYNTH-MES-A,1
2024-11-05 17:39:00+00:00,4855.25,4855.75,4852.25,4852.5,879.0,SYNTH-MES-A,1
2024-11-05 17:40:00+00:00,4852.5,4853.0,4850.0,4850.75,888.0,SYNTH-MES-A,1
2024-11-05 17:41:00+00:00,4850.75,4851.0,4848.75,4849.25,907.0,SYNTH-MES-A,1
2024-11-05 17:42:00+00:00,4849.25,4849.25,4846.75,4848.5,893.0,SYNTH-MES-A,1
2024-11-05 17:43:00+00:00,4848.5,4849.25,4848.0,4848.75,924.0,SYNTH-MES-A,1
2024-11-05 17:44:00+00:00,4848.75,4849.25,4848.0,4848.25,856.0,SYNTH-MES-A,1
2024-11-05 17:45:00+00:00,4848.25,4849.0,4847.25,4848.5,872.0,SYNTH-MES-A,1
2024-11-05 17:46:00+00:00,4848.5,4851.25,4848.25,4850.0,928.0,SYNTH-MES-A,1
2024-11-05 17:47:00+00:00,4850.0,4851.0,4849.75,4850.5,914.0,SYNTH-MES-A,1
2024-11-05 17:48:00+00:00,4850.5,4850.5,4849.0,4849.5,907.0,SYNTH-MES-A,1
2024-11-05 17:49:00+00:00,4849.5,4851.25,4849.25,4850.25,898.0,SYNTH-MES-A,1
2024-11-05 17:50:00+00:00,4850.25,4850.25,4848.75,4848.75,914.0,SYNTH-MES-A,1
2024-11-05 17:51:00+00:00,4848.75,4849.25,4846.75,4846.75,897.0,SYNTH-MES-A,1
2024-11-05 17:52:00+00:00,4846.75,4847.25,4846.25,4847.0,922.0,SYNTH-MES-A,1
2024-11-05 17:53:00+00:00,4847.0,4848.0,4843.5,4847.75,869.0,SYNTH-MES-A,1
2024-11-05 17:54:00+00:00,4847.75,4848.25,4847.75,4848.25,870.0,SYNTH-MES-A,1
2024-11-05 17:55:00+00:00,4848.25,4849.75,4847.25,4849.75,942.0,SYNTH-MES-A,1
2024-11-05 17:56:00+00:00,4849.75,4851.0,4847.75,4849.0,917.0,SYNTH-MES-A,1
2024-11-05 17:57:00+00:00,4849.0,4850.25,4847.75,4847.75,921.0,SYNTH-MES-A,1
2024-11-05 17:58:00+00:00,4847.75,4849.25,4847.25,4849.25,848.0,SYNTH-MES-A,1
2024-11-05 17:59:00+00:00,4849.25,4849.5,4847.75,4848.0,918.0,SYNTH-MES-A,1
2024-11-05 18:00:00+00:00,4848.0,4848.0,4845.25,4845.75,910.0,SYNTH-MES-A,1
2024-11-05 18:01:00+00:00,4845.75,4847.0,4845.5,4846.0,905.0,SYNTH-MES-A,1
2024-11-05 18:02:00+00:00,4846.0,4846.5,4845.75,4846.0,901.0,SYNTH-MES-A,1
2024-11-05 18:03:00+00:00,4846.0,4849.0,4846.0,4848.75,895.0,SYNTH-MES-A,1
2024-11-05 18:04:00+00:00,4848.75,4849.75,4848.5,4849.25,869.0,SYNTH-MES-A,1
2024-11-05 18:05:00+00:00,4849.25,4849.25,4848.5,4848.5,924.0,SYNTH-MES-A,1
2024-11-05 18:06:00+00:00,4848.5,4850.5,4847.75,4850.0,887.0,SYNTH-MES-A,1
2024-11-05 18:07:00+00:00,4850.0,4851.25,4847.5,4849.0,950.0,SYNTH-MES-A,1
2024-11-05 18:08:00+00:00,4849.0,4850.0,4848.75,4849.5,840.0,SYNTH-MES-A,1
2024-11-05 18:09:00+00:00,4849.5,4850.0,4846.5,4847.0,942.0,SYNTH-MES-A,1
2024-11-05 18:10:00+00:00,4847.0,4848.5,4844.5,4845.5,869.0,SYNTH-MES-A,1
2024-11-05 18:11:00+00:00,4845.5,4845.75,4842.25,4843.75,873.0,SYNTH-MES-A,1
2024-11-05 18:12:00+00:00,4843.75,4845.75,4842.75,4845.0,919.0,SYNTH-MES-A,1
2024-11-05 18:13:00+00:00,4845.0,4846.25,4842.25,4844.25,906.0,SYNTH-MES-A,1
2024-11-05 18:14:00+00:00,4844.25,4844.75,4842.5,4843.75,906.0,SYNTH-MES-A,1
2024-11-05 18:15:00+00:00,4843.75,4844.5,4843.25,4843.75,910.0,SYNTH-MES-A,1
2024-11-05 18:16:00+00:00,4843.75,4843.75,4842.0,4842.0,885.0,SYNTH-MES-A,1
2024-11-05 18:17:00+00:00,4842.0,4844.0,4841.75,4843.5,885.0,SYNTH-MES-A,1
2024-11-05 18:18:00+00:00,4843.5,4844.75,4843.0,4844.75,927.0,SYNTH-MES-A,1
2024-11-05 18:19:00+00:00,4844.75,4847.75,4844.5,4847.25,936.0,SYNTH-MES-A,1
2024-11-05 18:20:00+00:00,4847.25,4848.25,4846.5,4847.75,859.0,SYNTH-MES-A,1
2024-11-05 18:21:00+00:00,4847.75,4848.0,4846.0,4846.75,962.0,SYNTH-MES-A,1
2024-11-05 18:22:00+00:00,4846.75,4848.25,4845.5,4845.75,922.0,SYNTH-MES-A,1
2024-11-05 18:23:00+00:00,4845.75,4846.25,4845.0,4845.25,865.0,SYNTH-MES-A,1
2024-11-05 18:24:00+00:00,4845.25,4845.75,4845.0,4845.5,887.0,SYNTH-MES-A,1
2024-11-05 18:25:00+00:00,4845.5,4846.25,4844.0,4846.25,944.0,SYNTH-MES-A,1
2024-11-05 18:26:00+00:00,4846.25,4846.75,4845.0,4845.5,905.0,SYNTH-MES-A,1
2024-11-05 18:27:00+00:00,4845.5,4845.75,4842.5,4843.0,888.0,SYNTH-MES-A,1
2024-11-05 18:28:00+00:00,4843.0,4845.25,4841.5,4842.0,932.0,SYNTH-MES-A,1
2024-11-05 18:29:00+00:00,4842.0,4846.75,4842.0,4845.75,880.0,SYNTH-MES-A,1
2024-11-05 18:30:00+00:00,4845.75,4848.75,4844.5,4848.5,837.0,SYNTH-MES-A,1
2024-11-05 18:31:00+00:00,4848.5,4849.25,4846.5,4846.5,897.0,SYNTH-MES-A,1
2024-11-05 18:32:00+00:00,4846.5,4846.75,4845.0,4845.5,914.0,SYNTH-MES-A,1
2024-11-05 18:33:00+00:00,4845.5,4846.25,4845.5,4845.5,885.0,SYNTH-MES-A,1
2024-11-05 18:34:00+00:00,4845.5,4846.25,4844.0,4844.5,954.0,SYNTH-MES-A,1
2024-11-05 18:35:00+00:00,4844.5,4846.5,4842.0,4845.25,881.0,SYNTH-MES-A,1
2024-11-05 18:36:00+00:00,4845.25,4847.25,4845.0,4846.75,914.0,SYNTH-MES-A,1
2024-11-05 18:37:00+00:00,4846.75,4849.0,4846.75,4847.25,917.0,SYNTH-MES-A,1
2024-11-05 18:38:00+00:00,4847.25,4848.0,4845.75,4846.0,898.0,SYNTH-MES-A,1
2024-11-05 18:39:00+00:00,4846.0,4846.5,4842.0,4842.5,854.0,SYNTH-MES-A,1
2024-11-05 18:40:00+00:00,4842.5,4843.0,4840.5,4841.0,895.0,SYNTH-MES-A,1
2024-11-05 18:41:00+00:00,4841.0,4843.0,4840.5,4843.0,903.0,SYNTH-MES-A,1
2024-11-05 18:42:00+00:00,4843.0,4843.25,4842.25,4842.75,911.0,SYNTH-MES-A,1
2024-11-05 18:43:00+00:00,4842.75,4844.75,4842.25,4843.25,863.0,SYNTH-MES-A,1
2024-11-05 18:44:00+00:00,4843.25,4843.5,4839.5,4839.75,919.0,SYNTH-MES-A,1
2024-11-05 18:45:00+00:00,4839.75,4844.0,4838.0,4843.0,933.0,SYNTH-MES-A,1
2024-11-05 18:46:00+00:00,4843.0,4845.5,4842.5,4845.0,871.0,SYNTH-MES-A,1
2024-11-05 18:47:00+00:00,4845.0,4845.25,4842.0,4844.5,932.0,SYNTH-MES-A,1
2024-11-05 18:48:00+00:00,4844.5,4845.75,4844.5,4845.75,910.0,SYNTH-MES-A,1
2024-11-05 18:49:00+00:00,4845.75,4847.5,4843.25,4843.5,938.0,SYNTH-MES-A,1
2024-11-05 18:50:00+00:00,4843.5,4843.5,4841.75,4841.75,931.0,SYNTH-MES-A,1
2024-11-05 18:51:00+00:00,4841.75,4842.0,4839.5,4841.0,916.0,SYNTH-MES-A,1
2024-11-05 18:52:00+00:00,4841.0,4841.75,4840.5,4840.5,907.0,SYNTH-MES-A,1
2024-11-05 18:53:00+00:00,4840.5,4840.5,4838.75,4839.0,878.0,SYNTH-MES-A,1
2024-11-05 18:54:00+00:00,4839.0,4841.25,4838.5,4839.5,912.0,SYNTH-MES-A,1
2024-11-05 18:55:00+00:00,4839.5,4840.5,4839.25,4839.75,871.0,SYNTH-MES-A,1
2024-11-05 18:56:00+00:00,4839.75,4841.0,4839.0,4839.5,900.0,SYNTH-MES-A,1
2024-11-05 18:57:00+00:00,4839.5,4839.5,4839.0,4839.25,960.0,SYNTH-MES-A,1
2024-11-05 18:58:00+00:00,4839.25,4840.0,4838.75,4838.75,932.0,SYNTH-MES-A,1
2024-11-05 18:59:00+00:00,4838.75,4840.75,4838.25,4839.75,895.0,SYNTH-MES-A,1
2024-11-05 19:00:00+00:00,4839.75,4841.0,4839.5,4840.5,900.0,SYNTH-MES-A,1
2024-11-05 19:01:00+00:00,4840.5,4844.0,4840.0,4842.5,931.0,SYNTH-MES-A,1
2024-11-05 19:02:00+00:00,4842.5,4843.5,4841.5,4842.0,893.0,SYNTH-MES-A,1
2024-11-05 19:03:00+00:00,4842.0,4843.25,4841.75,4842.75,957.0,SYNTH-MES-A,1
2024-11-05 19:04:00+00:00,4842.75,4843.0,4842.5,4842.75,938.0,SYNTH-MES-A,1
2024-11-05 19:05:00+00:00,4842.75,4843.25,4842.5,4843.25,899.0,SYNTH-MES-A,1
2024-11-05 19:06:00+00:00,4843.25,4844.0,4840.75,4841.5,887.0,SYNTH-MES-A,1
2024-11-05 19:07:00+00:00,4841.5,4842.5,4841.0,4841.0,844.0,SYNTH-MES-A,1
2024-11-05 19:08:00+00:00,4841.0,4841.0,4838.25,4839.75,956.0,SYNTH-MES-A,1
2024-11-05 19:09:00+00:00,4839.75,4841.75,4838.5,4841.25,874.0,SYNTH-MES-A,1
2024-11-05 19:10:00+00:00,4841.25,4843.0,4841.25,4842.75,933.0,SYNTH-MES-A,1
2024-11-05 19:11:00+00:00,4842.75,4843.25,4841.75,4842.0,952.0,SYNTH-MES-A,1
2024-11-05 19:12:00+00:00,4842.0,4843.25,4842.0,4843.0,886.0,SYNTH-MES-A,1
2024-11-05 19:13:00+00:00,4843.0,4843.75,4842.5,4843.75,900.0,SYNTH-MES-A,1
2024-11-05 19:14:00+00:00,4843.75,4846.0,4843.25,4845.25,893.0,SYNTH-MES-A,1
2024-11-05 19:15:00+00:00,4845.25,4848.0,4844.75,4846.75,872.0,SYNTH-MES-A,1
2024-11-05 19:16:00+00:00,4846.75,4849.25,4845.5,4848.75,859.0,SYNTH-MES-A,1
2024-11-05 19:17:00+00:00,4848.75,4852.75,4848.5,4850.0,949.0,SYNTH-MES-A,1
2024-11-05 19:18:00+00:00,4850.0,4851.0,4849.5,4850.0,894.0,SYNTH-MES-A,1
2024-11-05 19:19:00+00:00,4850.0,4850.0,4846.5,4848.0,896.0,SYNTH-MES-A,1
2024-11-05 19:20:00+00:00,4848.0,4848.25,4847.0,4847.75,902.0,SYNTH-MES-A,1
2024-11-05 19:21:00+00:00,4847.75,4851.0,4847.5,4850.0,954.0,SYNTH-MES-A,1
2024-11-05 19:22:00+00:00,4850.0,4850.75,4849.25,4849.5,845.0,SYNTH-MES-A,1
2024-11-05 19:23:00+00:00,4849.5,4850.0,4849.0,4849.75,907.0,SYNTH-MES-A,1
2024-11-05 19:24:00+00:00,4849.75,4850.0,4846.25,4847.75,914.0,SYNTH-MES-A,1
2024-11-05 19:25:00+00:00,4847.75,4849.75,4845.75,4846.25,888.0,SYNTH-MES-A,1
2024-11-05 19:26:00+00:00,4846.25,4847.25,4844.75,4845.0,964.0,SYNTH-MES-A,1
2024-11-05 19:27:00+00:00,4845.0,4845.25,4844.0,4844.5,954.0,SYNTH-MES-A,1
2024-11-05 19:28:00+00:00,4844.5,4846.0,4844.5,4846.0,887.0,SYNTH-MES-A,1
2024-11-05 19:29:00+00:00,4846.0,4847.75,4846.0,4847.5,951.0,SYNTH-MES-A,1
2024-11-05 19:30:00+00:00,4847.5,4851.25,4847.0,4849.75,889.0,SYNTH-MES-A,1
2024-11-05 19:31:00+00:00,4849.75,4852.0,4849.75,4852.0,863.0,SYNTH-MES-A,1
2024-11-05 19:32:00+00:00,4852.0,4853.75,4852.0,4853.5,941.0,SYNTH-MES-A,1
2024-11-05 19:33:00+00:00,4853.5,4854.25,4850.25,4850.5,887.0,SYNTH-MES-A,1
2024-11-05 19:34:00+00:00,4850.5,4851.25,4849.0,4849.5,885.0,SYNTH-MES-A,1
2024-11-05 19:35:00+00:00,4849.5,4851.0,4846.25,4851.0,917.0,SYNTH-MES-A,1
2024-11-05 19:36:00+00:00,4851.0,4851.5,4849.5,4850.5,879.0,SYNTH-MES-A,1
2024-11-05 19:37:00+00:00,4850.5,4850.75,4850.25,4850.25,910.0,SYNTH-MES-A,1
2024-11-05 19:38:00+00:00,4850.25,4850.25,4849.0,4849.5,874.0,SYNTH-MES-A,1
2024-11-05 19:39:00+00:00,4849.5,4849.5,4848.75,4849.25,909.0,SYNTH-MES-A,1
2024-11-05 19:40:00+00:00,4849.25,4850.0,4848.5,4848.75,903.0,SYNTH-MES-A,1
2024-11-05 19:41:00+00:00,4848.75,4851.75,4848.75,4850.0,893.0,SYNTH-MES-A,1
2024-11-05 19:42:00+00:00,4850.0,4851.0,4849.75,4850.25,926.0,SYNTH-MES-A,1
2024-11-05 19:43:00+00:00,4850.25,4853.5,4850.0,4853.25,915.0,SYNTH-MES-A,1
2024-11-05 19:44:00+00:00,4853.25,4853.5,4852.25,4852.5,924.0,SYNTH-MES-A,1
2024-11-05 19:45:00+00:00,4852.5,4853.25,4852.25,4852.75,880.0,SYNTH-MES-A,1
2024-11-05 19:46:00+00:00,4852.75,4854.75,4852.5,4854.5,889.0,SYNTH-MES-A,1
2024-11-05 19:47:00+00:00,4854.5,4854.5,4854.25,4854.5,907.0,SYNTH-MES-A,1
2024-11-05 19:48:00+00:00,4854.5,4858.25,4853.5,4857.0,894.0,SYNTH-MES-A,1
2024-11-05 19:49:00+00:00,4857.0,4858.0,4856.75,4857.5,931.0,SYNTH-MES-A,1
2024-11-05 19:50:00+00:00,4857.5,4858.25,4857.5,4858.0,895.0,SYNTH-MES-A,1
2024-11-05 19:51:00+00:00,4858.0,4858.25,4857.5,4857.75,858.0,SYNTH-MES-A,1
2024-11-05 19:52:00+00:00,4857.75,4860.0,4857.75,4859.5,943.0,SYNTH-MES-A,1
2024-11-05 19:53:00+00:00,4859.5,4861.25,4859.0,4859.25,864.0,SYNTH-MES-A,1
2024-11-05 19:54:00+00:00,4859.25,4860.5,4859.0,4860.25,930.0,SYNTH-MES-A,1
2024-11-05 19:55:00+00:00,4860.25,4860.75,4859.25,4859.5,923.0,SYNTH-MES-A,1
2024-11-05 19:56:00+00:00,4859.5,4861.5,4859.25,4861.5,907.0,SYNTH-MES-A,1
2024-11-05 19:57:00+00:00,4861.5,4862.0,4860.0,4860.0,879.0,SYNTH-MES-A,1
2024-11-05 19:58:00+00:00,4860.0,4861.25,4858.5,4859.0,907.0,SYNTH-MES-A,1
2024-11-05 19:59:00+00:00,4859.0,4860.75,4859.0,4859.75,958.0,SYNTH-MES-A,1
2024-11-05 20:00:00+00:00,4859.75,4859.75,4858.0,4858.25,900.0,SYNTH-MES-A,1
2024-11-05 20:01:00+00:00,4858.25,4858.25,4856.0,4856.0,922.0,SYNTH-MES-A,1
2024-11-05 20:02:00+00:00,4856.0,4856.25,4854.0,4855.5,929.0,SYNTH-MES-A,1
2024-11-05 20:03:00+00:00,4855.5,4857.5,4855.5,4856.75,952.0,SYNTH-MES-A,1
2024-11-05 20:04:00+00:00,4856.75,4856.75,4855.5,4855.75,900.0,SYNTH-MES-A,1
2024-11-05 20:05:00+00:00,4855.75,4857.0,4854.5,4856.75,924.0,SYNTH-MES-A,1
2024-11-05 20:06:00+00:00,4856.75,4858.75,4856.5,4858.75,921.0,SYNTH-MES-A,1
2024-11-05 20:07:00+00:00,4858.75,4858.75,4857.5,4857.75,890.0,SYNTH-MES-A,1
2024-11-05 20:08:00+00:00,4857.75,4858.0,4855.5,4856.75,889.0,SYNTH-MES-A,1
2024-11-05 20:09:00+00:00,4856.75,4857.25,4855.75,4856.5,904.0,SYNTH-MES-A,1
2024-11-05 20:10:00+00:00,4856.5,4860.75,4854.5,4859.25,857.0,SYNTH-MES-A,1
2024-11-05 20:11:00+00:00,4859.25,4859.5,4857.25,4858.0,947.0,SYNTH-MES-A,1
2024-11-05 20:12:00+00:00,4858.0,4859.0,4858.0,4858.75,896.0,SYNTH-MES-A,1
2024-11-05 20:13:00+00:00,4858.75,4859.25,4857.75,4858.0,913.0,SYNTH-MES-A,1
2024-11-05 20:14:00+00:00,4858.0,4858.75,4856.5,4856.5,904.0,SYNTH-MES-A,1
2024-11-05 20:15:00+00:00,4856.5,4856.5,4855.75,4855.75,835.0,SYNTH-MES-A,1
2024-11-05 20:16:00+00:00,4855.75,4857.5,4855.5,4857.5,883.0,SYNTH-MES-A,1
2024-11-05 20:17:00+00:00,4857.5,4859.75,4857.0,4859.25,950.0,SYNTH-MES-A,1
2024-11-05 20:18:00+00:00,4859.25,4859.75,4859.0,4859.5,879.0,SYNTH-MES-A,1
2024-11-05 20:19:00+00:00,4859.5,4860.0,4857.25,4858.5,900.0,SYNTH-MES-A,1
2024-11-05 20:20:00+00:00,4858.5,4859.5,4857.75,4859.0,873.0,SYNTH-MES-A,1
2024-11-05 20:21:00+00:00,4859.0,4859.75,4857.75,4858.25,929.0,SYNTH-MES-A,1
2024-11-05 20:22:00+00:00,4858.25,4859.75,4858.0,4858.75,920.0,SYNTH-MES-A,1
2024-11-05 20:23:00+00:00,4858.75,4859.0,4857.75,4858.5,911.0,SYNTH-MES-A,1
2024-11-05 20:24:00+00:00,4858.5,4861.25,4858.25,4861.0,905.0,SYNTH-MES-A,1
2024-11-05 20:25:00+00:00,4861.0,4863.0,4860.75,4861.75,870.0,SYNTH-MES-A,1
2024-11-05 20:26:00+00:00,4861.75,4862.75,4861.0,4861.5,858.0,SYNTH-MES-A,1
2024-11-05 20:27:00+00:00,4861.5,4862.25,4861.5,4862.0,897.0,SYNTH-MES-A,1
2024-11-05 20:28:00+00:00,4862.0,4862.75,4860.25,4860.25,848.0,SYNTH-MES-A,1
2024-11-05 20:29:00+00:00,4860.25,4860.5,4858.25,4858.5,912.0,SYNTH-MES-A,1
2024-11-05 20:30:00+00:00,4858.5,4861.75,4858.25,4860.25,893.0,SYNTH-MES-A,1
2024-11-05 20:31:00+00:00,4860.25,4861.5,4858.0,4859.5,853.0,SYNTH-MES-A,1
2024-11-05 20:32:00+00:00,4859.5,4860.5,4859.5,4860.25,840.0,SYNTH-MES-A,1
2024-11-05 20:33:00+00:00,4860.25,4862.0,4859.75,4861.75,911.0,SYNTH-MES-A,1
2024-11-05 20:34:00+00:00,4861.75,4862.75,4858.5,4860.25,908.0,SYNTH-MES-A,1
2024-11-05 20:35:00+00:00,4860.25,4862.0,4859.5,4861.0,949.0,SYNTH-MES-A,1
2024-11-05 20:36:00+00:00,4861.0,4861.25,4860.0,4860.25,920.0,SYNTH-MES-A,1
2024-11-05 20:37:00+00:00,4860.25,4860.25,4859.25,4860.25,923.0,SYNTH-MES-A,1
2024-11-05 20:38:00+00:00,4860.25,4860.5,4859.25,4859.25,934.0,SYNTH-MES-A,1
2024-11-05 20:39:00+00:00,4859.25,4859.25,4855.25,4856.75,866.0,SYNTH-MES-A,1
2024-11-05 20:40:00+00:00,4856.75,4857.5,4855.25,4856.5,905.0,SYNTH-MES-A,1
2024-11-05 20:41:00+00:00,4856.5,4856.5,4856.0,4856.0,882.0,SYNTH-MES-A,1
2024-11-05 20:42:00+00:00,4856.0,4860.25,4855.5,4859.75,878.0,SYNTH-MES-A,1
2024-11-05 20:43:00+00:00,4859.75,4860.0,4856.5,4857.75,934.0,SYNTH-MES-A,1
2024-11-05 20:44:00+00:00,4857.75,4857.75,4855.75,4856.0,853.0,SYNTH-MES-A,1
2024-11-05 20:45:00+00:00,4856.0,4856.75,4853.25,4853.75,966.0,SYNTH-MES-A,1
2024-11-05 20:46:00+00:00,4853.75,4856.0,4853.0,4854.5,904.0,SYNTH-MES-A,1
2024-11-05 20:47:00+00:00,4854.5,4858.5,4854.25,4857.75,897.0,SYNTH-MES-A,1
2024-11-05 20:48:00+00:00,4857.75,4859.0,4855.0,4855.5,879.0,SYNTH-MES-A,1
2024-11-05 20:49:00+00:00,4855.5,4856.5,4855.0,4856.0,900.0,SYNTH-MES-A,1
2024-11-05 20:50:00+00:00,4856.0,4857.0,4855.25,4856.75,958.0,SYNTH-MES-A,1
2024-11-05 20:51:00+00:00,4856.75,4857.25,4856.25,4857.25,899.0,SYNTH-MES-A,1
2024-11-05 20:52:00+00:00,4857.25,4858.0,4854.5,4855.25,885.0,SYNTH-MES-A,1
2024-11-05 20:53:00+00:00,4855.25,4856.5,4854.75,4856.0,892.0,SYNTH-MES-A,1
2024-11-05 20:54:00+00:00,4856.0,4860.25,4855.75,4859.25,883.0,SYNTH-MES-A,1
2024-11-05 20:55:00+00:00,4859.25,4859.25,4855.75,4856.5,889.0,SYNTH-MES-A,1
2024-11-05 20:56:00+00:00,4856.5,4858.75,4856.25,4858.0,873.0,SYNTH-MES-A,1
2024-11-05 20:57:00+00:00,4858.0,4858.5,4857.25,4857.5,930.0,SYNTH-MES-A,1
2024-11-05 20:58:00+00:00,4857.5,4860.5,4856.5,4860.25,892.0,SYNTH-MES-A,1
2024-11-05 20:59:00+00:00,4860.25,4860.75,4860.0,4860.5,939.0,SYNTH-MES-A,1
2024-11-05 21:00:00+00:00,4860.5,4860.75,4859.75,4860.75,197.0,SYNTH-MES-A,1
2024-11-05 21:01:00+00:00,4860.75,4860.75,4859.75,4860.0,179.0,SYNTH-MES-A,1
2024-11-05 21:02:00+00:00,4860.0,4860.25,4859.25,4859.25,207.0,SYNTH-MES-A,1
2024-11-05 21:03:00+00:00,4859.25,4860.0,4858.75,4860.0,202.0,SYNTH-MES-A,1
2024-11-05 21:04:00+00:00,4860.0,4860.75,4859.75,4860.5,193.0,SYNTH-MES-A,1
2024-11-05 21:05:00+00:00,4860.5,4860.75,4860.0,4860.0,199.0,SYNTH-MES-A,1
2024-11-05 21:06:00+00:00,4860.0,4860.5,4859.75,4860.25,201.0,SYNTH-MES-A,1
2024-11-05 21:07:00+00:00,4860.25,4860.75,4860.25,4860.25,195.0,SYNTH-MES-A,1
2024-11-05 21:08:00+00:00,4860.25,4860.25,4859.75,4860.0,209.0,SYNTH-MES-A,1
2024-11-05 21:09:00+00:00,4860.0,4860.25,4859.75,4859.75,190.0,SYNTH-MES-A,1
2024-11-05 21:10:00+00:00,4859.75,4860.5,4859.75,4860.25,193.0,SYNTH-MES-A,1
2024-11-05 21:11:00+00:00,4860.25,4862.0,4860.0,4861.5,202.0,SYNTH-MES-A,1
2024-11-05 21:12:00+00:00,4861.5,4862.25,4861.25,4862.25,182.0,SYNTH-MES-A,1
2024-11-05 21:13:00+00:00,4862.25,4862.75,4862.25,4862.75,192.0,SYNTH-MES-A,1
2024-11-05 21:14:00+00:00,4862.75,4863.0,4862.5,4863.0,192.0,SYNTH-MES-A,1
2024-11-05 21:15:00+00:00,4863.0,4865.0,4862.75,4863.25,216.0,SYNTH-MES-A,1
2024-11-05 21:16:00+00:00,4863.25,4864.0,4863.25,4863.5,224.0,SYNTH-MES-A,1
2024-11-05 21:17:00+00:00,4863.5,4863.75,4863.5,4863.75,204.0,SYNTH-MES-A,1
2024-11-05 21:18:00+00:00,4863.75,4865.75,4863.25,4865.75,243.0,SYNTH-MES-A,1
2024-11-05 21:19:00+00:00,4865.75,4866.0,4865.25,4866.0,172.0,SYNTH-MES-A,1
2024-11-05 21:20:00+00:00,4866.0,4867.0,4865.75,4866.5,203.0,SYNTH-MES-A,1
2024-11-05 21:21:00+00:00,4866.5,4866.75,4866.5,4866.5,196.0,SYNTH-MES-A,1
2024-11-05 21:22:00+00:00,4866.5,4868.0,4865.75,4867.25,214.0,SYNTH-MES-A,1
2024-11-05 21:23:00+00:00,4867.25,4868.0,4866.75,4867.75,171.0,SYNTH-MES-A,1
2024-11-05 21:24:00+00:00,4867.75,4868.0,4867.0,4867.5,206.0,SYNTH-MES-A,1
2024-11-05 21:25:00+00:00,4867.5,4868.0,4867.0,4867.25,215.0,SYNTH-MES-A,1
2024-11-05 21:26:00+00:00,4867.25,4867.75,4866.75,4867.25,182.0,SYNTH-MES-A,1
2024-11-05 21:27:00+00:00,4867.25,4867.75,4866.75,4866.75,188.0,SYNTH-MES-A,1
2024-11-05 21:28:00+00:00,4866.75,4867.0,4865.75,4867.0,210.0,SYNTH-MES-A,1
2024-11-05 21:29:00+00:00,4867.0,4867.5,4867.0,4867.0,192.0,SYNTH-MES-A,1
2024-11-05 21:30:00+00:00,4867.0,4867.75,4864.75,4866.0,191.0,SYNTH-MES-A,1
2024-11-05 21:31:00+00:00,4866.0,4866.25,4865.5,4865.5,177.0,SYNTH-MES-A,1
2024-11-05 21:32:00+00:00,4865.5,4866.25,4865.25,4866.25,190.0,SYNTH-MES-A,1
2024-11-05 21:33:00+00:00,4866.25,4866.75,4865.25,4865.5,211.0,SYNTH-MES-A,1
2024-11-05 21:34:00+00:00,4865.5,4866.0,4864.5,4866.0,200.0,SYNTH-MES-A,1
2024-11-05 21:35:00+00:00,4866.0,4866.75,4865.5,4866.0,200.0,SYNTH-MES-A,1
2024-11-05 21:36:00+00:00,4866.0,4867.5,4865.75,4867.5,193.0,SYNTH-MES-A,1
2024-11-05 21:37:00+00:00,4867.5,4868.0,4867.0,4868.0,202.0,SYNTH-MES-A,1
2024-11-05 21:38:00+00:00,4868.0,4869.5,4867.25,4868.5,193.0,SYNTH-MES-A,1
2024-11-05 21:39:00+00:00,4868.5,4868.5,4868.25,4868.25,217.0,SYNTH-MES-A,1
2024-11-05 21:40:00+00:00,4868.25,4870.5,4868.25,4868.5,210.0,SYNTH-MES-A,1
2024-11-05 21:41:00+00:00,4868.5,4868.75,4867.5,4867.5,199.0,SYNTH-MES-A,1
2024-11-05 21:42:00+00:00,4867.5,4868.5,4867.25,4868.25,203.0,SYNTH-MES-A,1
2024-11-05 21:43:00+00:00,4868.25,4869.25,4868.25,4868.5,192.0,SYNTH-MES-A,1
2024-11-05 21:44:00+00:00,4868.5,4869.5,4868.25,4869.25,213.0,SYNTH-MES-A,1
2024-11-05 21:45:00+00:00,4869.25,4869.75,4868.25,4868.25,181.0,SYNTH-MES-A,1
2024-11-05 21:46:00+00:00,4868.25,4868.25,4866.75,4866.75,191.0,SYNTH-MES-A,1
2024-11-05 21:47:00+00:00,4866.75,4867.75,4866.25,4867.5,212.0,SYNTH-MES-A,1
2024-11-05 21:48:00+00:00,4867.5,4867.5,4867.25,4867.5,209.0,SYNTH-MES-A,1
2024-11-05 21:49:00+00:00,4867.5,4867.5,4867.25,4867.5,199.0,SYNTH-MES-A,1
2024-11-05 21:50:00+00:00,4867.5,4867.75,4867.5,4867.5,189.0,SYNTH-MES-A,1
2024-11-05 21:51:00+00:00,4867.5,4868.25,4867.5,4868.25,197.0,SYNTH-MES-A,1
2024-11-05 21:52:00+00:00,4868.25,4868.25,4867.25,4867.5,193.0,SYNTH-MES-A,1
2024-11-05 21:53:00+00:00,4867.5,4868.0,4867.0,4867.0,225.0,SYNTH-MES-A,1
2024-11-05 21:54:00+00:00,4867.0,4867.5,4866.5,4867.5,207.0,SYNTH-MES-A,1
2024-11-05 21:55:00+00:00,4867.5,4869.0,4867.25,4869.0,205.0,SYNTH-MES-A,1
2024-11-05 21:56:00+00:00,4869.0,4869.0,4869.0,4869.0,205.0,SYNTH-MES-A,1
2024-11-05 21:57:00+00:00,4869.0,4870.0,4868.75,4869.5,209.0,SYNTH-MES-A,1
2024-11-05 21:58:00+00:00,4869.5,4870.75,4869.0,4870.75,188.0,SYNTH-MES-A,1
2024-11-05 21:59:00+00:00,4870.75,4870.75,4869.25,4869.25,191.0,SYNTH-MES-A,1
2024-11-05 23:00:00+00:00,4869.25,4869.75,4868.75,4868.75,197.0,SYNTH-MES-A,1
2024-11-05 23:01:00+00:00,4868.75,4870.0,4868.25,4869.75,206.0,SYNTH-MES-A,1
2024-11-05 23:02:00+00:00,4869.75,4869.75,4868.5,4868.75,205.0,SYNTH-MES-A,1
2024-11-05 23:03:00+00:00,4868.75,4869.5,4868.5,4869.5,196.0,SYNTH-MES-A,1
2024-11-05 23:04:00+00:00,4869.5,4870.0,4868.75,4869.0,201.0,SYNTH-MES-A,1
2024-11-05 23:05:00+00:00,4869.0,4869.25,4868.5,4869.0,210.0,SYNTH-MES-A,1
2024-11-05 23:06:00+00:00,4869.0,4870.25,4868.75,4870.0,196.0,SYNTH-MES-A,1
2024-11-05 23:07:00+00:00,4870.0,4871.0,4869.75,4870.25,172.0,SYNTH-MES-A,1
2024-11-05 23:08:00+00:00,4870.25,4870.5,4869.5,4869.5,180.0,SYNTH-MES-A,1
2024-11-05 23:09:00+00:00,4869.5,4870.0,4868.75,4869.5,194.0,SYNTH-MES-A,1
2024-11-05 23:10:00+00:00,4869.5,4871.0,4869.5,4870.0,197.0,SYNTH-MES-A,1
2024-11-05 23:11:00+00:00,4870.0,4870.25,4869.25,4869.75,196.0,SYNTH-MES-A,1
2024-11-05 23:12:00+00:00,4869.75,4870.0,4869.75,4869.75,200.0,SYNTH-MES-A,1
2024-11-05 23:13:00+00:00,4869.75,4869.75,4869.5,4869.75,195.0,SYNTH-MES-A,1
2024-11-05 23:14:00+00:00,4869.75,4870.75,4869.75,4870.0,184.0,SYNTH-MES-A,1
2024-11-05 23:15:00+00:00,4870.0,4870.5,4870.0,4870.5,201.0,SYNTH-MES-A,1
2024-11-05 23:16:00+00:00,4870.5,4870.75,4870.25,4870.75,201.0,SYNTH-MES-A,1
2024-11-05 23:17:00+00:00,4870.75,4872.0,4870.5,4871.75,198.0,SYNTH-MES-A,1
2024-11-05 23:18:00+00:00,4871.75,4872.0,4871.0,4871.25,194.0,SYNTH-MES-A,1
2024-11-05 23:19:00+00:00,4871.25,4872.0,4870.75,4871.0,170.0,SYNTH-MES-A,1
2024-11-05 23:20:00+00:00,4871.0,4871.75,4870.75,4870.75,205.0,SYNTH-MES-A,1
2024-11-05 23:21:00+00:00,4870.75,4871.25,4870.5,4871.0,208.0,SYNTH-MES-A,1
2024-11-05 23:22:00+00:00,4871.0,4871.25,4870.25,4870.25,202.0,SYNTH-MES-A,1
2024-11-05 23:23:00+00:00,4870.25,4870.75,4869.25,4869.75,203.0,SYNTH-MES-A,1
2024-11-05 23:24:00+00:00,4869.75,4870.0,4869.75,4869.75,187.0,SYNTH-MES-A,1
2024-11-05 23:25:00+00:00,4869.75,4870.5,4869.5,4870.0,196.0,SYNTH-MES-A,1
2024-11-05 23:26:00+00:00,4870.0,4870.75,4869.75,4870.5,207.0,SYNTH-MES-A,1
2024-11-05 23:27:00+00:00,4870.5,4870.5,4870.25,4870.5,182.0,SYNTH-MES-A,1
2024-11-05 23:28:00+00:00,4870.5,4870.75,4869.75,4870.25,224.0,SYNTH-MES-A,1
2024-11-05 23:29:00+00:00,4870.25,4870.75,4869.75,4869.75,189.0,SYNTH-MES-A,1
2024-11-05 23:30:00+00:00,4869.75,4870.0,4869.5,4869.75,181.0,SYNTH-MES-A,1
2024-11-05 23:31:00+00:00,4869.75,4870.25,4868.5,4870.0,189.0,SYNTH-MES-A,1
2024-11-05 23:32:00+00:00,4870.0,4870.0,4869.75,4870.0,191.0,SYNTH-MES-A,1
2024-11-05 23:33:00+00:00,4870.0,4871.0,4869.75,4869.75,188.0,SYNTH-MES-A,1
2024-11-05 23:34:00+00:00,4869.75,4869.75,4868.75,4869.0,183.0,SYNTH-MES-A,1
2024-11-05 23:35:00+00:00,4869.0,4869.75,4868.25,4868.25,191.0,SYNTH-MES-A,1
2024-11-05 23:36:00+00:00,4868.25,4869.0,4868.0,4869.0,192.0,SYNTH-MES-A,1
2024-11-05 23:37:00+00:00,4869.0,4869.5,4867.75,4868.5,181.0,SYNTH-MES-A,1
2024-11-05 23:38:00+00:00,4868.5,4868.5,4868.0,4868.25,190.0,SYNTH-MES-A,1
2024-11-05 23:39:00+00:00,4868.25,4868.75,4867.75,4868.0,213.0,SYNTH-MES-A,1
2024-11-05 23:40:00+00:00,4868.0,4868.75,4867.0,4867.0,196.0,SYNTH-MES-A,1
2024-11-05 23:41:00+00:00,4867.0,4867.75,4867.0,4867.5,178.0,SYNTH-MES-A,1
2024-11-05 23:42:00+00:00,4867.5,4867.5,4866.75,4866.75,205.0,SYNTH-MES-A,1
2024-11-05 23:43:00+00:00,4866.75,4866.75,4865.25,4866.75,200.0,SYNTH-MES-A,1
2024-11-05 23:44:00+00:00,4866.75,4866.75,4865.25,4865.75,213.0,SYNTH-MES-A,1
2024-11-05 23:45:00+00:00,4865.75,4866.25,4864.75,4866.25,212.0,SYNTH-MES-A,1
2024-11-05 23:46:00+00:00,4866.25,4867.0,4864.75,4866.75,212.0,SYNTH-MES-A,1
2024-11-05 23:47:00+00:00,4866.75,4867.0,4866.5,4866.5,214.0,SYNTH-MES-A,1
2024-11-05 23:48:00+00:00,4866.5,4867.75,4866.5,4867.5,200.0,SYNTH-MES-A,1
2024-11-05 23:49:00+00:00,4867.5,4868.0,4867.0,4867.0,190.0,SYNTH-MES-A,1
2024-11-05 23:50:00+00:00,4867.0,4868.0,4866.5,4867.75,225.0,SYNTH-MES-A,1
2024-11-05 23:51:00+00:00,4867.75,4868.25,4866.75,4868.0,175.0,SYNTH-MES-A,1
2024-11-05 23:52:00+00:00,4868.0,4868.25,4867.5,4867.5,202.0,SYNTH-MES-A,1
2024-11-05 23:53:00+00:00,4867.5,4869.25,4867.25,4869.0,215.0,SYNTH-MES-A,1
2024-11-05 23:54:00+00:00,4869.0,4869.25,4868.25,4868.5,213.0,SYNTH-MES-A,1
2024-11-05 23:55:00+00:00,4868.5,4869.25,4868.25,4869.0,213.0,SYNTH-MES-A,1
2024-11-05 23:56:00+00:00,4869.0,4869.25,4868.75,4868.75,197.0,SYNTH-MES-A,1
2024-11-05 23:57:00+00:00,4868.75,4869.0,4867.5,4868.0,199.0,SYNTH-MES-A,1
2024-11-05 23:58:00+00:00,4868.0,4868.0,4867.5,4867.75,201.0,SYNTH-MES-A,1
2024-11-05 23:59:00+00:00,4867.75,4867.75,4867.75,4867.75,210.0,SYNTH-MES-A,1
