ts_open,open,high,low,close,volume,contract,SYNTHETIC
2024-03-06 00:00:00+00:00,4800.0,4800.5,4800.0,4800.5,202.0,SYNTH-MES-A,1
2024-03-06 00:01:00+00:00,4800.5,4801.25,4800.25,4801.25,186.0,SYNTH-MES-A,1
2024-03-06 00:02:00+00:00,4801.25,4801.25,4799.75,4799.75,233.0,SYNTH-MES-A,1
2024-03-06 00:03:00+00:00,4799.75,4801.0,4799.25,4799.5,193.0,SYNTH-MES-A,1
2024-03-06 00:04:00+00:00,4799.5,4800.0,4799.0,4799.0,204.0,SYNTH-MES-A,1
2024-03-06 00:05:00+00:00,4799.0,4799.75,4798.75,4799.75,201.0,SYNTH-MES-A,1
2024-03-06 00:06:00+00:00,4799.75,4800.25,4799.25,4800.25,219.0,SYNTH-MES-A,1
2024-03-06 00:07:00+00:00,4800.25,4801.5,4800.25,4801.0,204.0,SYNTH-MES-A,1
2024-03-06 00:08:00+00:00,4801.0,4801.25,4800.5,4800.75,178.0,SYNTH-MES-A,1
2024-03-06 00:09:00+00:00,4800.75,4800.75,4799.75,4800.25,205.0,SYNTH-MES-A,1
2024-03-06 00:10:00+00:00,4800.25,4801.25,4800.0,4800.75,191.0,SYNTH-MES-A,1
2024-03-06 00:11:00+00:00,4800.75,4801.0,4800.5,4800.5,199.0,SYNTH-MES-A,1
2024-03-06 00:12:00+00:00,4800.5,4801.5,4800.0,4800.0,190.0,SYNTH-MES-A,1
2024-03-06 00:13:00+00:00,4800.0,4800.5,4799.5,4800.25,188.0,SYNTH-MES-A,1
2024-03-06 00:14:00+00:00,4800.25,4800.75,4799.25,4799.75,193.0,SYNTH-MES-A,1
2024-03-06 00:15:00+00:00,4799.75,4800.25,4798.0,4798.5,203.0,SYNTH-MES-A,1
2024-03-06 00:16:00+00:00,4798.5,4798.5,4797.25,4797.5,188.0,SYNTH-MES-A,1
2024-03-06 00:17:00+00:00,4797.5,4798.25,4796.5,4797.75,213.0,SYNTH-MES-A,1
2024-03-06 00:18:00+00:00,4797.75,4798.0,4797.75,4797.75,209.0,SYNTH-MES-A,1
2024-03-06 00:19:00+00:00,4797.75,4798.0,4797.5,4797.75,197.0,SYNTH-MES-A,1
2024-03-06 00:20:00+00:00,4797.75,4798.5,4797.25,4798.0,195.0,SYNTH-MES-A,1
2024-03-06 00:21:00+00:00,4798.0,4799.75,4798.0,4799.75,214.0,SYNTH-MES-A,1
2024-03-06 00:22:00+00:00,4799.75,4800.25,4799.25,4800.0,208.0,SYNTH-MES-A,1
2024-03-06 00:23:00+00:00,4800.0,4801.5,4800.0,4801.25,204.0,SYNTH-MES-A,1
2024-03-06 00:24:00+00:00,4801.25,4802.5,4801.25,4802.0,216.0,SYNTH-MES-A,1
2024-03-06 00:25:00+00:00,4802.0,4803.0,4802.0,4802.75,197.0,SYNTH-MES-A,1
2024-03-06 00:26:00+00:00,4802.75,4803.0,4802.25,4802.75,215.0,SYNTH-MES-A,1
2024-03-06 00:27:00+00:00,4802.75,4804.0,4802.5,4803.5,184.0,SYNTH-MES-A,1
2024-03-06 00:28:00+00:00,4803.5,4803.5,4803.5,4803.5,204.0,SYNTH-MES-A,1
2024-03-06 00:29:00+00:00,4803.5,4803.75,4802.25,4802.75,191.0,SYNTH-MES-A,1
2024-03-06 00:30:00+00:00,4802.75,4803.0,4802.75,4802.75,173.0,SYNTH-MES-A,1
2024-03-06 00:31:00+00:00,4802.75,4802.75,4802.25,4802.75,207.0,SYNTH-MES-A,1
2024-03-06 00:32:00+00:00,4802.75,4802.75,4802.5,4802.5,187.0,SYNTH-MES-A,1
2024-03-06 00:33:00+00:00,4802.5,4803.5,4801.75,4803.5,199.0,SYNTH-MES-A,1
2024-03-06 00:34:00+00:00,4803.5,4803.75,4801.0,4801.5,182.0,SYNTH-MES-A,1
2024-03-06 00:35:00+00:00,4801.5,4801.75,4800.75,4800.75,220.0,SYNTH-MES-A,1
2024-03-06 00:36:00+00:00,4800.75,4800.75,4800.0,4800.0,191.0,SYNTH-MES-A,1
2024-03-06 00:37:00+00:00,4800.0,4800.0,4799.25,4799.25,215.0,SYNTH-MES-A,1
2024-03-06 00:38:00+00:00,4799.25,4799.5,4799.25,4799.5,190.0,SYNTH-MES-A,1
2024-03-06 00:39:00+00:00,4799.5,4800.25,4799.25,4799.75,211.0,SYNTH-MES-A,1
2024-03-06 00:40:00+00:00,4799.75,4800.75,4799.5,4799.5,212.0,SYNTH-MES-A,1
2024-03-06 00:41:00+00:00,4799.5,4799.75,4799.25,4799.75,196.0,SYNTH-MES-A,1
2024-03-06 00:42:00+00:00,4799.75,4800.25,4799.75,4799.75,198.0,SYNTH-MES-A,1
2024-03-06 00:43:00+00:00,4799.75,4800.25,4799.25,4800.0,203.0,SYNTH-MES-A,1
2024-03-06 00:44:00+00:00,4800.0,4800.75,4800.0,4800.75,192.0,SYNTH-MES-A,1
2024-03-06 00:45:00+00:00,4800.75,4800.75,4800.0,4800.25,193.0,SYNTH-MES-A,1
2024-03-06 00:46:00+00:00,4800.25,4800.5,4799.75,4800.25,211.0,SYNTH-MES-A,1
2024-03-06 00:47:00+00:00,4800.25,4800.25,4799.75,4800.0,199.0,SYNTH-MES-A,1
2024-03-06 00:48:00+00:00,4800.0,4800.0,4799.25,4799.75,214.0,SYNTH-MES-A,1
2024-03-06 00:49:00+00:00,4799.75,4801.75,4799.75,4801.5,190.0,SYNTH-MES-A,1
2024-03-06 00:50:00+00:00,4801.5,4801.75,4800.75,4801.0,196.0,SYNTH-MES-A,1
2024-03-06 00:51:00+00:00,4801.0,4801.25,4800.0,4800.5,207.0,SYNTH-MES-A,1
2024-03-06 00:52:00+00:00,4800.5,4800.5,4799.5,4799.75,217.0,SYNTH-MES-A,1
2024-03-06 00:53:00+00:00,4799.75,4800.25,4799.0,4799.25,213.0,SYNTH-MES-A,1
2024-03-06 00:54:00+00:00,4799.25,4800.5,4799.0,4800.5,210.0,SYNTH-MES-A,1
2024-03-06 00:55:00+00:00,4800.5,4801.25,4800.5,4801.0,204.0,SYNTH-MES-A,1
2024-03-06 00:56:00+00:00,4801.0,4801.0,4800.75,4800.75,204.0,SYNTH-MES-A,1
2024-03-06 00:57:00+00:00,4800.75,4800.75,4800.5,4800.5,188.0,SYNTH-MES-A,1
2024-03-06 00:58:00+00:00,4800.5,4801.5,4800.25,4800.5,197.0,SYNTH-MES-A,1
2024-03-06 00:59:00+00:00,4800.5,4800.5,4800.25,4800.5,225.0,SYNTH-MES-A,1
2024-03-06 01:00:00+00:00,4800.5,4800.5,4800.0,4800.5,227.0,SYNTH-MES-A,1
2024-03-06 01:01:00+00:00,4800.5,4800.5,4800.0,4800.0,196.0,SYNTH-MES-A,1
2024-03-06 01:02:00+00:00,4800.0,4800.5,4800.0,4800.25,227.0,SYNTH-MES-A,1
2024-03-06 01:03:00+00:00,4800.25,4800.5,4799.25,4799.25,203.0,SYNTH-MES-A,1
2024-03-06 01:04:00+00:00,4799.25,4799.75,4799.0,4799.75,180.0,SYNTH-MES-A,1
2024-03-06 01:05:00+00:00,4799.75,4800.75,4799.5,4800.25,186.0,SYNTH-MES-A,1
2024-03-06 01:06:00+00:00,4800.25,4800.25,4799.25,4799.5,186.0,SYNTH-MES-A,1
2024-03-06 01:07:00+00:00,4799.5,4799.75,4799.5,4799.5,219.0,SYNTH-MES-A,1
2024-03-06 01:08:00+00:00,4799.5,4800.75,4799.25,4800.5,186.0,SYNTH-MES-A,1
2024-03-06 01:09:00+00:00,4800.5,4801.0,4800.0,4800.25,206.0,SYNTH-MES-A,1
2024-03-06 01:10:00+00:00,4800.25,4801.0,4800.0,4800.25,226.0,SYNTH-MES-A,1
2024-03-06 01:11:00+00:00,4800.25,4801.0,4799.5,4799.75,195.0,SYNTH-MES-A,1
2024-03-06 01:12:00+00:00,4799.75,4801.75,4799.0,4801.25,230.0,SYNTH-MES-A,1
2024-03-06 01:13:00+00:00,4801.25,4801.5,4801.0,4801.0,201.0,SYNTH-MES-A,1
2024-03-06 01:14:00+00:00,4801.0,4801.25,4800.25,4800.75,221.0,SYNTH-MES-A,1
2024-03-06 01:15:00+00:00,4800.75,4801.0,4800.75,4801.0,186.0,SYNTH-MES-A,1
2024-03-06 01:16:00+00:00,4801.0,4803.25,4801.0,4803.0,230.0,SYNTH-MES-A,1
2024-03-06 01:17:00+00:00,4803.0,4803.75,4801.5,4801.5,189.0,SYNTH-MES-A,1
2024-03-06 01:18:00+00:00,4801.5,4801.5,4800.75,4801.25,207.0,SYNTH-MES-A,1
2024-03-06 01:19:00+00:00,4801.25,4801.75,4801.0,4801.5,201.0,SYNTH-MES-A,1
2024-03-06 01:20:00+00:00,4801.5,4802.75,4800.5,4801.0,194.0,SYNTH-MES-A,1
2024-03-06 01:21:00+00:00,4801.0,4801.25,4800.5,4800.75,201.0,SYNTH-MES-A,1
2024-03-06 01:22:00+00:00,4800.75,4801.5,4800.25,4801.25,190.0,SYNTH-MES-A,1
2024-03-06 01:23:00+00:00,4801.25,4801.25,4801.0,4801.25,224.0,SYNTH-MES-A,1
2024-03-06 01:24:00+00:00,4801.25,4803.5,4800.75,4803.25,209.0,SYNTH-MES-A,1
2024-03-06 01:25:00+00:00,4803.25,4805.5,4802.75,4805.0,204.0,SYNTH-MES-A,1
2024-03-06 01:26:00+00:00,4805.0,4805.25,4803.75,4804.0,201.0,SYNTH-MES-A,1
2024-03-06 01:27:00+00:00,4804.0,4804.0,4802.75,4802.75,205.0,SYNTH-MES-A,1
2024-03-06 01:28:00+00:00,4802.75,4803.25,4802.75,4803.0,169.0,SYNTH-MES-A,1
2024-03-06 01:29:00+00:00,4803.0,4803.75,4802.75,4803.0,195.0,SYNTH-MES-A,1
2024-03-06 01:30:00+00:00,4803.0,4803.25,4801.25,4802.25,183.0,SYNTH-MES-A,1
2024-03-06 01:31:00+00:00,4802.25,4803.0,4801.75,4802.75,203.0,SYNTH-MES-A,1
2024-03-06 01:32:00+00:00,4802.75,4802.75,4802.25,4802.5,190.0,SYNTH-MES-A,1
2024-03-06 01:33:00+00:00,4802.5,4802.75,4801.0,4801.25,202.0,SYNTH-MES-A,1
2024-03-06 01:34:00+00:00,4801.25,4801.5,4801.0,4801.25,196.0,SYNTH-MES-A,1
2024-03-06 01:35:00+00:00,4801.25,4802.25,4800.5,4801.75,212.0,SYNTH-MES-A,1
2024-03-06 01:36:00+00:00,4801.75,4802.5,4801.5,4801.5,210.0,SYNTH-MES-A,1
2024-03-06 01:37:00+00:00,4801.5,4802.0,4801.0,4801.75,220.0,SYNTH-MES-A,1
2024-03-06 01:38:00+00:00,4801.75,4802.5,4801.5,4801.75,211.0,SYNTH-MES-A,1
2024-03-06 01:39:00+00:00,4801.75,4802.0,4801.5,4801.75,174.0,SYNTH-MES-A,1
2024-03-06 01:40:00+00:00,4801.75,4803.25,4801.75,4803.0,184.0,SYNTH-MES-A,1
2024-03-06 01:41:00+00:00,4803.0,4805.0,4803.0,4804.5,184.0,SYNTH-MES-A,1
2024-03-06 01:42:00+00:00,4804.5,4804.75,4804.5,4804.5,194.0,SYNTH-MES-A,1
2024-03-06 01:43:00+00:00,4804.5,4804.5,4803.75,4804.25,175.0,SYNTH-MES-A,1
2024-03-06 01:44:00+00:00,4804.25,4804.75,4803.5,4804.5,210.0,SYNTH-MES-A,1
2024-03-06 01:45:00+00:00,4804.5,4805.75,4803.75,4803.75,197.0,SYNTH-MES-A,1
2024-03-06 01:46:00+00:00,4803.75,4804.0,4803.0,4803.5,203.0,SYNTH-MES-A,1
2024-03-06 01:47:00+00:00,4803.5,4803.5,4802.0,4803.25,202.0,SYNTH-MES-A,1
2024-03-06 01:48:00+00:00,4803.25,4803.25,4803.0,4803.0,211.0,SYNTH-MES-A,1
2024-03-06 01:49:00+00:00,4803.0,4803.0,4802.75,4802.75,201.0,SYNTH-MES-A,1
2024-03-06 01:50:00+00:00,4802.75,4803.25,4801.75,4802.0,204.0,SYNTH-MES-A,1
2024-03-06 01:51:00+00:00,4802.0,4802.75,4801.75,4802.5,185.0,SYNTH-MES-A,1
2024-03-06 01:52:00+00:00,4802.5,4802.5,4800.75,4801.75,201.0,SYNTH-MES-A,1
2024-03-06 01:53:00+00:00,4801.75,4801.75,4801.5,4801.5,222.0,SYNTH-MES-A,1
2024-03-06 01:54:00+00:00,4801.5,4802.25,4801.25,4801.75,226.0,SYNTH-MES-A,1
2024-03-06 01:55:00+00:00,4801.75,4804.25,4801.5,4802.5,214.0,SYNTH-MES-A,1
2024-03-06 01:56:00+00:00,4802.5,4803.5,4802.25,4803.5,213.0,SYNTH-MES-A,1
2024-03-06 01:57:00+00:00,4803.5,4804.25,4803.25,4803.75,220.0,SYNTH-MES-A,1
2024-03-06 01:58:00+00:00,4803.75,4804.0,4803.75,4804.0,231.0,SYNTH-MES-A,1
2024-03-06 01:59:00+00:00,4804.0,4804.25,4802.25,4802.75,220.0,SYNTH-MES-A,1
2024-03-06 02:00:00+00:00,4802.75,4803.0,4802.25,4803.0,198.0,SYNTH-MES-A,1
2024-03-06 02:01:00+00:00,4803.0,4803.75,4803.0,4803.75,222.0,SYNTH-MES-A,1
2024-03-06 02:02:00+00:00,4803.75,4804.0,4803.75,4804.0,221.0,SYNTH-MES-A,1
2024-03-06 02:03:00+00:00,4804.0,4804.5,4803.5,4803.75,187.0,SYNTH-MES-A,1
2024-03-06 02:04:00+00:00,4803.75,4805.0,4803.5,4804.5,194.0,SYNTH-MES-A,1
2024-03-06 02:05:00+00:00,4804.5,4805.0,4804.25,4804.75,168.0,SYNTH-MES-A,1
2024-03-06 02:06:00+00:00,4804.75,4805.5,4804.25,4805.25,204.0,SYNTH-MES-A,1
2024-03-06 02:07:00+00:00,4805.25,4805.75,4805.25,4805.5,235.0,SYNTH-MES-A,1
2024-03-06 02:08:00+00:00,4805.5,4806.0,4804.5,4804.5,185.0,SYNTH-MES-A,1
2024-03-06 02:09:00+00:00,4804.5,4806.25,4803.25,4805.0,178.0,SYNTH-MES-A,1
2024-03-06 02:10:00+00:00,4805.0,4806.25,4804.25,4806.25,219.0,SYNTH-MES-A,1
2024-03-06 02:11:00+00:00,4806.25,4807.0,4806.25,4806.75,207.0,SYNTH-MES-A,1
2024-03-06 02:12:00+00:00,4806.75,4807.0,4806.5,4806.75,211.0,SYNTH-MES-A,1
2024-03-06 02:13:00+00:00,4806.75,4807.0,4806.5,4806.5,197.0,SYNTH-MES-A,1
2024-03-06 02:14:00+00:00,4806.5,4807.0,4806.0,4806.0,202.0,SYNTH-MES-A,1
2024-03-06 02:15:00+00:00,4806.0,4807.25,4805.75,4807.0,185.0,SYNTH-MES-A,1
2024-03-06 02:16:00+00:00,4807.0,4807.0,4806.75,4806.75,218.0,SYNTH-MES-A,1
2024-03-06 02:17:00+00:00,4806.75,4806.75,4806.25,4806.5,171.0,SYNTH-MES-A,1
2024-03-06 02:18:00+00:00,4806.5,4806.75,4804.25,4805.0,191.0,SYNTH-MES-A,1
2024-03-06 02:19:00+00:00,4805.0,4805.0,4804.75,4804.75,167.0,SYNTH-MES-A,1
2024-03-06 02:20:00+00:00,4804.75,4805.75,4804.75,4805.5,187.0,SYNTH-MES-A,1
2024-03-06 02:21:00+00:00,4805.5,4805.5,4804.25,4805.0,200.0,SYNTH-MES-A,1
2024-03-06 02:22:00+00:00,4805.0,4805.25,4803.5,4804.25,213.0,SYNTH-MES-A,1
2024-03-06 02:23:00+00:00,4804.25,4804.75,4803.5,4803.75,175.0,SYNTH-MES-A,1
2024-03-06 02:24:00+00:00,4803.75,4803.75,4803.75,4803.75,208.0,SYNTH-MES-A,1
2024-03-06 02:25:00+00:00,4803.75,4804.25,4803.5,4804.0,186.0,SYNTH-MES-A,1
2024-03-06 02:26:00+00:00,4804.0,4804.0,4803.75,4803.75,182.0,SYNTH-MES-A,1
2024-03-06 02:27:00+00:00,4803.75,4804.25,4803.0,4803.75,202.0,SYNTH-MES-A,1
2024-03-06 02:28:00+00:00,4803.75,4804.25,4803.75,4803.75,193.0,SYNTH-MES-A,1
2024-03-06 02:29:00+00:00,4803.75,4803.75,4803.0,4803.25,191.0,SYNTH-MES-A,1
2024-03-06 02:30:00+00:00,4803.25,4803.25,4802.5,4802.75,218.0,SYNTH-MES-A,1
2024-03-06 02:31:00+00:00,4802.75,4802.75,4801.75,4802.0,224.0,SYNTH-MES-A,1
2024-03-06 02:32:00+00:00,4802.0,4802.5,4801.75,4802.5,204.0,SYNTH-MES-A,1
2024-03-06 02:33:00+00:00,4802.5,4803.25,4802.5,4802.75,179.0,SYNTH-MES-A,1
2024-03-06 02:34:00+00:00,4802.75,4803.5,4802.25,4802.5,189.0,SYNTH-MES-A,1
2024-03-06 02:35:00+00:00,4802.5,4802.5,4801.25,4802.25,188.0,SYNTH-MES-A,1
2024-03-06 02:36:00+00:00,4802.25,4802.25,4802.0,4802.0,190.0,SYNTH-MES-A,1
2024-03-06 02:37:00+00:00,4802.0,4803.0,4802.0,4802.25,206.0,SYNTH-MES-A,1
2024-03-06 02:38:00+00:00,4802.25,4803.75,4801.75,4803.75,193.0,SYNTH-MES-A,1
2024-03-06 02:39:00+00:00,4803.75,4804.75,4801.75,4802.0,207.0,SYNTH-MES-A,1
2024-03-06 02:40:00+00:00,4802.0,4802.0,4801.0,4801.25,199.0,SYNTH-MES-A,1
2024-03-06 02:41:00+00:00,4801.25,4802.0,4801.25,4801.5,216.0,SYNTH-MES-A,1
2024-03-06 02:42:00+00:00,4801.5,4803.75,4801.0,4803.0,201.0,SYNTH-MES-A,1
2024-03-06 02:43:00+00:00,4803.0,4803.0,4802.5,4802.75,210.0,SYNTH-MES-A,1
2024-03-06 02:44:00+00:00,4802.75,4804.5,4802.75,4804.25,197.0,SYNTH-MES-A,1
2024-03-06 02:45:00+00:00,4804.25,4804.25,4803.25,4803.75,201.0,SYNTH-MES-A,1
2024-03-06 02:46:00+00:00,4803.75,4803.75,4802.75,4803.0,217.0,SYNTH-MES-A,1
2024-03-06 02:47:00+00:00,4803.0,4803.5,4803.0,4803.25,205.0,SYNTH-MES-A,1
2024-03-06 02:48:00+00:00,4803.25,4803.75,4803.0,4803.0,240.0,SYNTH-MES-A,1
2024-03-06 02:49:00+00:00,4803.0,4803.5,4802.0,4803.25,210.0,SYNTH-MES-A,1
2024-03-06 02:50:00+00:00,4803.25,4804.75,4803.0,4804.25,189.0,SYNTH-MES-A,1
2024-03-06 02:51:00+00:00,4804.25,4804.25,4804.0,4804.25,197.0,SYNTH-MES-A,1
2024-03-06 02:52:00+00:00,4804.25,4804.25,4803.25,4803.5,187.0,SYNTH-MES-A,1
2024-03-06 02:53:00+00:00,4803.5,4803.5,4803.25,4803.25,212.0,SYNTH-MES-A,1
2024-03-06 02:54:00+00:00,4803.25,4803.25,4802.75,4802.75,196.0,SYNTH-MES-A,1
2024-03-06 02:55:00+00:00,4802.75,4803.0,4801.5,4802.25,194.0,SYNTH-MES-A,1
2024-03-06 02:56:00+00:00,4802.25,4803.75,4801.75,4803.25,191.0,SYNTH-MES-A,1
2024-03-06 02:57:00+00:00,4803.25,4804.5,4803.25,4804.25,219.0,SYNTH-MES-A,1
2024-03-06 02:58:00+00:00,4804.25,4804.5,4803.5,4803.75,211.0,SYNTH-MES-A,1
2024-03-06 02:59:00+00:00,4803.75,4805.0,4803.5,4804.75,195.0,SYNTH-MES-A,1
2024-03-06 03:00:00+00:00,4804.75,4805.25,4803.5,4803.75,183.0,SYNTH-MES-A,1
2024-03-06 03:01:00+00:00,4803.75,4804.5,4803.5,4804.0,204.0,SYNTH-MES-A,1
2024-03-06 03:02:00+00:00,4804.0,4805.0,4804.0,4804.75,192.0,SYNTH-MES-A,1
2024-03-06 03:03:00+00:00,4804.75,4805.25,4804.75,4805.0,199.0,SYNTH-MES-A,1
2024-03-06 03:04:00+00:00,4805.0,4805.75,4804.75,4804.75,183.0,SYNTH-MES-A,1
2024-03-06 03:05:00+00:00,4804.75,4805.25,4804.5,4805.25,191.0,SYNTH-MES-A,1
2024-03-06 03:06:00+00:00,4805.25,4805.25,4805.25,4805.25,201.0,SYNTH-MES-A,1
2024-03-06 03:07:00+00:00,4805.25,4805.25,4804.25,4804.5,219.0,SYNTH-MES-A,1
2024-03-06 03:08:00+00:00,4804.5,4805.25,4804.25,4805.0,217.0,SYNTH-MES-A,1
2024-03-06 03:09:00+00:00,4805.0,4805.0,4805.0,4805.0,204.0,SYNTH-MES-A,1
2024-03-06 03:10:00+00:00,4805.0,4805.25,4805.0,4805.25,180.0,SYNTH-MES-A,1
2024-03-06 03:11:00+00:00,4805.25,4805.5,4804.75,4804.75,193.0,SYNTH-MES-A,1
2024-03-06 03:12:00+00:00,4804.75,4806.0,4804.75,4805.75,209.0,SYNTH-MES-A,1
2024-03-06 03:13:00+00:00,4805.75,4805.75,4805.25,4805.25,191.0,SYNTH-MES-A,1
2024-03-06 03:14:00+00:00,4805.25,4805.5,4803.5,4803.75,203.0,SYNTH-MES-A,1
2024-03-06 03:15:00+00:00,4803.75,4804.75,4803.75,4804.75,200.0,SYNTH-MES-A,1
2024-03-06 03:16:00+00:00,4804.75,4804.75,4803.75,4804.0,216.0,SYNTH-MES-A,1
2024-03-06 03:17:00+00:00,4804.0,4804.25,4803.75,4803.75,191.0,SYNTH-MES-A,1
2024-03-06 03:18:00+00:00,4803.75,4803.75,4801.5,4802.0,211.0,SYNTH-MES-A,1
2024-03-06 03:19:00+00:00,4802.0,4802.25,4801.5,4802.0,177.0,SYNTH-MES-A,1
2024-03-06 03:20:00+00:00,4802.0,4802.25,4801.0,4801.25,199.0,SYNTH-MES-A,1
2024-03-06 03:21:00+00:00,4801.25,4802.0,4801.0,4802.0,191.0,SYNTH-MES-A,1
2024-03-06 03:22:00+00:00,4802.0,4802.0,4801.0,4802.0,230.0,SYNTH-MES-A,1
2024-03-06 03:23:00+00:00,4802.0,4802.0,4802.0,4802.0,205.0,SYNTH-MES-A,1
2024-03-06 03:24:00+00:00,4802.0,4802.0,4800.5,4801.0,177.0,SYNTH-MES-A,1
2024-03-06 03:25:00+00:00,4801.0,4802.25,4801.0,4801.25,199.0,SYNTH-MES-A,1
2024-03-06 03:26:00+00:00,4801.25,4801.75,4801.0,4801.75,201.0,SYNTH-MES-A,1
2024-03-06 03:27:00+00:00,4801.75,4802.75,4801.5,4802.25,225.0,SYNTH-MES-A,1
2024-03-06 03:28:00+00:00,4802.25,4803.0,4802.0,4802.75,193.0,SYNTH-MES-A,1
2024-03-06 03:29:00+00:00,4802.75,4803.0,4802.75,4803.0,187.0,SYNTH-MES-A,1
2024-03-06 03:30:00+00:00,4803.0,4803.5,4803.0,4803.5,201.0,SYNTH-MES-A,1
2024-03-06 03:31:00+00:00,4803.5,4805.0,4803.25,4804.25,180.0,SYNTH-MES-A,1
2024-03-06 03:32:00+00:00,4804.25,4804.25,4803.75,4804.0,198.0,SYNTH-MES-A,1
2024-03-06 03:33:00+00:00,4804.0,4805.25,4803.5,4804.5,187.0,SYNTH-MES-A,1
2024-03-06 03:34:00+00:00,4804.5,4805.0,4803.75,4804.25,189.0,SYNTH-MES-A,1
2024-03-06 03:35:00+00:00,4804.25,4804.25,4804.25,4804.25,210.0,SYNTH-MES-A,1
2024-03-06 03:36:00+00:00,4804.25,4806.5,4803.25,4805.0,201.0,SYNTH-MES-A,1
2024-03-06 03:37:00+00:00,4805.0,4805.75,4805.0,4805.75,220.0,SYNTH-MES-A,1
2024-03-06 03:38:00+00:00,4805.75,4806.0,4805.75,4805.75,206.0,SYNTH-MES-A,1
2024-03-06 03:39:00+00:00,4805.75,4805.75,4805.25,4805.75,218.0,SYNTH-MES-A,1
2024-03-06 03:40:00+00:00,4805.75,4805.75,4805.75,4805.75,203.0,SYNTH-MES-A,1
2024-03-06 03:41:00+00:00,4805.75,4805.75,4804.25,4804.25,207.0,SYNTH-MES-A,1
2024-03-06 03:42:00+00:00,4804.25,4805.0,4804.25,4804.5,181.0,SYNTH-MES-A,1
2024-03-06 03:43:00+00:00,4804.5,4805.25,4803.75,4805.25,210.0,SYNTH-MES-A,1
2024-03-06 03:44:00+00:00,4805.25,4806.5,4805.25,4806.5,201.0,SYNTH-MES-A,1
2024-03-06 03:45:00+00:00,4806.5,4806.5,4806.0,4806.5,206.0,SYNTH-MES-A,1
2024-03-06 03:46:00+00:00,4806.5,4806.5,4805.5,4805.5,192.0,SYNTH-MES-A,1
2024-03-06 03:47:00+00:00,4805.5,4806.5,4805.5,4806.5,204.0,SYNTH-MES-A,1
2024-03-06 03:48:00+00:00,4806.5,4807.0,4806.5,4806.75,194.0,SYNTH-MES-A,1
2024-03-06 03:49:00+00:00,4806.75,4808.25,4806.25,4808.0,197.0,SYNTH-MES-A,1
2024-03-06 03:50:00+00:00,4808.0,4808.25,4807.75,4807.75,193.0,SYNTH-MES-A,1
2024-03-06 03:51:00+00:00,4807.75,4807.75,4807.5,4807.75,175.0,SYNTH-MES-A,1
2024-03-06 03:52:00+00:00,4807.75,4808.0,4806.25,4806.25,192.0,SYNTH-MES-A,1
2024-03-06 03:53:00+00:00,4806.25,4806.5,4805.5,4805.5,181.0,SYNTH-MES-A,1
2024-03-06 03:54:00+00:00,4805.5,4805.5,4804.75,4805.0,214.0,SYNTH-MES-A,1
2024-03-06 03:55:00+00:00,4805.0,4805.25,4805.0,4805.0,201.0,SYNTH-MES-A,1
2024-03-06 03:56:00+00:00,4805.0,4806.0,4805.0,4806.0,206.0,SYNTH-MES-A,1
2024-03-06 03:57:00+00:00,4806.0,4807.25,4805.0,4807.25,190.0,SYNTH-MES-A,1
2024-03-06 03:58:00+00:00,4807.25,4808.5,4807.25,4808.5,186.0,SYNTH-MES-A,1
2024-03-06 03:59:00+00:00,4808.5,4810.0,4808.25,4808.75,193.0,SYNTH-MES-A,1
2024-03-06 04:00:00+00:00,4808.75,4810.5,4808.5,4810.25,210.0,SYNTH-MES-A,1
2024-03-06 04:01:00+00:00,4810.25,4811.0,4809.5,4810.0,213.0,SYNTH-MES-A,1
2024-03-06 04:02:00+00:00,4810.0,4810.0,4809.75,4810.0,201.0,SYNTH-MES-A,1
2024-03-06 04:03:00+00:00,4810.0,4810.0,4808.75,4808.75,200.0,SYNTH-MES-A,1
2024-03-06 04:04:00+00:00,4808.75,4809.25,4808.0,4808.0,175.0,SYNTH-MES-A,1
2024-03-06 04:05:00+00:00,4808.0,4808.25,4806.75,4806.75,204.0,SYNTH-MES-A,1
2024-03-06 04:06:00+00:00,4806.75,4807.75,4806.25,4807.0,187.0,SYNTH-MES-A,1
2024-03-06 04:07:00+00:00,4807.0,4808.25,4807.0,4808.25,181.0,SYNTH-MES-A,1
2024-03-06 04:08:00+00:00,4808.25,4809.0,4808.25,4808.75,199.0,SYNTH-MES-A,1
2024-03-06 04:09:00+00:00,4808.75,4810.5,4808.5,4810.25,199.0,SYNTH-MES-A,1
2024-03-06 04:10:00+00:00,4810.25,4811.0,4810.25,4810.75,190.0,SYNTH-MES-A,1
2024-03-06 04:11:00+00:00,4810.75,4812.5,4810.25,4812.0,203.0,SYNTH-MES-A,1
2024-03-06 04:12:00+00:00,4812.0,4812.25,4811.5,4812.0,201.0,SYNTH-MES-A,1
2024-03-06 04:13:00+00:00,4812.0,4812.25,4811.0,4811.25,231.0,SYNTH-MES-A,1
2024-03-06 04:14:00+00:00,4811.25,4811.5,4809.5,4809.75,219.0,SYNTH-MES-A,1
2024-03-06 04:15:00+00:00,4809.75,4810.0,4809.5,4810.0,189.0,SYNTH-MES-A,1
2024-03-06 04:16:00+00:00,4810.0,4811.5,4809.75,4810.75,183.0,SYNTH-MES-A,1
2024-03-06 04:17:00+00:00,4810.75,4811.75,4810.25,4811.75,182.0,SYNTH-MES-A,1
2024-03-06 04:18:00+00:00,4811.75,4812.75,4811.5,4812.5,203.0,SYNTH-MES-A,1
2024-03-06 04:19:00+00:00,4812.5,4813.75,4812.5,4813.5,193.0,SYNTH-MES-A,1
2024-03-06 04:20:00+00:00,4813.5,4813.5,4812.0,4812.25,215.0,SYNTH-MES-A,1
2024-03-06 04:21:00+00:00,4812.25,4812.25,4811.25,4812.0,210.0,SYNTH-MES-A,1
2024-03-06 04:22:00+00:00,4812.0,4812.25,4811.75,4811.75,198.0,SYNTH-MES-A,1
2024-03-06 04:23:00+00:00,4811.75,4813.0,4811.75,4813.0,195.0,SYNTH-MES-A,1
2024-03-06 04:24:00+00:00,4813.0,4813.25,4813.0,4813.0,206.0,SYNTH-MES-A,1
2024-03-06 04:25:00+00:00,4813.0,4813.25,4812.0,4812.0,202.0,SYNTH-MES-A,1
2024-03-06 04:26:00+00:00,4812.0,4812.75,4811.5,4812.5,190.0,SYNTH-MES-A,1
2024-03-06 04:27:00+00:00,4812.5,4813.0,4812.0,4813.0,198.0,SYNTH-MES-A,1
2024-03-06 04:28:00+00:00,4813.0,4813.0,4812.0,4812.25,200.0,SYNTH-MES-A,1
2024-03-06 04:29:00+00:00,4812.25,4812.25,4811.0,4811.25,190.0,SYNTH-MES-A,1
2024-03-06 04:30:00+00:00,4811.25,4811.5,4810.5,4810.5,210.0,SYNTH-MES-A,1
2024-03-06 04:31:00+00:00,4810.5,4811.75,4810.5,4811.25,215.0,SYNTH-MES-A,1
2024-03-06 04:32:00+00:00,4811.25,4811.5,4810.75,4811.5,225.0,SYNTH-MES-A,1
2024-03-06 04:33:00+00:00,4811.5,4811.5,4811.0,4811.0,180.0,SYNTH-MES-A,1
2024-03-06 04:34:00+00:00,4811.0,4812.0,4810.75,4811.75,202.0,SYNTH-MES-A,1
2024-03-06 04:35:00+00:00,4811.75,4813.25,4811.25,4813.25,198.0,SYNTH-MES-A,1
2024-03-06 04:36:00+00:00,4813.25,4814.5,4813.0,4814.5,191.0,SYNTH-MES-A,1
2024-03-06 04:37:00+00:00,4814.5,4814.5,4814.25,4814.5,193.0,SYNTH-MES-A,1
2024-03-06 04:38:00+00:00,4814.5,4814.75,4812.75,4812.75,203.0,SYNTH-MES-A,1
2024-03-06 04:39:00+00:00,4812.75,4813.5,4812.25,4812.5,231.0,SYNTH-MES-A,1
2024-03-06 04:40:00+00:00,4812.5,4812.5,4812.0,4812.25,203.0,SYNTH-MES-A,1
2024-03-06 04:41:00+00:00,4812.25,4812.25,4811.75,4812.25,213.0,SYNTH-MES-A,1
2024-03-06 04:42:00+00:00,4812.25,4813.0,4811.5,4813.0,215.0,SYNTH-MES-A,1
2024-03-06 04:43:00+00:00,4813.0,4813.5,4812.25,4812.5,205.0,SYNTH-MES-A,1
2024-03-06 04:44:00+00:00,4812.5,4812.75,4812.5,4812.75,174.0,SYNTH-MES-A,1
2024-03-06 04:45:00+00:00,4812.75,4813.0,4812.25,4812.5,188.0,SYNTH-MES-A,1
2024-03-06 04:46:00+00:00,4812.5,4812.5,4812.25,4812.5,210.0,SYNTH-MES-A,1
2024-03-06 04:47:00+00:00,4812.5,4813.25,4812.5,4813.0,194.0,SYNTH-MES-A,1
2024-03-06 04:48:00+00:00,4813.0,4813.5,4812.5,4812.75,218.0,SYNTH-MES-A,1
2024-03-06 04:49:00+00:00,4812.75,4812.75,4812.75,4812.75,189.0,SYNTH-MES-A,1
2024-03-06 04:50:00+00:00,4812.75,4813.75,4812.5,4812.5,202.0,SYNTH-MES-A,1
2024-03-06 04:51:00+00:00,4812.5,4813.25,4812.5,4812.5,197.0,SYNTH-MES-A,1
2024-03-06 04:52:00+00:00,4812.5,4813.5,4812.25,4813.5,214.0,SYNTH-MES-A,1
2024-03-06 04:53:00+00:00,4813.5,4813.75,4812.75,4813.0,179.0,SYNTH-MES-A,1
2024-03-06 04:54:00+00:00,4813.0,4813.75,4811.25,4813.25,189.0,SYNTH-MES-A,1
2024-03-06 04:55:00+00:00,4813.25,4814.5,4812.75,4814.0,185.0,SYNTH-MES-A,1
2024-03-06 04:56:00+00:00,4814.0,4814.25,4813.25,4814.0,216.0,SYNTH-MES-A,1
2024-03-06 04:57:00+00:00,4814.0,4814.25,4812.25,4814.25,216.0,SYNTH-MES-A,1
2024-03-06 04:58:00+00:00,4814.25,4815.0,4814.0,4814.5,226.0,SYNTH-MES-A,1
2024-03-06 04:59:00+00:00,4814.5,4815.0,4814.25,4814.5,201.0,SYNTH-MES-A,1
2024-03-06 05:00:00+00:00,4814.5,4815.0,4814.25,4815.0,232.0,SYNTH-MES-A,1
2024-03-06 05:01:00+00:00,4815.0,4815.25,4813.5,4814.0,201.0,SYNTH-MES-A,1
2024-03-06 05:02:00+00:00,4814.0,4814.25,4813.5,4814.25,229.0,SYNTH-MES-A,1
2024-03-06 05:03:00+00:00,4814.25,4814.5,4813.75,4814.0,209.0,SYNTH-MES-A,1
2024-03-06 05:04:00+00:00,4814.0,4814.0,4812.75,4812.75,186.0,SYNTH-MES-A,1
2024-03-06 05:05:00+00:00,4812.75,4813.0,4811.75,4812.0,199.0,SYNTH-MES-A,1
2024-03-06 05:06:00+00:00,4812.0,4813.0,4810.75,4813.0,214.0,SYNTH-MES-A,1
2024-03-06 05:07:00+00:00,4813.0,4814.0,4812.5,4814.0,223.0,SYNTH-MES-A,1
2024-03-06 05:08:00+00:00,4814.0,4814.25,4814.0,4814.0,216.0,SYNTH-MES-A,1
2024-03-06 05:09:00+00:00,4814.0,4814.25,4814.0,4814.25,206.0,SYNTH-MES-A,1
2024-03-06 05:10:00+00:00,4814.25,4814.75,4813.0,4814.5,220.0,SYNTH-MES-A,1
2024-03-06 05:11:00+00:00,4814.5,4815.25,4814.25,4815.0,174.0,SYNTH-MES-A,1
2024-03-06 05:12:00+00:00,4815.0,4817.0,4814.75,4816.75,202.0,SYNTH-MES-A,1
2024-03-06 05:13:00+00:00,4816.75,4817.0,4815.0,4815.25,185.0,SYNTH-MES-A,1
2024-03-06 05:14:00+00:00,4815.25,4815.5,4814.75,4815.25,180.0,SYNTH-MES-A,1
2024-03-06 05:15:00+00:00,4815.25,4815.25,4815.25,4815.25,191.0,SYNTH-MES-A,1
2024-03-06 05:16:00+00:00,4815.25,4815.25,4814.0,4814.25,183.0,SYNTH-MES-A,1
2024-03-06 05:17:00+00:00,4814.25,4814.5,4811.25,4813.25,220.0,SYNTH-MES-A,1
2024-03-06 05:18:00+00:00,4813.25,4814.5,4813.0,4814.25,198.0,SYNTH-MES-A,1
2024-03-06 05:19:00+00:00,4814.25,4814.75,4813.75,4813.75,192.0,SYNTH-MES-A,1
2024-03-06 05:20:00+00:00,4813.75,4814.0,4813.5,4813.5,203.0,SYNTH-MES-A,1
2024-03-06 05:21:00+00:00,4813.5,4814.25,4813.25,4813.25,221.0,SYNTH-MES-A,1
2024-03-06 05:22:00+00:00,4813.25,4813.5,4812.5,4812.75,204.0,SYNTH-MES-A,1
2024-03-06 05:23:00+00:00,4812.75,4813.0,4812.5,4812.75,219.0,SYNTH-MES-A,1
2024-03-06 05:24:00+00:00,4812.75,4813.25,4811.25,4811.25,208.0,SYNTH-MES-A,1
2024-03-06 05:25:00+00:00,4811.25,4811.75,4810.75,4811.75,196.0,SYNTH-MES-A,1
2024-03-06 05:26:00+00:00,4811.75,4812.25,4811.25,4812.25,191.0,SYNTH-MES-A,1
2024-03-06 05:27:00+00:00,4812.25,4813.25,4811.75,4812.75,200.0,SYNTH-MES-A,1
2024-03-06 05:28:00+00:00,4812.75,4813.0,4811.5,4811.5,225.0,SYNTH-MES-A,1
2024-03-06 05:29:00+00:00,4811.5,4812.25,4810.5,4811.25,181.0,SYNTH-MES-A,1
2024-03-06 05:30:00+00:00,4811.25,4811.25,4808.5,4810.0,219.0,SYNTH-MES-A,1
2024-03-06 05:31:00+00:00,4810.0,4812.25,4809.75,4812.0,191.0,SYNTH-MES-A,1
2024-03-06 05:32:00+00:00,4812.0,4813.0,4812.0,4812.75,200.0,SYNTH-MES-A,1
2024-03-06 05:33:00+00:00,4812.75,4814.25,4812.75,4814.25,184.0,SYNTH-MES-A,1
2024-03-06 05:34:00+00:00,4814.25,4814.75,4812.0,4812.5,196.0,SYNTH-MES-A,1
2024-03-06 05:35:00+00:00,4812.5,4812.75,4812.5,4812.5,209.0,SYNTH-MES-A,1
2024-03-06 05:36:00+00:00,4812.5,4813.5,4812.5,4813.5,198.0,SYNTH-MES-A,1
2024-03-06 05:37:00+00:00,4813.5,4813.5,4813.0,4813.25,204.0,SYNTH-MES-A,1
2024-03-06 05:38:00+00:00,4813.25,4813.5,4813.0,4813.0,173.0,SYNTH-MES-A,1
2024-03-06 05:39:00+00:00,4813.0,4814.0,4813.0,4813.0,225.0,SYNTH-MES-A,1
2024-03-06 05:40:00+00:00,4813.0,4813.5,4812.5,4812.5,213.0,SYNTH-MES-A,1
2024-03-06 05:41:00+00:00,4812.5,4813.5,4811.5,4813.0,184.0,SYNTH-MES-A,1
2024-03-06 05:42:00+00:00,4813.0,4813.0,4812.5,4813.0,216.0,SYNTH-MES-A,1
2024-03-06 05:43:00+00:00,4813.0,4814.5,4812.75,4813.25,248.0,SYNTH-MES-A,1
2024-03-06 05:44:00+00:00,4813.25,4814.5,4813.25,4813.75,208.0,SYNTH-MES-A,1
2024-03-06 05:45:00+00:00,4813.75,4814.25,4813.75,4814.0,210.0,SYNTH-MES-A,1
2024-03-06 05:46:00+00:00,4814.0,4814.75,4813.0,4813.25,183.0,SYNTH-MES-A,1
2024-03-06 05:47:00+00:00,4813.25,4815.0,4813.25,4814.5,207.0,SYNTH-MES-A,1
2024-03-06 05:48:00+00:00,4814.5,4815.5,4814.25,4815.5,214.0,SYNTH-MES-A,1
2024-03-06 05:49:00+00:00,4815.5,4816.0,4815.25,4816.0,197.0,SYNTH-MES-A,1
2024-03-06 05:50:00+00:00,4816.0,4816.25,4815.0,4815.75,198.0,SYNTH-MES-A,1
2024-03-06 05:51:00+00:00,4815.75,4817.0,4815.75,4817.0,188.0,SYNTH-MES-A,1
2024-03-06 05:52:00+00:00,4817.0,4817.25,4816.5,4816.75,189.0,SYNTH-MES-A,1
2024-03-06 05:53:00+00:00,4816.75,4817.75,4816.5,4817.25,199.0,SYNTH-MES-A,1
2024-03-06 05:54:00+00:00,4817.25,4817.25,4816.5,4816.5,191.0,SYNTH-MES-A,1
2024-03-06 05:55:00+00:00,4816.5,4817.0,4816.0,4816.5,219.0,SYNTH-MES-A,1
2024-03-06 05:56:00+00:00,4816.5,4817.0,4816.25,4816.5,209.0,SYNTH-MES-A,1
2024-03-06 05:57:00+00:00,4816.5,4816.5,4816.25,4816.25,198.0,SYNTH-MES-A,1
2024-03-06 05:58:00+00:00,4816.25,4817.75,4816.0,4817.25,207.0,SYNTH-MES-A,1
2024-03-06 05:59:00+00:00,4817.25,4817.75,4817.25,4817.5,192.0,SYNTH-MES-A,1
2024-03-06 06:00:00+00:00,4817.5,4817.75,4816.25,4816.75,186.0,SYNTH-MES-A,1
2024-03-06 06:01:00+00:00,4816.75,4816.75,4816.25,4816.5,192.0,SYNTH-MES-A,1
2024-03-06 06:02:00+00:00,4816.5,4818.25,4816.5,4818.0,180.0,SYNTH-MES-A,1
2024-03-06 06:03:00+00:00,4818.0,4818.25,4816.5,4817.25,222.0,SYNTH-MES-A,1
2024-03-06 06:04:00+00:00,4817.25,4818.0,4817.0,4817.75,194.0,SYNTH-MES-A,1
2024-03-06 06:05:00+00:00,4817.75,4817.75,4816.75,4816.75,190.0,SYNTH-MES-A,1
2024-03-06 06:06:00+00:00,4816.75,4816.75,4816.5,4816.5,196.0,SYNTH-MES-A,1
2024-03-06 06:07:00+00:00,4816.5,4817.25,4816.25,4816.75,204.0,SYNTH-MES-A,1
2024-03-06 06:08:00+00:00,4816.75,4817.25,4816.75,4817.0,180.0,SYNTH-MES-A,1
2024-03-06 06:09:00+00:00,4817.0,4818.5,4817.0,4818.25,182.0,SYNTH-MES-A,1
2024-03-06 06:10:00+00:00,4818.25,4819.0,4818.25,4818.75,188.0,SYNTH-MES-A,1
2024-03-06 06:11:00+00:00,4818.75,4818.75,4817.5,4818.0,187.0,SYNTH-MES-A,1
2024-03-06 06:12:00+00:00,4818.0,4818.25,4817.75,4818.0,193.0,SYNTH-MES-A,1
2024-03-06 06:13:00+00:00,4818.0,4819.25,4818.0,4818.25,190.0,SYNTH-MES-A,1
2024-03-06 06:14:00+00:00,4818.25,4818.25,4818.0,4818.0,210.0,SYNTH-MES-A,1
2024-03-06 06:15:00+00:00,4818.0,4818.0,4816.5,4817.0,196.0,SYNTH-MES-A,1
2024-03-06 06:16:00+00:00,4817.0,4817.5,4816.75,4816.75,204.0,SYNTH-MES-A,1
2024-03-06 06:17:00+00:00,4816.75,4817.0,4816.5,4816.5,198.0,SYNTH-MES-A,1
2024-03-06 06:18:00+00:00,4816.5,4818.25,4816.5,4817.25,211.0,SYNTH-MES-A,1
2024-03-06 06:19:00+00:00,4817.25,4817.5,4817.0,4817.0,179.0,SYNTH-MES-A,1
2024-03-06 06:20:00+00:00,4817.0,4817.75,4816.75,4817.5,228.0,SYNTH-MES-A,1
2024-03-06 06:21:00+00:00,4817.5,4819.0,4817.25,4819.0,190.0,SYNTH-MES-A,1
2024-03-06 06:22:00+00:00,4819.0,4820.0,4819.0,4819.75,214.0,SYNTH-MES-A,1
2024-03-06 06:23:00+00:00,4819.75,4820.75,4819.5,4819.75,212.0,SYNTH-MES-A,1
2024-03-06 06:24:00+00:00,4819.75,4820.5,4819.5,4819.75,212.0,SYNTH-MES-A,1
2024-03-06 06:25:00+00:00,4819.75,4821.0,4819.75,4821.0,201.0,SYNTH-MES-A,1
2024-03-06 06:26:00+00:00,4821.0,4821.25,4820.5,4820.75,207.0,SYNTH-MES-A,1
2024-03-06 06:27:00+00:00,4820.75,4820.75,4819.5,4820.0,209.0,SYNTH-MES-A,1
2024-03-06 06:28:00+00:00,4820.0,4820.0,4819.5,4819.75,204.0,SYNTH-MES-A,1
2024-03-06 06:29:00+00:00,4819.75,4820.5,4819.5,4820.25,212.0,SYNTH-MES-A,1
2024-03-06 06:30:00+00:00,4820.25,4820.75,4820.25,4820.5,190.0,SYNTH-MES-A,1
2024-03-06 06:31:00+00:00,4820.5,4821.75,4820.0,4820.0,186.0,SYNTH-MES-A,1
2024-03-06 06:32:00+00:00,4820.0,4821.75,4819.75,4820.75,203.0,SYNTH-MES-A,1
2024-03-06 06:33:00+00:00,4820.75,4821.0,4819.75,4819.75,201.0,SYNTH-MES-A,1
2024-03-06 06:34:00+00:00,4819.75,4819.75,4817.5,4819.0,193.0,SYNTH-MES-A,1
2024-03-06 06:35:00+00:00,4819.0,4819.5,4818.75,4818.75,191.0,SYNTH-MES-A,1
2024-03-06 06:36:00+00:00,4818.75,4819.0,4817.0,4817.0,195.0,SYNTH-MES-A,1
2024-03-06 06:37:00+00:00,4817.0,4817.0,4816.75,4816.75,199.0,SYNTH-MES-A,1
2024-03-06 06:38:00+00:00,4816.75,4816.75,4816.5,4816.75,194.0,SYNTH-MES-A,1
2024-03-06 06:39:00+00:00,4816.75,4819.0,4816.75,4818.75,196.0,SYNTH-MES-A,1
2024-03-06 06:40:00+00:00,4818.75,4819.0,4818.75,4819.0,197.0,SYNTH-MES-A,1
2024-03-06 06:41:00+00:00,4819.0,4819.75,4818.0,4819.5,226.0,SYNTH-MES-A,1
2024-03-06 06:42:00+00:00,4819.5,4819.75,4819.5,4819.75,198.0,SYNTH-MES-A,1
2024-03-06 06:43:00+00:00,4819.75,4820.5,4819.5,4820.25,213.0,SYNTH-MES-A,1
2024-03-06 06:44:00+00:00,4820.25,4821.25,4819.5,4821.0,206.0,SYNTH-MES-A,1
2024-03-06 06:45:00+00:00,4821.0,4821.25,4820.5,4820.5,206.0,SYNTH-MES-A,1
2024-03-06 06:46:00+00:00,4820.5,4821.25,4819.5,4821.25,183.0,SYNTH-MES-A,1
2024-03-06 06:47:00+00:00,4821.25,4822.75,4821.25,4822.5,184.0,SYNTH-MES-A,1
2024-03-06 06:48:00+00:00,4822.5,4822.75,4822.0,4822.25,217.0,SYNTH-MES-A,1
2024-03-06 06:49:00+00:00,4822.25,4822.25,4821.5,4821.75,209.0,SYNTH-MES-A,1
2024-03-06 06:50:00+00:00,4821.75,4821.75,4820.5,4820.75,197.0,SYNTH-MES-A,1
2024-03-06 06:51:00+00:00,4820.75,4821.0,4820.0,4820.25,213.0,SYNTH-MES-A,1
2024-03-06 06:52:00+00:00,4820.25,4820.25,4819.25,4819.25,192.0,SYNTH-MES-A,1
2024-03-06 06:53:00+00:00,4819.25,4819.5,4819.25,4819.25,196.0,SYNTH-MES-A,1
2024-03-06 06:54:00+00:00,4819.25,4819.5,4818.5,4818.5,191.0,SYNTH-MES-A,1
2024-03-06 06:55:00+00:00,4818.5,4819.75,4818.0,4818.25,191.0,SYNTH-MES-A,1
2024-03-06 06:56:00+00:00,4818.25,4818.5,4817.5,4817.5,203.0,SYNTH-MES-A,1
2024-03-06 06:57:00+00:00,4817.5,4818.0,4817.25,4818.0,198.0,SYNTH-MES-A,1
2024-03-06 06:58:00+00:00,4818.0,4818.5,4817.25,4817.5,201.0,SYNTH-MES-A,1
2024-03-06 06:59:00+00:00,4817.5,4817.75,4816.0,4816.5,200.0,SYNTH-MES-A,1
2024-03-06 07:00:00+00:00,4816.5,4817.0,4816.5,4816.75,199.0,SYNTH-MES-A,1
2024-03-06 07:01:00+00:00,4816.75,4817.0,4816.25,4816.5,192.0,SYNTH-MES-A,1
2024-03-06 07:02:00+00:00,4816.5,4818.0,4816.5,4817.5,189.0,SYNTH-MES-A,1
2024-03-06 07:03:00+00:00,4817.5,4817.5,4817.25,4817.5,186.0,SYNTH-MES-A,1
2024-03-06 07:04:00+00:00,4817.5,4818.25,4817.5,4818.0,203.0,SYNTH-MES-A,1
2024-03-06 07:05:00+00:00,4818.0,4819.0,4817.5,4819.0,199.0,SYNTH-MES-A,1
2024-03-06 07:06:00+00:00,4819.0,4819.5,4818.75,4818.75,162.0,SYNTH-MES-A,1
2024-03-06 07:07:00+00:00,4818.75,4819.5,4818.75,4819.5,194.0,SYNTH-MES-A,1
2024-03-06 07:08:00+00:00,4819.5,4819.5,4819.5,4819.5,184.0,SYNTH-MES-A,1
2024-03-06 07:09:00+00:00,4819.5,4819.5,4818.25,4818.5,189.0,SYNTH-MES-A,1
2024-03-06 07:10:00+00:00,4818.5,4819.25,4817.75,4819.0,194.0,SYNTH-MES-A,1
2024-03-06 07:11:00+00:00,4819.0,4819.75,4818.5,4818.75,219.0,SYNTH-MES-A,1
2024-03-06 07:12:00+00:00,4818.75,4819.0,4817.75,4818.5,198.0,SYNTH-MES-A,1
2024-03-06 07:13:00+00:00,4818.5,4819.0,4818.5,4818.75,214.0,SYNTH-MES-A,1
2024-03-06 07:14:00+00:00,4818.75,4819.5,4818.0,4818.25,203.0,SYNTH-MES-A,1
2024-03-06 07:15:00+00:00,4818.25,4818.5,4817.75,4818.0,196.0,SYNTH-MES-A,1
2024-03-06 07:16:00+00:00,4818.0,4819.0,4817.5,4818.75,210.0,SYNTH-MES-A,1
2024-03-06 07:17:00+00:00,4818.75,4819.0,4818.5,4818.75,220.0,SYNTH-MES-A,1
2024-03-06 07:18:00+00:00,4818.75,4819.0,4817.75,4817.75,195.0,SYNTH-MES-A,1
2024-03-06 07:19:00+00:00,4817.75,4820.0,4817.75,4819.75,207.0,SYNTH-MES-A,1
2024-03-06 07:20:00+00:00,4819.75,4821.25,4819.75,4820.5,182.0,SYNTH-MES-A,1
2024-03-06 07:21:00+00:00,4820.5,4821.0,4820.25,4820.5,199.0,SYNTH-MES-A,1
2024-03-06 07:22:00+00:00,4820.5,4820.75,4820.25,4820.25,189.0,SYNTH-MES-A,1
2024-03-06 07:23:00+00:00,4820.25,4820.25,4818.5,4819.0,190.0,SYNTH-MES-A,1
2024-03-06 07:24:00+00:00,4819.0,4819.5,4818.75,4819.25,186.0,SYNTH-MES-A,1
2024-03-06 07:25:00+00:00,4819.25,4820.25,4819.25,4820.0,186.0,SYNTH-MES-A,1
2024-03-06 07:26:00+00:00,4820.0,4820.0,4820.0,4820.0,206.0,SYNTH-MES-A,1
2024-03-06 07:27:00+00:00,4820.0,4820.25,4819.75,4819.75,199.0,SYNTH-MES-A,1
2024-03-06 07:28:00+00:00,4819.75,4820.0,4818.75,4819.0,218.0,SYNTH-MES-A,1
2024-03-06 07:29:00+00:00,4819.0,4819.5,4818.0,4818.5,184.0,SYNTH-MES-A,1
2024-03-06 07:30:00+00:00,4818.5,4818.5,4816.0,4817.0,192.0,SYNTH-MES-A,1
2024-03-06 07:31:00+00:00,4817.0,4817.25,4816.0,4816.0,217.0,SYNTH-MES-A,1
2024-03-06 07:32:00+00:00,4816.0,4816.5,4815.75,4816.25,218.0,SYNTH-MES-A,1
2024-03-06 07:33:00+00:00,4816.25,4816.75,4816.0,4816.75,187.0,SYNTH-MES-A,1
2024-03-06 07:34:00+00:00,4816.75,4817.25,4816.25,4817.25,179.0,SYNTH-MES-A,1
2024-03-06 07:35:00+00:00,4817.25,4817.5,4816.5,4816.5,206.0,SYNTH-MES-A,1
2024-03-06 07:36:00+00:00,4816.5,4816.5,4816.0,4816.0,181.0,SYNTH-MES-A,1
2024-03-06 07:37:00+00:00,4816.0,4816.5,4814.0,4814.25,200.0,SYNTH-MES-A,1
2024-03-06 07:38:00+00:00,4814.25,4814.25,4813.75,4814.0,165.0,SYNTH-MES-A,1
2024-03-06 07:39:00+00:00,4814.0,4814.75,4813.25,4814.5,193.0,SYNTH-MES-A,1
2024-03-06 07:40:00+00:00,4814.5,4814.75,4814.25,4814.25,213.0,SYNTH-MES-A,1
2024-03-06 07:41:00+00:00,4814.25,4814.25,4812.25,4813.0,189.0,SYNTH-MES-A,1
2024-03-06 07:42:00+00:00,4813.0,4813.5,4813.0,4813.25,183.0,SYNTH-MES-A,1
2024-03-06 07:43:00+00:00,4813.25,4813.25,4812.0,4812.5,176.0,SYNTH-MES-A,1
2024-03-06 07:44:00+00:00,4812.5,4812.5,4812.25,4812.25,187.0,SYNTH-MES-A,1
2024-03-06 07:45:00+00:00,4812.25,4812.75,4811.75,4812.5,193.0,SYNTH-MES-A,1
2024-03-06 07:46:00+00:00,4812.5,4812.5,4810.75,4811.25,193.0,SYNTH-MES-A,1
2024-03-06 07:47:00+00:00,4811.25,4811.25,4810.5,4810.75,182.0,SYNTH-MES-A,1
2024-03-06 07:48:00+00:00,4810.75,4810.75,4810.75,4810.75,196.0,SYNTH-MES-A,1
2024-03-06 07:49:00+00:00,4810.75,4811.0,4810.75,4810.75,186.0,SYNTH-MES-A,1
2024-03-06 07:50:00+00:00,4810.75,4811.0,4810.25,4810.5,213.0,SYNTH-MES-A,1
2024-03-06 07:51:00+00:00,4810.5,4810.75,4810.25,4810.5,196.0,SYNTH-MES-A,1
2024-03-06 07:52:00+00:00,4810.5,4811.0,4810.0,4811.0,223.0,SYNTH-MES-A,1
2024-03-06 07:53:00+00:00,4811.0,4811.5,4810.75,4811.25,219.0,SYNTH-MES-A,1
2024-03-06 07:54:00+00:00,4811.25,4811.25,4810.75,4811.0,216.0,SYNTH-MES-A,1
2024-03-06 07:55:00+00:00,4811.0,4811.25,4810.5,4811.0,192.0,SYNTH-MES-A,1
2024-03-06 07:56:00+00:00,4811.0,4811.25,4810.25,4810.25,192.0,SYNTH-MES-A,1
2024-03-06 07:57:00+00:00,4810.25,4811.0,4810.25,4810.75,190.0,SYNTH-MES-A,1
2024-03-06 07:58:00+00:00,4810.75,4811.25,4810.5,4810.5,195.0,SYNTH-MES-A,1
2024-03-06 07:59:00+00:00,4810.5,4811.0,4810.25,4810.75,206.0,SYNTH-MES-A,1
2024-03-06 08:00:00+00:00,4810.75,4811.25,4810.5,4811.0,197.0,SYNTH-MES-A,1
2024-03-06 08:01:00+00:00,4811.0,4811.25,4810.5,4810.5,195.0,SYNTH-MES-A,1
2024-03-06 08:02:00+00:00,4810.5,4811.25,4810.25,4811.0,217.0,SYNTH-MES-A,1
2024-03-06 08:03:00+00:00,4811.0,4811.25,4810.0,4810.5,171.0,SYNTH-MES-A,1
2024-03-06 08:04:00+00:00,4810.5,4811.0,4810.25,4810.25,205.0,SYNTH-MES-A,1
2024-03-06 08:05:00+00:00,4810.25,4811.0,4809.75,4810.25,223.0,SYNTH-MES-A,1
2024-03-06 08:06:00+00:00,4810.25,4810.5,4809.25,4810.25,214.0,SYNTH-MES-A,1
2024-03-06 08:07:00+00:00,4810.25,4810.75,4809.25,4810.75,189.0,SYNTH-MES-A,1
2024-03-06 08:08:00+00:00,4810.75,4811.25,4810.25,4811.25,190.0,SYNTH-MES-A,1
2024-03-06 08:09:00+00:00,4811.25,4811.5,4810.75,4811.0,173.0,SYNTH-MES-A,1
2024-03-06 08:10:00+00:00,4811.0,4811.0,4810.25,4810.75,182.0,SYNTH-MES-A,1
2024-03-06 08:11:00+00:00,4810.75,4811.0,4810.75,4811.0,199.0,SYNTH-MES-A,1
2024-03-06 08:12:00+00:00,4811.0,4811.25,4810.0,4810.5,234.0,SYNTH-MES-A,1
2024-03-06 08:13:00+00:00,4810.5,4810.75,4809.75,4810.0,204.0,SYNTH-MES-A,1
2024-03-06 08:14:00+00:00,4810.0,4810.0,4809.0,4809.5,212.0,SYNTH-MES-A,1
2024-03-06 08:15:00+00:00,4809.5,4810.5,4809.25,4810.25,199.0,SYNTH-MES-A,1
2024-03-06 08:16:00+00:00,4810.25,4810.25,4809.5,4809.5,202.0,SYNTH-MES-A,1
2024-03-06 08:17:00+00:00,4809.5,4809.75,4809.25,4809.75,172.0,SYNTH-MES-A,1
2024-03-06 08:18:00+00:00,4809.75,4810.0,4809.5,4809.75,207.0,SYNTH-MES-A,1
2024-03-06 08:19:00+00:00,4809.75,4810.5,4809.25,4810.0,199.0,SYNTH-MES-A,1
2024-03-06 08:20:00+00:00,4810.0,4810.5,4810.0,4810.0,234.0,SYNTH-MES-A,1
2024-03-06 08:21:00+00:00,4810.0,4810.25,4809.75,4809.75,169.0,SYNTH-MES-A,1
2024-03-06 08:22:00+00:00,4809.75,4809.75,4809.5,4809.5,206.0,SYNTH-MES-A,1
2024-03-06 08:23:00+00:00,4809.5,4809.75,4809.25,4809.75,217.0,SYNTH-MES-A,1
2024-03-06 08:24:00+00:00,4809.75,4809.75,4809.0,4809.0,195.0,SYNTH-MES-A,1
2024-03-06 08:25:00+00:00,4809.0,4809.0,4808.5,4808.75,191.0,SYNTH-MES-A,1
2024-03-06 08:26:00+00:00,4808.75,4809.0,4808.5,4808.5,191.0,SYNTH-MES-A,1
2024-03-06 08:27:00+00:00,4808.5,4809.0,4808.5,4808.75,206.0,SYNTH-MES-A,1
2024-03-06 08:28:00+00:00,4808.75,4809.5,4808.5,4809.25,210.0,SYNTH-MES-A,1
2024-03-06 08:29:00+00:00,4809.25,4809.25,4809.0,4809.0,206.0,SYNTH-MES-A,1
2024-03-06 08:30:00+00:00,4809.0,4809.75,4808.75,4809.25,197.0,SYNTH-MES-A,1
2024-03-06 08:31:00+00:00,4809.25,4811.5,4809.25,4811.0,197.0,SYNTH-MES-A,1
2024-03-06 08:32:00+00:00,4811.0,4812.5,4810.5,4812.25,210.0,SYNTH-MES-A,1
2024-03-06 08:33:00+00:00,4812.25,4813.0,4812.25,4813.0,211.0,SYNTH-MES-A,1
2024-03-06 08:34:00+00:00,4813.0,4813.5,4812.25,4813.5,191.0,SYNTH-MES-A,1
2024-03-06 08:35:00+00:00,4813.5,4814.75,4813.25,4814.0,178.0,SYNTH-MES-A,1
2024-03-06 08:36:00+00:00,4814.0,4814.5,4813.5,4814.5,207.0,SYNTH-MES-A,1
2024-03-06 08:37:00+00:00,4814.5,4816.25,4814.5,4816.0,180.0,SYNTH-MES-A,1
2024-03-06 08:38:00+00:00,4816.0,4816.75,4815.75,4816.25,190.0,SYNTH-MES-A,1
2024-03-06 08:39:00+00:00,4816.25,4816.25,4816.25,4816.25,184.0,SYNTH-MES-A,1
2024-03-06 08:40:00+00:00,4816.25,4817.0,4815.5,4815.75,193.0,SYNTH-MES-A,1
2024-03-06 08:41:00+00:00,4815.75,4816.0,4815.25,4815.5,195.0,SYNTH-MES-A,1
2024-03-06 08:42:00+00:00,4815.5,4815.75,4814.75,4815.0,189.0,SYNTH-MES-A,1
2024-03-06 08:43:00+00:00,4815.0,4816.0,4814.75,4815.5,202.0,SYNTH-MES-A,1
2024-03-06 08:44:00+00:00,4815.5,4817.5,4815.5,4817.25,196.0,SYNTH-MES-A,1
2024-03-06 08:45:00+00:00,4817.25,4818.5,4816.75,4818.25,183.0,SYNTH-MES-A,1
2024-03-06 08:46:00+00:00,4818.25,4820.25,4818.0,4820.0,220.0,SYNTH-MES-A,1
2024-03-06 08:47:00+00:00,4820.0,4820.0,4819.25,4819.5,215.0,SYNTH-MES-A,1
2024-03-06 08:48:00+00:00,4819.5,4819.5,4819.0,4819.25,203.0,SYNTH-MES-A,1
2024-03-06 08:49:00+00:00,4819.25,4819.75,4818.75,4819.5,184.0,SYNTH-MES-A,1
2024-03-06 08:50:00+00:00,4819.5,4819.75,4819.5,4819.5,181.0,SYNTH-MES-A,1
2024-03-06 08:51:00+00:00,4819.5,4820.0,4818.25,4818.5,205.0,SYNTH-MES-A,1
2024-03-06 08:52:00+00:00,4818.5,4819.0,4818.25,4819.0,189.0,SYNTH-MES-A,1
2024-03-06 08:53:00+00:00,4819.0,4820.0,4818.75,4819.5,205.0,SYNTH-MES-A,1
2024-03-06 08:54:00+00:00,4819.5,4821.25,4819.0,4821.0,184.0,SYNTH-MES-A,1
2024-03-06 08:55:00+00:00,4821.0,4821.25,4820.25,4820.5,216.0,SYNTH-MES-A,1
2024-03-06 08:56:00+00:00,4820.5,4820.75,4819.25,4820.25,216.0,SYNTH-MES-A,1
2024-03-06 08:57:00+00:00,4820.25,4821.0,4819.75,4820.5,192.0,SYNTH-MES-A,1
2024-03-06 08:58:00+00:00,4820.5,4821.5,4820.0,4821.5,195.0,SYNTH-MES-A,1
2024-03-06 08:59:00+00:00,4821.5,4822.0,4821.25,4821.25,186.0,SYNTH-MES-A,1
2024-03-06 09:00:00+00:00,4821.25,4821.25,4820.0,4820.75,201.0,SYNTH-MES-A,1
2024-03-06 09:01:00+00:00,4820.75,4822.25,4820.5,4820.5,191.0,SYNTH-MES-A,1
2024-03-06 09:02:00+00:00,4820.5,4820.5,4819.75,4820.0,206.0,SYNTH-MES-A,1
2024-03-06 09:03:00+00:00,4820.0,4820.25,4819.5,4819.75,211.0,SYNTH-MES-A,1
2024-03-06 09:04:00+00:00,4819.75,4819.75,4819.75,4819.75,181.0,SYNTH-MES-A,1
2024-03-06 09:05:00+00:00,4819.75,4820.25,4819.5,4820.0,214.0,SYNTH-MES-A,1
2024-03-06 09:06:00+00:00,4820.0,4820.25,4818.5,4818.75,194.0,SYNTH-MES-A,1
2024-03-06 09:07:00+00:00,4818.75,4819.0,4818.75,4818.75,216.0,SYNTH-MES-A,1
2024-03-06 09:08:00+00:00,4818.75,4819.25,4818.25,4819.0,193.0,SYNTH-MES-A,1
2024-03-06 09:09:00+00:00,4819.0,4819.0,4818.25,4818.5,205.0,SYNTH-MES-A,1
2024-03-06 09:10:00+00:00,4818.5,4818.5,4817.5,4818.25,207.0,SYNTH-MES-A,1
2024-03-06 09:11:00+00:00,4818.25,4818.5,4817.75,4818.5,220.0,SYNTH-MES-A,1
2024-03-06 09:12:00+00:00,4818.5,4819.0,4818.5,4818.75,208.0,SYNTH-MES-A,1
2024-03-06 09:13:00+00:00,4818.75,4820.5,4818.75,4820.0,185.0,SYNTH-MES-A,1
2024-03-06 09:14:00+00:00,4820.0,4821.0,4819.75,4820.75,228.0,SYNTH-MES-A,1
2024-03-06 09:15:00+00:00,4820.75,4821.5,4820.0,4820.25,204.0,SYNTH-MES-A,1
2024-03-06 09:16:00+00:00,4820.25,4821.0,4819.0,4820.75,189.0,SYNTH-MES-A,1
2024-03-06 09:17:00+00:00,4820.75,4821.0,4820.0,4820.0,181.0,SYNTH-MES-A,1
2024-03-06 09:18:00+00:00,4820.0,4820.25,4819.75,4820.25,203.0,SYNTH-MES-A,1
2024-03-06 09:19:00+00:00,4820.25,4821.75,4819.25,4819.5,224.0,SYNTH-MES-A,1
2024-03-06 09:20:00+00:00,4819.5,4819.75,4819.0,4819.0,202.0,SYNTH-MES-A,1
2024-03-06 09:21:00+00:00,4819.0,4820.0,4818.75,4819.5,233.0,SYNTH-MES-A,1
2024-03-06 09:22:00+00:00,4819.5,4820.75,4818.25,4820.25,230.0,SYNTH-MES-A,1
2024-03-06 09:23:00+00:00,4820.25,4821.0,4820.0,4820.5,205.0,SYNTH-MES-A,1
2024-03-06 09:24:00+00:00,4820.5,4820.75,4820.0,4820.0,207.0,SYNTH-MES-A,1
2024-03-06 09:25:00+00:00,4820.0,4821.25,4820.0,4821.25,190.0,SYNTH-MES-A,1
2024-03-06 09:26:00+00:00,4821.25,4822.25,4821.0,4822.0,208.0,SYNTH-MES-A,1
2024-03-06 09:27:00+00:00,4822.0,4822.5,4822.0,4822.25,182.0,SYNTH-MES-A,1
2024-03-06 09:28:00+00:00,4822.25,4822.75,4822.25,4822.75,207.0,SYNTH-MES-A,1
2024-03-06 09:29:00+00:00,4822.75,4822.75,4822.5,4822.75,207.0,SYNTH-MES-A,1
2024-03-06 09:30:00+00:00,4822.75,4824.25,4822.75,4823.75,208.0,SYNTH-MES-A,1
2024-03-06 09:31:00+00:00,4823.75,4825.0,4823.75,4824.75,209.0,SYNTH-MES-A,1
2024-03-06 09:32:00+00:00,4824.75,4825.25,4824.75,4825.0,206.0,SYNTH-MES-A,1
2024-03-06 09:33:00+00:00,4825.0,4825.25,4824.5,4824.75,198.0,SYNTH-MES-A,1
2024-03-06 09:34:00+00:00,4824.75,4825.25,4824.25,4824.5,191.0,SYNTH-MES-A,1
2024-03-06 09:35:00+00:00,4824.5,4826.25,4824.25,4826.0,223.0,SYNTH-MES-A,1
2024-03-06 09:36:00+00:00,4826.0,4826.0,4825.5,4825.75,186.0,SYNTH-MES-A,1
2024-03-06 09:37:00+00:00,4825.75,4826.25,4825.75,4826.0,201.0,SYNTH-MES-A,1
2024-03-06 09:38:00+00:00,4826.0,4827.0,4826.0,4826.75,230.0,SYNTH-MES-A,1
2024-03-06 09:39:00+00:00,4826.75,4828.25,4826.25,4828.25,192.0,SYNTH-MES-A,1
2024-03-06 09:40:00+00:00,4828.25,4830.5,4828.25,4829.75,203.0,SYNTH-MES-A,1
2024-03-06 09:41:00+00:00,4829.75,4830.25,4829.5,4830.25,190.0,SYNTH-MES-A,1
2024-03-06 09:42:00+00:00,4830.25,4831.0,4830.25,4830.75,195.0,SYNTH-MES-A,1
2024-03-06 09:43:00+00:00,4830.75,4830.75,4830.0,4830.0,206.0,SYNTH-MES-A,1
2024-03-06 09:44:00+00:00,4830.0,4831.5,4830.0,4831.0,222.0,SYNTH-MES-A,1
2024-03-06 09:45:00+00:00,4831.0,4831.5,4830.25,4831.5,189.0,SYNTH-MES-A,1
2024-03-06 09:46:00+00:00,4831.5,4832.0,4831.5,4831.75,172.0,SYNTH-MES-A,1
2024-03-06 09:47:00+00:00,4831.75,4833.25,4831.75,4833.25,223.0,SYNTH-MES-A,1
2024-03-06 09:48:00+00:00,4833.25,4833.5,4832.25,4833.25,191.0,SYNTH-MES-A,1
2024-03-06 09:49:00+00:00,4833.25,4834.25,4832.75,4834.0,212.0,SYNTH-MES-A,1
2024-03-06 09:50:00+00:00,4834.0,4835.5,4834.0,4835.0,219.0,SYNTH-MES-A,1
2024-03-06 09:51:00+00:00,4835.0,4835.5,4834.75,4834.75,200.0,SYNTH-MES-A,1
2024-03-06 09:52:00+00:00,4834.75,4835.25,4833.0,4833.75,208.0,SYNTH-MES-A,1
2024-03-06 09:53:00+00:00,4833.75,4834.25,4833.25,4834.0,195.0,SYNTH-MES-A,1
2024-03-06 09:54:00+00:00,4834.0,4834.25,4832.75,4833.25,198.0,SYNTH-MES-A,1
2024-03-06 09:55:00+00:00,4833.25,4834.25,4833.0,4833.75,189.0,SYNTH-MES-A,1
2024-03-06 09:56:00+00:00,4833.75,4833.75,4833.5,4833.75,191.0,SYNTH-MES-A,1
2024-03-06 09:57:00+00:00,4833.75,4833.75,4832.25,4832.5,215.0,SYNTH-MES-A,1
2024-03-06 09:58:00+00:00,4832.5,4832.5,4832.0,4832.0,216.0,SYNTH-MES-A,1
2024-03-06 09:59:00+00:00,4832.0,4832.5,4830.75,4831.25,195.0,SYNTH-MES-A,1
2024-03-06 10:00:00+00:00,4831.25,4831.5,4831.0,4831.5,200.0,SYNTH-MES-A,1
2024-03-06 10:01:00+00:00,4831.5,4832.0,4830.25,4830.5,216.0,SYNTH-MES-A,1
2024-03-06 10:02:00+00:00,4830.5,4832.25,4830.25,4831.75,208.0,SYNTH-MES-A,1
2024-03-06 10:03:00+00:00,4831.75,4832.75,4831.5,4831.5,205.0,SYNTH-MES-A,1
2024-03-06 10:04:00+00:00,4831.5,4831.75,4831.25,4831.75,180.0,SYNTH-MES-A,1
2024-03-06 10:05:00+00:00,4831.75,4832.25,4831.0,4831.5,196.0,SYNTH-MES-A,1
2024-03-06 10:06:00+00:00,4831.5,4831.5,4830.75,4831.25,178.0,SYNTH-MES-A,1
2024-03-06 10:07:00+00:00,4831.25,4831.25,4831.0,4831.0,214.0,SYNTH-MES-A,1
2024-03-06 10:08:00+00:00,4831.0,4832.25,4830.75,4832.0,217.0,SYNTH-MES-A,1
2024-03-06 10:09:00+00:00,4832.0,4832.25,4830.25,4830.5,200.0,SYNTH-MES-A,1
2024-03-06 10:10:00+00:00,4830.5,4831.25,4830.5,4831.0,204.0,SYNTH-MES-A,1
2024-03-06 10:11:00+00:00,4831.0,4831.25,4830.0,4830.0,200.0,SYNTH-MES-A,1
2024-03-06 10:12:00+00:00,4830.0,4830.75,4830.0,4830.5,206.0,SYNTH-MES-A,1
2024-03-06 10:13:00+00:00,4830.5,4831.0,4830.25,4830.5,186.0,SYNTH-MES-A,1
2024-03-06 10:14:00+00:00,4830.5,4831.75,4830.5,4831.25,183.0,SYNTH-MES-A,1
2024-03-06 10:15:00+00:00,4831.25,4832.25,4831.0,4832.0,179.0,SYNTH-MES-A,1
2024-03-06 10:16:00+00:00,4832.0,4833.25,4831.75,4833.0,222.0,SYNTH-MES-A,1
2024-03-06 10:17:00+00:00,4833.0,4833.0,4832.25,4832.5,212.0,SYNTH-MES-A,1
2024-03-06 10:18:00+00:00,4832.5,4833.75,4832.5,4832.75,220.0,SYNTH-MES-A,1
2024-03-06 10:19:00+00:00,4832.75,4832.75,4832.5,4832.75,204.0,SYNTH-MES-A,1
2024-03-06 10:20:00+00:00,4832.75,4833.5,4832.75,4833.25,192.0,SYNTH-MES-A,1
2024-03-06 10:21:00+00:00,4833.25,4834.0,4833.0,4833.75,208.0,SYNTH-MES-A,1
2024-03-06 10:22:00+00:00,4833.75,4834.75,4833.5,4834.75,188.0,SYNTH-MES-A,1
2024-03-06 10:23:00+00:00,4834.75,4835.25,4834.0,4835.25,204.0,SYNTH-MES-A,1
2024-03-06 10:24:00+00:00,4835.25,4836.0,4834.75,4835.75,177.0,SYNTH-MES-A,1
2024-03-06 10:25:00+00:00,4835.75,4836.25,4834.75,4835.5,198.0,SYNTH-MES-A,1
2024-03-06 10:26:00+00:00,4835.5,4835.75,4834.0,4835.0,221.0,SYNTH-MES-A,1
2024-03-06 10:27:00+00:00,4835.0,4835.75,4835.0,4835.75,193.0,SYNTH-MES-A,1
2024-03-06 10:28:00+00:00,4835.75,4836.75,4835.5,4836.5,183.0,SYNTH-MES-A,1
2024-03-06 10:29:00+00:00,4836.5,4836.5,4836.0,4836.25,212.0,SYNTH-MES-A,1
2024-03-06 10:30:00+00:00,4836.25,4837.0,4835.75,4836.75,208.0,SYNTH-MES-A,1
2024-03-06 10:31:00+00:00,4836.75,4838.0,4836.5,4837.5,216.0,SYNTH-MES-A,1
2024-03-06 10:32:00+00:00,4837.5,4837.5,4837.25,4837.25,194.0,SYNTH-MES-A,1
2024-03-06 10:33:00+00:00,4837.25,4837.5,4837.0,4837.25,174.0,SYNTH-MES-A,1
2024-03-06 10:34:00+00:00,4837.25,4838.75,4837.25,4838.0,200.0,SYNTH-MES-A,1
2024-03-06 10:35:00+00:00,4838.0,4838.0,4837.75,4837.75,195.0,SYNTH-MES-A,1
2024-03-06 10:36:00+00:00,4837.75,4839.25,4837.5,4839.0,186.0,SYNTH-MES-A,1
2024-03-06 10:37:00+00:00,4839.0,4840.0,4839.0,4839.75,202.0,SYNTH-MES-A,1
2024-03-06 10:38:00+00:00,4839.75,4839.75,4839.0,4839.5,192.0,SYNTH-MES-A,1
2024-03-06 10:39:00+00:00,4839.5,4841.5,4839.5,4840.75,202.0,SYNTH-MES-A,1
2024-03-06 10:40:00+00:00,4840.75,4841.75,4840.5,4841.75,183.0,SYNTH-MES-A,1
2024-03-06 10:41:00+00:00,4841.75,4842.25,4841.5,4842.25,199.0,SYNTH-MES-A,1
2024-03-06 10:42:00+00:00,4842.25,4843.25,4841.25,4841.5,221.0,SYNTH-MES-A,1
2024-03-06 10:43:00+00:00,4841.5,4841.75,4841.5,4841.75,199.0,SYNTH-MES-A,1
2024-03-06 10:44:00+00:00,4841.75,4842.0,4840.75,4841.25,202.0,SYNTH-MES-A,1
2024-03-06 10:45:00+00:00,4841.25,4842.0,4841.0,4842.0,184.0,SYNTH-MES-A,1
2024-03-06 10:46:00+00:00,4842.0,4842.25,4842.0,4842.25,201.0,SYNTH-MES-A,1
2024-03-06 10:47:00+00:00,4842.25,4843.5,4841.5,4843.25,194.0,SYNTH-MES-A,1
2024-03-06 10:48:00+00:00,4843.25,4844.5,4843.25,4844.25,195.0,SYNTH-MES-A,1
2024-03-06 10:49:00+00:00,4844.25,4845.0,4844.25,4844.75,190.0,SYNTH-MES-A,1
2024-03-06 10:50:00+00:00,4844.75,4844.75,4843.75,4844.0,159.0,SYNTH-MES-A,1
2024-03-06 10:51:00+00:00,4844.0,4844.0,4843.75,4843.75,187.0,SYNTH-MES-A,1
2024-03-06 10:52:00+00:00,4843.75,4844.75,4843.5,4844.5,214.0,SYNTH-MES-A,1
2024-03-06 10:53:00+00:00,4844.5,4844.5,4844.0,4844.0,182.0,SYNTH-MES-A,1
2024-03-06 10:54:00+00:00,4844.0,4846.0,4844.0,4845.75,194.0,SYNTH-MES-A,1
2024-03-06 10:55:00+00:00,4845.75,4845.75,4845.5,4845.75,217.0,SYNTH-MES-A,1
2024-03-06 10:56:00+00:00,4845.75,4846.0,4845.0,4845.5,239.0,SYNTH-MES-A,1
2024-03-06 10:57:00+00:00,4845.5,4846.25,4844.75,4845.5,200.0,SYNTH-MES-A,1
2024-03-06 10:58:00+00:00,4845.5,4846.0,4845.25,4845.75,194.0,SYNTH-MES-A,1
2024-03-06 10:59:00+00:00,4845.75,4846.0,4845.5,4845.75,203.0,SYNTH-MES-A,1
2024-03-06 11:00:00+00:00,4845.75,4846.0,4844.75,4845.0,179.0,SYNTH-MES-A,1
2024-03-06 11:01:00+00:00,4845.0,4846.5,4844.5,4845.5,207.0,SYNTH-MES-A,1
2024-03-06 11:02:00+00:00,4845.5,4845.75,4845.25,4845.25,200.0,SYNTH-MES-A,1
2024-03-06 11:03:00+00:00,4845.25,4846.0,4845.0,4845.75,200.0,SYNTH-MES-A,1
2024-03-06 11:04:00+00:00,4845.75,4846.25,4845.25,4846.0,203.0,SYNTH-MES-A,1
2024-03-06 11:05:00+00:00,4846.0,4846.0,4845.0,4845.0,188.0,SYNTH-MES-A,1
2024-03-06 11:06:00+00:00,4845.0,4845.5,4843.75,4844.5,197.0,SYNTH-MES-A,1
2024-03-06 11:07:00+00:00,4844.5,4844.5,4843.25,4843.25,205.0,SYNTH-MES-A,1
2024-03-06 11:08:00+00:00,4843.25,4843.75,4842.5,4842.75,211.0,SYNTH-MES-A,1
2024-03-06 11:09:00+00:00,4842.75,4843.25,4842.5,4843.25,193.0,SYNTH-MES-A,1
2024-03-06 11:10:00+00:00,4843.25,4843.5,4842.75,4843.25,170.0,SYNTH-MES-A,1
2024-03-06 11:11:00+00:00,4843.25,4843.25,4841.75,4842.25,199.0,SYNTH-MES-A,1
2024-03-06 11:12:00+00:00,4842.25,4842.25,4841.5,4842.25,214.0,SYNTH-MES-A,1
2024-03-06 11:13:00+00:00,4842.25,4842.25,4842.0,4842.25,229.0,SYNTH-MES-A,1
2024-03-06 11:14:00+00:00,4842.25,4843.25,4842.25,4843.0,203.0,SYNTH-MES-A,1
2024-03-06 11:15:00+00:00,4843.0,4843.25,4842.0,4842.25,209.0,SYNTH-MES-A,1
2024-03-06 11:16:00+00:00,4842.25,4842.25,4841.75,4842.0,206.0,SYNTH-MES-A,1
2024-03-06 11:17:00+00:00,4842.0,4843.0,4841.75,4842.75,222.0,SYNTH-MES-A,1
2024-03-06 11:18:00+00:00,4842.75,4844.0,4842.25,4844.0,205.0,SYNTH-MES-A,1
2024-03-06 11:19:00+00:00,4844.0,4844.75,4843.75,4844.75,186.0,SYNTH-MES-A,1
2024-03-06 11:20:00+00:00,4844.75,4845.75,4843.5,4845.5,210.0,SYNTH-MES-A,1
2024-03-06 11:21:00+00:00,4845.5,4846.0,4844.5,4844.75,197.0,SYNTH-MES-A,1
2024-03-06 11:22:00+00:00,4844.75,4845.0,4844.25,4844.5,197.0,SYNTH-MES-A,1
2024-03-06 11:23:00+00:00,4844.5,4844.5,4843.25,4843.75,188.0,SYNTH-MES-A,1
2024-03-06 11:24:00+00:00,4843.75,4845.0,4843.75,4844.5,184.0,SYNTH-MES-A,1
2024-03-06 11:25:00+00:00,4844.5,4844.75,4843.25,4843.5,206.0,SYNTH-MES-A,1
2024-03-06 11:26:00+00:00,4843.5,4844.0,4843.0,4843.25,176.0,SYNTH-MES-A,1
2024-03-06 11:27:00+00:00,4843.25,4843.5,4840.75,4841.0,191.0,SYNTH-MES-A,1
2024-03-06 11:28:00+00:00,4841.0,4841.5,4840.25,4841.25,200.0,SYNTH-MES-A,1
2024-03-06 11:29:00+00:00,4841.25,4842.0,4841.25,4841.75,220.0,SYNTH-MES-A,1
2024-03-06 11:30:00+00:00,4841.75,4842.75,4840.5,4841.25,214.0,SYNTH-MES-A,1
2024-03-06 11:31:00+00:00,4841.25,4842.0,4840.75,4842.0,195.0,SYNTH-MES-A,1
2024-03-06 11:32:00+00:00,4842.0,4842.25,4841.5,4841.5,212.0,SYNTH-MES-A,1
2024-03-06 11:33:00+00:00,4841.5,4841.5,4840.75,4840.75,207.0,SYNTH-MES-A,1
2024-03-06 11:34:00+00:00,4840.75,4841.75,4840.5,4841.5,198.0,SYNTH-MES-A,1
2024-03-06 11:35:00+00:00,4841.5,4841.5,4839.5,4840.0,187.0,SYNTH-MES-A,1
2024-03-06 11:36:00+00:00,4840.0,4841.5,4840.0,4841.25,183.0,SYNTH-MES-A,1
2024-03-06 11:37:00+00:00,4841.25,4841.75,4841.0,4841.0,203.0,SYNTH-MES-A,1
2024-03-06 11:38:00+00:00,4841.0,4841.5,4840.5,4840.5,181.0,SYNTH-MES-A,1
2024-03-06 11:39:00+00:00,4840.5,4841.5,4839.75,4840.25,204.0,SYNTH-MES-A,1
2024-03-06 11:40:00+00:00,4840.25,4842.25,4840.25,4841.0,176.0,SYNTH-MES-A,1
2024-03-06 11:41:00+00:00,4841.0,4841.0,4840.0,4840.25,204.0,SYNTH-MES-A,1
2024-03-06 11:42:00+00:00,4840.25,4842.0,4840.25,4841.0,206.0,SYNTH-MES-A,1
2024-03-06 11:43:00+00:00,4841.0,4841.0,4839.5,4839.75,183.0,SYNTH-MES-A,1
2024-03-06 11:44:00+00:00,4839.75,4840.25,4838.75,4839.0,179.0,SYNTH-MES-A,1
2024-03-06 11:45:00+00:00,4839.0,4839.5,4837.75,4838.5,198.0,SYNTH-MES-A,1
2024-03-06 11:46:00+00:00,4838.5,4838.5,4838.0,4838.5,193.0,SYNTH-MES-A,1
2024-03-06 11:47:00+00:00,4838.5,4839.25,4838.25,4838.5,197.0,SYNTH-MES-A,1
2024-03-06 11:48:00+00:00,4838.5,4839.25,4837.75,4837.75,185.0,SYNTH-MES-A,1
2024-03-06 11:49:00+00:00,4837.75,4838.0,4835.5,4836.5,203.0,SYNTH-MES-A,1
2024-03-06 11:50:00+00:00,4836.5,4836.5,4836.25,4836.25,216.0,SYNTH-MES-A,1
2024-03-06 11:51:00+00:00,4836.25,4836.5,4836.25,4836.5,190.0,SYNTH-MES-A,1
2024-03-06 11:52:00+00:00,4836.5,4836.75,4836.25,4836.5,204.0,SYNTH-MES-A,1
2024-03-06 11:53:00+00:00,4836.5,4836.75,4836.5,4836.5,189.0,SYNTH-MES-A,1
2024-03-06 11:54:00+00:00,4836.5,4837.0,4836.0,4836.25,199.0,SYNTH-MES-A,1
2024-03-06 11:55:00+00:00,4836.25,4836.25,4835.5,4835.5,197.0,SYNTH-MES-A,1
2024-03-06 11:56:00+00:00,4835.5,4835.5,4834.75,4834.75,201.0,SYNTH-MES-A,1
2024-03-06 11:57:00+00:00,4834.75,4835.0,4834.75,4834.75,225.0,SYNTH-MES-A,1
2024-03-06 11:58:00+00:00,4834.75,4835.0,4833.0,4834.0,200.0,SYNTH-MES-A,1
2024-03-06 11:59:00+00:00,4834.0,4834.5,4834.0,4834.25,183.0,SYNTH-MES-A,1
2024-03-06 12:00:00+00:00,4834.25,4834.5,4833.75,4834.0,229.0,SYNTH-MES-A,1
2024-03-06 12:01:00+00:00,4834.0,4834.5,4834.0,4834.25,213.0,SYNTH-MES-A,1
2024-03-06 12:02:00+00:00,4834.25,4835.25,4834.25,4834.5,207.0,SYNTH-MES-A,1
2024-03-06 12:03:00+00:00,4834.5,4834.5,4833.0,4833.25,205.0,SYNTH-MES-A,1
2024-03-06 12:04:00+00:00,4833.25,4833.75,4833.25,4833.25,199.0,SYNTH-MES-A,1
2024-03-06 12:05:00+00:00,4833.25,4833.5,4833.0,4833.25,203.0,SYNTH-MES-A,1
2024-03-06 12:06:00+00:00,4833.25,4833.5,4832.0,4832.25,188.0,SYNTH-MES-A,1
2024-03-06 12:07:00+00:00,4832.25,4832.25,4830.25,4830.75,192.0,SYNTH-MES-A,1
2024-03-06 12:08:00+00:00,4830.75,4831.75,4829.75,4831.5,195.0,SYNTH-MES-A,1
2024-03-06 12:09:00+00:00,4831.5,4831.75,4831.25,4831.5,204.0,SYNTH-MES-A,1
2024-03-06 12:10:00+00:00,4831.5,4833.5,4831.25,4833.5,211.0,SYNTH-MES-A,1
2024-03-06 12:11:00+00:00,4833.5,4833.75,4832.75,4833.0,207.0,SYNTH-MES-A,1
2024-03-06 12:12:00+00:00,4833.0,4833.5,4832.25,4832.25,194.0,SYNTH-MES-A,1
2024-03-06 12:13:00+00:00,4832.25,4832.75,4832.0,4832.75,201.0,SYNTH-MES-A,1
2024-03-06 12:14:00+00:00,4832.75,4833.75,4832.75,4833.75,197.0,SYNTH-MES-A,1
2024-03-06 12:15:00+00:00,4833.75,4834.25,4833.5,4834.0,188.0,SYNTH-MES-A,1
2024-03-06 12:16:00+00:00,4834.0,4834.5,4834.0,4834.5,203.0,SYNTH-MES-A,1
2024-03-06 12:17:00+00:00,4834.5,4834.75,4833.25,4833.5,183.0,SYNTH-MES-A,1
2024-03-06 12:18:00+00:00,4833.5,4833.75,4833.5,4833.5,202.0,SYNTH-MES-A,1
2024-03-06 12:19:00+00:00,4833.5,4834.25,4833.5,4834.0,160.0,SYNTH-MES-A,1
2024-03-06 12:20:00+00:00,4834.0,4834.75,4833.75,4834.25,221.0,SYNTH-MES-A,1
2024-03-06 12:21:00+00:00,4834.25,4834.25,4832.75,4834.0,210.0,SYNTH-MES-A,1
2024-03-06 12:22:00+00:00,4834.0,4835.0,4833.75,4835.0,193.0,SYNTH-MES-A,1
2024-03-06 12:23:00+00:00,4835.0,4835.75,4834.75,4835.5,202.0,SYNTH-MES-A,1
2024-03-06 12:24:00+00:00,4835.5,4835.5,4833.75,4834.5,190.0,SYNTH-MES-A,1
2024-03-06 12:25:00+00:00,4834.5,4835.0,4832.75,4833.0,204.0,SYNTH-MES-A,1
2024-03-06 12:26:00+00:00,4833.0,4834.25,4833.0,4833.5,207.0,SYNTH-MES-A,1
2024-03-06 12:27:00+00:00,4833.5,4834.25,4833.25,4834.0,203.0,SYNTH-MES-A,1
2024-03-06 12:28:00+00:00,4834.0,4834.25,4832.25,4832.75,206.0,SYNTH-MES-A,1
2024-03-06 12:29:00+00:00,4832.75,4834.0,4831.75,4833.5,187.0,SYNTH-MES-A,1
2024-03-06 12:30:00+00:00,4833.5,4834.5,4833.5,4834.25,194.0,SYNTH-MES-A,1
2024-03-06 12:31:00+00:00,4834.25,4834.75,4834.25,4834.25,213.0,SYNTH-MES-A,1
2024-03-06 12:32:00+00:00,4834.25,4834.75,4833.75,4834.0,212.0,SYNTH-MES-A,1
2024-03-06 12:33:00+00:00,4834.0,4834.25,4833.5,4833.5,184.0,SYNTH-MES-A,1
2024-03-06 12:34:00+00:00,4833.5,4833.5,4833.25,4833.25,182.0,SYNTH-MES-A,1
2024-03-06 12:35:00+00:00,4833.25,4836.0,4833.25,4835.0,207.0,SYNTH-MES-A,1
2024-03-06 12:36:00+00:00,4835.0,4835.0,4834.5,4834.5,211.0,SYNTH-MES-A,1
2024-03-06 12:37:00+00:00,4834.5,4835.0,4834.0,4835.0,180.0,SYNTH-MES-A,1
2024-03-06 12:38:00+00:00,4835.0,4835.5,4834.75,4835.5,178.0,SYNTH-MES-A,1
2024-03-06 12:39:00+00:00,4835.5,4835.75,4833.75,4834.0,200.0,SYNTH-MES-A,1
2024-03-06 12:40:00+00:00,4834.0,4834.0,4833.25,4833.5,207.0,SYNTH-MES-A,1
2024-03-06 12:41:00+00:00,4833.5,4834.75,4833.25,4834.5,213.0,SYNTH-MES-A,1
2024-03-06 12:42:00+00:00,4834.5,4834.75,4834.5,4834.5,198.0,SYNTH-MES-A,1
2024-03-06 12:43:00+00:00,4834.5,4834.5,4832.25,4833.25,209.0,SYNTH-MES-A,1
2024-03-06 12:44:00+00:00,4833.25,4833.25,4833.25,4833.25,221.0,SYNTH-MES-A,1
2024-03-06 12:45:00+00:00,4833.25,4833.5,4832.5,4832.5,194.0,SYNTH-MES-A,1
2024-03-06 12:46:00+00:00,4832.5,4832.75,4832.5,4832.75,210.0,SYNTH-MES-A,1
2024-03-06 12:47:00+00:00,4832.75,4833.0,4832.25,4832.25,214.0,SYNTH-MES-A,1
2024-03-06 12:48:00+00:00,4832.25,4832.25,4832.0,4832.25,211.0,SYNTH-MES-A,1
2024-03-06 12:49:00+00:00,4832.25,4832.5,4831.25,4831.5,211.0,SYNTH-MES-A,1
2024-03-06 12:50:00+00:00,4831.5,4831.75,4831.0,4831.25,216.0,SYNTH-MES-A,1
2024-03-06 12:51:00+00:00,4831.25,4832.0,4831.25,4831.75,205.0,SYNTH-MES-A,1
2024-03-06 12:52:00+00:00,4831.75,4832.0,4831.25,4831.5,198.0,SYNTH-MES-A,1
2024-03-06 12:53:00+00:00,4831.5,4833.75,4830.75,4833.5,177.0,SYNTH-MES-A,1
2024-03-06 12:54:00+00:00,4833.5,4834.25,4832.25,4832.25,215.0,SYNTH-MES-A,1
2024-03-06 12:55:00+00:00,4832.25,4832.25,4831.25,4831.5,195.0,SYNTH-MES-A,1
2024-03-06 12:56:00+00:00,4831.5,4831.75,4830.75,4830.75,190.0,SYNTH-MES-A,1
2024-03-06 12:57:00+00:00,4830.75,4831.0,4829.25,4829.75,209.0,SYNTH-MES-A,1
2024-03-06 12:58:00+00:00,4829.75,4829.75,4829.25,4829.5,212.0,SYNTH-MES-A,1
2024-03-06 12:59:00+00:00,4829.5,4829.5,4829.0,4829.0,215.0,SYNTH-MES-A,1
2024-03-06 13:00:00+00:00,4829.0,4829.75,4828.75,4829.75,193.0,SYNTH-MES-A,1
2024-03-06 13:01:00+00:00,4829.75,4829.75,4829.5,4829.75,185.0,SYNTH-MES-A,1
2024-03-06 13:02:00+00:00,4829.75,4830.75,4829.5,4830.5,211.0,SYNTH-MES-A,1
2024-03-06 13:03:00+00:00,4830.5,4831.5,4830.5,4830.75,205.0,SYNTH-MES-A,1
2024-03-06 13:04:00+00:00,4830.75,4831.0,4829.5,4829.75,199.0,SYNTH-MES-A,1
2024-03-06 13:05:00+00:00,4829.75,4829.75,4829.25,4829.25,185.0,SYNTH-MES-A,1
2024-03-06 13:06:00+00:00,4829.25,4831.0,4829.0,4830.25,197.0,SYNTH-MES-A,1
2024-03-06 13:07:00+00:00,4830.25,4830.5,4829.5,4829.75,199.0,SYNTH-MES-A,1
2024-03-06 13:08:00+00:00,4829.75,4830.0,4829.0,4829.0,182.0,SYNTH-MES-A,1
2024-03-06 13:09:00+00:00,4829.0,4829.25,4828.75,4828.75,178.0,SYNTH-MES-A,1
2024-03-06 13:10:00+00:00,4828.75,4831.75,4828.75,4831.25,210.0,SYNTH-MES-A,1
2024-03-06 13:11:00+00:00,4831.25,4831.25,4831.25,4831.25,180.0,SYNTH-MES-A,1
2024-03-06 13:12:00+00:00,4831.25,4832.25,4830.5,4831.75,169.0,SYNTH-MES-A,1
2024-03-06 13:13:00+00:00,4831.75,4832.0,4829.75,4830.0,200.0,SYNTH-MES-A,1
2024-03-06 13:14:00+00:00,4830.0,4831.5,4829.75,4831.0,212.0,SYNTH-MES-A,1
2024-03-06 13:15:00+00:00,4831.0,4832.0,4830.0,4831.75,166.0,SYNTH-MES-A,1
2024-03-06 13:16:00+00:00,4831.75,4832.25,4831.0,4831.0,204.0,SYNTH-MES-A,1
2024-03-06 13:17:00+00:00,4831.0,4831.5,4830.0,4830.0,209.0,SYNTH-MES-A,1
2024-03-06 13:18:00+00:00,4830.0,4830.0,4828.25,4829.0,209.0,SYNTH-MES-A,1
2024-03-06 13:19:00+00:00,4829.0,4829.75,4828.75,4829.25,203.0,SYNTH-MES-A,1
2024-03-06 13:20:00+00:00,4829.25,4830.75,4829.25,4830.75,207.0,SYNTH-MES-A,1
2024-03-06 13:21:00+00:00,4830.75,4830.75,4830.0,4830.25,181.0,SYNTH-MES-A,1
2024-03-06 13:22:00+00:00,4830.25,4830.5,4829.5,4829.75,210.0,SYNTH-MES-A,1
2024-03-06 13:23:00+00:00,4829.75,4831.0,4829.75,4830.75,198.0,SYNTH-MES-A,1
2024-03-06 13:24:00+00:00,4830.75,4831.75,4829.5,4831.5,199.0,SYNTH-MES-A,1
2024-03-06 13:25:00+00:00,4831.5,4832.75,4831.5,4832.25,218.0,SYNTH-MES-A,1
2024-03-06 13:26:00+00:00,4832.25,4832.25,4832.0,4832.0,198.0,SYNTH-MES-A,1
2024-03-06 13:27:00+00:00,4832.0,4832.25,4831.5,4832.25,208.0,SYNTH-MES-A,1
2024-03-06 13:28:00+00:00,4832.25,4833.5,4831.75,4831.75,228.0,SYNTH-MES-A,1
2024-03-06 13:29:00+00:00,4831.75,4831.75,4830.0,4831.25,214.0,SYNTH-MES-A,1
2024-03-06 13:30:00+00:00,4831.25,4831.75,4830.5,4831.75,189.0,SYNTH-MES-A,1
2024-03-06 13:31:00+00:00,4831.75,4832.0,4831.75,4831.75,207.0,SYNTH-MES-A,1
2024-03-06 13:32:00+00:00,4831.75,4833.0,4831.5,4832.5,205.0,SYNTH-MES-A,1
2024-03-06 13:33:00+00:00,4832.5,4832.5,4830.75,4831.5,202.0,SYNTH-MES-A,1
2024-03-06 13:34:00+00:00,4831.5,4831.75,4831.25,4831.25,182.0,SYNTH-MES-A,1
2024-03-06 13:35:00+00:00,4831.25,4831.25,4830.0,4830.25,187.0,SYNTH-MES-A,1
2024-03-06 13:36:00+00:00,4830.25,4831.0,4828.75,4829.0,203.0,SYNTH-MES-A,1
2024-03-06 13:37:00+00:00,4829.0,4829.25,4828.5,4828.5,202.0,SYNTH-MES-A,1
2024-03-06 13:38:00+00:00,4828.5,4828.5,4826.75,4827.0,209.0,SYNTH-MES-A,1
2024-03-06 13:39:00+00:00,4827.0,4827.75,4826.5,4827.5,197.0,SYNTH-MES-A,1
2024-03-06 13:40:00+00:00,4827.5,4827.5,4827.0,4827.25,178.0,SYNTH-MES-A,1
2024-03-06 13:41:00+00:00,4827.25,4827.75,4826.75,4826.75,204.0,SYNTH-MES-A,1
2024-03-06 13:42:00+00:00,4826.75,4828.0,4826.5,4827.5,192.0,SYNTH-MES-A,1
2024-03-06 13:43:00+00:00,4827.5,4828.5,4827.25,4828.25,177.0,SYNTH-MES-A,1
2024-03-06 13:44:00+00:00,4828.25,4828.5,4828.0,4828.5,168.0,SYNTH-MES-A,1
2024-03-06 13:45:00+00:00,4828.5,4829.75,4828.5,4829.5,167.0,SYNTH-MES-A,1
2024-03-06 13:46:00+00:00,4829.5,4831.0,4829.25,4830.75,214.0,SYNTH-MES-A,1
2024-03-06 13:47:00+00:00,4830.75,4830.75,4829.5,4829.75,195.0,SYNTH-MES-A,1
2024-03-06 13:48:00+00:00,4829.75,4830.0,4829.5,4829.5,195.0,SYNTH-MES-A,1
2024-03-06 13:49:00+00:00,4829.5,4829.75,4828.75,4828.75,186.0,SYNTH-MES-A,1
2024-03-06 13:50:00+00:00,4828.75,4829.75,4828.75,4829.25,202.0,SYNTH-MES-A,1
2024-03-06 13:51:00+00:00,4829.25,4829.75,4827.5,4827.5,189.0,SYNTH-MES-A,1
2024-03-06 13:52:00+00:00,4827.5,4827.75,4827.5,4827.75,193.0,SYNTH-MES-A,1
2024-03-06 13:53:00+00:00,4827.75,4828.5,4827.75,4828.0,207.0,SYNTH-MES-A,1
2024-03-06 13:54:00+00:00,4828.0,4829.0,4828.0,4828.75,190.0,SYNTH-MES-A,1
2024-03-06 13:55:00+00:00,4828.75,4829.25,4828.5,4829.0,197.0,SYNTH-MES-A,1
2024-03-06 13:56:00+00:00,4829.0,4829.5,4828.0,4828.0,195.0,SYNTH-MES-A,1
2024-03-06 13:57:00+00:00,4828.0,4829.0,4828.0,4828.5,210.0,SYNTH-MES-A,1
2024-03-06 13:58:00+00:00,4828.5,4828.5,4827.0,4827.75,186.0,SYNTH-MES-A,1
2024-03-06 13:59:00+00:00,4827.75,4828.75,4827.25,4828.75,201.0,SYNTH-MES-A,1
2024-03-06 14:00:00+00:00,4828.75,4829.75,4828.75,4829.0,166.0,SYNTH-MES-A,1
2024-03-06 14:01:00+00:00,4829.0,4830.0,4828.0,4829.75,229.0,SYNTH-MES-A,1
2024-03-06 14:02:00+00:00,4829.75,4831.5,4829.5,4831.0,201.0,SYNTH-MES-A,1
2024-03-06 14:03:00+00:00,4831.0,4832.5,4831.0,4832.25,191.0,SYNTH-MES-A,1
2024-03-06 14:04:00+00:00,4832.25,4832.5,4832.25,4832.5,184.0,SYNTH-MES-A,1
2024-03-06 14:05:00+00:00,4832.5,4833.25,4831.75,4833.0,185.0,SYNTH-MES-A,1
2024-03-06 14:06:00+00:00,4833.0,4833.0,4832.0,4832.25,207.0,SYNTH-MES-A,1
2024-03-06 14:07:00+00:00,4832.25,4834.0,4832.25,4833.25,174.0,SYNTH-MES-A,1
2024-03-06 14:08:00+00:00,4833.25,4833.25,4832.25,4832.75,211.0,SYNTH-MES-A,1
2024-03-06 14:09:00+00:00,4832.75,4833.5,4832.75,4833.25,192.0,SYNTH-MES-A,1
2024-03-06 14:10:00+00:00,4833.25,4833.25,4832.0,4832.0,193.0,SYNTH-MES-A,1
2024-03-06 14:11:00+00:00,4832.0,4832.0,4831.25,4831.75,198.0,SYNTH-MES-A,1
2024-03-06 14:12:00+00:00,4831.75,4832.5,4831.25,4832.0,200.0,SYNTH-MES-A,1
2024-03-06 14:13:00+00:00,4832.0,4833.0,4831.75,4832.75,209.0,SYNTH-MES-A,1
2024-03-06 14:14:00+00:00,4832.75,4833.5,4832.75,4833.5,201.0,SYNTH-MES-A,1
2024-03-06 14:15:00+00:00,4833.5,4834.25,4833.5,4834.25,199.0,SYNTH-MES-A,1
2024-03-06 14:16:00+00:00,4834.25,4835.75,4834.25,4834.25,216.0,SYNTH-MES-A,1
2024-03-06 14:17:00+00:00,4834.25,4834.25,4833.25,4833.5,192.0,SYNTH-MES-A,1
2024-03-06 14:18:00+00:00,4833.5,4834.0,4831.5,4832.5,227.0,SYNTH-MES-A,1
2024-03-06 14:19:00+00:00,4832.5,4832.5,4831.75,4832.0,187.0,SYNTH-MES-A,1
2024-03-06 14:20:00+00:00,4832.0,4833.25,4830.75,4831.0,179.0,SYNTH-MES-A,1
2024-03-06 14:21:00+00:00,4831.0,4831.75,4830.0,4830.0,220.0,SYNTH-MES-A,1
2024-03-06 14:22:00+00:00,4830.0,4831.0,4830.0,4831.0,224.0,SYNTH-MES-A,1
2024-03-06 14:23:00+00:00,4831.0,4831.25,4829.75,4829.75,209.0,SYNTH-MES-A,1
2024-03-06 14:24:00+00:00,4829.75,4830.75,4829.75,4830.5,210.0,SYNTH-MES-A,1
2024-03-06 14:25:00+00:00,4830.5,4830.5,4830.25,4830.25,207.0,SYNTH-MES-A,1
2024-03-06 14:26:00+00:00,4830.25,4831.25,4830.25,4831.25,215.0,SYNTH-MES-A,1
2024-03-06 14:27:00+00:00,4831.25,4831.25,4830.25,4831.0,194.0,SYNTH-MES-A,1
2024-03-06 14:28:00+00:00,4831.0,4831.75,4830.25,4831.5,186.0,SYNTH-MES-A,1
2024-03-06 14:29:00+00:00,4831.5,4831.5,4831.25,4831.5,197.0,SYNTH-MES-A,1
2024-03-06 14:30:00+00:00,4831.5,4832.0,4828.75,4830.0,864.0,SYNTH-MES-A,1
2024-03-06 14:31:00+00:00,4830.0,4830.75,4829.75,4830.0,856.0,SYNTH-MES-A,1
2024-03-06 14:32:00+00:00,4830.0,4830.75,4826.5,4826.75,932.0,SYNTH-MES-A,1
2024-03-06 14:33:00+00:00,4826.75,4828.25,4826.5,4828.25,870.0,SYNTH-MES-A,1
2024-03-06 14:34:00+00:00,4828.25,4829.0,4826.25,4826.25,841.0,SYNTH-MES-A,1
2024-03-06 14:35:00+00:00,4826.25,4827.25,4825.5,4827.0,922.0,SYNTH-MES-A,1
2024-03-06 14:36:00+00:00,4827.0,4829.0,4827.0,4828.75,911.0,SYNTH-MES-A,1
2024-03-06 14:37:00+00:00,4828.75,4828.75,4824.5,4826.0,918.0,SYNTH-MES-A,1
2024-03-06 14:38:00+00:00,4826.0,4826.0,4824.25,4824.5,876.0,SYNTH-MES-A,1
2024-03-06 14:39:00+00:00,4824.5,4824.75,4824.0,4824.75,920.0,SYNTH-MES-A,1
2024-03-06 14:40:00+00:00,4824.75,4825.25,4824.5,4824.5,906.0,SYNTH-MES-A,1
2024-03-06 14:41:00+00:00,4824.5,4824.5,4822.0,4822.75,885.0,SYNTH-MES-A,1
2024-03-06 14:42:00+00:00,4822.75,4823.0,4822.25,4822.5,900.0,SYNTH-MES-A,1
2024-03-06 14:43:00+00:00,4822.5,4823.75,4821.75,4822.25,940.0,SYNTH-MES-A,1
2024-03-06 14:44:00+00:00,4822.25,4822.75,4822.0,4822.75,882.0,SYNTH-MES-A,1
2024-03-06 14:45:00+00:00,4822.75,4823.25,4822.5,4822.5,880.0,SYNTH-MES-A,1
2024-03-06 14:46:00+00:00,4822.5,4823.75,4822.25,4823.75,926.0,SYNTH-MES-A,1
2024-03-06 14:47:00+00:00,4823.75,4824.5,4822.5,4823.25,889.0,SYNTH-MES-A,1
2024-03-06 14:48:00+00:00,4823.25,4823.75,4822.0,4822.5,854.0,SYNTH-MES-A,1
2024-03-06 14:49:00+00:00,4822.5,4825.25,4822.0,4824.0,912.0,SYNTH-MES-A,1
2024-03-06 14:50:00+00:00,4824.0,4825.75,4822.5,4825.0,875.0,SYNTH-MES-A,1
2024-03-06 14:51:00+00:00,4825.0,4828.5,4825.0,4827.75,920.0,SYNTH-MES-A,1
2024-03-06 14:52:00+00:00,4827.75,4828.75,4825.75,4827.0,867.0,SYNTH-MES-A,1
2024-03-06 14:53:00+00:00,4827.0,4828.5,4826.25,4828.5,914.0,SYNTH-MES-A,1
2024-03-06 14:54:00+00:00,4828.5,4830.25,4828.0,4830.0,884.0,SYNTH-MES-A,1
2024-03-06 14:55:00+00:00,4830.0,4831.0,4830.0,4830.75,928.0,SYNTH-MES-A,1
2024-03-06 14:56:00+00:00,4830.75,4833.75,4830.5,4831.75,868.0,SYNTH-MES-A,1
2024-03-06 14:57:00+00:00,4831.75,4832.75,4831.5,4832.25,893.0,SYNTH-MES-A,1
2024-03-06 14:58:00+00:00,4832.25,4833.25,4832.0,4833.25,874.0,SYNTH-MES-A,1
2024-03-06 14:59:00+00:00,4833.25,4834.25,4831.25,4832.25,923.0,SYNTH-MES-A,1
2024-03-06 15:00:00+00:00,4832.25,4833.0,4832.0,4832.5,918.0,SYNTH-MES-A,1
2024-03-06 15:01:00+00:00,4832.5,4833.5,4832.25,4833.0,891.0,SYNTH-MES-A,1
2024-03-06 15:02:00+00:00,4833.0,4833.25,4830.25,4831.5,909.0,SYNTH-MES-A,1
2024-03-06 15:03:00+00:00,4831.5,4831.5,4830.75,4831.0,905.0,SYNTH-MES-A,1
2024-03-06 15:04:00+00:00,4831.0,4831.0,4828.75,4829.75,897.0,SYNTH-MES-A,1
2024-03-06 15:05:00+00:00,4829.75,4831.0,4829.75,4831.0,915.0,SYNTH-MES-A,1
2024-03-06 15:06:00+00:00,4831.0,4832.25,4830.5,4830.5,937.0,SYNTH-MES-A,1
2024-03-06 15:07:00+00:00,4830.5,4833.75,4830.0,4833.5,911.0,SYNTH-MES-A,1
2024-03-06 15:08:00+00:00,4833.5,4836.25,4831.75,4832.25,874.0,SYNTH-MES-A,1
2024-03-06 15:09:00+00:00,4832.25,4833.0,4829.5,4831.25,912.0,SYNTH-MES-A,1
2024-03-06 15:10:00+00:00,4831.25,4831.5,4830.5,4830.5,908.0,SYNTH-MES-A,1
2024-03-06 15:11:00+00:00,4830.5,4831.0,4828.5,4828.5,914.0,SYNTH-MES-A,1
2024-03-06 15:12:00+00:00,4828.5,4830.25,4828.0,4830.0,923.0,SYNTH-MES-A,1
2024-03-06 15:13:00+00:00,4830.0,4832.0,4827.5,4830.5,1001.0,SYNTH-MES-A,1
2024-03-06 15:14:00+00:00,4830.5,4830.5,4828.25,4828.5,950.0,SYNTH-MES-A,1
2024-03-06 15:15:00+00:00,4828.5,4828.5,4825.5,4827.25,903.0,SYNTH-MES-A,1
2024-03-06 15:16:00+00:00,4827.25,4828.5,4826.25,4827.25,913.0,SYNTH-MES-A,1
2024-03-06 15:17:00+00:00,4827.25,4830.25,4827.25,4830.0,942.0,SYNTH-MES-A,1
2024-03-06 15:18:00+00:00,4830.0,4833.5,4829.0,4832.75,846.0,SYNTH-MES-A,1
2024-03-06 15:19:00+00:00,4832.75,4832.75,4831.5,4832.75,886.0,SYNTH-MES-A,1
2024-03-06 15:20:00+00:00,4832.75,4835.25,4832.5,4834.75,884.0,SYNTH-MES-A,1
2024-03-06 15:21:00+00:00,4834.75,4835.0,4833.0,4833.0,909.0,SYNTH-MES-A,1
2024-03-06 15:22:00+00:00,4833.0,4835.0,4832.75,4834.5,920.0,SYNTH-MES-A,1
2024-03-06 15:23:00+00:00,4834.5,4834.75,4833.75,4834.75,910.0,SYNTH-MES-A,1
2024-03-06 15:24:00+00:00,4834.75,4834.75,4834.5,4834.5,884.0,SYNTH-MES-A,1
2024-03-06 15:25:00+00:00,4834.5,4835.0,4833.75,4834.25,932.0,SYNTH-MES-A,1
2024-03-06 15:26:00+00:00,4834.25,4834.25,4833.25,4834.25,853.0,SYNTH-MES-A,1
2024-03-06 15:27:00+00:00,4834.25,4837.0,4834.0,4836.5,878.0,SYNTH-MES-A,1
2024-03-06 15:28:00+00:00,4836.5,4838.5,4835.25,4835.5,920.0,SYNTH-MES-A,1
2024-03-06 15:29:00+00:00,4835.5,4835.5,4834.75,4835.5,893.0,SYNTH-MES-A,1
2024-03-06 15:30:00+00:00,4835.5,4837.5,4835.25,4837.25,896.0,SYNTH-MES-A,1
2024-03-06 15:31:00+00:00,4837.25,4839.5,4837.0,4839.25,850.0,SYNTH-MES-A,1
2024-03-06 15:32:00+00:00,4839.25,4839.25,4837.25,4838.25,901.0,SYNTH-MES-A,1
2024-03-06 15:33:00+00:00,4838.25,4840.25,4838.0,4840.0,895.0,SYNTH-MES-A,1
2024-03-06 15:34:00+00:00,4840.0,4840.0,4839.5,4840.0,956.0,SYNTH-MES-A,1
2024-03-06 15:35:00+00:00,4840.0,4840.0,4836.0,4836.5,858.0,SYNTH-MES-A,1
2024-03-06 15:36:00+00:00,4836.5,4838.25,4836.0,4837.5,899.0,SYNTH-MES-A,1
2024-03-06 15:37:00+00:00,4837.5,4839.75,4837.25,4839.0,921.0,SYNTH-MES-A,1
2024-03-06 15:38:00+00:00,4839.0,4839.5,4837.25,4839.0,862.0,SYNTH-MES-A,1
2024-03-06 15:39:00+00:00,4839.0,4839.0,4837.75,4838.5,871.0,SYNTH-MES-A,1
2024-03-06 15:40:00+00:00,4838.5,4840.5,4838.25,4840.0,905.0,SYNTH-MES-A,1
2024-03-06 15:41:00+00:00,4840.0,4843.0,4839.75,4841.0,921.0,SYNTH-MES-A,1
2024-03-06 15:42:00+00:00,4841.0,4841.25,4840.5,4841.25,910.0,SYNTH-MES-A,1
2024-03-06 15:43:00+00:00,4841.25,4842.0,4841.0,4842.0,918.0,SYNTH-MES-A,1
2024-03-06 15:44:00+00:00,4842.0,4845.0,4841.5,4844.75,907.0,SYNTH-MES-A,1
2024-03-06 15:45:00+00:00,4844.75,4845.5,4843.0,4843.5,893.0,SYNTH-MES-A,1
2024-03-06 15:46:00+00:00,4843.5,4844.25,4840.25,4840.75,852.0,SYNTH-MES-A,1
2024-03-06 15:47:00+00:00,4840.75,4841.5,4840.75,4840.75,911.0,SYNTH-MES-A,1
2024-03-06 15:48:00+00:00,4840.75,4843.0,4840.75,4842.0,863.0,SYNTH-MES-A,1
2024-03-06 15:49:00+00:00,4842.0,4842.75,4841.25,4842.75,939.0,SYNTH-MES-A,1
2024-03-06 15:50:00+00:00,4842.75,4844.0,4840.75,4841.0,874.0,SYNTH-MES-A,1
2024-03-06 15:51:00+00:00,4841.0,4842.0,4837.75,4837.75,925.0,SYNTH-MES-A,1
2024-03-06 15:52:00+00:00,4837.75,4838.75,4837.25,4838.75,922.0,SYNTH-MES-A,1
2024-03-06 15:53:00+00:00,4838.75,4845.75,4838.25,4844.5,893.0,SYNTH-MES-A,1
2024-03-06 15:54:00+00:00,4844.5,4846.75,4843.25,4843.75,870.0,SYNTH-MES-A,1
2024-03-06 15:55:00+00:00,4843.75,4844.25,4842.5,4842.75,943.0,SYNTH-MES-A,1
2024-03-06 15:56:00+00:00,4842.75,4843.0,4841.5,4841.75,846.0,SYNTH-MES-A,1
2024-03-06 15:57:00+00:00,4841.75,4843.0,4840.25,4841.25,924.0,SYNTH-MES-A,1
2024-03-06 15:58:00+00:00,4841.25,4842.25,4839.75,4840.5,856.0,SYNTH-MES-A,1
2024-03-06 15:59:00+00:00,4840.5,4842.0,4839.5,4839.5,911.0,SYNTH-MES-A,1
2024-03-06 16:00:00+00:00,4839.5,4840.75,4839.25,4840.0,859.0,SYNTH-MES-A,1
2024-03-06 16:01:00+00:00,4840.0,4840.0,4837.25,4838.0,922.0,SYNTH-MES-A,1
2024-03-06 16:02:00+00:00,4838.0,4839.25,4838.0,4839.0,894.0,SYNTH-MES-A,1
2024-03-06 16:03:00+00:00,4839.0,4840.0,4837.75,4840.0,859.0,SYNTH-MES-A,1
2024-03-06 16:04:00+00:00,4840.0,4840.25,4838.75,4839.0,890.0,SYNTH-MES-A,1
2024-03-06 16:05:00+00:00,4839.0,4842.0,4839.0,4841.0,924.0,SYNTH-MES-A,1
2024-03-06 16:06:00+00:00,4841.0,4842.5,4841.0,4841.25,891.0,SYNTH-MES-A,1
2024-03-06 16:07:00+00:00,4841.25,4843.5,4840.75,4842.5,854.0,SYNTH-MES-A,1
2024-03-06 16:08:00+00:00,4842.5,4844.25,4842.0,4843.75,889.0,SYNTH-MES-A,1
2024-03-06 16:09:00+00:00,4843.75,4845.75,4843.5,4845.75,921.0,SYNTH-MES-A,1
2024-03-06 16:10:00+00:00,4845.75,4847.25,4845.75,4845.75,864.0,SYNTH-MES-A,1
2024-03-06 16:11:00+00:00,4845.75,4847.75,4845.25,4847.5,945.0,SYNTH-MES-A,1
2024-03-06 16:12:00+00:00,4847.5,4847.75,4845.5,4846.75,848.0,SYNTH-MES-A,1
2024-03-06 16:13:00+00:00,4846.75,4847.25,4843.75,4844.25,832.0,SYNTH-MES-A,1
2024-03-06 16:14:00+00:00,4844.25,4845.0,4843.25,4844.75,862.0,SYNTH-MES-A,1
2024-03-06 16:15:00+00:00,4844.75,4845.0,4843.0,4844.0,923.0,SYNTH-MES-A,1
2024-03-06 16:16:00+00:00,4844.0,4844.75,4843.5,4844.5,960.0,SYNTH-MES-A,1
2024-03-06 16:17:00+00:00,4844.5,4844.75,4843.75,4844.25,933.0,SYNTH-MES-A,1
2024-03-06 16:18:00+00:00,4844.25,4846.25,4843.75,4844.75,913.0,SYNTH-MES-A,1
2024-03-06 16:19:00+00:00,4844.75,4846.75,4844.75,4846.0,873.0,SYNTH-MES-A,1
2024-03-06 16:20:00+00:00,4846.0,4846.5,4845.75,4846.0,900.0,SYNTH-MES-A,1
2024-03-06 16:21:00+00:00,4846.0,4846.75,4845.5,4846.25,928.0,SYNTH-MES-A,1
2024-03-06 16:22:00+00:00,4846.25,4848.75,4845.75,4848.25,897.0,SYNTH-MES-A,1
2024-03-06 16:23:00+00:00,4848.25,4848.25,4847.0,4848.25,882.0,SYNTH-MES-A,1
2024-03-06 16:24:00+00:00,4848.25,4848.75,4848.0,4848.75,875.0,SYNTH-MES-A,1
2024-03-06 16:25:00+00:00,4848.75,4851.0,4848.5,4850.75,960.0,SYNTH-MES-A,1
2024-03-06 16:26:00+00:00,4850.75,4851.5,4849.0,4849.25,968.0,SYNTH-MES-A,1
2024-03-06 16:27:00+00:00,4849.25,4849.5,4848.75,4849.25,941.0,SYNTH-MES-A,1
2024-03-06 16:28:00+00:00,4849.25,4849.5,4849.25,4849.5,919.0,SYNTH-MES-A,1
2024-03-06 16:29:00+00:00,4849.5,4849.5,4849.5,4849.5,887.0,SYNTH-MES-A,1
2024-03-06 16:30:00+00:00,4849.5,4851.0,4849.5,4850.5,907.0,SYNTH-MES-A,1
2024-03-06 16:31:00+00:00,4850.5,4851.0,4849.5,4850.0,911.0,SYNTH-MES-A,1
2024-03-06 16:32:00+00:00,4850.0,4851.25,4848.75,4848.75,890.0,SYNTH-MES-A,1
2024-03-06 16:33:00+00:00,4848.75,4851.25,4848.25,4850.25,948.0,SYNTH-MES-A,1
2024-03-06 16:34:00+00:00,4850.25,4853.0,4849.75,4852.0,974.0,SYNTH-MES-A,1
2024-03-06 16:35:00+00:00,4852.0,4852.25,4851.75,4852.0,859.0,SYNTH-MES-A,1
2024-03-06 16:36:00+00:00,4852.0,4853.5,4852.0,4853.5,894.0,SYNTH-MES-A,1
2024-03-06 16:37:00+00:00,4853.5,4857.25,4851.75,4852.25,932.0,SYNTH-MES-A,1
2024-03-06 16:38:00+00:00,4852.25,4852.5,4851.75,4851.75,867.0,SYNTH-MES-A,1
2024-03-06 16:39:00+00:00,4851.75,4851.75,4851.0,4851.25,868.0,SYNTH-MES-A,1
2024-03-06 16:40:00+00:00,4851.25,4852.5,4851.0,4852.5,892.0,SYNTH-MES-A,1
2024-03-06 16:41:00+00:00,4852.5,4853.5,4852.5,4853.25,900.0,SYNTH-MES-A,1
2024-03-06 16:42:00+00:00,4853.25,4853.25,4851.75,4852.5,937.0,SYNTH-MES-A,1
2024-03-06 16:43:00+00:00,4852.5,4853.5,4852.25,4853.5,912.0,SYNTH-MES-A,1
2024-03-06 16:44:00+00:00,4853.5,4855.5,4853.25,4855.0,887.0,SYNTH-MES-A,1
2024-03-06 16:45:00+00:00,4855.0,4855.25,4854.5,4854.5,894.0,SYNTH-MES-A,1
2024-03-06 16:46:00+00:00,4854.5,4856.5,4853.75,4855.75,931.0,SYNTH-MES-A,1
2024-03-06 16:47:00+00:00,4855.75,4856.25,4855.0,4855.75,912.0,SYNTH-MES-A,1
2024-03-06 16:48:00+00:00,4855.75,4858.5,4855.5,4858.5,854.0,SYNTH-MES-A,1
2024-03-06 16:49:00+00:00,4858.5,4859.0,4855.75,4856.75,909.0,SYNTH-MES-A,1
2024-03-06 16:50:00+00:00,4856.75,4860.0,4856.75,4857.25,909.0,SYNTH-MES-A,1
2024-03-06 16:51:00+00:00,4857.25,4858.75,4856.5,4858.0,863.0,SYNTH-MES-A,1
2024-03-06 16:52:00+00:00,4858.0,4861.5,4857.75,4860.75,868.0,SYNTH-MES-A,1
2024-03-06 16:53:00+00:00,4860.75,4860.75,4860.0,4860.25,923.0,SYNTH-MES-A,1
2024-03-06 16:54:00+00:00,4860.25,4860.75,4859.5,4859.75,932.0,SYNTH-MES-A,1
2024-03-06 16:55:00+00:00,4859.75,4860.75,4859.0,4860.5,873.0,SYNTH-MES-A,1
2024-03-06 16:56:00+00:00,4860.5,4863.5,4859.5,4862.5,888.0,SYNTH-MES-A,1
2024-03-06 16:57:00+00:00,4862.5,4862.5,4861.0,4861.75,887.0,SYNTH-MES-A,1
2024-03-06 16:58:00+00:00,4861.75,4862.75,4861.75,4861.75,936.0,SYNTH-MES-A,1
2024-03-06 16:59:00+00:00,4861.75,4863.25,4859.25,4859.75,883.0,SYNTH-MES-A,1
2024-03-06 17:00:00+00:00,4859.75,4861.5,4859.5,4861.0,928.0,SYNTH-MES-A,1
2024-03-06 17:01:00+00:00,4861.0,4861.0,4859.5,4860.0,920.0,SYNTH-MES-A,1
2024-03-06 17:02:00+00:00,4860.0,4863.25,4860.0,4862.5,933.0,SYNTH-MES-A,1
2024-03-06 17:03:00+00:00,4862.5,4864.25,4861.0,4861.5,904.0,SYNTH-MES-A,1
2024-03-06 17:04:00+00:00,4861.5,4861.5,4860.25,4860.75,826.0,SYNTH-MES-A,1
2024-03-06 17:05:00+00:00,4860.75,4867.0,4860.0,4864.5,877.0,SYNTH-MES-A,1
2024-03-06 17:06:00+00:00,4864.5,4864.5,4863.75,4864.25,910.0,SYNTH-MES-A,1
2024-03-06 17:07:00+00:00,4864.25,4865.25,4863.5,4863.75,835.0,SYNTH-MES-A,1
2024-03-06 17:08:00+00:00,4863.75,4865.0,4862.25,4862.5,865.0,SYNTH-MES-A,1
2024-03-06 17:09:00+00:00,4862.5,4863.0,4861.0,4861.75,897.0,SYNTH-MES-A,1
2024-03-06 17:10:00+00:00,4861.75,4863.25,4861.5,4863.25,929.0,SYNTH-MES-A,1
2024-03-06 17:11:00+00:00,4863.25,4864.25,4862.75,4864.25,981.0,SYNTH-MES-A,1
2024-03-06 17:12:00+00:00,4864.25,4864.75,4862.25,4864.25,887.0,SYNTH-MES-A,1
2024-03-06 17:13:00+00:00,4864.25,4864.75,4860.75,4863.0,936.0,SYNTH-MES-A,1
2024-03-06 17:14:00+00:00,4863.0,4864.0,4861.75,4863.0,872.0,SYNTH-MES-A,1
2024-03-06 17:15:00+00:00,4863.0,4863.5,4861.0,4861.25,860.0,SYNTH-MES-A,1
2024-03-06 17:16:00+00:00,4861.25,4861.25,4860.75,4861.0,869.0,SYNTH-MES-A,1
2024-03-06 17:17:00+00:00,4861.0,4861.5,4860.25,4861.25,882.0,SYNTH-MES-A,1
2024-03-06 17:18:00+00:00,4861.25,4863.75,4861.0,4863.0,876.0,SYNTH-MES-A,1
2024-03-06 17:19:00+00:00,4863.0,4863.5,4862.75,4863.0,911.0,SYNTH-MES-A,1
2024-03-06 17:20:00+00:00,4863.0,4863.5,4861.25,4862.25,866.0,SYNTH-MES-A,1
2024-03-06 17:21:00+00:00,4862.25,4862.25,4861.25,4861.25,965.0,SYNTH-MES-A,1
2024-03-06 17:22:00+00:00,4861.25,4861.5,4861.0,4861.0,911.0,SYNTH-MES-A,1
2024-03-06 17:23:00+00:00,4861.0,4862.25,4860.0,4860.0,886.0,SYNTH-MES-A,1
2024-03-06 17:24:00+00:00,4860.0,4860.75,4858.75,4860.25,868.0,SYNTH-MES-A,1
2024-03-06 17:25:00+00:00,4860.25,4860.5,4859.75,4860.0,843.0,SYNTH-MES-A,1
2024-03-06 17:26:00+00:00,4860.0,4860.0,4858.25,4858.25,867.0,SYNTH-MES-A,1
2024-03-06 17:27:00+00:00,4858.25,4858.5,4854.75,4854.75,934.0,SYNTH-MES-A,1
2024-03-06 17:28:00+00:00,4854.75,4856.0,4854.5,4855.75,859.0,SYNTH-MES-A,1
2024-03-06 17:29:00+00:00,4855.75,4857.75,4855.75,4857.25,910.0,SYNTH-MES-A,1
2024-03-06 17:30:00+00:00,4857.25,4862.5,4856.75,4860.5,857.0,SYNTH-MES-A,1
2024-03-06 17:31:00+00:00,4860.5,4861.75,4859.75,4861.75,879.0,SYNTH-MES-A,1
2024-03-06 17:32:00+00:00,4861.75,4862.0,4859.5,4859.75,931.0,SYNTH-MES-A,1
2024-03-06 17:33:00+00:00,4859.75,4862.25,4859.5,4862.25,917.0,SYNTH-MES-A,1
2024-03-06 17:34:00+00:00,4862.25,4864.25,4861.0,4864.0,879.0,SYNTH-MES-A,1
2024-03-06 17:35:00+00:00,4864.0,4866.5,4864.0,4865.0,878.0,SYNTH-MES-A,1
2024-03-06 17:36:00+00:00,4865.0,4865.25,4862.0,4863.0,848.0,SYNTH-MES-A,1
2024-03-06 17:37:00+00:00,4863.0,4863.25,4862.25,4862.5,867.0,SYNTH-MES-A,1
2024-03-06 17:38:00+00:00,4862.5,4863.75,4861.75,4862.0,881.0,SYNTH-MES-A,1
2024-03-06 17:39:00+00:00,4862.0,4862.0,4861.25,4861.75,888.0,SYNTH-MES-A,1
2024-03-06 17:40:00+00:00,4861.75,4863.25,4861.5,4863.25,889.0,SYNTH-MES-A,1
2024-03-06 17:41:00+00:00,4863.25,4863.5,4861.75,4862.5,871.0,SYNTH-MES-A,1
2024-03-06 17:42:00+00:00,4862.5,4863.25,4860.0,4860.5,946.0,SYNTH-MES-A,1
2024-03-06 17:43:00+00:00,4860.5,4862.0,4858.5,4858.5,934.0,SYNTH-MES-A,1
2024-03-06 17:44:00+00:00,4858.5,4862.5,4858.0,4861.5,930.0,SYNTH-MES-A,1
2024-03-06 17:45:00+00:00,4861.5,4862.25,4860.75,4862.25,853.0,SYNTH-MES-A,1
2024-03-06 17:46:00+00:00,4862.25,4862.75,4859.75,4860.5,858.0,SYNTH-MES-A,1
2024-03-06 17:47:00+00:00,4860.5,4860.75,4859.5,4859.75,869.0,SYNTH-MES-A,1
2024-03-06 17:48:00+00:00,4859.75,4860.5,4858.75,4859.0,897.0,SYNTH-MES-A,1
2024-03-06 17:49:00+00:00,4859.0,4860.25,4858.75,4859.75,844.0,SYNTH-MES-A,1
2024-03-06 17:50:00+00:00,4859.75,4860.0,4858.25,4859.25,923.0,SYNTH-MES-A,1
2024-03-06 17:51:00+00:00,4859.25,4860.75,4858.5,4860.0,869.0,SYNTH-MES-A,1
2024-03-06 17:52:00+00:00,4860.0,4861.5,4859.75,4860.0,880.0,SYNTH-MES-A,1
2024-03-06 17:53:00+00:00,4860.0,4860.75,4857.25,4857.25,841.0,SYNTH-MES-A,1
2024-03-06 17:54:00+00:00,4857.25,4859.5,4856.75,4859.5,905.0,SYNTH-MES-A,1
2024-03-06 17:55:00+00:00,4859.5,4859.5,4857.25,4857.25,958.0,SYNTH-MES-A,1
2024-03-06 17:56:00+00:00,4857.25,4858.5,4857.0,4858.5,909.0,SYNTH-MES-A,1
2024-03-06 17:57:00+00:00,4858.5,4860.5,4858.25,4860.0,917.0,SYNTH-MES-A,1
2024-03-06 17:58:00+00:00,4860.0,4860.25,4860.0,4860.0,953.0,SYNTH-MES-A,1
2024-03-06 17:59:00+00:00,4860.0,4860.5,4860.0,4860.25,891.0,SYNTH-MES-A,1
2024-03-06 18:00:00+00:00,4860.25,4862.5,4860.0,4860.75,911.0,SYNTH-MES-A,1
2024-03-06 18:01:00+00:00,4860.75,4860.75,4859.25,4860.25,880.0,SYNTH-MES-A,1
2024-03-06 18:02:00+00:00,4860.25,4860.5,4858.5,4858.5,904.0,SYNTH-MES-A,1
2024-03-06 18:03:00+00:00,4858.5,4859.25,4857.0,4857.75,871.0,SYNTH-MES-A,1
2024-03-06 18:04:00+00:00,4857.75,4858.25,4855.75,4855.75,905.0,SYNTH-MES-A,1
2024-03-06 18:05:00+00:00,4855.75,4858.0,4855.25,4856.75,899.0,SYNTH-MES-A,1
2024-03-06 18:06:00+00:00,4856.75,4856.75,4854.0,4855.5,932.0,SYNTH-MES-A,1
2024-03-06 18:07:00+00:00,4855.5,4855.75,4855.0,4855.5,902.0,SYNTH-MES-A,1
2024-03-06 18:08:00+00:00,4855.5,4856.0,4855.5,4856.0,891.0,SYNTH-MES-A,1
2024-03-06 18:09:00+00:00,4856.0,4856.0,4855.25,4855.25,886.0,SYNTH-MES-A,1
2024-03-06 18:10:00+00:00,4855.25,4859.25,4855.0,4855.75,899.0,SYNTH-MES-A,1
2024-03-06 18:11:00+00:00,4855.75,4857.25,4855.75,4857.25,893.0,SYNTH-MES-A,1
2024-03-06 18:12:00+00:00,4857.25,4857.75,4856.5,4857.0,953.0,SYNTH-MES-A,1
2024-03-06 18:13:00+00:00,4857.0,4857.75,4855.25,4855.75,893.0,SYNTH-MES-A,1
2024-03-06 18:14:00+00:00,4855.75,4856.25,4852.0,4853.5,907.0,SYNTH-MES-A,1
2024-03-06 18:15:00+00:00,4853.5,4854.25,4853.5,4854.25,895.0,SYNTH-MES-A,1
2024-03-06 18:16:00+00:00,4854.25,4854.75,4853.0,4854.25,887.0,SYNTH-MES-A,1
2024-03-06 18:17:00+00:00,4854.25,4854.75,4852.25,4852.75,878.0,SYNTH-MES-A,1
2024-03-06 18:18:00+00:00,4852.75,4856.0,4851.5,4855.75,913.0,SYNTH-MES-A,1
2024-03-06 18:19:00+00:00,4855.75,4859.5,4855.25,4858.0,928.0,SYNTH-MES-A,1
2024-03-06 18:20:00+00:00,4858.0,4861.0,4856.25,4858.5,936.0,SYNTH-MES-A,1
2024-03-06 18:21:00+00:00,4858.5,4860.5,4857.25,4860.5,891.0,SYNTH-MES-A,1
2024-03-06 18:22:00+00:00,4860.5,4862.0,4859.75,4860.0,901.0,SYNTH-MES-A,1
2024-03-06 18:23:00+00:00,4860.0,4861.0,4859.5,4860.75,904.0,SYNTH-MES-A,1
2024-03-06 18:24:00+00:00,4860.75,4861.75,4860.25,4861.75,890.0,SYNTH-MES-A,1
2024-03-06 18:25:00+00:00,4861.75,4863.0,4860.75,4862.25,978.0,SYNTH-MES-A,1
2024-03-06 18:26:00+00:00,4862.25,4863.5,4862.0,4863.5,860.0,SYNTH-MES-A,1
2024-03-06 18:27:00+00:00,4863.5,4864.0,4860.25,4860.5,931.0,SYNTH-MES-A,1
2024-03-06 18:28:00+00:00,4860.5,4861.25,4859.75,4860.0,924.0,SYNTH-MES-A,1
2024-03-06 18:29:00+00:00,4860.0,4860.5,4858.75,4860.0,916.0,SYNTH-MES-A,1
2024-03-06 18:30:00+00:00,4860.0,4863.0,4858.75,4860.5,892.0,SYNTH-MES-A,1
2024-03-06 18:31:00+00:00,4860.5,4861.75,4860.25,4861.25,861.0,SYNTH-MES-A,1
2024-03-06 18:32:00+00:00,4861.25,4862.0,4859.25,4861.5,843.0,SYNTH-MES-A,1
2024-03-06 18:33:00+00:00,4861.5,4863.0,4859.5,4862.25,904.0,SYNTH-MES-A,1
2024-03-06 18:34:00+00:00,4862.25,4863.0,4861.5,4863.0,913.0,SYNTH-MES-A,1
2024-03-06 18:35:00+00:00,4863.0,4863.25,4861.5,4861.5,890.0,SYNTH-MES-A,1
2024-03-06 18:36:00+00:00,4861.5,4862.25,4861.25,4861.75,903.0,SYNTH-MES-A,1
2024-03-06 18:37:00+00:00,4861.75,4865.0,4860.75,4865.0,913.0,SYNTH-MES-A,1
2024-03-06 18:38:00+00:00,4865.0,4865.5,4864.5,4865.5,910.0,SYNTH-MES-A,1
2024-03-06 18:39:00+00:00,4865.5,4866.25,4864.25,4864.25,935.0,SYNTH-MES-A,1
2024-03-06 18:40:00+00:00,4864.25,4865.75,4864.25,4864.75,900.0,SYNTH-MES-A,1
2024-03-06 18:41:00+00:00,4864.75,4865.25,4863.5,4863.75,902.0,SYNTH-MES-A,1
2024-03-06 18:42:00+00:00,4863.75,4865.0,4863.5,4864.75,856.0,SYNTH-MES-A,1
2024-03-06 18:43:00+00:00,4864.75,4865.5,4863.5,4863.5,908.0,SYNTH-MES-A,1
2024-03-06 18:44:00+00:00,4863.5,4864.5,4863.25,4864.25,882.0,SYNTH-MES-A,1
2024-03-06 18:45:00+00:00,4864.25,4864.25,4863.0,4863.25,921.0,SYNTH-MES-A,1
2024-03-06 18:46:00+00:00,4863.25,4866.0,4863.25,4866.0,921.0,SYNTH-MES-A,1
2024-03-06 18:47:00+00:00,4866.0,4869.25,4866.0,4869.25,907.0,SYNTH-MES-A,1
2024-03-06 18:48:00+00:00,4869.25,4869.25,4865.5,4868.0,895.0,SYNTH-MES-A,1
2024-03-06 18:49:00+00:00,4868.0,4868.75,4868.0,4868.25,897.0,SYNTH-MES-A,1
2024-03-06 18:50:00+00:00,4868.25,4869.75,4867.0,4867.75,917.0,SYNTH-MES-A,1
2024-03-06 18:51:00+00:00,4867.75,4867.75,4867.25,4867.25,887.0,SYNTH-MES-A,1
2024-03-06 18:52:00+00:00,4867.25,4868.25,4867.25,4868.25,881.0,SYNTH-MES-A,1
2024-03-06 18:53:00+00:00,4868.25,4869.0,4868.0,4868.75,884.0,SYNTH-MES-A,1
2024-03-06 18:54:00+00:00,4868.75,4870.75,4868.25,4869.75,928.0,SYNTH-MES-A,1
2024-03-06 18:55:00+00:00,4869.75,4870.25,4867.25,4868.0,825.0,SYNTH-MES-A,1
2024-03-06 18:56:00+00:00,4868.0,4871.5,4867.5,4868.75,859.0,SYNTH-MES-A,1
2024-03-06 18:57:00+00:00,4868.75,4868.75,4868.0,4868.5,945.0,SYNTH-MES-A,1
2024-03-06 18:58:00+00:00,4868.5,4869.25,4867.75,4867.75,882.0,SYNTH-MES-A,1
2024-03-06 18:59:00+00:00,4867.75,4870.0,4867.75,4868.0,865.0,SYNTH-MES-A,1
2024-03-06 19:00:00+00:00,4868.0,4869.0,4867.75,4869.0,887.0,SYNTH-MES-A,1
2024-03-06 19:01:00+00:00,4869.0,4870.75,4867.75,4869.0,913.0,SYNTH-MES-A,1
2024-03-06 19:02:00+00:00,4869.0,4870.25,4867.75,4868.0,860.0,SYNTH-MES-A,1
2024-03-06 19:03:00+00:00,4868.0,4868.75,4867.5,4868.5,871.0,SYNTH-MES-A,1
2024-03-06 19:04:00+00:00,4868.5,4869.5,4866.75,4869.5,837.0,SYNTH-MES-A,1
2024-03-06 19:05:00+00:00,4869.5,4870.5,4869.5,4870.25,892.0,SYNTH-MES-A,1
2024-03-06 19:06:00+00:00,4870.25,4870.25,4868.75,4869.0,907.0,SYNTH-MES-A,1
2024-03-06 19:07:00+00:00,4869.0,4870.25,4869.0,4869.75,906.0,SYNTH-MES-A,1
2024-03-06 19:08:00+00:00,4869.75,4870.0,4868.25,4868.75,903.0,SYNTH-MES-A,1
2024-03-06 19:09:00+00:00,4868.75,4869.25,4867.5,4867.75,873.0,SYNTH-MES-A,1
2024-03-06 19:10:00+00:00,4867.75,4868.5,4867.5,4868.0,933.0,SYNTH-MES-A,1
2024-03-06 19:11:00+00:00,4868.0,4868.25,4867.5,4867.5,921.0,SYNTH-MES-A,1
2024-03-06 19:12:00+00:00,4867.5,4871.5,4867.25,4871.25,853.0,SYNTH-MES-A,1
2024-03-06 19:13:00+00:00,4871.25,4872.5,4871.0,4871.75,862.0,SYNTH-MES-A,1
2024-03-06 19:14:00+00:00,4871.75,4872.0,4871.75,4871.75,883.0,SYNTH-MES-A,1
2024-03-06 19:15:00+00:00,4871.75,4873.25,4870.0,4873.0,901.0,SYNTH-MES-A,1
2024-03-06 19:16:00+00:00,4873.0,4873.0,4870.0,4870.5,900.0,SYNTH-MES-A,1
2024-03-06 19:17:00+00:00,4870.5,4870.75,4869.0,4869.25,909.0,SYNTH-MES-A,1
2024-03-06 19:18:00+00:00,4869.25,4869.5,4867.25,4867.75,875.0,SYNTH-MES-A,1
2024-03-06 19:19:00+00:00,4867.75,4869.25,4867.5,4869.25,880.0,SYNTH-MES-A,1
2024-03-06 19:20:00+00:00,4869.25,4869.25,4867.5,4868.25,957.0,SYNTH-MES-A,1
2024-03-06 19:21:00+00:00,4868.25,4869.25,4865.25,4866.0,880.0,SYNTH-MES-A,1
2024-03-06 19:22:00+00:00,4866.0,4867.75,4865.25,4866.75,920.0,SYNTH-MES-A,1
2024-03-06 19:23:00+00:00,4866.75,4868.75,4865.75,4868.25,895.0,SYNTH-MES-A,1
2024-03-06 19:24:00+00:00,4868.25,4868.75,4868.25,4868.5,888.0,SYNTH-MES-A,1
2024-03-06 19:25:00+00:00,4868.5,4869.25,4866.25,4867.25,883.0,SYNTH-MES-A,1
2024-03-06 19:26:00+00:00,4867.25,4870.5,4867.0,4868.5,828.0,SYNTH-MES-A,1
2024-03-06 19:27:00+00:00,4868.5,4872.25,4868.0,4872.0,937.0,SYNTH-MES-A,1
2024-03-06 19:28:00+00:00,4872.0,4872.25,4872.0,4872.25,877.0,SYNTH-MES-A,1
2024-03-06 19:29:00+00:00,4872.25,4876.0,4872.0,4875.5,931.0,SYNTH-MES-A,1
2024-03-06 19:30:00+00:00,4875.5,4875.75,4873.75,4873.75,889.0,SYNTH-MES-A,1
2024-03-06 19:31:00+00:00,4873.75,4874.25,4873.75,4874.0,918.0,SYNTH-MES-A,1
2024-03-06 19:32:00+00:00,4874.0,4874.25,4873.25,4873.25,930.0,SYNTH-MES-A,1
2024-03-06 19:33:00+00:00,4873.25,4877.5,4873.25,4875.5,883.0,SYNTH-MES-A,1
2024-03-06 19:34:00+00:00,4875.5,4877.75,4875.0,4877.5,882.0,SYNTH-MES-A,1
2024-03-06 19:35:00+00:00,4877.5,4879.75,4877.5,4878.25,898.0,SYNTH-MES-A,1
2024-03-06 19:36:00+00:00,4878.25,4878.75,4877.5,4878.25,898.0,SYNTH-MES-A,1
2024-03-06 19:37:00+00:00,4878.25,4878.75,4878.0,4878.75,891.0,SYNTH-MES-A,1
2024-03-06 19:38:00+00:00,4878.75,4878.75,4877.75,4878.25,878.0,SYNTH-MES-A,1
2024-03-06 19:39:00+00:00,4878.25,4878.75,4876.25,4877.5,895.0,SYNTH-MES-A,1
2024-03-06 19:40:00+00:00,4877.5,4877.5,4876.0,4876.75,915.0,SYNTH-MES-A,1
2024-03-06 19:41:00+00:00,4876.75,4877.5,4876.25,4876.5,873.0,SYNTH-MES-A,1
2024-03-06 19:42:00+00:00,4876.5,4879.25,4876.25,4877.75,868.0,SYNTH-MES-A,1
2024-03-06 19:43:00+00:00,4877.75,4878.25,4875.5,4875.5,955.0,SYNTH-MES-A,1
2024-03-06 19:44:00+00:00,4875.5,4875.75,4874.0,4874.25,954.0,SYNTH-MES-A,1
2024-03-06 19:45:00+00:00,4874.25,4874.5,4873.5,4874.5,903.0,SYNTH-MES-A,1
2024-03-06 19:46:00+00:00,4874.5,4875.0,4873.75,4874.25,908.0,SYNTH-MES-A,1
2024-03-06 19:47:00+00:00,4874.25,4874.75,4872.0,4872.25,915.0,SYNTH-MES-A,1
2024-03-06 19:48:00+00:00,4872.25,4873.0,4870.25,4870.75,939.0,SYNTH-MES-A,1
2024-03-06 19:49:00+00:00,4870.75,4874.5,4870.75,4874.5,943.0,SYNTH-MES-A,1
2024-03-06 19:50:00+00:00,4874.5,4877.5,4873.75,4876.75,851.0,SYNTH-MES-A,1
2024-03-06 19:51:00+00:00,4876.75,4877.5,4876.75,4877.25,869.0,SYNTH-MES-A,1
2024-03-06 19:52:00+00:00,4877.25,4877.75,4876.75,4877.0,913.0,SYNTH-MES-A,1
2024-03-06 19:53:00+00:00,4877.0,4878.75,4876.5,4878.5,869.0,SYNTH-MES-A,1
2024-03-06 19:54:00+00:00,4878.5,4879.0,4878.0,4878.5,922.0,SYNTH-MES-A,1
2024-03-06 19:55:00+00:00,4878.5,4881.25,4877.0,4881.25,934.0,SYNTH-MES-A,1
2024-03-06 19:56:00+00:00,4881.25,4882.25,4879.25,4880.0,890.0,SYNTH-MES-A,1
2024-03-06 19:57:00+00:00,4880.0,4883.75,4879.0,4882.0,896.0,SYNTH-MES-A,1
2024-03-06 19:58:00+00:00,4882.0,4883.0,4882.0,4882.75,872.0,SYNTH-MES-A,1
2024-03-06 19:59:00+00:00,4882.75,4884.0,4882.5,4883.0,885.0,SYNTH-MES-A,1
2024-03-06 20:00:00+00:00,4883.0,4885.75,4883.0,4884.75,873.0,SYNTH-MES-A,1
2024-03-06 20:01:00+00:00,4884.75,4887.0,4881.75,4886.75,913.0,SYNTH-MES-A,1
2024-03-06 20:02:00+00:00,4886.75,4889.25,4886.5,4888.25,892.0,SYNTH-MES-A,1
2024-03-06 20:03:00+00:00,4888.25,4888.75,4886.75,4887.25,870.0,SYNTH-MES-A,1
2024-03-06 20:04:00+00:00,4887.25,4887.5,4886.0,4886.75,861.0,SYNTH-MES-A,1
2024-03-06 20:05:00+00:00,4886.75,4887.75,4886.5,4887.5,845.0,SYNTH-MES-A,1
2024-03-06 20:06:00+00:00,4887.5,4889.75,4887.0,4889.75,907.0,SYNTH-MES-A,1
2024-03-06 20:07:00+00:00,4889.75,4890.5,4888.75,4889.0,911.0,SYNTH-MES-A,1
2024-03-06 20:08:00+00:00,4889.0,4890.5,4886.25,4888.0,892.0,SYNTH-MES-A,1
2024-03-06 20:09:00+00:00,4888.0,4888.75,4886.5,4887.5,970.0,SYNTH-MES-A,1
2024-03-06 20:10:00+00:00,4887.5,4887.5,4886.75,4887.0,870.0,SYNTH-MES-A,1
2024-03-06 20:11:00+00:00,4887.0,4887.25,4885.75,4886.5,893.0,SYNTH-MES-A,1
2024-03-06 20:12:00+00:00,4886.5,4887.5,4885.25,4887.5,876.0,SYNTH-MES-A,1
2024-03-06 20:13:00+00:00,4887.5,4889.0,4887.0,4889.0,973.0,SYNTH-MES-A,1
2024-03-06 20:14:00+00:00,4889.0,4889.5,4886.5,4887.0,856.0,SYNTH-MES-A,1
2024-03-06 20:15:00+00:00,4887.0,4887.25,4886.25,4887.0,891.0,SYNTH-MES-A,1
2024-03-06 20:16:00+00:00,4887.0,4888.5,4887.0,4887.25,926.0,SYNTH-MES-A,1
2024-03-06 20:17:00+00:00,4887.25,4888.0,4886.75,4887.75,916.0,SYNTH-MES-A,1
2024-03-06 20:18:00+00:00,4887.75,4887.75,4884.5,4886.0,916.0,SYNTH-MES-A,1
2024-03-06 20:19:00+00:00,4886.0,4888.0,4885.75,4887.0,956.0,SYNTH-MES-A,1
2024-03-06 20:20:00+00:00,4887.0,4888.25,4886.5,4888.25,877.0,SYNTH-MES-A,1
2024-03-06 20:21:00+00:00,4888.25,4890.25,4888.25,4889.75,872.0,SYNTH-MES-A,1
2024-03-06 20:22:00+00:00,4889.75,4892.5,4889.5,4892.25,922.0,SYNTH-MES-A,1
2024-03-06 20:23:00+00:00,4892.25,4892.5,4891.75,4892.0,878.0,SYNTH-MES-A,1
2024-03-06 20:24:00+00:00,4892.0,4894.5,4891.75,4894.0,917.0,SYNTH-MES-A,1
2024-03-06 20:25:00+00:00,4894.0,4894.25,4893.75,4894.25,946.0,SYNTH-MES-A,1
2024-03-06 20:26:00+00:00,4894.25,4894.75,4891.75,4892.25,883.0,SYNTH-MES-A,1
2024-03-06 20:27:00+00:00,4892.25,4892.5,4890.5,4891.0,874.0,SYNTH-MES-A,1
2024-03-06 20:28:00+00:00,4891.0,4891.25,4888.5,4889.0,863.0,SYNTH-MES-A,1
2024-03-06 20:29:00+00:00,4889.0,4889.0,4887.25,4887.5,937.0,SYNTH-MES-A,1
2024-03-06 20:30:00+00:00,4887.5,4888.0,4887.25,4887.75,908.0,SYNTH-MES-A,1
2024-03-06 20:31:00+00:00,4887.75,4888.0,4886.25,4886.25,861.0,SYNTH-MES-A,1
2024-03-06 20:32:00+00:00,4886.25,4886.5,4885.75,4886.5,847.0,SYNTH-MES-A,1
2024-03-06 20:33:00+00:00,4886.5,4889.25,4885.5,4887.25,927.0,SYNTH-MES-A,1
2024-03-06 20:34:00+00:00,4887.25,4887.5,4884.25,4886.25,934.0,SYNTH-MES-A,1
2024-03-06 20:35:00+00:00,4886.25,4886.5,4886.25,4886.5,878.0,SYNTH-MES-A,1
2024-03-06 20:36:00+00:00,4886.5,4888.75,4886.0,4887.0,807.0,SYNTH-MES-A,1
2024-03-06 20:37:00+00:00,4887.0,4887.0,4885.0,4885.75,895.0,SYNTH-MES-A,1
2024-03-06 20:38:00+00:00,4885.75,4886.25,4885.25,4885.5,895.0,SYNTH-MES-A,1
2024-03-06 20:39:00+00:00,4885.5,4886.0,4885.0,4886.0,890.0,SYNTH-MES-A,1
2024-03-06 20:40:00+00:00,4886.0,4886.25,4883.75,4884.5,937.0,SYNTH-MES-A,1
2024-03-06 20:41:00+00:00,4884.5,4885.0,4883.5,4883.75,904.0,SYNTH-MES-A,1
2024-03-06 20:42:00+00:00,4883.75,4884.75,4883.5,4883.5,886.0,SYNTH-MES-A,1
2024-03-06 20:43:00+00:00,4883.5,4884.75,4882.5,4883.0,855.0,SYNTH-MES-A,1
2024-03-06 20:44:00+00:00,4883.0,4884.5,4883.0,4884.0,886.0,SYNTH-MES-A,1
2024-03-06 20:45:00+00:00,4884.0,4886.25,4882.5,4885.5,888.0,SYNTH-MES-A,1
2024-03-06 20:46:00+00:00,4885.5,4887.5,4885.5,4887.25,947.0,SYNTH-MES-A,1
2024-03-06 20:47:00+00:00,4887.25,4887.5,4886.5,4886.5,836.0,SYNTH-MES-A,1
2024-03-06 20:48:00+00:00,4886.5,4887.25,4885.25,4887.0,895.0,SYNTH-MES-A,1
2024-03-06 20:49:00+00:00,4887.0,4888.0,4885.0,4888.0,917.0,SYNTH-MES-A,1
2024-03-06 20:50:00+00:00,4888.0,4890.0,4886.25,4886.5,880.0,SYNTH-MES-A,1
2024-03-06 20:51:00+00:00,4886.5,4889.0,4886.25,4888.25,874.0,SYNTH-MES-A,1
2024-03-06 20:52:00+00:00,4888.25,4890.75,4888.25,4889.75,938.0,SYNTH-MES-A,1
2024-03-06 20:53:00+00:00,4889.75,4890.0,4886.0,4886.5,913.0,SYNTH-MES-A,1
2024-03-06 20:54:00+00:00,4886.5,4886.5,4885.0,4885.25,880.0,SYNTH-MES-A,1
2024-03-06 20:55:00+00:00,4885.25,4885.75,4883.25,4884.0,868.0,SYNTH-MES-A,1
2024-03-06 20:56:00+00:00,4884.0,4884.75,4879.25,4880.5,950.0,SYNTH-MES-A,1
2024-03-06 20:57:00+00:00,4880.5,4881.0,4880.25,4880.75,899.0,SYNTH-MES-A,1
2024-03-06 20:58:00+00:00,4880.75,4881.25,4878.75,4879.0,921.0,SYNTH-MES-A,1
2024-03-06 20:59:00+00:00,4879.0,4881.5,4878.75,4880.5,887.0,SYNTH-MES-A,1
2024-03-06 21:00:00+00:00,4880.5,4881.25,4880.5,4881.0,203.0,SYNTH-MES-A,1
2024-03-06 21:01:00+00:00,4881.0,4881.25,4880.75,4881.0,199.0,SYNTH-MES-A,1
2024-03-06 21:02:00+00:00,4881.0,4881.5,4879.5,4879.75,192.0,SYNTH-MES-A,1
2024-03-06 21:03:00+00:00,4879.75,4881.5,4879.75,4880.0,168.0,SYNTH-MES-A,1
2024-03-06 21:04:00+00:00,4880.0,4880.25,4879.75,4880.0,191.0,SYNTH-MES-A,1
2024-03-06 21:05:00+00:00,4880.0,4880.25,4879.5,4880.0,199.0,SYNTH-MES-A,1
2024-03-06 21:06:00+00:00,4880.0,4880.25,4879.5,4879.5,205.0,SYNTH-MES-A,1
2024-03-06 21:07:00+00:00,4879.5,4880.25,4879.25,4880.25,192.0,SYNTH-MES-A,1
2024-03-06 21:08:00+00:00,4880.25,4880.25,4879.75,4880.0,215.0,SYNTH-MES-A,1
2024-03-06 21:09:00+00:00,4880.0,4880.5,4879.25,4880.25,165.0,SYNTH-MES-A,1
2024-03-06 21:10:00+00:00,4880.25,4880.75,4878.5,4878.75,212.0,SYNTH-MES-A,1
2024-03-06 21:11:00+00:00,4878.75,4880.5,4878.5,4880.25,198.0,SYNTH-MES-A,1
2024-03-06 21:12:00+00:00,4880.25,4880.5,4879.75,4880.25,176.0,SYNTH-MES-A,1
2024-03-06 21:13:00+00:00,4880.25,4881.25,4880.0,4881.25,216.0,SYNTH-MES-A,1
2024-03-06 21:14:00+00:00,4881.25,4882.0,4880.75,4881.75,200.0,SYNTH-MES-A,1
2024-03-06 21:15:00+00:00,4881.75,4883.0,4881.5,4882.25,199.0,SYNTH-MES-A,1
2024-03-06 21:16:00+00:00,4882.25,4883.25,4882.0,4882.5,210.0,SYNTH-MES-A,1
2024-03-06 21:17:00+00:00,4882.5,4883.25,4881.75,4882.5,220.0,SYNTH-MES-A,1
2024-03-06 21:18:00+00:00,4882.5,4882.75,4882.5,4882.5,207.0,SYNTH-MES-A,1
2024-03-06 21:19:00+00:00,4882.5,4883.25,4882.5,4883.25,203.0,SYNTH-MES-A,1
2024-03-06 21:20:00+00:00,4883.25,4884.0,4883.25,4884.0,199.0,SYNTH-MES-A,1
2024-03-06 21:21:00+00:00,4884.0,4884.5,4884.0,4884.25,211.0,SYNTH-MES-A,1
2024-03-06 21:22:00+00:00,4884.25,4884.75,4884.0,4884.25,213.0,SYNTH-MES-A,1
2024-03-06 21:23:00+00:00,4884.25,4885.75,4884.25,4885.25,189.0,SYNTH-MES-A,1
2024-03-06 21:24:00+00:00,4885.25,4885.5,4884.75,4884.75,192.0,SYNTH-MES-A,1
2024-03-06 21:25:00+00:00,4884.75,4885.0,4884.5,4885.0,212.0,SYNTH-MES-A,1
2024-03-06 21:26:00+00:00,4885.0,4885.75,4884.25,4885.5,192.0,SYNTH-MES-A,1
2024-03-06 21:27:00+00:00,4885.5,4885.5,4885.25,4885.5,199.0,SYNTH-MES-A,1
2024-03-06 21:28:00+00:00,4885.5,4886.25,4885.25,4886.25,156.0,SYNTH-MES-A,1
2024-03-06 21:29:00+00:00,4886.25,4886.25,4885.5,4886.25,195.0,SYNTH-MES-A,1
2024-03-06 21:30:00+00:00,4886.25,4886.75,4886.0,4886.5,203.0,SYNTH-MES-A,1
2024-03-06 21:31:00+00:00,4886.5,4886.75,4884.75,4885.25,205.0,SYNTH-MES-A,1
2024-03-06 21:32:00+00:00,4885.25,4885.75,4885.0,4885.75,207.0,SYNTH-MES-A,1
2024-03-06 21:33:00+00:00,4885.75,4885.75,4885.25,4885.5,196.0,SYNTH-MES-A,1
2024-03-06 21:34:00+00:00,4885.5,4885.5,4885.0,4885.0,196.0,SYNTH-MES-A,1
2024-03-06 21:35:00+00:00,4885.0,4885.25,4883.25,4883.25,208.0,SYNTH-MES-A,1
2024-03-06 21:36:00+00:00,4883.25,4883.5,4882.5,4882.75,206.0,SYNTH-MES-A,1
2024-03-06 21:37:00+00:00,4882.75,4883.0,4882.5,4883.0,202.0,SYNTH-MES-A,1
2024-03-06 21:38:00+00:00,4883.0,4883.0,4879.25,4880.75,207.0,SYNTH-MES-A,1
2024-03-06 21:39:00+00:00,4880.75,4881.0,4879.75,4880.0,186.0,SYNTH-MES-A,1
2024-03-06 21:40:00+00:00,4880.0,4880.5,4879.0,4879.5,179.0,SYNTH-MES-A,1
2024-03-06 21:41:00+00:00,4879.5,4880.25,4879.25,4880.0,183.0,SYNTH-MES-A,1
2024-03-06 21:42:00+00:00,4880.0,4880.0,4879.75,4879.75,175.0,SYNTH-MES-A,1
2024-03-06 21:43:00+00:00,4879.75,4880.0,4878.25,4878.75,200.0,SYNTH-MES-A,1
2024-03-06 21:44:00+00:00,4878.75,4880.25,4878.5,4880.0,198.0,SYNTH-MES-A,1
2024-03-06 21:45:00+00:00,4880.0,4880.5,4877.25,4877.5,177.0,SYNTH-MES-A,1
2024-03-06 21:46:00+00:00,4877.5,4878.75,4877.25,4878.75,200.0,SYNTH-MES-A,1
2024-03-06 21:47:00+00:00,4878.75,4879.0,4878.0,4878.25,208.0,SYNTH-MES-A,1
2024-03-06 21:48:00+00:00,4878.25,4879.5,4878.25,4879.25,198.0,SYNTH-MES-A,1
2024-03-06 21:49:00+00:00,4879.25,4880.25,4879.0,4880.25,197.0,SYNTH-MES-A,1
2024-03-06 21:50:00+00:00,4880.25,4880.5,4879.0,4879.0,206.0,SYNTH-MES-A,1
2024-03-06 21:51:00+00:00,4879.0,4879.0,4877.75,4878.0,201.0,SYNTH-MES-A,1
2024-03-06 21:52:00+00:00,4878.0,4878.0,4877.5,4877.5,193.0,SYNTH-MES-A,1
2024-03-06 21:53:00+00:00,4877.5,4877.75,4876.0,4876.0,186.0,SYNTH-MES-A,1
2024-03-06 21:54:00+00:00,4876.0,4876.5,4875.75,4876.0,185.0,SYNTH-MES-A,1
2024-03-06 21:55:00+00:00,4876.0,4877.25,4875.5,4877.25,195.0,SYNTH-MES-A,1
2024-03-06 21:56:00+00:00,4877.25,4877.75,4877.25,4877.75,214.0,SYNTH-MES-A,1
2024-03-06 21:57:00+00:00,4877.75,4877.75,4877.75,4877.75,186.0,SYNTH-MES-A,1
2024-03-06 21:58:00+00:00,4877.75,4878.0,4876.75,4877.5,222.0,SYNTH-MES-A,1
2024-03-06 21:59:00+00:00,4877.5,4877.5,4876.75,4877.25,205.0,SYNTH-MES-A,1
2024-03-06 23:00:00+00:00,4877.25,4878.25,4876.25,4877.75,181.0,SYNTH-MES-A,1
2024-03-06 23:01:00+00:00,4877.75,4878.0,4876.5,4876.5,187.0,SYNTH-MES-A,1
2024-03-06 23:02:00+00:00,4876.5,4879.0,4875.75,4878.75,191.0,SYNTH-MES-A,1
2024-03-06 23:03:00+00:00,4878.75,4879.25,4878.5,4879.0,216.0,SYNTH-MES-A,1
2024-03-06 23:04:00+00:00,4879.0,4879.5,4878.75,4878.75,193.0,SYNTH-MES-A,1
2024-03-06 23:05:00+00:00,4878.75,4879.0,4878.25,4878.75,219.0,SYNTH-MES-A,1
2024-03-06 23:06:00+00:00,4878.75,4879.5,4878.75,4879.0,185.0,SYNTH-MES-A,1
2024-03-06 23:07:00+00:00,4879.0,4879.25,4879.0,4879.25,203.0,SYNTH-MES-A,1
2024-03-06 23:08:00+00:00,4879.25,4880.25,4879.25,4880.0,234.0,SYNTH-MES-A,1
2024-03-06 23:09:00+00:00,4880.0,4880.5,4879.75,4880.5,214.0,SYNTH-MES-A,1
2024-03-06 23:10:00+00:00,4880.5,4881.5,4880.5,4881.5,193.0,SYNTH-MES-A,1
2024-03-06 23:11:00+00:00,4881.5,4881.75,4881.0,4881.25,191.0,SYNTH-MES-A,1
2024-03-06 23:12:00+00:00,4881.25,4881.5,4881.0,4881.5,180.0,SYNTH-MES-A,1
2024-03-06 23:13:00+00:00,4881.5,4881.75,4881.0,4881.75,195.0,SYNTH-MES-A,1
2024-03-06 23:14:00+00:00,4881.75,4882.0,4881.5,4881.75,217.0,SYNTH-MES-A,1
2024-03-06 23:15:00+00:00,4881.75,4882.75,4881.75,4882.5,212.0,SYNTH-MES-A,1
2024-03-06 23:16:00+00:00,4882.5,4883.5,4882.25,4882.75,200.0,SYNTH-MES-A,1
2024-03-06 23:17:00+00:00,4882.75,4883.0,4882.75,4882.75,193.0,SYNTH-MES-A,1
2024-03-06 23:18:00+00:00,4882.75,4882.75,4881.75,4881.75,211.0,SYNTH-MES-A,1
2024-03-06 23:19:00+00:00,4881.75,4882.25,4881.5,4882.25,208.0,SYNTH-MES-A,1
2024-03-06 23:20:00+00:00,4882.25,4882.5,4882.0,4882.25,202.0,SYNTH-MES-A,1
2024-03-06 23:21:00+00:00,4882.25,4882.5,4882.0,4882.5,210.0,SYNTH-MES-A,1
2024-03-06 23:22:00+00:00,4882.5,4884.5,4882.5,4884.25,232.0,SYNTH-MES-A,1
2024-03-06 23:23:00+00:00,4884.25,4885.5,4884.0,4885.0,199.0,SYNTH-MES-A,1
2024-03-06 23:24:00+00:00,4885.0,4885.25,4885.0,4885.25,229.0,SYNTH-MES-A,1
2024-03-06 23:25:00+00:00,4885.25,4885.5,4885.0,4885.0,211.0,SYNTH-MES-A,1
2024-03-06 23:26:00+00:00,4885.0,4885.5,4885.0,4885.25,223.0,SYNTH-MES-A,1
2024-03-06 23:27:00+00:00,4885.25,4886.25,4885.25,4885.75,216.0,SYNTH-MES-A,1
2024-03-06 23:28:00+00:00,4885.75,4887.0,4885.75,4886.0,200.0,SYNTH-MES-A,1
2024-03-06 23:29:00+00:00,4886.0,4886.0,4886.0,4886.0,189.0,SYNTH-MES-A,1
2024-03-06 23:30:00+00:00,4886.0,4886.5,4886.0,4886.0,253.0,SYNTH-MES-A,1
2024-03-06 23:31:00+00:00,4886.0,4886.25,4885.75,4886.25,193.0,SYNTH-MES-A,1
2024-03-06 23:32:00+00:00,4886.25,4887.25,4886.25,4887.0,175.0,SYNTH-MES-A,1
2024-03-06 23:33:00+00:00,4887.0,4887.75,4886.75,4887.5,230.0,SYNTH-MES-A,1
2024-03-06 23:34:00+00:00,4887.5,4887.5,4886.5,4887.0,196.0,SYNTH-MES-A,1
2024-03-06 23:35:00+00:00,4887.0,4887.25,4886.75,4887.0,219.0,SYNTH-MES-A,1
2024-03-06 23:36:00+00:00,4887.0,4887.0,4886.75,4886.75,205.0,SYNTH-MES-A,1
2024-03-06 23:37:00+00:00,4886.75,4887.25,4884.75,4885.0,204.0,SYNTH-MES-A,1
2024-03-06 23:38:00+00:00,4885.0,4885.25,4884.75,4885.0,203.0,SYNTH-MES-A,1
2024-03-06 23:39:00+00:00,4885.0,4885.0,4884.5,4884.75,209.0,SYNTH-MES-A,1
2024-03-06 23:40:00+00:00,4884.75,4885.5,4884.0,4885.0,199.0,SYNTH-MES-A,1
2024-03-06 23:41:00+00:00,4885.0,4886.25,4885.0,4886.25,187.0,SYNTH-MES-A,1
2024-03-06 23:42:00+00:00,4886.25,4887.25,4886.0,4887.25,203.0,SYNTH-MES-A,1
2024-03-06 23:43:00+00:00,4887.25,4887.75,4886.5,4886.75,212.0,SYNTH-MES-A,1
2024-03-06 23:44:00+00:00,4886.75,4888.5,4886.5,4888.25,188.0,SYNTH-MES-A,1
2024-03-06 23:45:00+00:00,4888.25,4888.75,4887.5,4888.0,204.0,SYNTH-MES-A,1
2024-03-06 23:46:00+00:00,4888.0,4888.5,4887.0,4887.75,206.0,SYNTH-MES-A,1
2024-03-06 23:47:00+00:00,4887.75,4887.75,4887.25,4887.75,197.0,SYNTH-MES-A,1
2024-03-06 23:48:00+00:00,4887.75,4888.25,4887.5,4887.5,190.0,SYNTH-MES-A,1
2024-03-06 23:49:00+00:00,4887.5,4888.0,4887.25,4887.75,176.0,SYNTH-MES-A,1
2024-03-06 23:50:00+00:00,4887.75,4888.75,4887.75,4888.75,207.0,SYNTH-MES-A,1
2024-03-06 23:51:00+00:00,4888.75,4888.75,4888.5,4888.5,207.0,SYNTH-MES-A,1
2024-03-06 23:52:00+00:00,4888.5,4889.0,4888.25,4889.0,187.0,SYNTH-MES-A,1
2024-03-06 23:53:00+00:00,4889.0,4890.25,4888.75,4890.0,212.0,SYNTH-MES-A,1
2024-03-06 23:54:00+00:00,4890.0,4890.25,4889.5,4889.75,181.0,SYNTH-MES-A,1
2024-03-06 23:55:00+00:00,4889.75,4890.0,4889.5,4889.5,212.0,SYNTH-MES-A,1
2024-03-06 23:56:00+00:00,4889.5,4890.5,4889.5,4889.75,200.0,SYNTH-MES-A,1
2024-03-06 23:57:00+00:00,4889.75,4890.0,4889.75,4890.0,186.0,SYNTH-MES-A,1
2024-03-06 23:58:00+00:00,4890.0,4890.0,4888.75,4889.25,175.0,SYNTH-MES-A,1
2024-03-06 23:59:00+00:00,4889.25,4889.75,4889.25,4889.75,201.0,SYNTH-MES-A,1
2024-03-07 00:00:00+00:00,4889.75,4890.0,4889.5,4890.0,187.0,SYNTH-MES-A,1
2024-03-07 00:01:00+00:00,4890.0,4890.5,4889.25,4889.5,197.0,SYNTH-MES-A,1
2024-03-07 00:02:00+00:00,4889.5,4890.0,4889.25,4889.75,224.0,SYNTH-MES-A,1
2024-03-07 00:03:00+00:00,4889.75,4889.75,4889.5,4889.5,203.0,SYNTH-MES-A,1
2024-03-07 00:04:00+00:00,4889.5,4890.0,4889.5,4889.75,195.0,SYNTH-MES-A,1
2024-03-07 00:05:00+00:00,4889.75,4890.0,4889.75,4890.0,204.0,SYNTH-MES-A,1
2024-03-07 00:06:00+00:00,4890.0,4890.0,4889.75,4890.0,213.0,SYNTH-MES-A,1
2024-03-07 00:07:00+00:00,4890.0,4891.25,4889.5,4891.25,193.0,SYNTH-MES-A,1
2024-03-07 00:08:00+00:00,4891.25,4893.0,4891.25,4892.75,188.0,SYNTH-MES-A,1
2024-03-07 00:09:00+00:00,4892.75,4893.75,4892.75,4893.5,206.0,SYNTH-MES-A,1
2024-03-07 00:10:00+00:00,4893.5,4893.75,4892.5,4892.75,205.0,SYNTH-MES-A,1
2024-03-07 00:11:00+00:00,4892.75,4892.75,4892.75,4892.75,198.0,SYNTH-MES-A,1
2024-03-07 00:12:00+00:00,4892.75,4892.75,4892.5,4892.5,212.0,SYNTH-MES-A,1
2024-03-07 00:13:00+00:00,4892.5,4892.5,4892.0,4892.5,191.0,SYNTH-MES-A,1
2024-03-07 00:14:00+00:00,4892.5,4892.75,4891.75,4891.75,232.0,SYNTH-MES-A,1
2024-03-07 00:15:00+00:00,4891.75,4892.0,4891.25,4891.75,194.0,SYNTH-MES-A,1
2024-03-07 00:16:00+00:00,4891.75,4894.25,4891.5,4893.75,201.0,SYNTH-MES-A,1
2024-03-07 00:17:00+00:00,4893.75,4893.75,4893.0,4893.25,213.0,SYNTH-MES-A,1
2024-03-07 00:18:00+00:00,4893.25,4893.75,4893.25,4893.75,206.0,SYNTH-MES-A,1
2024-03-07 00:19:00+00:00,4893.75,4894.0,4892.75,4892.75,227.0,SYNTH-MES-A,1
2024-03-07 00:20:00+00:00,4892.75,4893.75,4892.75,4893.5,197.0,SYNTH-MES-A,1
2024-03-07 00:21:00+00:00,4893.5,4894.5,4893.25,4893.75,202.0,SYNTH-MES-A,1
2024-03-07 00:22:00+00:00,4893.75,4895.0,4893.5,4894.75,197.0,SYNTH-MES-A,1
2024-03-07 00:23:00+00:00,4894.75,4894.75,4893.0,4893.25,193.0,SYNTH-MES-A,1
2024-03-07 00:24:00+00:00,4893.25,4893.5,4892.5,4892.75,201.0,SYNTH-MES-A,1
2024-03-07 00:25:00+00:00,4892.75,4894.0,4892.5,4893.75,210.0,SYNTH-MES-A,1
2024-03-07 00:26:00+00:00,4893.75,4894.0,4892.0,4892.25,203.0,SYNTH-MES-A,1
2024-03-07 00:27:00+00:00,4892.25,4892.5,4891.25,4891.25,206.0,SYNTH-MES-A,1
2024-03-07 00:28:00+00:00,4891.25,4891.25,4891.25,4891.25,202.0,SYNTH-MES-A,1
2024-03-07 00:29:00+00:00,4891.25,4892.25,4891.25,4892.0,204.0,SYNTH-MES-A,1
2024-03-07 00:30:00+00:00,4892.0,4892.75,4892.0,4892.75,204.0,SYNTH-MES-A,1
2024-03-07 00:31:00+00:00,4892.75,4893.5,4892.5,4893.25,195.0,SYNTH-MES-A,1
2024-03-07 00:32:00+00:00,4893.25,4893.25,4892.75,4893.0,182.0,SYNTH-MES-A,1
2024-03-07 00:33:00+00:00,4893.0,4893.5,4892.5,4893.25,203.0,SYNTH-MES-A,1
2024-03-07 00:34:00+00:00,4893.25,4893.25,4893.25,4893.25,188.0,SYNTH-MES-A,1
2024-03-07 00:35:00+00:00,4893.25,4893.5,4892.0,4892.25,203.0,SYNTH-MES-A,1
2024-03-07 00:36:00+00:00,4892.25,4893.75,4892.25,4893.75,210.0,SYNTH-MES-A,1
2024-03-07 00:37:00+00:00,4893.75,4894.0,4890.75,4891.75,175.0,SYNTH-MES-A,1
2024-03-07 00:38:00+00:00,4891.75,4893.25,4891.5,4892.0,186.0,SYNTH-MES-A,1
2024-03-07 00:39:00+00:00,4892.0,4892.5,4892.0,4892.5,215.0,SYNTH-MES-A,1
2024-03-07 00:40:00+00:00,4892.5,4892.5,4892.0,4892.25,199.0,SYNTH-MES-A,1
2024-03-07 00:41:00+00:00,4892.25,4894.0,4892.25,4893.25,190.0,SYNTH-MES-A,1
2024-03-07 00:42:00+00:00,4893.25,4894.0,4893.25,4894.0,182.0,SYNTH-MES-A,1
2024-03-07 00:43:00+00:00,4894.0,4894.25,4892.75,4893.25,210.0,SYNTH-MES-A,1
2024-03-07 00:44:00+00:00,4893.25,4894.0,4892.25,4893.0,198.0,SYNTH-MES-A,1
2024-03-07 00:45:00+00:00,4893.0,4894.0,4892.75,4893.5,204.0,SYNTH-MES-A,1
2024-03-07 00:46:00+00:00,4893.5,4895.25,4893.5,4894.5,188.0,SYNTH-MES-A,1
2024-03-07 00:47:00+00:00,4894.5,4895.5,4894.25,4894.75,175.0,SYNTH-MES-A,1
2024-03-07 00:48:00+00:00,4894.75,4895.25,4894.0,4894.25,201.0,SYNTH-MES-A,1
2024-03-07 00:49:00+00:00,4894.25,4894.25,4892.0,4892.75,210.0,SYNTH-MES-A,1
2024-03-07 00:50:00+00:00,4892.75,4893.0,4892.75,4892.75,203.0,SYNTH-MES-A,1
2024-03-07 00:51:00+00:00,4892.75,4893.25,4892.25,4892.5,199.0,SYNTH-MES-A,1
2024-03-07 00:52:00+00:00,4892.5,4893.5,4892.0,4893.0,190.0,SYNTH-MES-A,1
2024-03-07 00:53:00+00:00,4893.0,4893.25,4893.0,4893.0,205.0,SYNTH-MES-A,1
2024-03-07 00:54:00+00:00,4893.0,4894.0,4893.0,4893.75,199.0,SYNTH-MES-A,1
2024-03-07 00:55:00+00:00,4893.75,4895.25,4893.75,4894.5,182.0,SYNTH-MES-A,1
2024-03-07 00:56:00+00:00,4894.5,4895.5,4894.25,4895.25,168.0,SYNTH-MES-A,1
2024-03-07 00:57:00+00:00,4895.25,4897.5,4894.5,4897.5,224.0,SYNTH-MES-A,1
2024-03-07 00:58:00+00:00,4897.5,4898.5,4897.5,4898.25,204.0,SYNTH-MES-A,1
2024-03-07 00:59:00+00:00,4898.25,4899.0,4898.0,4898.75,216.0,SYNTH-MES-A,1
2024-03-07 01:00:00+00:00,4898.75,4899.0,4898.25,4898.5,200.0,SYNTH-MES-A,1
2024-03-07 01:01:00+00:00,4898.5,4899.25,4898.25,4898.5,192.0,SYNTH-MES-A,1
2024-03-07 01:02:00+00:00,4898.5,4899.25,4898.25,4898.25,175.0,SYNTH-MES-A,1
2024-03-07 01:03:00+00:00,4898.25,4898.5,4898.0,4898.5,203.0,SYNTH-MES-A,1
2024-03-07 01:04:00+00:00,4898.5,4898.5,4897.25,4897.75,206.0,SYNTH-MES-A,1
2024-03-07 01:05:00+00:00,4897.75,4898.75,4897.5,4898.75,210.0,SYNTH-MES-A,1
2024-03-07 01:06:00+00:00,4898.75,4899.25,4898.5,4899.0,197.0,SYNTH-MES-A,1
2024-03-07 01:07:00+00:00,4899.0,4900.25,4898.75,4899.5,206.0,SYNTH-MES-A,1
2024-03-07 01:08:00+00:00,4899.5,4900.25,4898.25,4898.5,185.0,SYNTH-MES-A,1
2024-03-07 01:09:00+00:00,4898.5,4898.75,4898.5,4898.75,194.0,SYNTH-MES-A,1
2024-03-07 01:10:00+00:00,4898.75,4900.0,4898.75,4899.75,200.0,SYNTH-MES-A,1
2024-03-07 01:11:00+00:00,4899.75,4899.75,4898.5,4899.25,216.0,SYNTH-MES-A,1
2024-03-07 01:12:00+00:00,4899.25,4901.25,4898.75,4900.25,218.0,SYNTH-MES-A,1
2024-03-07 01:13:00+00:00,4900.25,4901.0,4900.25,4901.0,201.0,SYNTH-MES-A,1
2024-03-07 01:14:00+00:00,4901.0,4901.0,4900.5,4900.75,182.0,SYNTH-MES-A,1
2024-03-07 01:15:00+00:00,4900.75,4900.75,4899.25,4899.25,221.0,SYNTH-MES-A,1
2024-03-07 01:16:00+00:00,4899.25,4899.25,4899.0,4899.25,185.0,SYNTH-MES-A,1
2024-03-07 01:17:00+00:00,4899.25,4900.0,4899.0,4900.0,184.0,SYNTH-MES-A,1
2024-03-07 01:18:00+00:00,4900.0,4900.5,4899.0,4899.25,192.0,SYNTH-MES-A,1
2024-03-07 01:19:00+00:00,4899.25,4899.75,4898.25,4898.25,174.0,SYNTH-MES-A,1
2024-03-07 01:20:00+00:00,4898.25,4899.5,4898.25,4898.75,184.0,SYNTH-MES-A,1
2024-03-07 01:21:00+00:00,4898.75,4899.0,4898.75,4899.0,203.0,SYNTH-MES-A,1
2024-03-07 01:22:00+00:00,4899.0,4899.25,4898.25,4898.5,213.0,SYNTH-MES-A,1
2024-03-07 01:23:00+00:00,4898.5,4899.5,4898.5,4899.25,192.0,SYNTH-MES-A,1
2024-03-07 01:24:00+00:00,4899.25,4900.0,4898.5,4898.75,206.0,SYNTH-MES-A,1
2024-03-07 01:25:00+00:00,4898.75,4899.25,4898.5,4899.25,200.0,SYNTH-MES-A,1
2024-03-07 01:26:00+00:00,4899.25,4899.25,4898.75,4899.0,162.0,SYNTH-MES-A,1
2024-03-07 01:27:00+00:00,4899.0,4899.75,4898.5,4899.75,208.0,SYNTH-MES-A,1
2024-03-07 01:28:00+00:00,4899.75,4901.25,4899.75,4901.25,219.0,SYNTH-MES-A,1
2024-03-07 01:29:00+00:00,4901.25,4901.25,4900.25,4900.5,213.0,SYNTH-MES-A,1
2024-03-07 01:30:00+00:00,4900.5,4901.25,4900.0,4900.25,165.0,SYNTH-MES-A,1
2024-03-07 01:31:00+00:00,4900.25,4901.0,4900.25,4901.0,158.0,SYNTH-MES-A,1
2024-03-07 01:32:00+00:00,4901.0,4901.0,4900.75,4901.0,210.0,SYNTH-MES-A,1
2024-03-07 01:33:00+00:00,4901.0,4901.25,4900.5,4901.25,180.0,SYNTH-MES-A,1
2024-03-07 01:34:00+00:00,4901.25,4902.5,4901.0,4902.25,201.0,SYNTH-MES-A,1
2024-03-07 01:35:00+00:00,4902.25,4903.5,4902.25,4903.5,225.0,SYNTH-MES-A,1
2024-03-07 01:36:00+00:00,4903.5,4903.5,4902.5,4903.25,191.0,SYNTH-MES-A,1
2024-03-07 01:37:00+00:00,4903.25,4904.0,4903.0,4903.75,182.0,SYNTH-MES-A,1
2024-03-07 01:38:00+00:00,4903.75,4904.5,4903.5,4904.25,200.0,SYNTH-MES-A,1
2024-03-07 01:39:00+00:00,4904.25,4905.0,4903.5,4904.75,193.0,SYNTH-MES-A,1
2024-03-07 01:40:00+00:00,4904.75,4905.25,4904.0,4904.25,234.0,SYNTH-MES-A,1
2024-03-07 01:41:00+00:00,4904.25,4904.75,4904.0,4904.5,179.0,SYNTH-MES-A,1
2024-03-07 01:42:00+00:00,4904.5,4904.5,4904.0,4904.0,178.0,SYNTH-MES-A,1
2024-03-07 01:43:00+00:00,4904.0,4904.5,4904.0,4904.25,190.0,SYNTH-MES-A,1
2024-03-07 01:44:00+00:00,4904.25,4905.5,4904.25,4905.25,169.0,SYNTH-MES-A,1
2024-03-07 01:45:00+00:00,4905.25,4905.75,4905.0,4905.75,192.0,SYNTH-MES-A,1
2024-03-07 01:46:00+00:00,4905.75,4906.5,4905.75,4906.25,198.0,SYNTH-MES-A,1
2024-03-07 01:47:00+00:00,4906.25,4906.5,4905.5,4905.75,202.0,SYNTH-MES-A,1
2024-03-07 01:48:00+00:00,4905.75,4906.0,4905.75,4906.0,234.0,SYNTH-MES-A,1
2024-03-07 01:49:00+00:00,4906.0,4906.0,4905.25,4905.5,228.0,SYNTH-MES-A,1
2024-03-07 01:50:00+00:00,4905.5,4905.75,4905.25,4905.25,205.0,SYNTH-MES-A,1
2024-03-07 01:51:00+00:00,4905.25,4906.5,4905.25,4905.25,202.0,SYNTH-MES-A,1
2024-03-07 01:52:00+00:00,4905.25,4905.5,4904.5,4905.5,207.0,SYNTH-MES-A,1
2024-03-07 01:53:00+00:00,4905.5,4906.5,4905.5,4905.75,199.0,SYNTH-MES-A,1
2024-03-07 01:54:00+00:00,4905.75,4906.75,4905.75,4906.75,210.0,SYNTH-MES-A,1
2024-03-07 01:55:00+00:00,4906.75,4907.75,4906.75,4907.5,192.0,SYNTH-MES-A,1
2024-03-07 01:56:00+00:00,4907.5,4908.0,4906.75,4908.0,211.0,SYNTH-MES-A,1
2024-03-07 01:57:00+00:00,4908.0,4908.75,4908.0,4908.75,175.0,SYNTH-MES-A,1
2024-03-07 01:58:00+00:00,4908.75,4908.75,4908.0,4908.0,196.0,SYNTH-MES-A,1
2024-03-07 01:59:00+00:00,4908.0,4908.0,4908.0,4908.0,186.0,SYNTH-MES-A,1
2024-03-07 02:00:00+00:00,4908.0,4908.5,4908.0,4908.5,169.0,SYNTH-MES-A,1
2024-03-07 02:01:00+00:00,4908.5,4909.25,4908.5,4909.25,198.0,SYNTH-MES-A,1
2024-03-07 02:02:00+00:00,4909.25,4909.25,4908.5,4908.75,206.0,SYNTH-MES-A,1
2024-03-07 02:03:00+00:00,4908.75,4909.0,4907.25,4907.5,194.0,SYNTH-MES-A,1
2024-03-07 02:04:00+00:00,4907.5,4908.25,4907.0,4907.75,197.0,SYNTH-MES-A,1
2024-03-07 02:05:00+00:00,4907.75,4907.75,4907.75,4907.75,179.0,SYNTH-MES-A,1
2024-03-07 02:06:00+00:00,4907.75,4908.0,4907.0,4907.25,181.0,SYNTH-MES-A,1
2024-03-07 02:07:00+00:00,4907.25,4907.25,4907.0,4907.25,217.0,SYNTH-MES-A,1
2024-03-07 02:08:00+00:00,4907.25,4907.5,4906.25,4907.0,200.0,SYNTH-MES-A,1
2024-03-07 02:09:00+00:00,4907.0,4907.0,4906.5,4906.75,178.0,SYNTH-MES-A,1
2024-03-07 02:10:00+00:00,4906.75,4907.0,4906.5,4906.5,208.0,SYNTH-MES-A,1
2024-03-07 02:11:00+00:00,4906.5,4907.25,4906.0,4906.25,190.0,SYNTH-MES-A,1
2024-03-07 02:12:00+00:00,4906.25,4906.75,4906.0,4906.75,214.0,SYNTH-MES-A,1
2024-03-07 02:13:00+00:00,4906.75,4906.75,4905.5,4905.5,212.0,SYNTH-MES-A,1
2024-03-07 02:14:00+00:00,4905.5,4907.0,4905.5,4906.25,211.0,SYNTH-MES-A,1
2024-03-07 02:15:00+00:00,4906.25,4907.5,4906.0,4907.5,188.0,SYNTH-MES-A,1
2024-03-07 02:16:00+00:00,4907.5,4907.5,4906.75,4906.75,178.0,SYNTH-MES-A,1
2024-03-07 02:17:00+00:00,4906.75,4906.75,4904.75,4905.0,180.0,SYNTH-MES-A,1
2024-03-07 02:18:00+00:00,4905.0,4907.0,4904.75,4906.5,195.0,SYNTH-MES-A,1
2024-03-07 02:19:00+00:00,4906.5,4907.0,4905.5,4905.75,188.0,SYNTH-MES-A,1
2024-03-07 02:20:00+00:00,4905.75,4906.75,4905.5,4906.5,210.0,SYNTH-MES-A,1
2024-03-07 02:21:00+00:00,4906.5,4906.75,4906.5,4906.5,213.0,SYNTH-MES-A,1
2024-03-07 02:22:00+00:00,4906.5,4907.0,4904.5,4904.75,198.0,SYNTH-MES-A,1
2024-03-07 02:23:00+00:00,4904.75,4904.75,4903.0,4903.25,192.0,SYNTH-MES-A,1
2024-03-07 02:24:00+00:00,4903.25,4903.75,4903.25,4903.5,194.0,SYNTH-MES-A,1
2024-03-07 02:25:00+00:00,4903.5,4905.0,4903.25,4905.0,173.0,SYNTH-MES-A,1
2024-03-07 02:26:00+00:00,4905.0,4905.0,4903.75,4904.0,182.0,SYNTH-MES-A,1
2024-03-07 02:27:00+00:00,4904.0,4904.25,4904.0,4904.25,195.0,SYNTH-MES-A,1
2024-03-07 02:28:00+00:00,4904.25,4904.25,4903.25,4903.5,181.0,SYNTH-MES-A,1
2024-03-07 02:29:00+00:00,4903.5,4905.0,4903.0,4904.25,197.0,SYNTH-MES-A,1
2024-03-07 02:30:00+00:00,4904.25,4905.75,4904.25,4905.5,236.0,SYNTH-MES-A,1
2024-03-07 02:31:00+00:00,4905.5,4905.5,4905.0,4905.0,218.0,SYNTH-MES-A,1
2024-03-07 02:32:00+00:00,4905.0,4905.25,4904.25,4904.25,196.0,SYNTH-MES-A,1
2024-03-07 02:33:00+00:00,4904.25,4904.75,4903.5,4903.5,193.0,SYNTH-MES-A,1
2024-03-07 02:34:00+00:00,4903.5,4903.75,4902.5,4903.0,175.0,SYNTH-MES-A,1
2024-03-07 02:35:00+00:00,4903.0,4903.0,4902.0,4902.25,192.0,SYNTH-MES-A,1
2024-03-07 02:36:00+00:00,4902.25,4902.75,4902.0,4902.5,210.0,SYNTH-MES-A,1
2024-03-07 02:37:00+00:00,4902.5,4903.0,4902.0,4902.25,198.0,SYNTH-MES-A,1
2024-03-07 02:38:00+00:00,4902.25,4902.5,4901.5,4901.75,214.0,SYNTH-MES-A,1
2024-03-07 02:39:00+00:00,4901.75,4903.0,4901.75,4902.5,201.0,SYNTH-MES-A,1
2024-03-07 02:40:00+00:00,4902.5,4902.75,4902.25,4902.75,180.0,SYNTH-MES-A,1
2024-03-07 02:41:00+00:00,4902.75,4902.75,4901.25,4901.5,184.0,SYNTH-MES-A,1
2024-03-07 02:42:00+00:00,4901.5,4902.0,4901.0,4901.0,185.0,SYNTH-MES-A,1
2024-03-07 02:43:00+00:00,4901.0,4902.0,4900.75,4902.0,201.0,SYNTH-MES-A,1
2024-03-07 02:44:00+00:00,4902.0,4903.5,4902.0,4903.5,181.0,SYNTH-MES-A,1
2024-03-07 02:45:00+00:00,4903.5,4903.5,4902.5,4903.25,204.0,SYNTH-MES-A,1
2024-03-07 02:46:00+00:00,4903.25,4903.5,4902.5,4902.75,209.0,SYNTH-MES-A,1
2024-03-07 02:47:00+00:00,4902.75,4903.5,4902.0,4902.0,212.0,SYNTH-MES-A,1
2024-03-07 02:48:00+00:00,4902.0,4903.0,4902.0,4902.5,204.0,SYNTH-MES-A,1
2024-03-07 02:49:00+00:00,4902.5,4903.25,4902.0,4902.75,191.0,SYNTH-MES-A,1
2024-03-07 02:50:00+00:00,4902.75,4903.25,4901.5,4901.75,194.0,SYNTH-MES-A,1
2024-03-07 02:51:00+00:00,4901.75,4902.25,4901.75,4902.0,221.0,SYNTH-MES-A,1
2024-03-07 02:52:00+00:00,4902.0,4902.25,4900.75,4901.0,229.0,SYNTH-MES-A,1
2024-03-07 02:53:00+00:00,4901.0,4901.0,4900.25,4901.0,216.0,SYNTH-MES-A,1
2024-03-07 02:54:00+00:00,4901.0,4901.5,4900.75,4901.25,189.0,SYNTH-MES-A,1
2024-03-07 02:55:00+00:00,4901.25,4901.75,4900.75,4900.75,226.0,SYNTH-MES-A,1
2024-03-07 02:56:00+00:00,4900.75,4901.25,4900.25,4900.75,232.0,SYNTH-MES-A,1
2024-03-07 02:57:00+00:00,4900.75,4901.75,4900.5,4900.75,217.0,SYNTH-MES-A,1
2024-03-07 02:58:00+00:00,4900.75,4900.75,4898.5,4899.5,209.0,SYNTH-MES-A,1
2024-03-07 02:59:00+00:00,4899.5,4901.25,4899.5,4901.0,192.0,SYNTH-MES-A,1
2024-03-07 03:00:00+00:00,4901.0,4901.0,4899.75,4899.75,200.0,SYNTH-MES-A,1
2024-03-07 03:01:00+00:00,4899.75,4900.0,4897.5,4897.75,223.0,SYNTH-MES-A,1
2024-03-07 03:02:00+00:00,4897.75,4899.0,4897.5,4898.75,181.0,SYNTH-MES-A,1
2024-03-07 03:03:00+00:00,4898.75,4899.0,4898.5,4898.75,195.0,SYNTH-MES-A,1
2024-03-07 03:04:00+00:00,4898.75,4898.75,4898.5,4898.75,198.0,SYNTH-MES-A,1
2024-03-07 03:05:00+00:00,4898.75,4900.25,4898.5,4900.25,195.0,SYNTH-MES-A,1
2024-03-07 03:06:00+00:00,4900.25,4901.0,4900.0,4901.0,221.0,SYNTH-MES-A,1
2024-03-07 03:07:00+00:00,4901.0,4901.25,4900.25,4900.75,205.0,SYNTH-MES-A,1
2024-03-07 03:08:00+00:00,4900.75,4900.75,4900.25,4900.25,175.0,SYNTH-MES-A,1
2024-03-07 03:09:00+00:00,4900.25,4900.5,4900.0,4900.0,204.0,SYNTH-MES-A,1
2024-03-07 03:10:00+00:00,4900.0,4900.25,4898.25,4898.75,158.0,SYNTH-MES-A,1
2024-03-07 03:11:00+00:00,4898.75,4899.25,4898.75,4899.0,204.0,SYNTH-MES-A,1
2024-03-07 03:12:00+00:00,4899.0,4899.25,4896.75,4897.75,208.0,SYNTH-MES-A,1
2024-03-07 03:13:00+00:00,4897.75,4898.5,4895.5,4895.5,198.0,SYNTH-MES-A,1
2024-03-07 03:14:00+00:00,4895.5,4895.5,4894.75,4894.75,209.0,SYNTH-MES-A,1
2024-03-07 03:15:00+00:00,4894.75,4894.75,4894.25,4894.75,186.0,SYNTH-MES-A,1
2024-03-07 03:16:00+00:00,4894.75,4894.75,4894.5,4894.5,206.0,SYNTH-MES-A,1
2024-03-07 03:17:00+00:00,4894.5,4895.0,4894.5,4895.0,191.0,SYNTH-MES-A,1
2024-03-07 03:18:00+00:00,4895.0,4895.0,4894.75,4895.0,196.0,SYNTH-MES-A,1
2024-03-07 03:19:00+00:00,4895.0,4895.5,4895.0,4895.25,211.0,SYNTH-MES-A,1
2024-03-07 03:20:00+00:00,4895.25,4896.0,4895.25,4895.5,191.0,SYNTH-MES-A,1
2024-03-07 03:21:00+00:00,4895.5,4896.25,4895.25,4896.0,199.0,SYNTH-MES-A,1
2024-03-07 03:22:00+00:00,4896.0,4896.5,4895.0,4896.25,191.0,SYNTH-MES-A,1
2024-03-07 03:23:00+00:00,4896.25,4897.25,4896.25,4896.5,216.0,SYNTH-MES-A,1
2024-03-07 03:24:00+00:00,4896.5,4896.5,4896.0,4896.0,186.0,SYNTH-MES-A,1
2024-03-07 03:25:00+00:00,4896.0,4896.75,4895.75,4896.0,224.0,SYNTH-MES-A,1
2024-03-07 03:26:00+00:00,4896.0,4896.5,4896.0,4896.5,215.0,SYNTH-MES-A,1
2024-03-07 03:27:00+00:00,4896.5,4897.0,4896.25,4896.75,201.0,SYNTH-MES-A,1
2024-03-07 03:28:00+00:00,4896.75,4897.25,4894.75,4895.0,207.0,SYNTH-MES-A,1
2024-03-07 03:29:00+00:00,4895.0,4895.25,4895.0,4895.0,181.0,SYNTH-MES-A,1
2024-03-07 03:30:00+00:00,4895.0,4895.0,4894.25,4894.75,206.0,SYNTH-MES-A,1
2024-03-07 03:31:00+00:00,4894.75,4895.25,4894.5,4895.25,210.0,SYNTH-MES-A,1
2024-03-07 03:32:00+00:00,4895.25,4895.5,4895.25,4895.5,186.0,SYNTH-MES-A,1
2024-03-07 03:33:00+00:00,4895.5,4897.5,4895.25,4897.25,194.0,SYNTH-MES-A,1
2024-03-07 03:34:00+00:00,4897.25,4898.25,4897.0,4898.25,187.0,SYNTH-MES-A,1
2024-03-07 03:35:00+00:00,4898.25,4898.5,4898.0,4898.25,220.0,SYNTH-MES-A,1
2024-03-07 03:36:00+00:00,4898.25,4898.25,4897.5,4897.75,195.0,SYNTH-MES-A,1
2024-03-07 03:37:00+00:00,4897.75,4897.75,4896.25,4896.5,213.0,SYNTH-MES-A,1
2024-03-07 03:38:00+00:00,4896.5,4897.25,4894.5,4895.25,190.0,SYNTH-MES-A,1
2024-03-07 03:39:00+00:00,4895.25,4895.5,4895.0,4895.25,223.0,SYNTH-MES-A,1
2024-03-07 03:40:00+00:00,4895.25,4895.75,4895.25,4895.5,188.0,SYNTH-MES-A,1
2024-03-07 03:41:00+00:00,4895.5,4895.5,4895.25,4895.25,217.0,SYNTH-MES-A,1
2024-03-07 03:42:00+00:00,4895.25,4895.75,4895.25,4895.25,184.0,SYNTH-MES-A,1
2024-03-07 03:43:00+00:00,4895.25,4895.5,4894.25,4894.5,181.0,SYNTH-MES-A,1
2024-03-07 03:44:00+00:00,4894.5,4894.75,4893.0,4893.5,197.0,SYNTH-MES-A,1
2024-03-07 03:45:00+00:00,4893.5,4894.75,4893.25,4894.0,214.0,SYNTH-MES-A,1
2024-03-07 03:46:00+00:00,4894.0,4894.75,4894.0,4894.75,197.0,SYNTH-MES-A,1
2024-03-07 03:47:00+00:00,4894.75,4895.5,4894.5,4895.0,204.0,SYNTH-MES-A,1
2024-03-07 03:48:00+00:00,4895.0,4895.0,4894.75,4895.0,202.0,SYNTH-MES-A,1
2024-03-07 03:49:00+00:00,4895.0,4896.25,4894.75,4896.0,206.0,SYNTH-MES-A,1
2024-03-07 03:50:00+00:00,4896.0,4896.0,4895.0,4895.0,190.0,SYNTH-MES-A,1
2024-03-07 03:51:00+00:00,4895.0,4895.5,4894.75,4895.5,216.0,SYNTH-MES-A,1
2024-03-07 03:52:00+00:00,4895.5,4896.0,4895.25,4896.0,202.0,SYNTH-MES-A,1
2024-03-07 03:53:00+00:00,4896.0,4896.25,4894.5,4894.5,213.0,SYNTH-MES-A,1
2024-03-07 03:54:00+00:00,4894.5,4894.75,4894.0,4894.25,180.0,SYNTH-MES-A,1
2024-03-07 03:55:00+00:00,4894.25,4894.75,4894.0,4894.5,188.0,SYNTH-MES-A,1
2024-03-07 03:56:00+00:00,4894.5,4894.75,4893.5,4893.5,211.0,SYNTH-MES-A,1
2024-03-07 03:57:00+00:00,4893.5,4894.0,4893.5,4893.75,201.0,SYNTH-MES-A,1
2024-03-07 03:58:00+00:00,4893.75,4894.5,4893.5,4894.0,201.0,SYNTH-MES-A,1
2024-03-07 03:59:00+00:00,4894.0,4894.75,4894.0,4894.5,183.0,SYNTH-MES-A,1
2024-03-07 04:00:00+00:00,4894.5,4894.5,4892.25,4892.5,190.0,SYNTH-MES-A,1
2024-03-07 04:01:00+00:00,4892.5,4893.25,4891.75,4893.0,216.0,SYNTH-MES-A,1
2024-03-07 04:02:00+00:00,4893.0,4893.25,4892.5,4893.25,199.0,SYNTH-MES-A,1
2024-03-07 04:03:00+00:00,4893.25,4893.5,4893.25,4893.5,202.0,SYNTH-MES-A,1
2024-03-07 04:04:00+00:00,4893.5,4894.0,4893.0,4893.75,198.0,SYNTH-MES-A,1
2024-03-07 04:05:00+00:00,4893.75,4893.75,4893.75,4893.75,205.0,SYNTH-MES-A,1
2024-03-07 04:06:00+00:00,4893.75,4894.0,4893.5,4893.75,197.0,SYNTH-MES-A,1
2024-03-07 04:07:00+00:00,4893.75,4894.25,4892.25,4892.75,185.0,SYNTH-MES-A,1
2024-03-07 04:08:00+00:00,4892.75,4892.75,4891.25,4892.25,205.0,SYNTH-MES-A,1
2024-03-07 04:09:00+00:00,4892.25,4892.25,4891.25,4891.5,251.0,SYNTH-MES-A,1
2024-03-07 04:10:00+00:00,4891.5,4891.75,4891.5,4891.5,202.0,SYNTH-MES-A,1
2024-03-07 04:11:00+00:00,4891.5,4892.25,4891.5,4892.0,193.0,SYNTH-MES-A,1
2024-03-07 04:12:00+00:00,4892.0,4892.25,4892.0,4892.0,217.0,SYNTH-MES-A,1
2024-03-07 04:13:00+00:00,4892.0,4892.75,4891.75,4892.75,231.0,SYNTH-MES-A,1
2024-03-07 04:14:00+00:00,4892.75,4894.75,4892.5,4894.75,208.0,SYNTH-MES-A,1
2024-03-07 04:15:00+00:00,4894.75,4895.75,4894.75,4895.75,189.0,SYNTH-MES-A,1
2024-03-07 04:16:00+00:00,4895.75,4896.0,4895.5,4896.0,199.0,SYNTH-MES-A,1
2024-03-07 04:17:00+00:00,4896.0,4896.0,4894.25,4894.5,189.0,SYNTH-MES-A,1
2024-03-07 04:18:00+00:00,4894.5,4894.5,4893.75,4893.75,201.0,SYNTH-MES-A,1
2024-03-07 04:19:00+00:00,4893.75,4894.0,4893.5,4893.75,220.0,SYNTH-MES-A,1
2024-03-07 04:20:00+00:00,4893.75,4895.0,4893.75,4895.0,178.0,SYNTH-MES-A,1
2024-03-07 04:21:00+00:00,4895.0,4895.25,4894.0,4894.25,203.0,SYNTH-MES-A,1
2024-03-07 04:22:00+00:00,4894.25,4894.5,4893.5,4894.5,181.0,SYNTH-MES-A,1
2024-03-07 04:23:00+00:00,4894.5,4894.75,4893.75,4894.25,193.0,SYNTH-MES-A,1
2024-03-07 04:24:00+00:00,4894.25,4895.25,4894.25,4895.0,194.0,SYNTH-MES-A,1
2024-03-07 04:25:00+00:00,4895.0,4896.0,4894.75,4895.75,199.0,SYNTH-MES-A,1
2024-03-07 04:26:00+00:00,4895.75,4895.75,4895.5,4895.75,204.0,SYNTH-MES-A,1
2024-03-07 04:27:00+00:00,4895.75,4895.75,4895.0,4895.25,189.0,SYNTH-MES-A,1
2024-03-07 04:28:00+00:00,4895.25,4895.5,4895.25,4895.25,198.0,SYNTH-MES-A,1
2024-03-07 04:29:00+00:00,4895.25,4896.5,4895.0,4896.25,195.0,SYNTH-MES-A,1
2024-03-07 04:30:00+00:00,4896.25,4896.25,4895.5,4895.75,210.0,SYNTH-MES-A,1
2024-03-07 04:31:00+00:00,4895.75,4896.0,4895.75,4895.75,213.0,SYNTH-MES-A,1
2024-03-07 04:32:00+00:00,4895.75,4895.75,4895.5,4895.5,207.0,SYNTH-MES-A,1
2024-03-07 04:33:00+00:00,4895.5,4895.75,4893.75,4894.75,205.0,SYNTH-MES-A,1
2024-03-07 04:34:00+00:00,4894.75,4895.75,4894.5,4895.5,207.0,SYNTH-MES-A,1
2024-03-07 04:35:00+00:00,4895.5,4895.5,4895.0,4895.5,206.0,SYNTH-MES-A,1
2024-03-07 04:36:00+00:00,4895.5,4895.5,4895.25,4895.5,186.0,SYNTH-MES-A,1
2024-03-07 04:37:00+00:00,4895.5,4896.75,4895.5,4896.5,217.0,SYNTH-MES-A,1
2024-03-07 04:38:00+00:00,4896.5,4897.75,4896.25,4897.5,208.0,SYNTH-MES-A,1
2024-03-07 04:39:00+00:00,4897.5,4897.75,4897.25,4897.75,197.0,SYNTH-MES-A,1
2024-03-07 04:40:00+00:00,4897.75,4898.5,4897.75,4898.5,171.0,SYNTH-MES-A,1
2024-03-07 04:41:00+00:00,4898.5,4898.75,4898.5,4898.5,201.0,SYNTH-MES-A,1
2024-03-07 04:42:00+00:00,4898.5,4898.5,4897.5,4898.0,205.0,SYNTH-MES-A,1
2024-03-07 04:43:00+00:00,4898.0,4899.75,4898.0,4899.5,185.0,SYNTH-MES-A,1
2024-03-07 04:44:00+00:00,4899.5,4900.0,4899.25,4899.25,189.0,SYNTH-MES-A,1
2024-03-07 04:45:00+00:00,4899.25,4900.25,4899.0,4899.5,200.0,SYNTH-MES-A,1
2024-03-07 04:46:00+00:00,4899.5,4899.75,4898.75,4899.0,196.0,SYNTH-MES-A,1
2024-03-07 04:47:00+00:00,4899.0,4899.75,4898.75,4898.75,189.0,SYNTH-MES-A,1
2024-03-07 04:48:00+00:00,4898.75,4899.25,4898.5,4899.0,189.0,SYNTH-MES-A,1
2024-03-07 04:49:00+00:00,4899.0,4899.25,4897.5,4897.5,205.0,SYNTH-MES-A,1
2024-03-07 04:50:00+00:00,4897.5,4898.0,4897.0,4897.25,173.0,SYNTH-MES-A,1
2024-03-07 04:51:00+00:00,4897.25,4897.5,4895.25,4895.5,213.0,SYNTH-MES-A,1
2024-03-07 04:52:00+00:00,4895.5,4896.25,4895.5,4896.0,212.0,SYNTH-MES-A,1
2024-03-07 04:53:00+00:00,4896.0,4896.0,4895.25,4895.5,165.0,SYNTH-MES-A,1
2024-03-07 04:54:00+00:00,4895.5,4895.5,4895.5,4895.5,210.0,SYNTH-MES-A,1
2024-03-07 04:55:00+00:00,4895.5,4895.5,4895.0,4895.0,190.0,SYNTH-MES-A,1
2024-03-07 04:56:00+00:00,4895.0,4895.25,4895.0,4895.0,184.0,SYNTH-MES-A,1
2024-03-07 04:57:00+00:00,4895.0,4896.75,4895.0,4896.5,203.0,SYNTH-MES-A,1
2024-03-07 04:58:00+00:00,4896.5,4896.75,4895.5,4896.0,174.0,SYNTH-MES-A,1
2024-03-07 04:59:00+00:00,4896.0,4896.25,4895.5,4895.75,195.0,SYNTH-MES-A,1
2024-03-07 05:00:00+00:00,4895.75,4897.0,4895.5,4896.75,187.0,SYNTH-MES-A,1
2024-03-07 05:01:00+00:00,4896.75,4897.0,4896.5,4896.75,187.0,SYNTH-MES-A,1
2024-03-07 05:02:00+00:00,4896.75,4898.0,4895.75,4897.0,219.0,SYNTH-MES-A,1
2024-03-07 05:03:00+00:00,4897.0,4897.0,4895.25,4896.0,198.0,SYNTH-MES-A,1
2024-03-07 05:04:00+00:00,4896.0,4896.25,4895.0,4896.25,194.0,SYNTH-MES-A,1
2024-03-07 05:05:00+00:00,4896.25,4897.75,4896.0,4896.0,204.0,SYNTH-MES-A,1
2024-03-07 05:06:00+00:00,4896.0,4896.5,4895.25,4896.0,216.0,SYNTH-MES-A,1
2024-03-07 05:07:00+00:00,4896.0,4896.75,4895.25,4895.5,236.0,SYNTH-MES-A,1
2024-03-07 05:08:00+00:00,4895.5,4896.0,4895.5,4896.0,195.0,SYNTH-MES-A,1
2024-03-07 05:09:00+00:00,4896.0,4897.75,4895.5,4897.5,183.0,SYNTH-MES-A,1
2024-03-07 05:10:00+00:00,4897.5,4898.25,4897.0,4898.0,198.0,SYNTH-MES-A,1
2024-03-07 05:11:00+00:00,4898.0,4898.25,4897.75,4898.25,191.0,SYNTH-MES-A,1
2024-03-07 05:12:00+00:00,4898.25,4898.5,4897.25,4897.25,207.0,SYNTH-MES-A,1
2024-03-07 05:13:00+00:00,4897.25,4897.25,4896.5,4896.75,170.0,SYNTH-MES-A,1
2024-03-07 05:14:00+00:00,4896.75,4896.75,4896.25,4896.25,197.0,SYNTH-MES-A,1
2024-03-07 05:15:00+00:00,4896.25,4897.0,4896.25,4897.0,182.0,SYNTH-MES-A,1
2024-03-07 05:16:00+00:00,4897.0,4898.25,4896.75,4898.0,188.0,SYNTH-MES-A,1
2024-03-07 05:17:00+00:00,4898.0,4900.0,4897.75,4899.75,198.0,SYNTH-MES-A,1
2024-03-07 05:18:00+00:00,4899.75,4899.75,4899.75,4899.75,198.0,SYNTH-MES-A,1
2024-03-07 05:19:00+00:00,4899.75,4900.5,4899.75,4900.0,195.0,SYNTH-MES-A,1
2024-03-07 05:20:00+00:00,4900.0,4900.0,4899.25,4899.25,179.0,SYNTH-MES-A,1
2024-03-07 05:21:00+00:00,4899.25,4899.25,4897.25,4898.0,203.0,SYNTH-MES-A,1
2024-03-07 05:22:00+00:00,4898.0,4898.5,4898.0,4898.25,217.0,SYNTH-MES-A,1
2024-03-07 05:23:00+00:00,4898.25,4898.25,4896.75,4896.75,201.0,SYNTH-MES-A,1
2024-03-07 05:24:00+00:00,4896.75,4897.0,4896.75,4897.0,199.0,SYNTH-MES-A,1
2024-03-07 05:25:00+00:00,4897.0,4897.0,4897.0,4897.0,185.0,SYNTH-MES-A,1
2024-03-07 05:26:00+00:00,4897.0,4897.0,4896.5,4896.75,200.0,SYNTH-MES-A,1
2024-03-07 05:27:00+00:00,4896.75,4897.25,4896.25,4897.25,196.0,SYNTH-MES-A,1
2024-03-07 05:28:00+00:00,4897.25,4897.75,4897.25,4897.25,200.0,SYNTH-MES-A,1
2024-03-07 05:29:00+00:00,4897.25,4897.75,4895.75,4895.75,184.0,SYNTH-MES-A,1
2024-03-07 05:30:00+00:00,4895.75,4895.75,4894.25,4895.25,201.0,SYNTH-MES-A,1
2024-03-07 05:31:00+00:00,4895.25,4895.5,4894.75,4894.75,218.0,SYNTH-MES-A,1
2024-03-07 05:32:00+00:00,4894.75,4895.25,4894.75,4895.0,173.0,SYNTH-MES-A,1
2024-03-07 05:33:00+00:00,4895.0,4895.5,4894.25,4894.25,203.0,SYNTH-MES-A,1
2024-03-07 05:34:00+00:00,4894.25,4894.25,4893.0,4893.5,187.0,SYNTH-MES-A,1
2024-03-07 05:35:00+00:00,4893.5,4894.25,4893.25,4894.25,207.0,SYNTH-MES-A,1
2024-03-07 05:36:00+00:00,4894.25,4895.5,4894.25,4895.25,208.0,SYNTH-MES-A,1
2024-03-07 05:37:00+00:00,4895.25,4895.5,4894.5,4894.75,190.0,SYNTH-MES-A,1
2024-03-07 05:38:00+00:00,4894.75,4896.0,4894.5,4895.75,188.0,SYNTH-MES-A,1
2024-03-07 05:39:00+00:00,4895.75,4896.0,4895.0,4895.0,208.0,SYNTH-MES-A,1
2024-03-07 05:40:00+00:00,4895.0,4895.0,4894.5,4895.0,197.0,SYNTH-MES-A,1
2024-03-07 05:41:00+00:00,4895.0,4896.0,4895.0,4895.25,206.0,SYNTH-MES-A,1
2024-03-07 05:42:00+00:00,4895.25,4895.5,4893.75,4894.25,200.0,SYNTH-MES-A,1
2024-03-07 05:43:00+00:00,4894.25,4895.0,4893.0,4893.25,195.0,SYNTH-MES-A,1
2024-03-07 05:44:00+00:00,4893.25,4894.5,4893.25,4894.25,196.0,SYNTH-MES-A,1
2024-03-07 05:45:00+00:00,4894.25,4894.5,4892.75,4893.25,228.0,SYNTH-MES-A,1
2024-03-07 05:46:00+00:00,4893.25,4893.5,4893.0,4893.25,217.0,SYNTH-MES-A,1
2024-03-07 05:47:00+00:00,4893.25,4894.25,4893.0,4894.25,218.0,SYNTH-MES-A,1
2024-03-07 05:48:00+00:00,4894.25,4894.25,4893.5,4894.0,196.0,SYNTH-MES-A,1
2024-03-07 05:49:00+00:00,4894.0,4895.25,4893.75,4894.25,196.0,SYNTH-MES-A,1
2024-03-07 05:50:00+00:00,4894.25,4894.5,4893.75,4894.0,219.0,SYNTH-MES-A,1
2024-03-07 05:51:00+00:00,4894.0,4894.5,4893.5,4894.5,200.0,SYNTH-MES-A,1
2024-03-07 05:52:00+00:00,4894.5,4894.5,4893.25,4894.5,219.0,SYNTH-MES-A,1
2024-03-07 05:53:00+00:00,4894.5,4896.0,4893.75,4895.5,214.0,SYNTH-MES-A,1
2024-03-07 05:54:00+00:00,4895.5,4895.75,4895.5,4895.5,188.0,SYNTH-MES-A,1
2024-03-07 05:55:00+00:00,4895.5,4895.75,4895.25,4895.75,191.0,SYNTH-MES-A,1
2024-03-07 05:56:00+00:00,4895.75,4896.25,4895.75,4896.25,169.0,SYNTH-MES-A,1
2024-03-07 05:57:00+00:00,4896.25,4898.25,4895.75,4898.0,199.0,SYNTH-MES-A,1
2024-03-07 05:58:00+00:00,4898.0,4899.25,4897.75,4899.25,184.0,SYNTH-MES-A,1
2024-03-07 05:59:00+00:00,4899.25,4900.75,4898.75,4899.75,170.0,SYNTH-MES-A,1
2024-03-07 06:00:00+00:00,4899.75,4901.0,4899.25,4900.75,213.0,SYNTH-MES-A,1
2024-03-07 06:01:00+00:00,4900.75,4900.75,4900.25,4900.25,207.0,SYNTH-MES-A,1
2024-03-07 06:02:00+00:00,4900.25,4900.25,4899.0,4899.75,203.0,SYNTH-MES-A,1
2024-03-07 06:03:00+00:00,4899.75,4899.75,4898.0,4898.25,213.0,SYNTH-MES-A,1
2024-03-07 06:04:00+00:00,4898.25,4898.25,4898.25,4898.25,202.0,SYNTH-MES-A,1
2024-03-07 06:05:00+00:00,4898.25,4898.5,4898.25,4898.5,191.0,SYNTH-MES-A,1
2024-03-07 06:06:00+00:00,4898.5,4898.5,4897.0,4897.25,206.0,SYNTH-MES-A,1
2024-03-07 06:07:00+00:00,4897.25,4897.75,4897.0,4897.5,197.0,SYNTH-MES-A,1
2024-03-07 06:08:00+00:00,4897.5,4897.75,4896.75,4897.0,210.0,SYNTH-MES-A,1
2024-03-07 06:09:00+00:00,4897.0,4898.25,4897.0,4897.5,194.0,SYNTH-MES-A,1
2024-03-07 06:10:00+00:00,4897.5,4898.5,4897.25,4898.5,199.0,SYNTH-MES-A,1
2024-03-07 06:11:00+00:00,4898.5,4900.25,4897.75,4900.0,233.0,SYNTH-MES-A,1
2024-03-07 06:12:00+00:00,4900.0,4901.0,4899.5,4900.75,187.0,SYNTH-MES-A,1
2024-03-07 06:13:00+00:00,4900.75,4900.75,4900.75,4900.75,207.0,SYNTH-MES-A,1
2024-03-07 06:14:00+00:00,4900.75,4902.25,4900.25,4901.75,236.0,SYNTH-MES-A,1
2024-03-07 06:15:00+00:00,4901.75,4902.0,4900.75,4901.0,213.0,SYNTH-MES-A,1
2024-03-07 06:16:00+00:00,4901.0,4901.25,4901.0,4901.25,208.0,SYNTH-MES-A,1
2024-03-07 06:17:00+00:00,4901.25,4902.75,4901.0,4902.0,184.0,SYNTH-MES-A,1
2024-03-07 06:18:00+00:00,4902.0,4902.0,4901.5,4901.75,181.0,SYNTH-MES-A,1
2024-03-07 06:19:00+00:00,4901.75,4902.0,4901.5,4902.0,193.0,SYNTH-MES-A,1
2024-03-07 06:20:00+00:00,4902.0,4902.0,4900.75,4901.25,207.0,SYNTH-MES-A,1
2024-03-07 06:21:00+00:00,4901.25,4901.5,4900.75,4900.75,190.0,SYNTH-MES-A,1
2024-03-07 06:22:00+00:00,4900.75,4902.25,4900.75,4901.75,188.0,SYNTH-MES-A,1
2024-03-07 06:23:00+00:00,4901.75,4902.5,4901.75,4902.25,217.0,SYNTH-MES-A,1
2024-03-07 06:24:00+00:00,4902.25,4902.25,4902.25,4902.25,198.0,SYNTH-MES-A,1
2024-03-07 06:25:00+00:00,4902.25,4902.75,4901.5,4902.75,196.0,SYNTH-MES-A,1
2024-03-07 06:26:00+00:00,4902.75,4903.0,4902.0,4902.0,180.0,SYNTH-MES-A,1
2024-03-07 06:27:00+00:00,4902.0,4902.0,4901.75,4902.0,204.0,SYNTH-MES-A,1
2024-03-07 06:28:00+00:00,4902.0,4903.25,4901.25,4901.25,189.0,SYNTH-MES-A,1
2024-03-07 06:29:00+00:00,4901.25,4902.0,4901.25,4901.5,205.0,SYNTH-MES-A,1
2024-03-07 06:30:00+00:00,4901.5,4902.0,4901.25,4901.75,204.0,SYNTH-MES-A,1
2024-03-07 06:31:00+00:00,4901.75,4902.5,4901.25,4902.25,208.0,SYNTH-MES-A,1
2024-03-07 06:32:00+00:00,4902.25,4903.25,4902.0,4903.0,209.0,SYNTH-MES-A,1
2024-03-07 06:33:00+00:00,4903.0,4903.75,4902.75,4903.5,219.0,SYNTH-MES-A,1
2024-03-07 06:34:00+00:00,4903.5,4903.5,4903.25,4903.5,207.0,SYNTH-MES-A,1
2024-03-07 06:35:00+00:00,4903.5,4904.5,4903.25,4904.25,202.0,SYNTH-MES-A,1
2024-03-07 06:36:00+00:00,4904.25,4905.0,4904.25,4904.75,190.0,SYNTH-MES-A,1
2024-03-07 06:37:00+00:00,4904.75,4905.75,4904.75,4905.75,196.0,SYNTH-MES-A,1
2024-03-07 06:38:00+00:00,4905.75,4906.0,4905.25,4905.5,187.0,SYNTH-MES-A,1
2024-03-07 06:39:00+00:00,4905.5,4905.5,4905.25,4905.25,193.0,SYNTH-MES-A,1
2024-03-07 06:40:00+00:00,4905.25,4906.0,4905.25,4905.5,197.0,SYNTH-MES-A,1
2024-03-07 06:41:00+00:00,4905.5,4907.0,4905.25,4907.0,178.0,SYNTH-MES-A,1
2024-03-07 06:42:00+00:00,4907.0,4907.25,4906.5,4907.25,185.0,SYNTH-MES-A,1
2024-03-07 06:43:00+00:00,4907.25,4907.25,4906.75,4907.0,233.0,SYNTH-MES-A,1
2024-03-07 06:44:00+00:00,4907.0,4908.0,4906.25,4907.75,216.0,SYNTH-MES-A,1
2024-03-07 06:45:00+00:00,4907.75,4909.75,4907.75,4909.25,205.0,SYNTH-MES-A,1
2024-03-07 06:46:00+00:00,4909.25,4909.75,4907.75,4908.0,207.0,SYNTH-MES-A,1
2024-03-07 06:47:00+00:00,4908.0,4908.25,4907.75,4907.75,174.0,SYNTH-MES-A,1
2024-03-07 06:48:00+00:00,4907.75,4908.0,4905.75,4906.5,209.0,SYNTH-MES-A,1
2024-03-07 06:49:00+00:00,4906.5,4906.75,4906.5,4906.75,195.0,SYNTH-MES-A,1
2024-03-07 06:50:00+00:00,4906.75,4906.75,4906.0,4906.0,216.0,SYNTH-MES-A,1
2024-03-07 06:51:00+00:00,4906.0,4906.25,4904.75,4905.5,179.0,SYNTH-MES-A,1
2024-03-07 06:52:00+00:00,4905.5,4906.25,4905.5,4906.0,211.0,SYNTH-MES-A,1
2024-03-07 06:53:00+00:00,4906.0,4906.25,4905.75,4906.0,194.0,SYNTH-MES-A,1
2024-03-07 06:54:00+00:00,4906.0,4906.25,4905.75,4906.25,203.0,SYNTH-MES-A,1
2024-03-07 06:55:00+00:00,4906.25,4906.5,4906.0,4906.5,206.0,SYNTH-MES-A,1
2024-03-07 06:56:00+00:00,4906.5,4907.75,4906.0,4907.5,197.0,SYNTH-MES-A,1
2024-03-07 06:57:00+00:00,4907.5,4908.0,4906.75,4906.75,188.0,SYNTH-MES-A,1
2024-03-07 06:58:00+00:00,4906.75,4906.75,4905.5,4905.5,209.0,SYNTH-MES-A,1
2024-03-07 06:59:00+00:00,4905.5,4906.0,4904.25,4904.5,224.0,SYNTH-MES-A,1
2024-03-07 07:00:00+00:00,4904.5,4904.5,4904.0,4904.5,198.0,SYNTH-MES-A,1
2024-03-07 07:01:00+00:00,4904.5,4905.0,4904.25,4904.25,211.0,SYNTH-MES-A,1
2024-03-07 07:02:00+00:00,4904.25,4905.0,4904.0,4904.25,215.0,SYNTH-MES-A,1
2024-03-07 07:03:00+00:00,4904.25,4904.5,4903.25,4903.75,220.0,SYNTH-MES-A,1
2024-03-07 07:04:00+00:00,4903.75,4903.75,4903.25,4903.5,208.0,SYNTH-MES-A,1
2024-03-07 07:05:00+00:00,4903.5,4903.75,4902.75,4902.75,171.0,SYNTH-MES-A,1
2024-03-07 07:06:00+00:00,4902.75,4903.5,4902.75,4902.75,211.0,SYNTH-MES-A,1
2024-03-07 07:07:00+00:00,4902.75,4902.75,4902.25,4902.25,203.0,SYNTH-MES-A,1
2024-03-07 07:08:00+00:00,4902.25,4902.5,4901.0,4901.5,169.0,SYNTH-MES-A,1
2024-03-07 07:09:00+00:00,4901.5,4902.25,4901.0,4901.0,193.0,SYNTH-MES-A,1
2024-03-07 07:10:00+00:00,4901.0,4901.25,4900.5,4900.5,213.0,SYNTH-MES-A,1
2024-03-07 07:11:00+00:00,4900.5,4900.5,4899.25,4900.0,204.0,SYNTH-MES-A,1
2024-03-07 07:12:00+00:00,4900.0,4900.0,4899.5,4900.0,213.0,SYNTH-MES-A,1
2024-03-07 07:13:00+00:00,4900.0,4900.0,4898.75,4898.75,212.0,SYNTH-MES-A,1
2024-03-07 07:14:00+00:00,4898.75,4899.25,4898.0,4898.5,206.0,SYNTH-MES-A,1
2024-03-07 07:15:00+00:00,4898.5,4898.75,4897.5,4898.25,202.0,SYNTH-MES-A,1
2024-03-07 07:16:00+00:00,4898.25,4899.0,4897.75,4899.0,215.0,SYNTH-MES-A,1
2024-03-07 07:17:00+00:00,4899.0,4899.5,4898.75,4899.25,175.0,SYNTH-MES-A,1
2024-03-07 07:18:00+00:00,4899.25,4899.25,4899.0,4899.0,215.0,SYNTH-MES-A,1
2024-03-07 07:19:00+00:00,4899.0,4899.0,4898.75,4899.0,171.0,SYNTH-MES-A,1
2024-03-07 07:20:00+00:00,4899.0,4899.5,4898.5,4899.5,187.0,SYNTH-MES-A,1
2024-03-07 07:21:00+00:00,4899.5,4900.0,4899.25,4899.75,226.0,SYNTH-MES-A,1
2024-03-07 07:22:00+00:00,4899.75,4901.25,4899.75,4900.25,204.0,SYNTH-MES-A,1
2024-03-07 07:23:00+00:00,4900.25,4901.25,4899.75,4900.25,209.0,SYNTH-MES-A,1
2024-03-07 07:24:00+00:00,4900.25,4900.5,4899.5,4900.25,205.0,SYNTH-MES-A,1
2024-03-07 07:25:00+00:00,4900.25,4900.25,4899.75,4900.25,185.0,SYNTH-MES-A,1
2024-03-07 07:26:00+00:00,4900.25,4900.5,4900.0,4900.5,187.0,SYNTH-MES-A,1
2024-03-07 07:27:00+00:00,4900.5,4900.75,4899.25,4899.25,188.0,SYNTH-MES-A,1
2024-03-07 07:28:00+00:00,4899.25,4899.5,4898.25,4898.5,189.0,SYNTH-MES-A,1
2024-03-07 07:29:00+00:00,4898.5,4898.5,4896.5,4896.75,188.0,SYNTH-MES-A,1
2024-03-07 07:30:00+00:00,4896.75,4897.25,4896.75,4896.75,221.0,SYNTH-MES-A,1
2024-03-07 07:31:00+00:00,4896.75,4896.75,4896.25,4896.5,184.0,SYNTH-MES-A,1
2024-03-07 07:32:00+00:00,4896.5,4896.75,4895.75,4895.75,219.0,SYNTH-MES-A,1
2024-03-07 07:33:00+00:00,4895.75,4896.0,4895.75,4896.0,231.0,SYNTH-MES-A,1
2024-03-07 07:34:00+00:00,4896.0,4896.25,4894.75,4894.75,198.0,SYNTH-MES-A,1
2024-03-07 07:35:00+00:00,4894.75,4895.0,4894.75,4894.75,227.0,SYNTH-MES-A,1
2024-03-07 07:36:00+00:00,4894.75,4896.25,4894.25,4896.25,194.0,SYNTH-MES-A,1
2024-03-07 07:37:00+00:00,4896.25,4896.75,4896.0,4896.0,212.0,SYNTH-MES-A,1
2024-03-07 07:38:00+00:00,4896.0,4897.75,4896.0,4897.5,179.0,SYNTH-MES-A,1
2024-03-07 07:39:00+00:00,4897.5,4899.0,4897.5,4898.5,199.0,SYNTH-MES-A,1
2024-03-07 07:40:00+00:00,4898.5,4898.5,4897.5,4898.0,181.0,SYNTH-MES-A,1
2024-03-07 07:41:00+00:00,4898.0,4898.0,4897.25,4897.5,226.0,SYNTH-MES-A,1
2024-03-07 07:42:00+00:00,4897.5,4897.5,4897.25,4897.5,181.0,SYNTH-MES-A,1
2024-03-07 07:43:00+00:00,4897.5,4899.0,4896.25,4898.75,171.0,SYNTH-MES-A,1
2024-03-07 07:44:00+00:00,4898.75,4900.25,4898.25,4899.5,219.0,SYNTH-MES-A,1
2024-03-07 07:45:00+00:00,4899.5,4900.25,4899.25,4900.25,189.0,SYNTH-MES-A,1
2024-03-07 07:46:00+00:00,4900.25,4900.25,4899.75,4900.0,240.0,SYNTH-MES-A,1
2024-03-07 07:47:00+00:00,4900.0,4901.25,4899.25,4901.0,203.0,SYNTH-MES-A,1
2024-03-07 07:48:00+00:00,4901.0,4901.0,4900.25,4901.0,219.0,SYNTH-MES-A,1
2024-03-07 07:49:00+00:00,4901.0,4901.75,4900.75,4901.5,198.0,SYNTH-MES-A,1
2024-03-07 07:50:00+00:00,4901.5,4902.0,4901.5,4901.75,175.0,SYNTH-MES-A,1
2024-03-07 07:51:00+00:00,4901.75,4901.75,4900.25,4900.25,202.0,SYNTH-MES-A,1
2024-03-07 07:52:00+00:00,4900.25,4900.25,4898.75,4899.0,174.0,SYNTH-MES-A,1
2024-03-07 07:53:00+00:00,4899.0,4899.25,4897.25,4897.5,185.0,SYNTH-MES-A,1
2024-03-07 07:54:00+00:00,4897.5,4898.0,4896.0,4896.5,209.0,SYNTH-MES-A,1
2024-03-07 07:55:00+00:00,4896.5,4896.5,4896.5,4896.5,225.0,SYNTH-MES-A,1
2024-03-07 07:56:00+00:00,4896.5,4897.25,4896.5,4897.25,218.0,SYNTH-MES-A,1
2024-03-07 07:57:00+00:00,4897.25,4898.5,4897.25,4898.5,204.0,SYNTH-MES-A,1
2024-03-07 07:58:00+00:00,4898.5,4900.0,4898.25,4899.75,196.0,SYNTH-MES-A,1
2024-03-07 07:59:00+00:00,4899.75,4899.75,4899.75,4899.75,185.0,SYNTH-MES-A,1
2024-03-07 08:00:00+00:00,4899.75,4900.0,4899.0,4899.25,209.0,SYNTH-MES-A,1
2024-03-07 08:01:00+00:00,4899.25,4899.75,4899.25,4899.75,209.0,SYNTH-MES-A,1
2024-03-07 08:02:00+00:00,4899.75,4900.0,4898.75,4899.0,189.0,SYNTH-MES-A,1
2024-03-07 08:03:00+00:00,4899.0,4900.75,4899.0,4900.5,190.0,SYNTH-MES-A,1
2024-03-07 08:04:00+00:00,4900.5,4900.5,4900.0,4900.0,193.0,SYNTH-MES-A,1
2024-03-07 08:05:00+00:00,4900.0,4900.25,4898.75,4899.0,198.0,SYNTH-MES-A,1
2024-03-07 08:06:00+00:00,4899.0,4899.25,4899.0,4899.25,191.0,SYNTH-MES-A,1
2024-03-07 08:07:00+00:00,4899.25,4899.5,4899.0,4899.5,213.0,SYNTH-MES-A,1
2024-03-07 08:08:00+00:00,4899.5,4900.5,4899.0,4900.0,201.0,SYNTH-MES-A,1
2024-03-07 08:09:00+00:00,4900.0,4901.25,4899.75,4901.25,210.0,SYNTH-MES-A,1
2024-03-07 08:10:00+00:00,4901.25,4901.5,4900.0,4900.25,208.0,SYNTH-MES-A,1
2024-03-07 08:11:00+00:00,4900.25,4901.0,4899.5,4900.0,213.0,SYNTH-MES-A,1
2024-03-07 08:12:00+00:00,4900.0,4900.25,4898.75,4899.0,208.0,SYNTH-MES-A,1
2024-03-07 08:13:00+00:00,4899.0,4899.25,4899.0,4899.25,194.0,SYNTH-MES-A,1
2024-03-07 08:14:00+00:00,4899.25,4899.25,4898.75,4899.0,199.0,SYNTH-MES-A,1
2024-03-07 08:15:00+00:00,4899.0,4899.25,4898.75,4898.75,185.0,SYNTH-MES-A,1
2024-03-07 08:16:00+00:00,4898.75,4900.0,4898.75,4899.0,229.0,SYNTH-MES-A,1
2024-03-07 08:17:00+00:00,4899.0,4900.0,4898.75,4900.0,184.0,SYNTH-MES-A,1
2024-03-07 08:18:00+00:00,4900.0,4900.5,4899.0,4899.0,188.0,SYNTH-MES-A,1
2024-03-07 08:19:00+00:00,4899.0,4899.0,4895.75,4898.0,207.0,SYNTH-MES-A,1
2024-03-07 08:20:00+00:00,4898.0,4899.0,4897.0,4898.75,212.0,SYNTH-MES-A,1
2024-03-07 08:21:00+00:00,4898.75,4899.0,4898.25,4898.75,211.0,SYNTH-MES-A,1
2024-03-07 08:22:00+00:00,4898.75,4899.5,4898.75,4899.25,231.0,SYNTH-MES-A,1
2024-03-07 08:23:00+00:00,4899.25,4899.75,4898.75,4898.75,199.0,SYNTH-MES-A,1
2024-03-07 08:24:00+00:00,4898.75,4899.0,4898.5,4898.5,195.0,SYNTH-MES-A,1
2024-03-07 08:25:00+00:00,4898.5,4899.5,4898.25,4899.0,198.0,SYNTH-MES-A,1
2024-03-07 08:26:00+00:00,4899.0,4899.0,4898.5,4898.75,210.0,SYNTH-MES-A,1
2024-03-07 08:27:00+00:00,4898.75,4898.75,4898.25,4898.5,175.0,SYNTH-MES-A,1
2024-03-07 08:28:00+00:00,4898.5,4898.75,4898.5,4898.5,179.0,SYNTH-MES-A,1
2024-03-07 08:29:00+00:00,4898.5,4900.0,4898.25,4899.75,203.0,SYNTH-MES-A,1
2024-03-07 08:30:00+00:00,4899.75,4900.0,4899.5,4899.5,194.0,SYNTH-MES-A,1
2024-03-07 08:31:00+00:00,4899.5,4900.5,4899.25,4900.25,210.0,SYNTH-MES-A,1
2024-03-07 08:32:00+00:00,4900.25,4901.25,4899.75,4901.25,212.0,SYNTH-MES-A,1
2024-03-07 08:33:00+00:00,4901.25,4901.25,4900.0,4900.25,194.0,SYNTH-MES-A,1
2024-03-07 08:34:00+00:00,4900.25,4901.0,4900.0,4900.5,215.0,SYNTH-MES-A,1
2024-03-07 08:35:00+00:00,4900.5,4900.5,4900.5,4900.5,207.0,SYNTH-MES-A,1
2024-03-07 08:36:00+00:00,4900.5,4900.75,4899.5,4899.75,198.0,SYNTH-MES-A,1
2024-03-07 08:37:00+00:00,4899.75,4900.5,4898.5,4899.0,200.0,SYNTH-MES-A,1
2024-03-07 08:38:00+00:00,4899.0,4900.25,4898.25,4899.75,204.0,SYNTH-MES-A,1
2024-03-07 08:39:00+00:00,4899.75,4900.25,4899.75,4900.25,220.0,SYNTH-MES-A,1
2024-03-07 08:40:00+00:00,4900.25,4900.75,4900.25,4900.5,183.0,SYNTH-MES-A,1
2024-03-07 08:41:00+00:00,4900.5,4901.5,4900.0,4901.25,200.0,SYNTH-MES-A,1
2024-03-07 08:42:00+00:00,4901.25,4902.25,4901.0,4902.0,218.0,SYNTH-MES-A,1
2024-03-07 08:43:00+00:00,4902.0,4902.0,4901.5,4901.5,205.0,SYNTH-MES-A,1
2024-03-07 08:44:00+00:00,4901.5,4903.0,4901.5,4902.5,222.0,SYNTH-MES-A,1
2024-03-07 08:45:00+00:00,4902.5,4902.75,4902.5,4902.75,193.0,SYNTH-MES-A,1
2024-03-07 08:46:00+00:00,4902.75,4902.75,4902.75,4902.75,199.0,SYNTH-MES-A,1
2024-03-07 08:47:00+00:00,4902.75,4903.0,4902.75,4902.75,207.0,SYNTH-MES-A,1
2024-03-07 08:48:00+00:00,4902.75,4903.75,4902.75,4903.0,180.0,SYNTH-MES-A,1
2024-03-07 08:49:00+00:00,4903.0,4903.75,4903.0,4903.5,203.0,SYNTH-MES-A,1
2024-03-07 08:50:00+00:00,4903.5,4904.25,4903.25,4903.75,192.0,SYNTH-MES-A,1
2024-03-07 08:51:00+00:00,4903.75,4904.0,4903.75,4904.0,195.0,SYNTH-MES-A,1
2024-03-07 08:52:00+00:00,4904.0,4904.25,4903.75,4903.75,191.0,SYNTH-MES-A,1
2024-03-07 08:53:00+00:00,4903.75,4904.0,4902.25,4902.75,214.0,SYNTH-MES-A,1
2024-03-07 08:54:00+00:00,4902.75,4902.75,4900.0,4900.75,189.0,SYNTH-MES-A,1
2024-03-07 08:55:00+00:00,4900.75,4900.75,4899.75,4900.0,228.0,SYNTH-MES-A,1
2024-03-07 08:56:00+00:00,4900.0,4900.5,4899.75,4900.0,205.0,SYNTH-MES-A,1
2024-03-07 08:57:00+00:00,4900.0,4900.25,4899.5,4899.75,192.0,SYNTH-MES-A,1
2024-03-07 08:58:00+00:00,4899.75,4900.25,4899.25,4899.25,190.0,SYNTH-MES-A,1
2024-03-07 08:59:00+00:00,4899.25,4901.5,4898.75,4900.5,200.0,SYNTH-MES-A,1
2024-03-07 09:00:00+00:00,4900.5,4901.0,4900.5,4900.75,208.0,SYNTH-MES-A,1
2024-03-07 09:01:00+00:00,4900.75,4900.75,4900.5,4900.75,188.0,SYNTH-MES-A,1
2024-03-07 09:02:00+00:00,4900.75,4901.5,4900.5,4901.0,193.0,SYNTH-MES-A,1
2024-03-07 09:03:00+00:00,4901.0,4901.0,4900.25,4900.25,200.0,SYNTH-MES-A,1
2024-03-07 09:04:00+00:00,4900.25,4900.5,4899.75,4900.5,185.0,SYNTH-MES-A,1
2024-03-07 09:05:00+00:00,4900.5,4900.75,4900.0,4900.0,202.0,SYNTH-MES-A,1
2024-03-07 09:06:00+00:00,4900.0,4901.0,4899.0,4899.75,194.0,SYNTH-MES-A,1
2024-03-07 09:07:00+00:00,4899.75,4899.75,4899.5,4899.5,174.0,SYNTH-MES-A,1
2024-03-07 09:08:00+00:00,4899.5,4900.0,4898.25,4898.75,179.0,SYNTH-MES-A,1
2024-03-07 09:09:00+00:00,4898.75,4899.75,4898.75,4899.75,191.0,SYNTH-MES-A,1
2024-03-07 09:10:00+00:00,4899.75,4900.0,4899.5,4899.75,194.0,SYNTH-MES-A,1
2024-03-07 09:11:00+00:00,4899.75,4902.25,4899.75,4901.75,203.0,SYNTH-MES-A,1
2024-03-07 09:12:00+00:00,4901.75,4902.5,4901.5,4902.5,195.0,SYNTH-MES-A,1
2024-03-07 09:13:00+00:00,4902.5,4903.0,4902.0,4902.75,188.0,SYNTH-MES-A,1
2024-03-07 09:14:00+00:00,4902.75,4903.25,4901.25,4901.25,197.0,SYNTH-MES-A,1
2024-03-07 09:15:00+00:00,4901.25,4901.75,4899.75,4900.25,209.0,SYNTH-MES-A,1
2024-03-07 09:16:00+00:00,4900.25,4900.5,4900.0,4900.25,190.0,SYNTH-MES-A,1
2024-03-07 09:17:00+00:00,4900.25,4900.5,4900.25,4900.25,199.0,SYNTH-MES-A,1
2024-03-07 09:18:00+00:00,4900.25,4901.75,4899.5,4901.75,182.0,SYNTH-MES-A,1
2024-03-07 09:19:00+00:00,4901.75,4903.5,4901.75,4902.5,176.0,SYNTH-MES-A,1
2024-03-07 09:20:00+00:00,4902.5,4903.75,4902.0,4903.5,180.0,SYNTH-MES-A,1
2024-03-07 09:21:00+00:00,4903.5,4903.5,4902.25,4903.25,179.0,SYNTH-MES-A,1
2024-03-07 09:22:00+00:00,4903.25,4903.25,4901.0,4901.0,198.0,SYNTH-MES-A,1
2024-03-07 09:23:00+00:00,4901.0,4901.0,4901.0,4901.0,192.0,SYNTH-MES-A,1
2024-03-07 09:24:00+00:00,4901.0,4902.0,4901.0,4902.0,199.0,SYNTH-MES-A,1
2024-03-07 09:25:00+00:00,4902.0,4903.0,4902.0,4903.0,166.0,SYNTH-MES-A,1
2024-03-07 09:26:00+00:00,4903.0,4903.25,4903.0,4903.0,185.0,SYNTH-MES-A,1
2024-03-07 09:27:00+00:00,4903.0,4903.75,4902.5,4902.75,193.0,SYNTH-MES-A,1
2024-03-07 09:28:00+00:00,4902.75,4903.5,4902.25,4902.25,194.0,SYNTH-MES-A,1
2024-03-07 09:29:00+00:00,4902.25,4902.5,4901.75,4902.0,202.0,SYNTH-MES-A,1
2024-03-07 09:30:00+00:00,4902.0,4902.5,4902.0,4902.25,195.0,SYNTH-MES-A,1
2024-03-07 09:31:00+00:00,4902.25,4903.0,4902.25,4903.0,176.0,SYNTH-MES-A,1
2024-03-07 09:32:00+00:00,4903.0,4904.5,4903.0,4904.25,189.0,SYNTH-MES-A,1
2024-03-07 09:33:00+00:00,4904.25,4906.25,4904.25,4904.5,207.0,SYNTH-MES-A,1
2024-03-07 09:34:00+00:00,4904.5,4905.0,4904.25,4904.5,196.0,SYNTH-MES-A,1
2024-03-07 09:35:00+00:00,4904.5,4904.5,4904.5,4904.5,226.0,SYNTH-MES-A,1
2024-03-07 09:36:00+00:00,4904.5,4904.75,4902.5,4903.0,207.0,SYNTH-MES-A,1
2024-03-07 09:37:00+00:00,4903.0,4903.5,4901.75,4901.75,200.0,SYNTH-MES-A,1
2024-03-07 09:38:00+00:00,4901.75,4902.75,4901.5,4902.5,197.0,SYNTH-MES-A,1
2024-03-07 09:39:00+00:00,4902.5,4902.75,4902.25,4902.25,197.0,SYNTH-MES-A,1
2024-03-07 09:40:00+00:00,4902.25,4903.0,4902.0,4902.0,217.0,SYNTH-MES-A,1
2024-03-07 09:41:00+00:00,4902.0,4902.5,4901.75,4902.5,196.0,SYNTH-MES-A,1
2024-03-07 09:42:00+00:00,4902.5,4902.5,4901.25,4902.0,225.0,SYNTH-MES-A,1
2024-03-07 09:43:00+00:00,4902.0,4902.25,4901.5,4901.5,202.0,SYNTH-MES-A,1
2024-03-07 09:44:00+00:00,4901.5,4902.0,4901.5,4901.75,175.0,SYNTH-MES-A,1
2024-03-07 09:45:00+00:00,4901.75,4901.75,4901.5,4901.75,202.0,SYNTH-MES-A,1
2024-03-07 09:46:00+00:00,4901.75,4901.75,4900.5,4901.25,192.0,SYNTH-MES-A,1
2024-03-07 09:47:00+00:00,4901.25,4901.25,4900.75,4901.0,184.0,SYNTH-MES-A,1
2024-03-07 09:48:00+00:00,4901.0,4902.25,4900.75,4902.25,192.0,SYNTH-MES-A,1
2024-03-07 09:49:00+00:00,4902.25,4903.0,4901.75,4902.5,209.0,SYNTH-MES-A,1
2024-03-07 09:50:00+00:00,4902.5,4902.5,4902.25,4902.5,206.0,SYNTH-MES-A,1
2024-03-07 09:51:00+00:00,4902.5,4902.75,4900.5,4900.75,182.0,SYNTH-MES-A,1
2024-03-07 09:52:00+00:00,4900.75,4901.0,4900.0,4901.0,194.0,SYNTH-MES-A,1
2024-03-07 09:53:00+00:00,4901.0,4901.75,4900.5,4901.5,207.0,SYNTH-MES-A,1
2024-03-07 09:54:00+00:00,4901.5,4902.5,4901.5,4902.5,185.0,SYNTH-MES-A,1
2024-03-07 09:55:00+00:00,4902.5,4903.75,4902.5,4903.5,208.0,SYNTH-MES-A,1
2024-03-07 09:56:00+00:00,4903.5,4903.75,4903.5,4903.75,189.0,SYNTH-MES-A,1
2024-03-07 09:57:00+00:00,4903.75,4904.75,4903.5,4904.5,209.0,SYNTH-MES-A,1
2024-03-07 09:58:00+00:00,4904.5,4904.5,4903.5,4904.0,214.0,SYNTH-MES-A,1
2024-03-07 09:59:00+00:00,4904.0,4906.0,4903.75,4905.75,203.0,SYNTH-MES-A,1
2024-03-07 10:00:00+00:00,4905.75,4906.0,4904.75,4904.75,225.0,SYNTH-MES-A,1
2024-03-07 10:01:00+00:00,4904.75,4905.5,4904.75,4905.0,199.0,SYNTH-MES-A,1
2024-03-07 10:02:00+00:00,4905.0,4906.0,4904.5,4905.75,205.0,SYNTH-MES-A,1
2024-03-07 10:03:00+00:00,4905.75,4906.5,4905.0,4906.25,206.0,SYNTH-MES-A,1
2024-03-07 10:04:00+00:00,4906.25,4906.25,4904.25,4905.25,162.0,SYNTH-MES-A,1
2024-03-07 10:05:00+00:00,4905.25,4906.5,4904.75,4906.25,194.0,SYNTH-MES-A,1
2024-03-07 10:06:00+00:00,4906.25,4906.5,4905.5,4906.25,202.0,SYNTH-MES-A,1
2024-03-07 10:07:00+00:00,4906.25,4907.25,4906.25,4907.25,196.0,SYNTH-MES-A,1
2024-03-07 10:08:00+00:00,4907.25,4908.75,4907.0,4908.0,170.0,SYNTH-MES-A,1
2024-03-07 10:09:00+00:00,4908.0,4908.5,4907.25,4907.75,217.0,SYNTH-MES-A,1
2024-03-07 10:10:00+00:00,4907.75,4908.0,4907.75,4907.75,183.0,SYNTH-MES-A,1
2024-03-07 10:11:00+00:00,4907.75,4907.75,4907.25,4907.25,192.0,SYNTH-MES-A,1
2024-03-07 10:12:00+00:00,4907.25,4908.25,4907.0,4907.75,178.0,SYNTH-MES-A,1
2024-03-07 10:13:00+00:00,4907.75,4907.75,4907.25,4907.5,176.0,SYNTH-MES-A,1
2024-03-07 10:14:00+00:00,4907.5,4907.75,4906.25,4907.0,209.0,SYNTH-MES-A,1
2024-03-07 10:15:00+00:00,4907.0,4907.75,4906.25,4907.5,224.0,SYNTH-MES-A,1
2024-03-07 10:16:00+00:00,4907.5,4908.25,4907.25,4907.5,200.0,SYNTH-MES-A,1
2024-03-07 10:17:00+00:00,4907.5,4908.75,4907.0,4908.75,189.0,SYNTH-MES-A,1
2024-03-07 10:18:00+00:00,4908.75,4909.0,4907.75,4908.25,217.0,SYNTH-MES-A,1
2024-03-07 10:19:00+00:00,4908.25,4908.25,4906.25,4906.75,198.0,SYNTH-MES-A,1
2024-03-07 10:20:00+00:00,4906.75,4907.5,4906.25,4907.25,209.0,SYNTH-MES-A,1
2024-03-07 10:21:00+00:00,4907.25,4907.25,4905.25,4905.75,203.0,SYNTH-MES-A,1
2024-03-07 10:22:00+00:00,4905.75,4906.75,4905.5,4906.75,220.0,SYNTH-MES-A,1
2024-03-07 10:23:00+00:00,4906.75,4907.25,4906.75,4907.25,198.0,SYNTH-MES-A,1
2024-03-07 10:24:00+00:00,4907.25,4907.25,4905.75,4906.25,172.0,SYNTH-MES-A,1
2024-03-07 10:25:00+00:00,4906.25,4906.5,4905.5,4906.25,230.0,SYNTH-MES-A,1
2024-03-07 10:26:00+00:00,4906.25,4906.75,4905.75,4906.5,188.0,SYNTH-MES-A,1
2024-03-07 10:27:00+00:00,4906.5,4906.75,4905.25,4906.0,184.0,SYNTH-MES-A,1
2024-03-07 10:28:00+00:00,4906.0,4906.25,4906.0,4906.25,179.0,SYNTH-MES-A,1
2024-03-07 10:29:00+00:00,4906.25,4906.5,4906.0,4906.0,186.0,SYNTH-MES-A,1
2024-03-07 10:30:00+00:00,4906.0,4906.75,4905.25,4905.25,204.0,SYNTH-MES-A,1
2024-03-07 10:31:00+00:00,4905.25,4905.75,4905.25,4905.5,210.0,SYNTH-MES-A,1
2024-03-07 10:32:00+00:00,4905.5,4906.5,4905.0,4906.5,200.0,SYNTH-MES-A,1
2024-03-07 10:33:00+00:00,4906.5,4906.75,4906.5,4906.75,199.0,SYNTH-MES-A,1
2024-03-07 10:34:00+00:00,4906.75,4907.0,4905.75,4905.75,212.0,SYNTH-MES-A,1
2024-03-07 10:35:00+00:00,4905.75,4905.75,4904.5,4904.75,215.0,SYNTH-MES-A,1
2024-03-07 10:36:00+00:00,4904.75,4905.5,4903.25,4903.5,200.0,SYNTH-MES-A,1
2024-03-07 10:37:00+00:00,4903.5,4903.75,4903.25,4903.5,173.0,SYNTH-MES-A,1
2024-03-07 10:38:00+00:00,4903.5,4903.5,4902.75,4903.0,215.0,SYNTH-MES-A,1
2024-03-07 10:39:00+00:00,4903.0,4903.25,4902.5,4903.0,226.0,SYNTH-MES-A,1
2024-03-07 10:40:00+00:00,4903.0,4903.0,4901.75,4902.25,175.0,SYNTH-MES-A,1
2024-03-07 10:41:00+00:00,4902.25,4902.75,4902.0,4902.75,179.0,SYNTH-MES-A,1
2024-03-07 10:42:00+00:00,4902.75,4904.25,4901.75,4902.0,193.0,SYNTH-MES-A,1
2024-03-07 10:43:00+00:00,4902.0,4903.5,4901.75,4903.25,193.0,SYNTH-MES-A,1
2024-03-07 10:44:00+00:00,4903.25,4903.5,4902.0,4902.25,176.0,SYNTH-MES-A,1
2024-03-07 10:45:00+00:00,4902.25,4902.5,4901.75,4902.0,215.0,SYNTH-MES-A,1
2024-03-07 10:46:00+00:00,4902.0,4902.0,4901.25,4901.75,192.0,SYNTH-MES-A,1
2024-03-07 10:47:00+00:00,4901.75,4902.75,4901.75,4902.75,211.0,SYNTH-MES-A,1
2024-03-07 10:48:00+00:00,4902.75,4903.5,4902.5,4903.0,205.0,SYNTH-MES-A,1
2024-03-07 10:49:00+00:00,4903.0,4904.0,4902.5,4903.75,188.0,SYNTH-MES-A,1
2024-03-07 10:50:00+00:00,4903.75,4904.0,4903.0,4903.5,178.0,SYNTH-MES-A,1
2024-03-07 10:51:00+00:00,4903.5,4904.25,4902.0,4902.25,197.0,SYNTH-MES-A,1
2024-03-07 10:52:00+00:00,4902.25,4902.5,4900.75,4901.0,192.0,SYNTH-MES-A,1
2024-03-07 10:53:00+00:00,4901.0,4901.75,4900.75,4901.5,191.0,SYNTH-MES-A,1
2024-03-07 10:54:00+00:00,4901.5,4901.75,4901.0,4901.5,212.0,SYNTH-MES-A,1
2024-03-07 10:55:00+00:00,4901.5,4902.75,4901.5,4902.5,206.0,SYNTH-MES-A,1
2024-03-07 10:56:00+00:00,4902.5,4902.5,4902.0,4902.25,202.0,SYNTH-MES-A,1
2024-03-07 10:57:00+00:00,4902.25,4904.5,4902.0,4903.5,192.0,SYNTH-MES-A,1
2024-03-07 10:58:00+00:00,4903.5,4905.0,4903.25,4905.0,212.0,SYNTH-MES-A,1
2024-03-07 10:59:00+00:00,4905.0,4905.25,4904.75,4904.75,203.0,SYNTH-MES-A,1
2024-03-07 11:00:00+00:00,4904.75,4905.0,4903.5,4903.75,183.0,SYNTH-MES-A,1
2024-03-07 11:01:00+00:00,4903.75,4904.75,4903.5,4904.5,174.0,SYNTH-MES-A,1
2024-03-07 11:02:00+00:00,4904.5,4905.0,4904.25,4904.25,203.0,SYNTH-MES-A,1
2024-03-07 11:03:00+00:00,4904.25,4905.25,4904.25,4905.0,179.0,SYNTH-MES-A,1
2024-03-07 11:04:00+00:00,4905.0,4906.0,4904.75,4906.0,200.0,SYNTH-MES-A,1
2024-03-07 11:05:00+00:00,4906.0,4906.25,4905.25,4905.75,199.0,SYNTH-MES-A,1
2024-03-07 11:06:00+00:00,4905.75,4906.25,4905.0,4906.0,189.0,SYNTH-MES-A,1
2024-03-07 11:07:00+00:00,4906.0,4907.5,4906.0,4906.25,208.0,SYNTH-MES-A,1
2024-03-07 11:08:00+00:00,4906.25,4906.75,4905.25,4906.5,178.0,SYNTH-MES-A,1
2024-03-07 11:09:00+00:00,4906.5,4907.5,4906.0,4907.5,191.0,SYNTH-MES-A,1
2024-03-07 11:10:00+00:00,4907.5,4908.75,4907.25,4908.5,206.0,SYNTH-MES-A,1
2024-03-07 11:11:00+00:00,4908.5,4909.0,4908.0,4908.25,194.0,SYNTH-MES-A,1
2024-03-07 11:12:00+00:00,4908.25,4908.75,4908.25,4908.75,191.0,SYNTH-MES-A,1
2024-03-07 11:13:00+00:00,4908.75,4909.0,4907.75,4909.0,183.0,SYNTH-MES-A,1
2024-03-07 11:14:00+00:00,4909.0,4909.25,4907.75,4908.5,179.0,SYNTH-MES-A,1
2024-03-07 11:15:00+00:00,4908.5,4908.5,4907.75,4908.0,222.0,SYNTH-MES-A,1
2024-03-07 11:16:00+00:00,4908.0,4909.0,4907.75,4908.75,195.0,SYNTH-MES-A,1
2024-03-07 11:17:00+00:00,4908.75,4909.5,4908.75,4909.25,218.0,SYNTH-MES-A,1
2024-03-07 11:18:00+00:00,4909.25,4909.75,4909.25,4909.75,218.0,SYNTH-MES-A,1
2024-03-07 11:19:00+00:00,4909.75,4910.0,4909.25,4909.25,201.0,SYNTH-MES-A,1
2024-03-07 11:20:00+00:00,4909.25,4909.75,4909.0,4909.5,191.0,SYNTH-MES-A,1
2024-03-07 11:21:00+00:00,4909.5,4910.0,4909.25,4909.25,192.0,SYNTH-MES-A,1
2024-03-07 11:22:00+00:00,4909.25,4910.75,4909.0,4910.5,223.0,SYNTH-MES-A,1
2024-03-07 11:23:00+00:00,4910.5,4911.0,4910.5,4910.75,190.0,SYNTH-MES-A,1
2024-03-07 11:24:00+00:00,4910.75,4911.25,4909.75,4910.0,199.0,SYNTH-MES-A,1
2024-03-07 11:25:00+00:00,4910.0,4910.75,4909.75,4910.25,203.0,SYNTH-MES-A,1
2024-03-07 11:26:00+00:00,4910.25,4911.25,4909.5,4911.25,209.0,SYNTH-MES-A,1
2024-03-07 11:27:00+00:00,4911.25,4911.25,4910.75,4911.0,196.0,SYNTH-MES-A,1
2024-03-07 11:28:00+00:00,4911.0,4911.5,4909.5,4909.75,209.0,SYNTH-MES-A,1
2024-03-07 11:29:00+00:00,4909.75,4910.0,4908.75,4909.25,183.0,SYNTH-MES-A,1
2024-03-07 11:30:00+00:00,4909.25,4910.0,4909.0,4909.0,172.0,SYNTH-MES-A,1
2024-03-07 11:31:00+00:00,4909.0,4909.75,4908.0,4908.75,211.0,SYNTH-MES-A,1
2024-03-07 11:32:00+00:00,4908.75,4908.75,4907.75,4907.75,203.0,SYNTH-MES-A,1
2024-03-07 11:33:00+00:00,4907.75,4908.25,4906.75,4907.5,193.0,SYNTH-MES-A,1
2024-03-07 11:34:00+00:00,4907.5,4907.5,4906.75,4907.25,191.0,SYNTH-MES-A,1
2024-03-07 11:35:00+00:00,4907.25,4907.25,4906.5,4906.5,206.0,SYNTH-MES-A,1
2024-03-07 11:36:00+00:00,4906.5,4907.75,4906.5,4907.25,202.0,SYNTH-MES-A,1
2024-03-07 11:37:00+00:00,4907.25,4909.25,4906.75,4909.0,194.0,SYNTH-MES-A,1
2024-03-07 11:38:00+00:00,4909.0,4909.25,4909.0,4909.0,186.0,SYNTH-MES-A,1
2024-03-07 11:39:00+00:00,4909.0,4909.75,4908.5,4909.75,188.0,SYNTH-MES-A,1
2024-03-07 11:40:00+00:00,4909.75,4910.5,4909.75,4910.25,201.0,SYNTH-MES-A,1
2024-03-07 11:41:00+00:00,4910.25,4910.75,4910.25,4910.75,222.0,SYNTH-MES-A,1
2024-03-07 11:42:00+00:00,4910.75,4910.75,4910.25,4910.5,219.0,SYNTH-MES-A,1
2024-03-07 11:43:00+00:00,4910.5,4911.0,4909.5,4910.0,210.0,SYNTH-MES-A,1
2024-03-07 11:44:00+00:00,4910.0,4911.0,4909.75,4910.75,200.0,SYNTH-MES-A,1
2024-03-07 11:45:00+00:00,4910.75,4911.5,4910.25,4911.0,200.0,SYNTH-MES-A,1
2024-03-07 11:46:00+00:00,4911.0,4911.75,4910.75,4911.5,187.0,SYNTH-MES-A,1
2024-03-07 11:47:00+00:00,4911.5,4911.75,4911.5,4911.75,184.0,SYNTH-MES-A,1
2024-03-07 11:48:00+00:00,4911.75,4913.0,4911.5,4912.75,189.0,SYNTH-MES-A,1
2024-03-07 11:49:00+00:00,4912.75,4912.75,4911.0,4911.5,197.0,SYNTH-MES-A,1
2024-03-07 11:50:00+00:00,4911.5,4912.25,4911.25,4911.75,199.0,SYNTH-MES-A,1
2024-03-07 11:51:00+00:00,4911.75,4913.0,4911.75,4912.5,204.0,SYNTH-MES-A,1
2024-03-07 11:52:00+00:00,4912.5,4912.75,4911.5,4912.0,208.0,SYNTH-MES-A,1
2024-03-07 11:53:00+00:00,4912.0,4912.5,4911.5,4912.25,164.0,SYNTH-MES-A,1
2024-03-07 11:54:00+00:00,4912.25,4912.75,4912.25,4912.5,202.0,SYNTH-MES-A,1
2024-03-07 11:55:00+00:00,4912.5,4912.5,4911.0,4911.0,224.0,SYNTH-MES-A,1
2024-03-07 11:56:00+00:00,4911.0,4911.25,4910.75,4911.0,186.0,SYNTH-MES-A,1
2024-03-07 11:57:00+00:00,4911.0,4913.5,4911.0,4913.5,180.0,SYNTH-MES-A,1
2024-03-07 11:58:00+00:00,4913.5,4913.5,4913.25,4913.5,210.0,SYNTH-MES-A,1
2024-03-07 11:59:00+00:00,4913.5,4913.75,4913.0,4913.75,230.0,SYNTH-MES-A,1
2024-03-07 12:00:00+00:00,4913.75,4914.0,4913.75,4913.75,184.0,SYNTH-MES-A,1
2024-03-07 12:01:00+00:00,4913.75,4914.0,4913.0,4913.5,190.0,SYNTH-MES-A,1
2024-03-07 12:02:00+00:00,4913.5,4914.5,4913.25,4913.75,205.0,SYNTH-MES-A,1
2024-03-07 12:03:00+00:00,4913.75,4914.5,4913.5,4914.5,202.0,SYNTH-MES-A,1
2024-03-07 12:04:00+00:00,4914.5,4914.5,4914.0,4914.0,199.0,SYNTH-MES-A,1
2024-03-07 12:05:00+00:00,4914.0,4914.5,4914.0,4914.5,183.0,SYNTH-MES-A,1
2024-03-07 12:06:00+00:00,4914.5,4916.0,4913.0,4916.0,196.0,SYNTH-MES-A,1
2024-03-07 12:07:00+00:00,4916.0,4917.75,4916.0,4917.5,210.0,SYNTH-MES-A,1
2024-03-07 12:08:00+00:00,4917.5,4918.75,4917.5,4918.5,200.0,SYNTH-MES-A,1
2024-03-07 12:09:00+00:00,4918.5,4918.75,4918.25,4918.75,201.0,SYNTH-MES-A,1
2024-03-07 12:10:00+00:00,4918.75,4919.25,4917.5,4918.25,206.0,SYNTH-MES-A,1
2024-03-07 12:11:00+00:00,4918.25,4918.5,4917.75,4917.75,176.0,SYNTH-MES-A,1
2024-03-07 12:12:00+00:00,4917.75,4918.5,4917.5,4918.5,194.0,SYNTH-MES-A,1
2024-03-07 12:13:00+00:00,4918.5,4921.75,4918.25,4921.0,193.0,SYNTH-MES-A,1
2024-03-07 12:14:00+00:00,4921.0,4921.25,4920.5,4920.5,202.0,SYNTH-MES-A,1
2024-03-07 12:15:00+00:00,4920.5,4921.25,4920.25,4921.25,182.0,SYNTH-MES-A,1
2024-03-07 12:16:00+00:00,4921.25,4921.5,4920.75,4920.75,179.0,SYNTH-MES-A,1
2024-03-07 12:17:00+00:00,4920.75,4921.0,4920.75,4920.75,207.0,SYNTH-MES-A,1
2024-03-07 12:18:00+00:00,4920.75,4921.75,4920.25,4921.25,189.0,SYNTH-MES-A,1
2024-03-07 12:19:00+00:00,4921.25,4921.75,4921.0,4921.5,184.0,SYNTH-MES-A,1
2024-03-07 12:20:00+00:00,4921.5,4922.25,4921.5,4921.75,209.0,SYNTH-MES-A,1
2024-03-07 12:21:00+00:00,4921.75,4922.5,4921.75,4922.5,205.0,SYNTH-MES-A,1
2024-03-07 12:22:00+00:00,4922.5,4922.75,4921.5,4921.75,198.0,SYNTH-MES-A,1
2024-03-07 12:23:00+00:00,4921.75,4922.0,4921.5,4921.5,192.0,SYNTH-MES-A,1
2024-03-07 12:24:00+00:00,4921.5,4921.75,4921.5,4921.75,194.0,SYNTH-MES-A,1
2024-03-07 12:25:00+00:00,4921.75,4922.5,4921.25,4921.25,192.0,SYNTH-MES-A,1
2024-03-07 12:26:00+00:00,4921.25,4921.25,4918.75,4919.25,211.0,SYNTH-MES-A,1
2024-03-07 12:27:00+00:00,4919.25,4920.75,4919.25,4920.75,194.0,SYNTH-MES-A,1
2024-03-07 12:28:00+00:00,4920.75,4921.0,4919.5,4920.75,227.0,SYNTH-MES-A,1
2024-03-07 12:29:00+00:00,4920.75,4920.75,4920.25,4920.25,205.0,SYNTH-MES-A,1
2024-03-07 12:30:00+00:00,4920.25,4920.25,4919.5,4919.75,198.0,SYNTH-MES-A,1
2024-03-07 12:31:00+00:00,4919.75,4921.0,4919.5,4920.75,176.0,SYNTH-MES-A,1
2024-03-07 12:32:00+00:00,4920.75,4922.0,4919.75,4921.5,206.0,SYNTH-MES-A,1
2024-03-07 12:33:00+00:00,4921.5,4921.75,4920.75,4921.0,228.0,SYNTH-MES-A,1
2024-03-07 12:34:00+00:00,4921.0,4921.0,4920.75,4921.0,199.0,SYNTH-MES-A,1
2024-03-07 12:35:00+00:00,4921.0,4921.5,4921.0,4921.0,189.0,SYNTH-MES-A,1
2024-03-07 12:36:00+00:00,4921.0,4921.5,4919.75,4919.75,192.0,SYNTH-MES-A,1
2024-03-07 12:37:00+00:00,4919.75,4919.75,4918.5,4919.25,174.0,SYNTH-MES-A,1
2024-03-07 12:38:00+00:00,4919.25,4920.0,4919.25,4919.25,173.0,SYNTH-MES-A,1
2024-03-07 12:39:00+00:00,4919.25,4919.25,4919.0,4919.0,227.0,SYNTH-MES-A,1
2024-03-07 12:40:00+00:00,4919.0,4919.0,4918.0,4918.25,180.0,SYNTH-MES-A,1
2024-03-07 12:41:00+00:00,4918.25,4919.25,4917.75,4919.25,190.0,SYNTH-MES-A,1
2024-03-07 12:42:00+00:00,4919.25,4919.5,4917.75,4918.0,187.0,SYNTH-MES-A,1
2024-03-07 12:43:00+00:00,4918.0,4919.0,4917.75,4919.0,208.0,SYNTH-MES-A,1
2024-03-07 12:44:00+00:00,4919.0,4919.5,4918.75,4919.5,220.0,SYNTH-MES-A,1
2024-03-07 12:45:00+00:00,4919.5,4919.75,4919.0,4919.5,211.0,SYNTH-MES-A,1
2024-03-07 12:46:00+00:00,4919.5,4919.75,4919.5,4919.5,178.0,SYNTH-MES-A,1
2024-03-07 12:47:00+00:00,4919.5,4919.5,4919.25,4919.5,201.0,SYNTH-MES-A,1
2024-03-07 12:48:00+00:00,4919.5,4920.25,4919.0,4920.0,197.0,SYNTH-MES-A,1
2024-03-07 12:49:00+00:00,4920.0,4920.25,4919.5,4919.75,209.0,SYNTH-MES-A,1
2024-03-07 12:50:00+00:00,4919.75,4919.75,4918.0,4918.25,202.0,SYNTH-MES-A,1
2024-03-07 12:51:00+00:00,4918.25,4918.5,4918.0,4918.5,183.0,SYNTH-MES-A,1
2024-03-07 12:52:00+00:00,4918.5,4918.5,4916.75,4917.0,173.0,SYNTH-MES-A,1
2024-03-07 12:53:00+00:00,4917.0,4918.25,4916.25,4917.0,194.0,SYNTH-MES-A,1
2024-03-07 12:54:00+00:00,4917.0,4917.25,4916.75,4917.25,208.0,SYNTH-MES-A,1
2024-03-07 12:55:00+00:00,4917.25,4918.25,4917.0,4917.5,198.0,SYNTH-MES-A,1
2024-03-07 12:56:00+00:00,4917.5,4918.5,4916.75,4917.25,174.0,SYNTH-MES-A,1
2024-03-07 12:57:00+00:00,4917.25,4917.5,4916.5,4916.5,221.0,SYNTH-MES-A,1
2024-03-07 12:58:00+00:00,4916.5,4917.0,4915.25,4916.0,205.0,SYNTH-MES-A,1
2024-03-07 12:59:00+00:00,4916.0,4918.25,4915.5,4918.25,191.0,SYNTH-MES-A,1
2024-03-07 13:00:00+00:00,4918.25,4918.25,4917.75,4918.25,192.0,SYNTH-MES-A,1
2024-03-07 13:01:00+00:00,4918.25,4918.75,4918.0,4918.75,216.0,SYNTH-MES-A,1
2024-03-07 13:02:00+00:00,4918.75,4919.25,4918.5,4918.5,205.0,SYNTH-MES-A,1
2024-03-07 13:03:00+00:00,4918.5,4919.5,4917.0,4917.0,201.0,SYNTH-MES-A,1
2024-03-07 13:04:00+00:00,4917.0,4918.25,4917.0,4917.25,193.0,SYNTH-MES-A,1
2024-03-07 13:05:00+00:00,4917.25,4918.5,4917.25,4918.0,198.0,SYNTH-MES-A,1
2024-03-07 13:06:00+00:00,4918.0,4918.75,4917.75,4918.5,209.0,SYNTH-MES-A,1
2024-03-07 13:07:00+00:00,4918.5,4919.0,4918.5,4918.5,233.0,SYNTH-MES-A,1
2024-03-07 13:08:00+00:00,4918.5,4918.75,4917.5,4918.5,192.0,SYNTH-MES-A,1
2024-03-07 13:09:00+00:00,4918.5,4919.25,4917.75,4919.25,174.0,SYNTH-MES-A,1
2024-03-07 13:10:00+00:00,4919.25,4919.25,4919.0,4919.25,201.0,SYNTH-MES-A,1
2024-03-07 13:11:00+00:00,4919.25,4919.25,4918.25,4918.25,170.0,SYNTH-MES-A,1
2024-03-07 13:12:00+00:00,4918.25,4919.0,4918.25,4918.5,183.0,SYNTH-MES-A,1
2024-03-07 13:13:00+00:00,4918.5,4918.75,4917.5,4918.5,179.0,SYNTH-MES-A,1
2024-03-07 13:14:00+00:00,4918.5,4918.75,4918.0,4918.0,216.0,SYNTH-MES-A,1
2024-03-07 13:15:00+00:00,4918.0,4918.5,4916.75,4917.25,200.0,SYNTH-MES-A,1
2024-03-07 13:16:00+00:00,4917.25,4917.25,4916.0,4916.0,189.0,SYNTH-MES-A,1
2024-03-07 13:17:00+00:00,4916.0,4916.25,4916.0,4916.25,195.0,SYNTH-MES-A,1
2024-03-07 13:18:00+00:00,4916.25,4916.75,4916.0,4916.75,235.0,SYNTH-MES-A,1
2024-03-07 13:19:00+00:00,4916.75,4916.75,4916.5,4916.5,207.0,SYNTH-MES-A,1
2024-03-07 13:20:00+00:00,4916.5,4917.5,4915.0,4915.25,210.0,SYNTH-MES-A,1
2024-03-07 13:21:00+00:00,4915.25,4915.75,4913.75,4914.5,208.0,SYNTH-MES-A,1
2024-03-07 13:22:00+00:00,4914.5,4914.5,4914.0,4914.25,221.0,SYNTH-MES-A,1
2024-03-07 13:23:00+00:00,4914.25,4915.5,4914.25,4915.5,207.0,SYNTH-MES-A,1
2024-03-07 13:24:00+00:00,4915.5,4915.5,4914.75,4915.5,178.0,SYNTH-MES-A,1
2024-03-07 13:25:00+00:00,4915.5,4915.5,4913.5,4914.5,205.0,SYNTH-MES-A,1
2024-03-07 13:26:00+00:00,4914.5,4914.75,4914.0,4914.25,198.0,SYNTH-MES-A,1
2024-03-07 13:27:00+00:00,4914.25,4914.5,4913.25,4913.5,198.0,SYNTH-MES-A,1
2024-03-07 13:28:00+00:00,4913.5,4914.0,4913.0,4913.5,214.0,SYNTH-MES-A,1
2024-03-07 13:29:00+00:00,4913.5,4913.75,4913.0,4913.25,195.0,SYNTH-MES-A,1
2024-03-07 13:30:00+00:00,4913.25,4913.5,4913.0,4913.5,202.0,SYNTH-MES-A,1
2024-03-07 13:31:00+00:00,4913.5,4914.5,4913.0,4914.25,221.0,SYNTH-MES-A,1
2024-03-07 13:32:00+00:00,4914.25,4914.5,4914.25,4914.25,206.0,SYNTH-MES-A,1
2024-03-07 13:33:00+00:00,4914.25,4914.25,4913.75,4913.75,214.0,SYNTH-MES-A,1
2024-03-07 13:34:00+00:00,4913.75,4913.75,4913.5,4913.5,178.0,SYNTH-MES-A,1
2024-03-07 13:35:00+00:00,4913.5,4913.5,4912.75,4913.0,212.0,SYNTH-MES-A,1
2024-03-07 13:36:00+00:00,4913.0,4913.25,4912.5,4912.5,214.0,SYNTH-MES-A,1
2024-03-07 13:37:00+00:00,4912.5,4912.5,4912.0,4912.25,205.0,SYNTH-MES-A,1
2024-03-07 13:38:00+00:00,4912.25,4913.0,4912.0,4913.0,197.0,SYNTH-MES-A,1
2024-03-07 13:39:00+00:00,4913.0,4913.0,4912.5,4912.5,201.0,SYNTH-MES-A,1
2024-03-07 13:40:00+00:00,4912.5,4913.0,4911.25,4911.5,179.0,SYNTH-MES-A,1
2024-03-07 13:41:00+00:00,4911.5,4912.5,4911.5,4912.25,191.0,SYNTH-MES-A,1
2024-03-07 13:42:00+00:00,4912.25,4912.25,4912.0,4912.25,169.0,SYNTH-MES-A,1
2024-03-07 13:43:00+00:00,4912.25,4913.0,4912.0,4912.0,208.0,SYNTH-MES-A,1
2024-03-07 13:44:00+00:00,4912.0,4912.75,4911.0,4911.0,194.0,SYNTH-MES-A,1
2024-03-07 13:45:00+00:00,4911.0,4911.25,4911.0,4911.0,200.0,SYNTH-MES-A,1
2024-03-07 13:46:00+00:00,4911.0,4911.25,4910.25,4910.5,185.0,SYNTH-MES-A,1
2024-03-07 13:47:00+00:00,4910.5,4910.5,4909.5,4909.75,200.0,SYNTH-MES-A,1
2024-03-07 13:48:00+00:00,4909.75,4909.75,4909.5,4909.75,198.0,SYNTH-MES-A,1
2024-03-07 13:49:00+00:00,4909.75,4910.25,4909.0,4909.5,194.0,SYNTH-MES-A,1
2024-03-07 13:50:00+00:00,4909.5,4909.75,4909.25,4909.25,204.0,SYNTH-MES-A,1
2024-03-07 13:51:00+00:00,4909.25,4909.5,4908.0,4908.75,184.0,SYNTH-MES-A,1
2024-03-07 13:52:00+00:00,4908.75,4909.25,4908.0,4909.25,191.0,SYNTH-MES-A,1
2024-03-07 13:53:00+00:00,4909.25,4909.75,4908.0,4908.25,204.0,SYNTH-MES-A,1
2024-03-07 13:54:00+00:00,4908.25,4909.0,4907.75,4908.0,215.0,SYNTH-MES-A,1
2024-03-07 13:55:00+00:00,4908.0,4908.75,4907.75,4908.25,202.0,SYNTH-MES-A,1
2024-03-07 13:56:00+00:00,4908.25,4909.75,4908.25,4909.75,229.0,SYNTH-MES-A,1
2024-03-07 13:57:00+00:00,4909.75,4909.75,4909.5,4909.75,186.0,SYNTH-MES-A,1
2024-03-07 13:58:00+00:00,4909.75,4910.0,4907.75,4908.75,208.0,SYNTH-MES-A,1
2024-03-07 13:59:00+00:00,4908.75,4910.0,4908.75,4909.75,193.0,SYNTH-MES-A,1
2024-03-07 14:00:00+00:00,4909.75,4911.5,4909.75,4911.25,176.0,SYNTH-MES-A,1
2024-03-07 14:01:00+00:00,4911.25,4912.75,4911.25,4911.5,185.0,SYNTH-MES-A,1
2024-03-07 14:02:00+00:00,4911.5,4912.0,4910.5,4910.5,209.0,SYNTH-MES-A,1
2024-03-07 14:03:00+00:00,4910.5,4910.5,4910.0,4910.5,210.0,SYNTH-MES-A,1
2024-03-07 14:04:00+00:00,4910.5,4910.5,4910.25,4910.25,187.0,SYNTH-MES-A,1
2024-03-07 14:05:00+00:00,4910.25,4910.5,4910.0,4910.5,199.0,SYNTH-MES-A,1
2024-03-07 14:06:00+00:00,4910.5,4912.25,4910.25,4912.0,185.0,SYNTH-MES-A,1
2024-03-07 14:07:00+00:00,4912.0,4913.5,4911.5,4912.75,210.0,SYNTH-MES-A,1
2024-03-07 14:08:00+00:00,4912.75,4912.75,4912.0,4912.25,197.0,SYNTH-MES-A,1
2024-03-07 14:09:00+00:00,4912.25,4913.5,4912.25,4912.75,213.0,SYNTH-MES-A,1
2024-03-07 14:10:00+00:00,4912.75,4913.25,4912.75,4913.25,188.0,SYNTH-MES-A,1
2024-03-07 14:11:00+00:00,4913.25,4914.0,4913.0,4913.75,185.0,SYNTH-MES-A,1
2024-03-07 14:12:00+00:00,4913.75,4913.75,4913.0,4913.25,196.0,SYNTH-MES-A,1
2024-03-07 14:13:00+00:00,4913.25,4913.25,4912.0,4912.25,196.0,SYNTH-MES-A,1
2024-03-07 14:14:00+00:00,4912.25,4912.25,4910.75,4911.0,206.0,SYNTH-MES-A,1
2024-03-07 14:15:00+00:00,4911.0,4912.25,4910.75,4911.5,194.0,SYNTH-MES-A,1
2024-03-07 14:16:00+00:00,4911.5,4912.0,4910.25,4910.75,193.0,SYNTH-MES-A,1
2024-03-07 14:17:00+00:00,4910.75,4911.25,4910.5,4911.0,186.0,SYNTH-MES-A,1
2024-03-07 14:18:00+00:00,4911.0,4911.25,4911.0,4911.0,191.0,SYNTH-MES-A,1
2024-03-07 14:19:00+00:00,4911.0,4911.0,4910.5,4911.0,180.0,SYNTH-MES-A,1
2024-03-07 14:20:00+00:00,4911.0,4911.25,4911.0,4911.0,225.0,SYNTH-MES-A,1
2024-03-07 14:21:00+00:00,4911.0,4911.25,4909.75,4910.25,192.0,SYNTH-MES-A,1
2024-03-07 14:22:00+00:00,4910.25,4910.5,4909.25,4909.25,194.0,SYNTH-MES-A,1
2024-03-07 14:23:00+00:00,4909.25,4909.25,4909.0,4909.25,190.0,SYNTH-MES-A,1
2024-03-07 14:24:00+00:00,4909.25,4910.75,4909.25,4910.0,219.0,SYNTH-MES-A,1
2024-03-07 14:25:00+00:00,4910.0,4910.25,4909.25,4909.25,216.0,SYNTH-MES-A,1
2024-03-07 14:26:00+00:00,4909.25,4909.75,4907.75,4908.0,208.0,SYNTH-MES-A,1
2024-03-07 14:27:00+00:00,4908.0,4908.0,4907.25,4907.5,187.0,SYNTH-MES-A,1
2024-03-07 14:28:00+00:00,4907.5,4908.5,4907.5,4908.0,207.0,SYNTH-MES-A,1
2024-03-07 14:29:00+00:00,4908.0,4908.75,4907.75,4908.75,194.0,SYNTH-MES-A,1
2024-03-07 14:30:00+00:00,4908.75,4909.5,4908.25,4908.75,890.0,SYNTH-MES-A,1
2024-03-07 14:31:00+00:00,4908.75,4910.25,4908.25,4910.25,877.0,SYNTH-MES-A,1
2024-03-07 14:32:00+00:00,4910.25,4912.25,4908.5,4908.5,865.0,SYNTH-MES-A,1
2024-03-07 14:33:00+00:00,4908.5,4909.0,4907.75,4908.75,968.0,SYNTH-MES-A,1
2024-03-07 14:34:00+00:00,4908.75,4912.0,4908.5,4911.75,874.0,SYNTH-MES-A,1
2024-03-07 14:35:00+00:00,4911.75,4913.5,4907.75,4909.5,915.0,SYNTH-MES-A,1
2024-03-07 14:36:00+00:00,4909.5,4910.75,4907.75,4908.0,965.0,SYNTH-MES-A,1
2024-03-07 14:37:00+00:00,4908.0,4908.25,4906.75,4907.5,896.0,SYNTH-MES-A,1
2024-03-07 14:38:00+00:00,4907.5,4908.25,4907.25,4907.75,892.0,SYNTH-MES-A,1
2024-03-07 14:39:00+00:00,4907.75,4908.25,4907.25,4907.5,873.0,SYNTH-MES-A,1
2024-03-07 14:40:00+00:00,4907.5,4907.75,4907.25,4907.25,992.0,SYNTH-MES-A,1
2024-03-07 14:41:00+00:00,4907.25,4907.25,4905.75,4906.0,935.0,SYNTH-MES-A,1
2024-03-07 14:42:00+00:00,4906.0,4906.25,4903.25,4903.75,934.0,SYNTH-MES-A,1
2024-03-07 14:43:00+00:00,4903.75,4905.5,4903.75,4904.5,891.0,SYNTH-MES-A,1
2024-03-07 14:44:00+00:00,4904.5,4905.5,4904.0,4904.25,921.0,SYNTH-MES-A,1
2024-03-07 14:45:00+00:00,4904.25,4904.75,4902.75,4903.25,898.0,SYNTH-MES-A,1
2024-03-07 14:46:00+00:00,4903.25,4905.0,4902.25,4905.0,888.0,SYNTH-MES-A,1
2024-03-07 14:47:00+00:00,4905.0,4907.25,4904.75,4906.25,904.0,SYNTH-MES-A,1
2024-03-07 14:48:00+00:00,4906.25,4906.25,4905.5,4905.75,874.0,SYNTH-MES-A,1
2024-03-07 14:49:00+00:00,4905.75,4905.75,4903.5,4905.0,881.0,SYNTH-MES-A,1
2024-03-07 14:50:00+00:00,4905.0,4907.0,4905.0,4906.75,908.0,SYNTH-MES-A,1
2024-03-07 14:51:00+00:00,4906.75,4908.25,4905.75,4907.5,911.0,SYNTH-MES-A,1
2024-03-07 14:52:00+00:00,4907.5,4908.0,4907.0,4907.25,844.0,SYNTH-MES-A,1
2024-03-07 14:53:00+00:00,4907.25,4908.25,4906.75,4908.25,897.0,SYNTH-MES-A,1
2024-03-07 14:54:00+00:00,4908.25,4909.0,4908.0,4908.25,897.0,SYNTH-MES-A,1
2024-03-07 14:55:00+00:00,4908.25,4908.5,4906.25,4907.0,936.0,SYNTH-MES-A,1
2024-03-07 14:56:00+00:00,4907.0,4907.5,4905.5,4906.75,949.0,SYNTH-MES-A,1
2024-03-07 14:57:00+00:00,4906.75,4907.25,4906.0,4907.0,911.0,SYNTH-MES-A,1
2024-03-07 14:58:00+00:00,4907.0,4907.75,4905.25,4907.25,914.0,SYNTH-MES-A,1
2024-03-07 14:59:00+00:00,4907.25,4907.25,4907.0,4907.0,874.0,SYNTH-MES-A,1
2024-03-07 15:00:00+00:00,4907.0,4909.5,4906.75,4908.0,871.0,SYNTH-MES-A,1
2024-03-07 15:01:00+00:00,4908.0,4908.75,4906.5,4908.75,911.0,SYNTH-MES-A,1
2024-03-07 15:02:00+00:00,4908.75,4909.75,4907.75,4909.0,896.0,SYNTH-MES-A,1
2024-03-07 15:03:00+00:00,4909.0,4912.25,4907.0,4911.5,865.0,SYNTH-MES-A,1
2024-03-07 15:04:00+00:00,4911.5,4912.25,4911.25,4912.0,861.0,SYNTH-MES-A,1
2024-03-07 15:05:00+00:00,4912.0,4912.25,4911.75,4912.25,869.0,SYNTH-MES-A,1
2024-03-07 15:06:00+00:00,4912.25,4912.75,4911.75,4912.5,937.0,SYNTH-MES-A,1
2024-03-07 15:07:00+00:00,4912.5,4915.0,4912.25,4914.5,897.0,SYNTH-MES-A,1
2024-03-07 15:08:00+00:00,4914.5,4916.25,4913.75,4916.25,875.0,SYNTH-MES-A,1
2024-03-07 15:09:00+00:00,4916.25,4918.25,4915.5,4916.5,895.0,SYNTH-MES-A,1
2024-03-07 15:10:00+00:00,4916.5,4919.0,4915.75,4917.75,861.0,SYNTH-MES-A,1
2024-03-07 15:11:00+00:00,4917.75,4918.0,4917.0,4917.0,936.0,SYNTH-MES-A,1
2024-03-07 15:12:00+00:00,4917.0,4919.5,4916.75,4919.25,919.0,SYNTH-MES-A,1
2024-03-07 15:13:00+00:00,4919.25,4919.75,4918.0,4918.0,924.0,SYNTH-MES-A,1
2024-03-07 15:14:00+00:00,4918.0,4920.5,4918.0,4920.0,904.0,SYNTH-MES-A,1
2024-03-07 15:15:00+00:00,4920.0,4923.5,4919.5,4923.25,902.0,SYNTH-MES-A,1
2024-03-07 15:16:00+00:00,4923.25,4923.25,4921.25,4922.5,826.0,SYNTH-MES-A,1
2024-03-07 15:17:00+00:00,4922.5,4924.5,4922.5,4924.0,925.0,SYNTH-MES-A,1
2024-03-07 15:18:00+00:00,4924.0,4927.25,4923.75,4926.75,900.0,SYNTH-MES-A,1
2024-03-07 15:19:00+00:00,4926.75,4927.25,4924.25,4925.75,895.0,SYNTH-MES-A,1
2024-03-07 15:20:00+00:00,4925.75,4927.5,4925.5,4926.25,900.0,SYNTH-MES-A,1
2024-03-07 15:21:00+00:00,4926.25,4927.5,4925.0,4927.0,915.0,SYNTH-MES-A,1
2024-03-07 15:22:00+00:00,4927.0,4928.0,4926.25,4928.0,889.0,SYNTH-MES-A,1
2024-03-07 15:23:00+00:00,4928.0,4929.0,4926.25,4926.75,935.0,SYNTH-MES-A,1
2024-03-07 15:24:00+00:00,4926.75,4926.75,4924.25,4924.25,905.0,SYNTH-MES-A,1
2024-03-07 15:25:00+00:00,4924.25,4924.75,4920.75,4922.25,895.0,SYNTH-MES-A,1
2024-03-07 15:26:00+00:00,4922.25,4923.0,4922.25,4922.75,920.0,SYNTH-MES-A,1
2024-03-07 15:27:00+00:00,4922.75,4923.0,4919.25,4919.75,893.0,SYNTH-MES-A,1
2024-03-07 15:28:00+00:00,4919.75,4919.75,4917.25,4917.5,905.0,SYNTH-MES-A,1
2024-03-07 15:29:00+00:00,4917.5,4917.5,4915.5,4915.75,926.0,SYNTH-MES-A,1
2024-03-07 15:30:00+00:00,4915.75,4917.0,4914.75,4915.25,948.0,SYNTH-MES-A,1
2024-03-07 15:31:00+00:00,4915.25,4916.5,4913.25,4914.5,912.0,SYNTH-MES-A,1
2024-03-07 15:32:00+00:00,4914.5,4914.75,4913.0,4914.75,884.0,SYNTH-MES-A,1
2024-03-07 15:33:00+00:00,4914.75,4915.0,4913.0,4913.0,858.0,SYNTH-MES-A,1
2024-03-07 15:34:00+00:00,4913.0,4915.75,4911.5,4915.75,928.0,SYNTH-MES-A,1
2024-03-07 15:35:00+00:00,4915.75,4918.5,4915.25,4917.5,874.0,SYNTH-MES-A,1
2024-03-07 15:36:00+00:00,4917.5,4918.0,4916.25,4916.25,901.0,SYNTH-MES-A,1
2024-03-07 15:37:00+00:00,4916.25,4919.0,4916.0,4918.75,925.0,SYNTH-MES-A,1
2024-03-07 15:38:00+00:00,4918.75,4922.75,4918.0,4922.25,912.0,SYNTH-MES-A,1
2024-03-07 15:39:00+00:00,4922.25,4922.25,4920.5,4922.0,910.0,SYNTH-MES-A,1
2024-03-07 15:40:00+00:00,4922.0,4924.5,4921.75,4924.0,897.0,SYNTH-MES-A,1
2024-03-07 15:41:00+00:00,4924.0,4927.0,4923.5,4925.75,881.0,SYNTH-MES-A,1
2024-03-07 15:42:00+00:00,4925.75,4926.25,4924.5,4924.75,874.0,SYNTH-MES-A,1
2024-03-07 15:43:00+00:00,4924.75,4925.25,4923.75,4924.75,889.0,SYNTH-MES-A,1
2024-03-07 15:44:00+00:00,4924.75,4927.5,4924.5,4926.0,921.0,SYNTH-MES-A,1
2024-03-07 15:45:00+00:00,4926.0,4926.25,4923.75,4924.5,868.0,SYNTH-MES-A,1
2024-03-07 15:46:00+00:00,4924.5,4925.25,4923.75,4924.0,906.0,SYNTH-MES-A,1
2024-03-07 15:47:00+00:00,4924.0,4925.25,4922.75,4923.0,927.0,SYNTH-MES-A,1
2024-03-07 15:48:00+00:00,4923.0,4925.25,4923.0,4924.75,922.0,SYNTH-MES-A,1
2024-03-07 15:49:00+00:00,4924.75,4925.5,4922.5,4922.75,935.0,SYNTH-MES-A,1
2024-03-07 15:50:00+00:00,4922.75,4922.75,4921.5,4921.5,896.0,SYNTH-MES-A,1
2024-03-07 15:51:00+00:00,4921.5,4922.0,4917.5,4918.0,854.0,SYNTH-MES-A,1
2024-03-07 15:52:00+00:00,4918.0,4918.0,4915.75,4916.75,885.0,SYNTH-MES-A,1
2024-03-07 15:53:00+00:00,4916.75,4917.25,4916.25,4916.5,904.0,SYNTH-MES-A,1
2024-03-07 15:54:00+00:00,4916.5,4917.0,4915.25,4915.5,916.0,SYNTH-MES-A,1
2024-03-07 15:55:00+00:00,4915.5,4919.25,4915.25,4919.0,910.0,SYNTH-MES-A,1
2024-03-07 15:56:00+00:00,4919.0,4924.25,4918.75,4922.75,871.0,SYNTH-MES-A,1
2024-03-07 15:57:00+00:00,4922.75,4923.25,4921.25,4921.5,906.0,SYNTH-MES-A,1
2024-03-07 15:58:00+00:00,4921.5,4921.75,4920.75,4921.0,904.0,SYNTH-MES-A,1
2024-03-07 15:59:00+00:00,4921.0,4922.5,4920.5,4922.5,911.0,SYNTH-MES-A,1
2024-03-07 16:00:00+00:00,4922.5,4923.75,4922.5,4923.25,874.0,SYNTH-MES-A,1
2024-03-07 16:01:00+00:00,4923.25,4924.0,4923.25,4923.75,866.0,SYNTH-MES-A,1
2024-03-07 16:02:00+00:00,4923.75,4926.25,4922.75,4924.0,904.0,SYNTH-MES-A,1
2024-03-07 16:03:00+00:00,4924.0,4928.0,4923.75,4927.0,895.0,SYNTH-MES-A,1
2024-03-07 16:04:00+00:00,4927.0,4927.25,4925.5,4927.0,869.0,SYNTH-MES-A,1
2024-03-07 16:05:00+00:00,4927.0,4927.75,4925.0,4925.25,915.0,SYNTH-MES-A,1
2024-03-07 16:06:00+00:00,4925.25,4925.5,4920.25,4922.75,854.0,SYNTH-MES-A,1
2024-03-07 16:07:00+00:00,4922.75,4924.5,4922.5,4923.75,880.0,SYNTH-MES-A,1
2024-03-07 16:08:00+00:00,4923.75,4924.5,4922.5,4922.75,853.0,SYNTH-MES-A,1
2024-03-07 16:09:00+00:00,4922.75,4924.25,4921.5,4923.0,885.0,SYNTH-MES-A,1
2024-03-07 16:10:00+00:00,4923.0,4923.5,4922.5,4922.75,894.0,SYNTH-MES-A,1
2024-03-07 16:11:00+00:00,4922.75,4925.0,4922.75,4923.25,908.0,SYNTH-MES-A,1
2024-03-07 16:12:00+00:00,4923.25,4924.25,4922.75,4923.5,882.0,SYNTH-MES-A,1
2024-03-07 16:13:00+00:00,4923.5,4924.0,4920.75,4921.5,857.0,SYNTH-MES-A,1
2024-03-07 16:14:00+00:00,4921.5,4923.0,4920.25,4922.5,893.0,SYNTH-MES-A,1
2024-03-07 16:15:00+00:00,4922.5,4923.75,4922.5,4923.75,949.0,SYNTH-MES-A,1
2024-03-07 16:16:00+00:00,4923.75,4928.0,4923.5,4927.75,919.0,SYNTH-MES-A,1
2024-03-07 16:17:00+00:00,4927.75,4929.25,4926.5,4926.5,883.0,SYNTH-MES-A,1
2024-03-07 16:18:00+00:00,4926.5,4926.75,4923.25,4924.0,882.0,SYNTH-MES-A,1
2024-03-07 16:19:00+00:00,4924.0,4926.25,4923.5,4925.25,900.0,SYNTH-MES-A,1
2024-03-07 16:20:00+00:00,4925.25,4927.25,4924.5,4926.75,951.0,SYNTH-MES-A,1
2024-03-07 16:21:00+00:00,4926.75,4927.5,4926.75,4927.25,846.0,SYNTH-MES-A,1
2024-03-07 16:22:00+00:00,4927.25,4927.5,4927.0,4927.5,982.0,SYNTH-MES-A,1
2024-03-07 16:23:00+00:00,4927.5,4929.25,4926.5,4927.25,876.0,SYNTH-MES-A,1
2024-03-07 16:24:00+00:00,4927.25,4927.25,4926.5,4927.0,941.0,SYNTH-MES-A,1
2024-03-07 16:25:00+00:00,4927.0,4927.25,4926.25,4926.75,918.0,SYNTH-MES-A,1
2024-03-07 16:26:00+00:00,4926.75,4928.5,4926.5,4927.75,878.0,SYNTH-MES-A,1
2024-03-07 16:27:00+00:00,4927.75,4927.75,4925.5,4926.25,890.0,SYNTH-MES-A,1
2024-03-07 16:28:00+00:00,4926.25,4930.25,4926.0,4928.5,875.0,SYNTH-MES-A,1
2024-03-07 16:29:00+00:00,4928.5,4931.0,4928.0,4930.25,909.0,SYNTH-MES-A,1
2024-03-07 16:30:00+00:00,4930.25,4932.25,4929.5,4931.0,858.0,SYNTH-MES-A,1
2024-03-07 16:31:00+00:00,4931.0,4933.0,4930.75,4933.0,876.0,SYNTH-MES-A,1
2024-03-07 16:32:00+00:00,4933.0,4933.75,4931.75,4931.75,883.0,SYNTH-MES-A,1
2024-03-07 16:33:00+00:00,4931.75,4932.75,4927.75,4928.75,897.0,SYNTH-MES-A,1
2024-03-07 16:34:00+00:00,4928.75,4930.0,4928.5,4929.5,913.0,SYNTH-MES-A,1
2024-03-07 16:35:00+00:00,4929.5,4932.25,4929.25,4930.75,812.0,SYNTH-MES-A,1
2024-03-07 16:36:00+00:00,4930.75,4932.75,4930.25,4931.75,910.0,SYNTH-MES-A,1
2024-03-07 16:37:00+00:00,4931.75,4932.25,4930.0,4930.5,914.0,SYNTH-MES-A,1
2024-03-07 16:38:00+00:00,4930.5,4930.75,4929.25,4929.25,900.0,SYNTH-MES-A,1
2024-03-07 16:39:00+00:00,4929.25,4929.25,4927.75,4927.75,899.0,SYNTH-MES-A,1
2024-03-07 16:40:00+00:00,4927.75,4928.5,4924.75,4924.75,914.0,SYNTH-MES-A,1
2024-03-07 16:41:00+00:00,4924.75,4925.75,4923.75,4924.5,901.0,SYNTH-MES-A,1
2024-03-07 16:42:00+00:00,4924.5,4924.5,4923.25,4923.5,906.0,SYNTH-MES-A,1
2024-03-07 16:43:00+00:00,4923.5,4924.75,4923.25,4924.25,939.0,SYNTH-MES-A,1
2024-03-07 16:44:00+00:00,4924.25,4926.5,4923.5,4926.25,940.0,SYNTH-MES-A,1
2024-03-07 16:45:00+00:00,4926.25,4927.25,4925.75,4926.75,895.0,SYNTH-MES-A,1
2024-03-07 16:46:00+00:00,4926.75,4927.25,4926.25,4927.0,899.0,SYNTH-MES-A,1
2024-03-07 16:47:00+00:00,4927.0,4928.25,4926.75,4928.25,907.0,SYNTH-MES-A,1
2024-03-07 16:48:00+00:00,4928.25,4929.75,4928.25,4929.0,946.0,SYNTH-MES-A,1
2024-03-07 16:49:00+00:00,4929.0,4930.5,4927.75,4929.25,942.0,SYNTH-MES-A,1
2024-03-07 16:50:00+00:00,4929.25,4929.75,4928.5,4929.0,879.0,SYNTH-MES-A,1
2024-03-07 16:51:00+00:00,4929.0,4931.75,4926.25,4926.25,958.0,SYNTH-MES-A,1
2024-03-07 16:52:00+00:00,4926.25,4928.75,4926.25,4927.75,924.0,SYNTH-MES-A,1
2024-03-07 16:53:00+00:00,4927.75,4927.75,4923.5,4924.75,875.0,SYNTH-MES-A,1
2024-03-07 16:54:00+00:00,4924.75,4925.0,4923.0,4924.25,903.0,SYNTH-MES-A,1
2024-03-07 16:55:00+00:00,4924.25,4925.25,4921.25,4921.5,917.0,SYNTH-MES-A,1
2024-03-07 16:56:00+00:00,4921.5,4923.5,4921.5,4922.75,871.0,SYNTH-MES-A,1
2024-03-07 16:57:00+00:00,4922.75,4923.0,4921.75,4921.75,895.0,SYNTH-MES-A,1
2024-03-07 16:58:00+00:00,4921.75,4923.75,4921.0,4923.5,872.0,SYNTH-MES-A,1
2024-03-07 16:59:00+00:00,4923.5,4926.0,4923.0,4924.0,864.0,SYNTH-MES-A,1
2024-03-07 17:00:00+00:00,4924.0,4925.0,4923.5,4923.75,910.0,SYNTH-MES-A,1
2024-03-07 17:01:00+00:00,4923.75,4926.25,4923.5,4926.0,908.0,SYNTH-MES-A,1
2024-03-07 17:02:00+00:00,4926.0,4926.25,4925.75,4926.25,930.0,SYNTH-MES-A,1
2024-03-07 17:03:00+00:00,4926.25,4927.5,4926.25,4927.25,906.0,SYNTH-MES-A,1
2024-03-07 17:04:00+00:00,4927.25,4929.5,4926.25,4928.0,888.0,SYNTH-MES-A,1
2024-03-07 17:05:00+00:00,4928.0,4928.0,4926.0,4927.25,881.0,SYNTH-MES-A,1
2024-03-07 17:06:00+00:00,4927.25,4927.5,4925.5,4925.5,884.0,SYNTH-MES-A,1
2024-03-07 17:07:00+00:00,4925.5,4926.25,4921.75,4922.25,907.0,SYNTH-MES-A,1
2024-03-07 17:08:00+00:00,4922.25,4923.0,4921.5,4922.0,923.0,SYNTH-MES-A,1
2024-03-07 17:09:00+00:00,4922.0,4922.0,4921.25,4922.0,892.0,SYNTH-MES-A,1
2024-03-07 17:10:00+00:00,4922.0,4922.75,4922.0,4922.25,947.0,SYNTH-MES-A,1
2024-03-07 17:11:00+00:00,4922.25,4922.5,4920.25,4920.5,904.0,SYNTH-MES-A,1
2024-03-07 17:12:00+00:00,4920.5,4920.75,4920.0,4920.75,848.0,SYNTH-MES-A,1
2024-03-07 17:13:00+00:00,4920.75,4922.25,4920.75,4922.25,951.0,SYNTH-MES-A,1
2024-03-07 17:14:00+00:00,4922.25,4923.0,4921.25,4921.5,875.0,SYNTH-MES-A,1
2024-03-07 17:15:00+00:00,4921.5,4923.25,4920.5,4921.5,873.0,SYNTH-MES-A,1
2024-03-07 17:16:00+00:00,4921.5,4923.5,4921.25,4922.75,830.0,SYNTH-MES-A,1
2024-03-07 17:17:00+00:00,4922.75,4923.0,4922.25,4922.5,929.0,SYNTH-MES-A,1
2024-03-07 17:18:00+00:00,4922.5,4922.75,4921.75,4922.0,909.0,SYNTH-MES-A,1
2024-03-07 17:19:00+00:00,4922.0,4923.25,4922.0,4922.75,890.0,SYNTH-MES-A,1
2024-03-07 17:20:00+00:00,4922.75,4923.0,4917.5,4918.5,937.0,SYNTH-MES-A,1
2024-03-07 17:21:00+00:00,4918.5,4918.5,4916.0,4916.5,895.0,SYNTH-MES-A,1
2024-03-07 17:22:00+00:00,4916.5,4917.75,4916.25,4916.25,900.0,SYNTH-MES-A,1
2024-03-07 17:23:00+00:00,4916.25,4917.75,4914.75,4917.25,906.0,SYNTH-MES-A,1
2024-03-07 17:24:00+00:00,4917.25,4917.5,4917.0,4917.0,903.0,SYNTH-MES-A,1
2024-03-07 17:25:00+00:00,4917.0,4917.25,4915.0,4915.5,860.0,SYNTH-MES-A,1
2024-03-07 17:26:00+00:00,4915.5,4916.5,4915.5,4916.0,883.0,SYNTH-MES-A,1
2024-03-07 17:27:00+00:00,4916.0,4917.75,4915.25,4916.0,880.0,SYNTH-MES-A,1
2024-03-07 17:28:00+00:00,4916.0,4916.25,4915.75,4915.75,894.0,SYNTH-MES-A,1
2024-03-07 17:29:00+00:00,4915.75,4916.25,4913.75,4914.25,900.0,SYNTH-MES-A,1
2024-03-07 17:30:00+00:00,4914.25,4914.75,4914.25,4914.75,910.0,SYNTH-MES-A,1
2024-03-07 17:31:00+00:00,4914.75,4915.5,4914.75,4915.0,932.0,SYNTH-MES-A,1
2024-03-07 17:32:00+00:00,4915.0,4916.25,4912.0,4912.75,908.0,SYNTH-MES-A,1
2024-03-07 17:33:00+00:00,4912.75,4913.75,4912.5,4912.75,894.0,SYNTH-MES-A,1
2024-03-07 17:34:00+00:00,4912.75,4912.75,4911.0,4911.5,926.0,SYNTH-MES-A,1
2024-03-07 17:35:00+00:00,4911.5,4911.5,4911.0,4911.25,950.0,SYNTH-MES-A,1
2024-03-07 17:36:00+00:00,4911.25,4911.5,4909.0,4909.0,898.0,SYNTH-MES-A,1
2024-03-07 17:37:00+00:00,4909.0,4911.0,4908.75,4910.25,893.0,SYNTH-MES-A,1
2024-03-07 17:38:00+00:00,4910.25,4911.5,4910.0,4911.5,920.0,SYNTH-MES-A,1
2024-03-07 17:39:00+00:00,4911.5,4911.75,4911.0,4911.0,929.0,SYNTH-MES-A,1
2024-03-07 17:40:00+00:00,4911.0,4911.0,4909.25,4909.25,919.0,SYNTH-MES-A,1
2024-03-07 17:41:00+00:00,4909.25,4909.25,4907.0,4907.25,848.0,SYNTH-MES-A,1
2024-03-07 17:42:00+00:00,4907.25,4907.5,4905.75,4906.75,950.0,SYNTH-MES-A,1
2024-03-07 17:43:00+00:00,4906.75,4908.75,4904.0,4908.25,930.0,SYNTH-MES-A,1
2024-03-07 17:44:00+00:00,4908.25,4909.75,4905.75,4906.0,882.0,SYNTH-MES-A,1
2024-03-07 17:45:00+00:00,4906.0,4907.5,4905.5,4907.25,887.0,SYNTH-MES-A,1
2024-03-07 17:46:00+00:00,4907.25,4910.5,4907.0,4910.25,914.0,SYNTH-MES-A,1
2024-03-07 17:47:00+00:00,4910.25,4911.0,4910.25,4910.5,934.0,SYNTH-MES-A,1
2024-03-07 17:48:00+00:00,4910.5,4911.5,4910.5,4910.75,878.0,SYNTH-MES-A,1
2024-03-07 17:49:00+00:00,4910.75,4914.0,4910.5,4914.0,868.0,SYNTH-MES-A,1
2024-03-07 17:50:00+00:00,4914.0,4914.5,4913.25,4914.5,933.0,SYNTH-MES-A,1
2024-03-07 17:51:00+00:00,4914.5,4915.0,4910.0,4913.25,914.0,SYNTH-MES-A,1
2024-03-07 17:52:00+00:00,4913.25,4913.5,4913.0,4913.0,915.0,SYNTH-MES-A,1
2024-03-07 17:53:00+00:00,4913.0,4913.5,4911.0,4912.25,905.0,SYNTH-MES-A,1
2024-03-07 17:54:00+00:00,4912.25,4913.0,4912.0,4912.5,914.0,SYNTH-MES-A,1
2024-03-07 17:55:00+00:00,4912.5,4913.25,4910.5,4910.75,872.0,SYNTH-MES-A,1
2024-03-07 17:56:00+00:00,4910.75,4913.0,4910.5,4912.0,895.0,SYNTH-MES-A,1
2024-03-07 17:57:00+00:00,4912.0,4912.25,4910.75,4911.25,930.0,SYNTH-MES-A,1
2024-03-07 17:58:00+00:00,4911.25,4911.75,4910.25,4911.5,946.0,SYNTH-MES-A,1
2024-03-07 17:59:00+00:00,4911.5,4912.75,4910.75,4911.0,897.0,SYNTH-MES-A,1
2024-03-07 18:00:00+00:00,4911.0,4912.0,4908.5,4910.0,911.0,SYNTH-MES-A,1
2024-03-07 18:01:00+00:00,4910.0,4911.0,4908.75,4910.75,887.0,SYNTH-MES-A,1
2024-03-07 18:02:00+00:00,4910.75,4913.0,4910.75,4912.25,901.0,SYNTH-MES-A,1
2024-03-07 18:03:00+00:00,4912.25,4913.0,4911.0,4912.75,898.0,SYNTH-MES-A,1
2024-03-07 18:04:00+00:00,4912.75,4914.5,4911.5,4913.0,934.0,SYNTH-MES-A,1
2024-03-07 18:05:00+00:00,4913.0,4914.25,4912.75,4912.75,907.0,SYNTH-MES-A,1
2024-03-07 18:06:00+00:00,4912.75,4913.0,4910.75,4912.75,928.0,SYNTH-MES-A,1
2024-03-07 18:07:00+00:00,4912.75,4915.5,4911.5,4915.25,929.0,SYNTH-MES-A,1
2024-03-07 18:08:00+00:00,4915.25,4916.25,4914.5,4914.75,936.0,SYNTH-MES-A,1
2024-03-07 18:09:00+00:00,4914.75,4915.75,4912.75,4913.25,892.0,SYNTH-MES-A,1
2024-03-07 18:10:00+00:00,4913.25,4913.5,4912.25,4912.75,889.0,SYNTH-MES-A,1
2024-03-07 18:11:00+00:00,4912.75,4912.75,4912.0,4912.25,889.0,SYNTH-MES-A,1
2024-03-07 18:12:00+00:00,4912.25,4913.25,4912.0,4913.0,883.0,SYNTH-MES-A,1
2024-03-07 18:13:00+00:00,4913.0,4916.0,4913.0,4916.0,921.0,SYNTH-MES-A,1
2024-03-07 18:14:00+00:00,4916.0,4919.0,4915.75,4918.25,948.0,SYNTH-MES-A,1
2024-03-07 18:15:00+00:00,4918.25,4918.25,4917.0,4918.0,921.0,SYNTH-MES-A,1
2024-03-07 18:16:00+00:00,4918.0,4918.75,4918.0,4918.25,866.0,SYNTH-MES-A,1
2024-03-07 18:17:00+00:00,4918.25,4918.5,4918.0,4918.25,838.0,SYNTH-MES-A,1
2024-03-07 18:18:00+00:00,4918.25,4919.75,4918.0,4919.75,922.0,SYNTH-MES-A,1
2024-03-07 18:19:00+00:00,4919.75,4921.5,4919.5,4920.75,953.0,SYNTH-MES-A,1
2024-03-07 18:20:00+00:00,4920.75,4922.75,4920.75,4921.25,897.0,SYNTH-MES-A,1
2024-03-07 18:21:00+00:00,4921.25,4923.5,4921.0,4922.75,921.0,SYNTH-MES-A,1
2024-03-07 18:22:00+00:00,4922.75,4924.0,4922.25,4922.5,924.0,SYNTH-MES-A,1
2024-03-07 18:23:00+00:00,4922.5,4923.0,4920.75,4921.25,842.0,SYNTH-MES-A,1
2024-03-07 18:24:00+00:00,4921.25,4922.5,4921.25,4922.25,887.0,SYNTH-MES-A,1
2024-03-07 18:25:00+00:00,4922.25,4923.5,4921.75,4923.5,911.0,SYNTH-MES-A,1
2024-03-07 18:26:00+00:00,4923.5,4927.75,4923.5,4927.0,901.0,SYNTH-MES-A,1
2024-03-07 18:27:00+00:00,4927.0,4927.5,4924.75,4925.0,851.0,SYNTH-MES-A,1
2024-03-07 18:28:00+00:00,4925.0,4926.0,4922.75,4923.0,907.0,SYNTH-MES-A,1
2024-03-07 18:29:00+00:00,4923.0,4923.0,4919.5,4919.75,911.0,SYNTH-MES-A,1
2024-03-07 18:30:00+00:00,4919.75,4921.5,4919.5,4920.75,924.0,SYNTH-MES-A,1
2024-03-07 18:31:00+00:00,4920.75,4921.25,4916.5,4917.0,918.0,SYNTH-MES-A,1
2024-03-07 18:32:00+00:00,4917.0,4917.75,4917.0,4917.5,878.0,SYNTH-MES-A,1
2024-03-07 18:33:00+00:00,4917.5,4919.0,4917.25,4918.75,929.0,SYNTH-MES-A,1
2024-03-07 18:34:00+00:00,4918.75,4918.75,4915.25,4916.5,956.0,SYNTH-MES-A,1
2024-03-07 18:35:00+00:00,4916.5,4918.25,4915.75,4918.25,915.0,SYNTH-MES-A,1
2024-03-07 18:36:00+00:00,4918.25,4918.75,4917.25,4917.75,926.0,SYNTH-MES-A,1
2024-03-07 18:37:00+00:00,4917.75,4919.75,4916.75,4919.5,894.0,SYNTH-MES-A,1
2024-03-07 18:38:00+00:00,4919.5,4922.75,4918.25,4922.25,913.0,SYNTH-MES-A,1
2024-03-07 18:39:00+00:00,4922.25,4923.75,4921.75,4923.25,936.0,SYNTH-MES-A,1
2024-03-07 18:40:00+00:00,4923.25,4924.0,4920.25,4920.25,897.0,SYNTH-MES-A,1
2024-03-07 18:41:00+00:00,4920.25,4921.25,4919.5,4920.0,911.0,SYNTH-MES-A,1
2024-03-07 18:42:00+00:00,4920.0,4920.25,4918.25,4919.25,880.0,SYNTH-MES-A,1
2024-03-07 18:43:00+00:00,4919.25,4920.5,4918.5,4920.25,929.0,SYNTH-MES-A,1
2024-03-07 18:44:00+00:00,4920.25,4920.5,4919.0,4919.25,948.0,SYNTH-MES-A,1
2024-03-07 18:45:00+00:00,4919.25,4922.25,4918.75,4921.25,904.0,SYNTH-MES-A,1
2024-03-07 18:46:00+00:00,4921.25,4921.25,4920.25,4920.75,921.0,SYNTH-MES-A,1
2024-03-07 18:47:00+00:00,4920.75,4923.25,4920.75,4923.0,850.0,SYNTH-MES-A,1
2024-03-07 18:48:00+00:00,4923.0,4923.0,4920.0,4920.0,897.0,SYNTH-MES-A,1
2024-03-07 18:49:00+00:00,4920.0,4923.5,4918.5,4919.5,887.0,SYNTH-MES-A,1
2024-03-07 18:50:00+00:00,4919.5,4920.25,4918.25,4919.25,957.0,SYNTH-MES-A,1
2024-03-07 18:51:00+00:00,4919.25,4919.25,4917.5,4919.25,852.0,SYNTH-MES-A,1
2024-03-07 18:52:00+00:00,4919.25,4919.25,4916.75,4916.75,942.0,SYNTH-MES-A,1
2024-03-07 18:53:00+00:00,4916.75,4919.75,4916.5,4919.5,930.0,SYNTH-MES-A,1
2024-03-07 18:54:00+00:00,4919.5,4920.25,4915.75,4916.5,909.0,SYNTH-MES-A,1
2024-03-07 18:55:00+00:00,4916.5,4917.0,4915.5,4915.75,864.0,SYNTH-MES-A,1
2024-03-07 18:56:00+00:00,4915.75,4917.75,4915.75,4916.5,865.0,SYNTH-MES-A,1
2024-03-07 18:57:00+00:00,4916.5,4917.0,4915.0,4915.75,879.0,SYNTH-MES-A,1
2024-03-07 18:58:00+00:00,4915.75,4916.25,4913.0,4913.5,914.0,SYNTH-MES-A,1
2024-03-07 18:59:00+00:00,4913.5,4915.75,4912.5,4915.0,866.0,SYNTH-MES-A,1
2024-03-07 19:00:00+00:00,4915.0,4916.25,4915.0,4915.25,904.0,SYNTH-MES-A,1
2024-03-07 19:01:00+00:00,4915.25,4916.25,4913.0,4913.5,940.0,SYNTH-MES-A,1
2024-03-07 19:02:00+00:00,4913.5,4913.5,4913.25,4913.5,953.0,SYNTH-MES-A,1
2024-03-07 19:03:00+00:00,4913.5,4914.25,4913.0,4913.25,894.0,SYNTH-MES-A,1
2024-03-07 19:04:00+00:00,4913.25,4914.5,4911.5,4911.5,938.0,SYNTH-MES-A,1
2024-03-07 19:05:00+00:00,4911.5,4913.75,4910.25,4913.25,886.0,SYNTH-MES-A,1
2024-03-07 19:06:00+00:00,4913.25,4915.0,4913.25,4914.75,936.0,SYNTH-MES-A,1
2024-03-07 19:07:00+00:00,4914.75,4916.25,4914.5,4915.25,922.0,SYNTH-MES-A,1
2024-03-07 19:08:00+00:00,4915.25,4915.5,4913.25,4913.75,890.0,SYNTH-MES-A,1
2024-03-07 19:09:00+00:00,4913.75,4915.0,4910.5,4911.5,925.0,SYNTH-MES-A,1
2024-03-07 19:10:00+00:00,4911.5,4912.0,4911.25,4912.0,885.0,SYNTH-MES-A,1
2024-03-07 19:11:00+00:00,4912.0,4913.0,4911.75,4913.0,927.0,SYNTH-MES-A,1
2024-03-07 19:12:00+00:00,4913.0,4915.5,4912.75,4913.25,932.0,SYNTH-MES-A,1
2024-03-07 19:13:00+00:00,4913.25,4914.5,4913.0,4914.25,933.0,SYNTH-MES-A,1
2024-03-07 19:14:00+00:00,4914.25,4919.5,4913.75,4915.5,847.0,SYNTH-MES-A,1
2024-03-07 19:15:00+00:00,4915.5,4916.0,4915.5,4915.5,850.0,SYNTH-MES-A,1
2024-03-07 19:16:00+00:00,4915.5,4916.25,4913.5,4914.0,950.0,SYNTH-MES-A,1
2024-03-07 19:17:00+00:00,4914.0,4915.5,4912.0,4912.5,911.0,SYNTH-MES-A,1
2024-03-07 19:18:00+00:00,4912.5,4913.25,4911.0,4911.0,922.0,SYNTH-MES-A,1
2024-03-07 19:19:00+00:00,4911.0,4912.25,4910.0,4910.25,890.0,SYNTH-MES-A,1
2024-03-07 19:20:00+00:00,4910.25,4911.5,4910.0,4911.25,902.0,SYNTH-MES-A,1
2024-03-07 19:21:00+00:00,4911.25,4911.75,4910.75,4910.75,913.0,SYNTH-MES-A,1
2024-03-07 19:22:00+00:00,4910.75,4911.0,4909.75,4911.0,922.0,SYNTH-MES-A,1
2024-03-07 19:23:00+00:00,4911.0,4911.25,4909.5,4910.0,951.0,SYNTH-MES-A,1
2024-03-07 19:24:00+00:00,4910.0,4910.75,4904.25,4905.5,918.0,SYNTH-MES-A,1
2024-03-07 19:25:00+00:00,4905.5,4905.75,4903.75,4904.0,935.0,SYNTH-MES-A,1
2024-03-07 19:26:00+00:00,4904.0,4904.0,4900.0,4900.0,901.0,SYNTH-MES-A,1
2024-03-07 19:27:00+00:00,4900.0,4900.75,4898.5,4900.0,874.0,SYNTH-MES-A,1
2024-03-07 19:28:00+00:00,4900.0,4900.25,4898.75,4899.5,919.0,SYNTH-MES-A,1
2024-03-07 19:29:00+00:00,4899.5,4900.5,4898.75,4900.5,882.0,SYNTH-MES-A,1
2024-03-07 19:30:00+00:00,4900.5,4902.25,4900.5,4902.0,907.0,SYNTH-MES-A,1
2024-03-07 19:31:00+00:00,4902.0,4903.0,4900.25,4900.5,864.0,SYNTH-MES-A,1
2024-03-07 19:32:00+00:00,4900.5,4903.5,4900.25,4903.5,880.0,SYNTH-MES-A,1
2024-03-07 19:33:00+00:00,4903.5,4905.0,4903.0,4905.0,895.0,SYNTH-MES-A,1
2024-03-07 19:34:00+00:00,4905.0,4909.25,4903.75,4908.5,890.0,SYNTH-MES-A,1
2024-03-07 19:35:00+00:00,4908.5,4908.75,4907.5,4907.75,861.0,SYNTH-MES-A,1
2024-03-07 19:36:00+00:00,4907.75,4907.75,4907.5,4907.5,895.0,SYNTH-MES-A,1
2024-03-07 19:37:00+00:00,4907.5,4907.75,4906.25,4906.75,860.0,SYNTH-MES-A,1
2024-03-07 19:38:00+00:00,4906.75,4909.5,4906.5,4908.75,860.0,SYNTH-MES-A,1
2024-03-07 19:39:00+00:00,4908.75,4909.0,4908.0,4908.75,875.0,SYNTH-MES-A,1
2024-03-07 19:40:00+00:00,4908.75,4909.25,4907.5,4909.0,899.0,SYNTH-MES-A,1
2024-03-07 19:41:00+00:00,4909.0,4910.75,4908.0,4908.0,897.0,SYNTH-MES-A,1
2024-03-07 19:42:00+00:00,4908.0,4909.25,4907.75,4908.75,842.0,SYNTH-MES-A,1
2024-03-07 19:43:00+00:00,4908.75,4910.25,4908.25,4909.25,949.0,SYNTH-MES-A,1
2024-03-07 19:44:00+00:00,4909.25,4911.25,4905.5,4906.25,903.0,SYNTH-MES-A,1
2024-03-07 19:45:00+00:00,4906.25,4906.5,4905.25,4906.0,929.0,SYNTH-MES-A,1
2024-03-07 19:46:00+00:00,4906.0,4906.75,4904.25,4904.5,880.0,SYNTH-MES-A,1
2024-03-07 19:47:00+00:00,4904.5,4904.75,4902.5,4903.25,900.0,SYNTH-MES-A,1
2024-03-07 19:48:00+00:00,4903.25,4906.5,4901.5,4905.0,945.0,SYNTH-MES-A,1
2024-03-07 19:49:00+00:00,4905.0,4905.0,4903.25,4904.0,907.0,SYNTH-MES-A,1
2024-03-07 19:50:00+00:00,4904.0,4904.0,4903.0,4903.25,912.0,SYNTH-MES-A,1
2024-03-07 19:51:00+00:00,4903.25,4904.75,4903.0,4904.25,880.0,SYNTH-MES-A,1
2024-03-07 19:52:00+00:00,4904.25,4904.75,4903.25,4903.25,865.0,SYNTH-MES-A,1
2024-03-07 19:53:00+00:00,4903.25,4906.5,4903.25,4905.25,940.0,SYNTH-MES-A,1
2024-03-07 19:54:00+00:00,4905.25,4906.75,4905.0,4905.5,909.0,SYNTH-MES-A,1
2024-03-07 19:55:00+00:00,4905.5,4906.25,4903.25,4903.5,907.0,SYNTH-MES-A,1
2024-03-07 19:56:00+00:00,4903.5,4904.0,4902.75,4903.0,942.0,SYNTH-MES-A,1
2024-03-07 19:57:00+00:00,4903.0,4906.5,4902.75,4905.5,933.0,SYNTH-MES-A,1
2024-03-07 19:58:00+00:00,4905.5,4906.0,4902.75,4905.75,941.0,SYNTH-MES-A,1
2024-03-07 19:59:00+00:00,4905.75,4908.25,4905.25,4907.0,905.0,SYNTH-MES-A,1
2024-03-07 20:00:00+00:00,4907.0,4908.0,4904.5,4907.75,870.0,SYNTH-MES-A,1
2024-03-07 20:01:00+00:00,4907.75,4910.5,4907.5,4910.25,896.0,SYNTH-MES-A,1
2024-03-07 20:02:00+00:00,4910.25,4911.0,4909.75,4910.5,908.0,SYNTH-MES-A,1
2024-03-07 20:03:00+00:00,4910.5,4911.25,4910.0,4910.25,850.0,SYNTH-MES-A,1
2024-03-07 20:04:00+00:00,4910.25,4910.75,4907.5,4907.75,905.0,SYNTH-MES-A,1
2024-03-07 20:05:00+00:00,4907.75,4911.25,4907.75,4910.75,875.0,SYNTH-MES-A,1
2024-03-07 20:06:00+00:00,4910.75,4912.5,4910.5,4912.5,902.0,SYNTH-MES-A,1
2024-03-07 20:07:00+00:00,4912.5,4915.75,4912.5,4914.0,927.0,SYNTH-MES-A,1
2024-03-07 20:08:00+00:00,4914.0,4915.25,4913.75,4915.25,951.0,SYNTH-MES-A,1
2024-03-07 20:09:00+00:00,4915.25,4918.0,4915.25,4916.75,902.0,SYNTH-MES-A,1
2024-03-07 20:10:00+00:00,4916.75,4917.0,4916.75,4917.0,858.0,SYNTH-MES-A,1
2024-03-07 20:11:00+00:00,4917.0,4917.75,4915.0,4915.25,867.0,SYNTH-MES-A,1
2024-03-07 20:12:00+00:00,4915.25,4918.0,4915.25,4918.0,957.0,SYNTH-MES-A,1
2024-03-07 20:13:00+00:00,4918.0,4919.75,4917.75,4918.75,916.0,SYNTH-MES-A,1
2024-03-07 20:14:00+00:00,4918.75,4920.0,4916.5,4917.75,889.0,SYNTH-MES-A,1
2024-03-07 20:15:00+00:00,4917.75,4918.5,4917.25,4918.25,912.0,SYNTH-MES-A,1
2024-03-07 20:16:00+00:00,4918.25,4918.75,4918.25,4918.75,846.0,SYNTH-MES-A,1
2024-03-07 20:17:00+00:00,4918.75,4919.75,4917.75,4919.75,844.0,SYNTH-MES-A,1
2024-03-07 20:18:00+00:00,4919.75,4919.75,4919.0,4919.75,932.0,SYNTH-MES-A,1
2024-03-07 20:19:00+00:00,4919.75,4921.75,4919.75,4921.75,938.0,SYNTH-MES-A,1
2024-03-07 20:20:00+00:00,4921.75,4923.5,4920.75,4923.25,913.0,SYNTH-MES-A,1
2024-03-07 20:21:00+00:00,4923.25,4923.5,4921.25,4921.25,925.0,SYNTH-MES-A,1
2024-03-07 20:22:00+00:00,4921.25,4923.25,4921.0,4922.75,905.0,SYNTH-MES-A,1
2024-03-07 20:23:00+00:00,4922.75,4924.5,4921.75,4923.5,881.0,SYNTH-MES-A,1
2024-03-07 20:24:00+00:00,4923.5,4924.0,4922.0,4923.25,928.0,SYNTH-MES-A,1
2024-03-07 20:25:00+00:00,4923.25,4923.75,4921.75,4922.0,878.0,SYNTH-MES-A,1
2024-03-07 20:26:00+00:00,4922.0,4922.5,4921.5,4922.25,924.0,SYNTH-MES-A,1
2024-03-07 20:27:00+00:00,4922.25,4922.5,4920.75,4921.0,888.0,SYNTH-MES-A,1
2024-03-07 20:28:00+00:00,4921.0,4921.5,4920.0,4920.25,844.0,SYNTH-MES-A,1
2024-03-07 20:29:00+00:00,4920.25,4920.75,4919.0,4919.0,915.0,SYNTH-MES-A,1
2024-03-07 20:30:00+00:00,4919.0,4921.75,4919.0,4921.25,871.0,SYNTH-MES-A,1
2024-03-07 20:31:00+00:00,4921.25,4921.75,4920.0,4920.0,923.0,SYNTH-MES-A,1
2024-03-07 20:32:00+00:00,4920.0,4921.0,4919.0,4921.0,877.0,SYNTH-MES-A,1
2024-03-07 20:33:00+00:00,4921.0,4923.0,4920.25,4922.75,933.0,SYNTH-MES-A,1
2024-03-07 20:34:00+00:00,4922.75,4923.0,4922.5,4923.0,829.0,SYNTH-MES-A,1
2024-03-07 20:35:00+00:00,4923.0,4923.5,4922.0,4922.0,924.0,SYNTH-MES-A,1
2024-03-07 20:36:00+00:00,4922.0,4922.5,4920.25,4920.75,879.0,SYNTH-MES-A,1
2024-03-07 20:37:00+00:00,4920.75,4921.5,4916.25,4917.25,917.0,SYNTH-MES-A,1
2024-03-07 20:38:00+00:00,4917.25,4918.0,4916.5,4916.75,925.0,SYNTH-MES-A,1
2024-03-07 20:39:00+00:00,4916.75,4917.0,4916.25,4916.25,921.0,SYNTH-MES-A,1
2024-03-07 20:40:00+00:00,4916.25,4917.5,4915.5,4917.0,926.0,SYNTH-MES-A,1
2024-03-07 20:41:00+00:00,4917.0,4920.75,4916.75,4920.25,927.0,SYNTH-MES-A,1
2024-03-07 20:42:00+00:00,4920.25,4924.75,4920.0,4922.75,910.0,SYNTH-MES-A,1
2024-03-07 20:43:00+00:00,4922.75,4923.75,4922.25,4922.5,930.0,SYNTH-MES-A,1
2024-03-07 20:44:00+00:00,4922.5,4922.75,4922.5,4922.5,909.0,SYNTH-MES-A,1
2024-03-07 20:45:00+00:00,4922.5,4922.5,4922.25,4922.5,898.0,SYNTH-MES-A,1
2024-03-07 20:46:00+00:00,4922.5,4924.5,4922.25,4923.75,901.0,SYNTH-MES-A,1
2024-03-07 20:47:00+00:00,4923.75,4924.5,4923.75,4923.75,947.0,SYNTH-MES-A,1
2024-03-07 20:48:00+00:00,4923.75,4924.0,4923.25,4923.5,876.0,SYNTH-MES-A,1
2024-03-07 20:49:00+00:00,4923.5,4926.5,4922.75,4923.75,885.0,SYNTH-MES-A,1
2024-03-07 20:50:00+00:00,4923.75,4924.0,4920.5,4921.0,891.0,SYNTH-MES-A,1
2024-03-07 20:51:00+00:00,4921.0,4922.0,4919.75,4919.75,918.0,SYNTH-MES-A,1
2024-03-07 20:52:00+00:00,4919.75,4920.75,4919.0,4920.25,914.0,SYNTH-MES-A,1
2024-03-07 20:53:00+00:00,4920.25,4923.0,4919.5,4922.5,886.0,SYNTH-MES-A,1
2024-03-07 20:54:00+00:00,4922.5,4925.25,4921.75,4922.25,933.0,SYNTH-MES-A,1
2024-03-07 20:55:00+00:00,4922.25,4922.5,4920.75,4921.0,903.0,SYNTH-MES-A,1
2024-03-07 20:56:00+00:00,4921.0,4922.75,4920.5,4922.25,890.0,SYNTH-MES-A,1
2024-03-07 20:57:00+00:00,4922.25,4924.5,4922.0,4923.5,940.0,SYNTH-MES-A,1
2024-03-07 20:58:00+00:00,4923.5,4923.75,4922.75,4923.0,872.0,SYNTH-MES-A,1
2024-03-07 20:59:00+00:00,4923.0,4923.25,4922.5,4922.75,885.0,SYNTH-MES-A,1
2024-03-07 21:00:00+00:00,4922.75,4923.25,4922.5,4922.5,187.0,SYNTH-MES-A,1
2024-03-07 21:01:00+00:00,4922.5,4923.25,4922.5,4923.0,188.0,SYNTH-MES-A,1
2024-03-07 21:02:00+00:00,4923.0,4923.0,4921.75,4921.75,225.0,SYNTH-MES-A,1
2024-03-07 21:03:00+00:00,4921.75,4921.75,4921.75,4921.75,184.0,SYNTH-MES-A,1
2024-03-07 21:04:00+00:00,4921.75,4923.5,4921.75,4923.5,199.0,SYNTH-MES-A,1
2024-03-07 21:05:00+00:00,4923.5,4923.75,4923.5,4923.5,214.0,SYNTH-MES-A,1
2024-03-07 21:06:00+00:00,4923.5,4923.5,4922.75,4923.0,224.0,SYNTH-MES-A,1
2024-03-07 21:07:00+00:00,4923.0,4923.5,4922.25,4922.75,184.0,SYNTH-MES-A,1
2024-03-07 21:08:00+00:00,4922.75,4923.0,4922.75,4923.0,168.0,SYNTH-MES-A,1
2024-03-07 21:09:00+00:00,4923.0,4923.0,4922.5,4922.75,205.0,SYNTH-MES-A,1
2024-03-07 21:10:00+00:00,4922.75,4923.5,4922.5,4923.25,216.0,SYNTH-MES-A,1
2024-03-07 21:11:00+00:00,4923.25,4924.0,4922.75,4923.5,198.0,SYNTH-MES-A,1
2024-03-07 21:12:00+00:00,4923.5,4924.5,4923.0,4924.25,193.0,SYNTH-MES-A,1
2024-03-07 21:13:00+00:00,4924.25,4924.25,4923.5,4923.5,195.0,SYNTH-MES-A,1
2024-03-07 21:14:00+00:00,4923.5,4923.75,4923.25,4923.5,186.0,SYNTH-MES-A,1
2024-03-07 21:15:00+00:00,4923.5,4925.0,4923.0,4924.75,220.0,SYNTH-MES-A,1
2024-03-07 21:16:00+00:00,4924.75,4925.0,4924.25,4924.25,200.0,SYNTH-MES-A,1
2024-03-07 21:17:00+00:00,4924.25,4924.25,4923.5,4923.5,210.0,SYNTH-MES-A,1
2024-03-07 21:18:00+00:00,4923.5,4924.0,4923.0,4923.25,179.0,SYNTH-MES-A,1
2024-03-07 21:19:00+00:00,4923.25,4923.75,4922.75,4923.0,174.0,SYNTH-MES-A,1
2024-03-07 21:20:00+00:00,4923.0,4923.0,4922.5,4922.5,179.0,SYNTH-MES-A,1
2024-03-07 21:21:00+00:00,4922.5,4922.5,4921.0,4922.0,219.0,SYNTH-MES-A,1
2024-03-07 21:22:00+00:00,4922.0,4923.0,4922.0,4922.75,194.0,SYNTH-MES-A,1
2024-03-07 21:23:00+00:00,4922.75,4923.75,4922.5,4923.25,206.0,SYNTH-MES-A,1
2024-03-07 21:24:00+00:00,4923.25,4924.0,4921.5,4921.75,201.0,SYNTH-MES-A,1
2024-03-07 21:25:00+00:00,4921.75,4921.75,4921.0,4921.25,207.0,SYNTH-MES-A,1
2024-03-07 21:26:00+00:00,4921.25,4922.5,4921.25,4921.5,193.0,SYNTH-MES-A,1
2024-03-07 21:27:00+00:00,4921.5,4922.0,4921.5,4921.75,227.0,SYNTH-MES-A,1
2024-03-07 21:28:00+00:00,4921.75,4922.0,4921.5,4921.5,179.0,SYNTH-MES-A,1
2024-03-07 21:29:00+00:00,4921.5,4921.75,4920.0,4920.25,211.0,SYNTH-MES-A,1
2024-03-07 21:30:00+00:00,4920.25,4920.5,4920.0,4920.25,184.0,SYNTH-MES-A,1
2024-03-07 21:31:00+00:00,4920.25,4920.5,4919.25,4919.5,202.0,SYNTH-MES-A,1
2024-03-07 21:32:00+00:00,4919.5,4920.0,4918.75,4919.0,189.0,SYNTH-MES-A,1
2024-03-07 21:33:00+00:00,4919.0,4919.5,4918.25,4918.5,202.0,SYNTH-MES-A,1
2024-03-07 21:34:00+00:00,4918.5,4918.75,4918.0,4918.25,186.0,SYNTH-MES-A,1
2024-03-07 21:35:00+00:00,4918.25,4919.25,4918.25,4919.0,210.0,SYNTH-MES-A,1
2024-03-07 21:36:00+00:00,4919.0,4919.75,4918.25,4918.5,190.0,SYNTH-MES-A,1
2024-03-07 21:37:00+00:00,4918.5,4919.75,4916.75,4919.5,180.0,SYNTH-MES-A,1
2024-03-07 21:38:00+00:00,4919.5,4920.25,4919.25,4920.25,172.0,SYNTH-MES-A,1
2024-03-07 21:39:00+00:00,4920.25,4921.5,4919.75,4921.5,207.0,SYNTH-MES-A,1
2024-03-07 21:40:00+00:00,4921.5,4922.0,4921.25,4922.0,185.0,SYNTH-MES-A,1
2024-03-07 21:41:00+00:00,4922.0,4922.0,4921.25,4921.25,207.0,SYNTH-MES-A,1
2024-03-07 21:42:00+00:00,4921.25,4921.5,4919.5,4919.75,179.0,SYNTH-MES-A,1
2024-03-07 21:43:00+00:00,4919.75,4920.5,4919.5,4920.25,190.0,SYNTH-MES-A,1
2024-03-07 21:44:00+00:00,4920.25,4922.0,4920.0,4921.75,187.0,SYNTH-MES-A,1
2024-03-07 21:45:00+00:00,4921.75,4922.25,4920.75,4921.25,182.0,SYNTH-MES-A,1
2024-03-07 21:46:00+00:00,4921.25,4921.75,4921.0,4921.5,200.0,SYNTH-MES-A,1
2024-03-07 21:47:00+00:00,4921.5,4922.25,4921.25,4922.0,213.0,SYNTH-MES-A,1
2024-03-07 21:48:00+00:00,4922.0,4922.25,4920.0,4920.5,184.0,SYNTH-MES-A,1
2024-03-07 21:49:00+00:00,4920.5,4920.75,4919.75,4920.25,183.0,SYNTH-MES-A,1
2024-03-07 21:50:00+00:00,4920.25,4920.25,4919.0,4919.75,206.0,SYNTH-MES-A,1
2024-03-07 21:51:00+00:00,4919.75,4919.75,4918.5,4918.75,188.0,SYNTH-MES-A,1
2024-03-07 21:52:00+00:00,4918.75,4919.0,4917.25,4918.5,203.0,SYNTH-MES-A,1
2024-03-07 21:53:00+00:00,4918.5,4919.25,4918.25,4919.0,218.0,SYNTH-MES-A,1
2024-03-07 21:54:00+00:00,4919.0,4919.5,4917.5,4917.75,205.0,SYNTH-MES-A,1
2024-03-07 21:55:00+00:00,4917.75,4917.75,4917.0,4917.5,189.0,SYNTH-MES-A,1
2024-03-07 21:56:00+00:00,4917.5,4917.75,4916.75,4916.75,213.0,SYNTH-MES-A,1
2024-03-07 21:57:00+00:00,4916.75,4917.5,4916.0,4916.0,182.0,SYNTH-MES-A,1
2024-03-07 21:58:00+00:00,4916.0,4916.0,4915.0,4915.0,208.0,SYNTH-MES-A,1
2024-03-07 21:59:00+00:00,4915.0,4915.75,4914.75,4915.5,192.0,SYNTH-MES-A,1
2024-03-07 23:00:00+00:00,4915.5,4916.0,4915.25,4915.75,189.0,SYNTH-MES-A,1
2024-03-07 23:01:00+00:00,4915.75,4916.0,4915.75,4916.0,172.0,SYNTH-MES-A,1
2024-03-07 23:02:00+00:00,4916.0,4916.0,4915.0,4915.0,219.0,SYNTH-MES-A,1
2024-03-07 23:03:00+00:00,4915.0,4916.5,4914.5,4916.5,194.0,SYNTH-MES-A,1
2024-03-07 23:04:00+00:00,4916.5,4917.75,4915.75,4916.0,184.0,SYNTH-MES-A,1
2024-03-07 23:05:00+00:00,4916.0,4917.0,4916.0,4916.75,190.0,SYNTH-MES-A,1
2024-03-07 23:06:00+00:00,4916.75,4917.75,4916.75,4917.5,198.0,SYNTH-MES-A,1
2024-03-07 23:07:00+00:00,4917.5,4919.75,4916.25,4919.75,196.0,SYNTH-MES-A,1
2024-03-07 23:08:00+00:00,4919.75,4921.0,4919.5,4920.75,209.0,SYNTH-MES-A,1
2024-03-07 23:09:00+00:00,4920.75,4921.75,4920.75,4921.5,207.0,SYNTH-MES-A,1
2024-03-07 23:10:00+00:00,4921.5,4922.0,4920.75,4922.0,193.0,SYNTH-MES-A,1
2024-03-07 23:11:00+00:00,4922.0,4922.5,4922.0,4922.0,193.0,SYNTH-MES-A,1
2024-03-07 23:12:00+00:00,4922.0,4923.25,4921.25,4923.25,187.0,SYNTH-MES-A,1
2024-03-07 23:13:00+00:00,4923.25,4923.25,4923.25,4923.25,186.0,SYNTH-MES-A,1
2024-03-07 23:14:00+00:00,4923.25,4924.5,4923.0,4923.0,191.0,SYNTH-MES-A,1
2024-03-07 23:15:00+00:00,4923.0,4923.75,4922.75,4923.75,213.0,SYNTH-MES-A,1
2024-03-07 23:16:00+00:00,4923.75,4923.75,4923.5,4923.5,176.0,SYNTH-MES-A,1
2024-03-07 23:17:00+00:00,4923.5,4924.0,4923.0,4923.0,201.0,SYNTH-MES-A,1
2024-03-07 23:18:00+00:00,4923.0,4925.25,4923.0,4924.25,171.0,SYNTH-MES-A,1
2024-03-07 23:19:00+00:00,4924.25,4925.0,4923.75,4923.75,206.0,SYNTH-MES-A,1
2024-03-07 23:20:00+00:00,4923.75,4923.75,4923.0,4923.25,196.0,SYNTH-MES-A,1
2024-03-07 23:21:00+00:00,4923.25,4923.5,4923.0,4923.5,188.0,SYNTH-MES-A,1
2024-03-07 23:22:00+00:00,4923.5,4923.5,4922.75,4923.0,214.0,SYNTH-MES-A,1
2024-03-07 23:23:00+00:00,4923.0,4924.0,4923.0,4924.0,166.0,SYNTH-MES-A,1
2024-03-07 23:24:00+00:00,4924.0,4924.25,4923.75,4924.0,213.0,SYNTH-MES-A,1
2024-03-07 23:25:00+00:00,4924.0,4925.25,4923.75,4925.25,216.0,SYNTH-MES-A,1
2024-03-07 23:26:00+00:00,4925.25,4925.75,4924.25,4924.5,206.0,SYNTH-MES-A,1
2024-03-07 23:27:00+00:00,4924.5,4925.5,4924.5,4924.75,196.0,SYNTH-MES-A,1
2024-03-07 23:28:00+00:00,4924.75,4926.0,4924.25,4925.5,220.0,SYNTH-MES-A,1
2024-03-07 23:29:00+00:00,4925.5,4925.5,4924.75,4925.25,178.0,SYNTH-MES-A,1
2024-03-07 23:30:00+00:00,4925.25,4925.5,4925.25,4925.25,198.0,SYNTH-MES-A,1
2024-03-07 23:31:00+00:00,4925.25,4925.75,4925.25,4925.5,182.0,SYNTH-MES-A,1
2024-03-07 23:32:00+00:00,4925.5,4926.0,4925.0,4925.25,193.0,SYNTH-MES-A,1
2024-03-07 23:33:00+00:00,4925.25,4925.5,4925.0,4925.25,243.0,SYNTH-MES-A,1
2024-03-07 23:34:00+00:00,4925.25,4925.75,4924.75,4925.0,177.0,SYNTH-MES-A,1
2024-03-07 23:35:00+00:00,4925.0,4925.75,4924.0,4925.5,187.0,SYNTH-MES-A,1
2024-03-07 23:36:00+00:00,4925.5,4925.5,4924.5,4924.75,195.0,SYNTH-MES-A,1
2024-03-07 23:37:00+00:00,4924.75,4924.75,4923.75,4924.0,204.0,SYNTH-MES-A,1
2024-03-07 23:38:00+00:00,4924.0,4924.5,4923.75,4924.25,209.0,SYNTH-MES-A,1
2024-03-07 23:39:00+00:00,4924.25,4926.0,4923.75,4925.75,215.0,SYNTH-MES-A,1
2024-03-07 23:40:00+00:00,4925.75,4926.25,4923.75,4926.0,202.0,SYNTH-MES-A,1
2024-03-07 23:41:00+00:00,4926.0,4926.25,4925.5,4925.75,198.0,SYNTH-MES-A,1
2024-03-07 23:42:00+00:00,4925.75,4926.25,4925.25,4926.0,198.0,SYNTH-MES-A,1
2024-03-07 23:43:00+00:00,4926.0,4926.75,4924.0,4924.0,198.0,SYNTH-MES-A,1
2024-03-07 23:44:00+00:00,4924.0,4924.75,4923.75,4924.5,195.0,SYNTH-MES-A,1
2024-03-07 23:45:00+00:00,4924.5,4925.5,4924.5,4925.0,188.0,SYNTH-MES-A,1
2024-03-07 23:46:00+00:00,4925.0,4925.0,4925.0,4925.0,223.0,SYNTH-MES-A,1
2024-03-07 23:47:00+00:00,4925.0,4925.0,4924.5,4924.75,189.0,SYNTH-MES-A,1
2024-03-07 23:48:00+00:00,4924.75,4926.5,4924.75,4926.5,192.0,SYNTH-MES-A,1
2024-03-07 23:49:00+00:00,4926.5,4927.0,4925.25,4925.75,199.0,SYNTH-MES-A,1
2024-03-07 23:50:00+00:00,4925.75,4925.75,4924.5,4925.0,198.0,SYNTH-MES-A,1
2024-03-07 23:51:00+00:00,4925.0,4925.0,4924.75,4925.0,170.0,SYNTH-MES-A,1
2024-03-07 23:52:00+00:00,4925.0,4926.25,4925.0,4925.5,189.0,SYNTH-MES-A,1
2024-03-07 23:53:00+00:00,4925.5,4926.5,4925.5,4925.75,209.0,SYNTH-MES-A,1
2024-03-07 23:54:00+00:00,4925.75,4927.0,4925.75,4926.25,216.0,SYNTH-MES-A,1
2024-03-07 23:55:00+00:00,4926.25,4926.75,4926.25,4926.75,202.0,SYNTH-MES-A,1
2024-03-07 23:56:00+00:00,4926.75,4927.25,4926.0,4926.25,201.0,SYNTH-MES-A,1
2024-03-07 23:57:00+00:00,4926.25,4926.5,4926.0,4926.5,214.0,SYNTH-MES-A,1
2024-03-07 23:58:00+00:00,4926.5,4927.25,4926.25,4926.75,192.0,SYNTH-MES-A,1
2024-03-07 23:59:00+00:00,4926.75,4927.5,4926.5,4927.5,190.0,SYNTH-MES-A,1
2024-03-08 00:00:00+00:00,4927.5,4927.75,4926.0,4926.75,235.0,SYNTH-MES-A,1
2024-03-08 00:01:00+00:00,4926.75,4927.5,4926.5,4927.25,215.0,SYNTH-MES-A,1
2024-03-08 00:02:00+00:00,4927.25,4927.5,4927.0,4927.5,176.0,SYNTH-MES-A,1
2024-03-08 00:03:00+00:00,4927.5,4927.5,4927.0,4927.25,197.0,SYNTH-MES-A,1
2024-03-08 00:04:00+00:00,4927.25,4927.25,4926.25,4926.75,221.0,SYNTH-MES-A,1
2024-03-08 00:05:00+00:00,4926.75,4927.5,4926.5,4927.0,195.0,SYNTH-MES-A,1
2024-03-08 00:06:00+00:00,4927.0,4927.0,4925.25,4926.0,194.0,SYNTH-MES-A,1
2024-03-08 00:07:00+00:00,4926.0,4926.75,4925.75,4926.25,211.0,SYNTH-MES-A,1
2024-03-08 00:08:00+00:00,4926.25,4926.75,4925.25,4925.25,195.0,SYNTH-MES-A,1
2024-03-08 00:09:00+00:00,4925.25,4925.25,4924.5,4924.75,213.0,SYNTH-MES-A,1
2024-03-08 00:10:00+00:00,4924.75,4925.75,4924.75,4925.5,182.0,SYNTH-MES-A,1
2024-03-08 00:11:00+00:00,4925.5,4927.0,4925.0,4926.5,198.0,SYNTH-MES-A,1
2024-03-08 00:12:00+00:00,4926.5,4927.0,4926.25,4926.75,193.0,SYNTH-MES-A,1
2024-03-08 00:13:00+00:00,4926.75,4927.0,4926.5,4926.5,200.0,SYNTH-MES-A,1
2024-03-08 00:14:00+00:00,4926.5,4926.5,4926.5,4926.5,198.0,SYNTH-MES-A,1
2024-03-08 00:15:00+00:00,4926.5,4926.5,4925.5,4925.75,212.0,SYNTH-MES-A,1
2024-03-08 00:16:00+00:00,4925.75,4926.75,4925.0,4926.5,205.0,SYNTH-MES-A,1
2024-03-08 00:17:00+00:00,4926.5,4927.0,4925.25,4925.5,194.0,SYNTH-MES-A,1
2024-03-08 00:18:00+00:00,4925.5,4926.0,4925.25,4925.5,221.0,SYNTH-MES-A,1
2024-03-08 00:19:00+00:00,4925.5,4925.5,4925.5,4925.5,208.0,SYNTH-MES-A,1
2024-03-08 00:20:00+00:00,4925.5,4926.25,4925.25,4926.0,199.0,SYNTH-MES-A,1
2024-03-08 00:21:00+00:00,4926.0,4926.25,4925.5,4925.75,192.0,SYNTH-MES-A,1
2024-03-08 00:22:00+00:00,4925.75,4926.75,4925.5,4926.5,188.0,SYNTH-MES-A,1
2024-03-08 00:23:00+00:00,4926.5,4926.5,4926.25,4926.25,210.0,SYNTH-MES-A,1
2024-03-08 00:24:00+00:00,4926.25,4926.25,4924.75,4925.75,201.0,SYNTH-MES-A,1
2024-03-08 00:25:00+00:00,4925.75,4926.0,4925.25,4925.75,196.0,SYNTH-MES-A,1
2024-03-08 00:26:00+00:00,4925.75,4926.5,4924.75,4926.25,216.0,SYNTH-MES-A,1
2024-03-08 00:27:00+00:00,4926.25,4928.0,4926.0,4927.25,186.0,SYNTH-MES-A,1
2024-03-08 00:28:00+00:00,4927.25,4927.5,4927.0,4927.5,202.0,SYNTH-MES-A,1
2024-03-08 00:29:00+00:00,4927.5,4928.5,4927.5,4928.5,174.0,SYNTH-MES-A,1
2024-03-08 00:30:00+00:00,4928.5,4928.75,4928.0,4928.0,202.0,SYNTH-MES-A,1
2024-03-08 00:31:00+00:00,4928.0,4928.25,4927.25,4927.5,186.0,SYNTH-MES-A,1
2024-03-08 00:32:00+00:00,4927.5,4928.0,4926.25,4926.5,178.0,SYNTH-MES-A,1
2024-03-08 00:33:00+00:00,4926.5,4926.75,4926.0,4926.25,175.0,SYNTH-MES-A,1
2024-03-08 00:34:00+00:00,4926.25,4926.25,4925.0,4925.0,219.0,SYNTH-MES-A,1
2024-03-08 00:35:00+00:00,4925.0,4926.25,4925.0,4925.75,192.0,SYNTH-MES-A,1
2024-03-08 00:36:00+00:00,4925.75,4927.75,4925.25,4927.0,185.0,SYNTH-MES-A,1
2024-03-08 00:37:00+00:00,4927.0,4927.0,4927.0,4927.0,179.0,SYNTH-MES-A,1
2024-03-08 00:38:00+00:00,4927.0,4928.5,4926.75,4927.75,211.0,SYNTH-MES-A,1
2024-03-08 00:39:00+00:00,4927.75,4928.0,4927.25,4928.0,188.0,SYNTH-MES-A,1
2024-03-08 00:40:00+00:00,4928.0,4928.0,4927.25,4927.75,194.0,SYNTH-MES-A,1
2024-03-08 00:41:00+00:00,4927.75,4928.75,4927.5,4928.0,222.0,SYNTH-MES-A,1
2024-03-08 00:42:00+00:00,4928.0,4928.5,4927.0,4927.0,192.0,SYNTH-MES-A,1
2024-03-08 00:43:00+00:00,4927.0,4928.25,4926.75,4927.5,195.0,SYNTH-MES-A,1
2024-03-08 00:44:00+00:00,4927.5,4928.5,4927.5,4928.25,206.0,SYNTH-MES-A,1
2024-03-08 00:45:00+00:00,4928.25,4928.75,4926.75,4927.0,188.0,SYNTH-MES-A,1
2024-03-08 00:46:00+00:00,4927.0,4927.25,4926.75,4927.0,191.0,SYNTH-MES-A,1
2024-03-08 00:47:00+00:00,4927.0,4927.25,4926.75,4927.0,236.0,SYNTH-MES-A,1
2024-03-08 00:48:00+00:00,4927.0,4927.0,4926.5,4926.75,195.0,SYNTH-MES-A,1
2024-03-08 00:49:00+00:00,4926.75,4926.75,4925.0,4926.5,201.0,SYNTH-MES-A,1
2024-03-08 00:50:00+00:00,4926.5,4927.25,4925.75,4925.75,196.0,SYNTH-MES-A,1
2024-03-08 00:51:00+00:00,4925.75,4927.5,4925.5,4925.75,231.0,SYNTH-MES-A,1
2024-03-08 00:52:00+00:00,4925.75,4927.0,4925.5,4927.0,202.0,SYNTH-MES-A,1
2024-03-08 00:53:00+00:00,4927.0,4927.25,4926.25,4926.25,176.0,SYNTH-MES-A,1
2024-03-08 00:54:00+00:00,4926.25,4926.25,4925.75,4925.75,212.0,SYNTH-MES-A,1
2024-03-08 00:55:00+00:00,4925.75,4927.75,4925.75,4926.75,222.0,SYNTH-MES-A,1
2024-03-08 00:56:00+00:00,4926.75,4926.75,4926.25,4926.5,196.0,SYNTH-MES-A,1
2024-03-08 00:57:00+00:00,4926.5,4927.5,4926.25,4927.0,178.0,SYNTH-MES-A,1
2024-03-08 00:58:00+00:00,4927.0,4927.0,4926.25,4926.5,211.0,SYNTH-MES-A,1
2024-03-08 00:59:00+00:00,4926.5,4926.75,4926.0,4926.25,172.0,SYNTH-MES-A,1
2024-03-08 01:00:00+00:00,4926.25,4927.0,4926.0,4926.75,195.0,SYNTH-MES-A,1
2024-03-08 01:01:00+00:00,4926.75,4927.25,4926.75,4926.75,186.0,SYNTH-MES-A,1
2024-03-08 01:02:00+00:00,4926.75,4927.0,4925.25,4926.0,197.0,SYNTH-MES-A,1
2024-03-08 01:03:00+00:00,4926.0,4927.25,4925.75,4926.75,209.0,SYNTH-MES-A,1
2024-03-08 01:04:00+00:00,4926.75,4927.0,4926.25,4926.5,213.0,SYNTH-MES-A,1
2024-03-08 01:05:00+00:00,4926.5,4927.75,4926.5,4927.25,181.0,SYNTH-MES-A,1
2024-03-08 01:06:00+00:00,4927.25,4927.75,4926.5,4926.75,207.0,SYNTH-MES-A,1
2024-03-08 01:07:00+00:00,4926.75,4927.25,4926.75,4927.0,223.0,SYNTH-MES-A,1
2024-03-08 01:08:00+00:00,4927.0,4927.25,4926.5,4927.0,214.0,SYNTH-MES-A,1
2024-03-08 01:09:00+00:00,4927.0,4928.0,4926.75,4928.0,208.0,SYNTH-MES-A,1
2024-03-08 01:10:00+00:00,4928.0,4928.25,4927.5,4927.5,203.0,SYNTH-MES-A,1
2024-03-08 01:11:00+00:00,4927.5,4927.5,4927.5,4927.5,193.0,SYNTH-MES-A,1
2024-03-08 01:12:00+00:00,4927.5,4927.5,4927.0,4927.25,192.0,SYNTH-MES-A,1
2024-03-08 01:13:00+00:00,4927.25,4927.5,4925.25,4926.5,186.0,SYNTH-MES-A,1
2024-03-08 01:14:00+00:00,4926.5,4926.75,4924.75,4925.75,189.0,SYNTH-MES-A,1
2024-03-08 01:15:00+00:00,4925.75,4925.75,4924.75,4925.0,192.0,SYNTH-MES-A,1
2024-03-08 01:16:00+00:00,4925.0,4926.25,4924.75,4925.75,215.0,SYNTH-MES-A,1
2024-03-08 01:17:00+00:00,4925.75,4926.75,4925.75,4926.5,197.0,SYNTH-MES-A,1
2024-03-08 01:18:00+00:00,4926.5,4928.0,4926.5,4927.5,210.0,SYNTH-MES-A,1
2024-03-08 01:19:00+00:00,4927.5,4927.75,4927.0,4927.5,207.0,SYNTH-MES-A,1
2024-03-08 01:20:00+00:00,4927.5,4928.25,4927.25,4928.25,215.0,SYNTH-MES-A,1
2024-03-08 01:21:00+00:00,4928.25,4929.0,4928.25,4929.0,186.0,SYNTH-MES-A,1
2024-03-08 01:22:00+00:00,4929.0,4930.5,4928.5,4929.25,209.0,SYNTH-MES-A,1
2024-03-08 01:23:00+00:00,4929.25,4929.5,4928.75,4929.5,195.0,SYNTH-MES-A,1
2024-03-08 01:24:00+00:00,4929.5,4929.5,4928.5,4929.0,213.0,SYNTH-MES-A,1
2024-03-08 01:25:00+00:00,4929.0,4930.0,4928.0,4930.0,194.0,SYNTH-MES-A,1
2024-03-08 01:26:00+00:00,4930.0,4930.0,4928.75,4928.75,204.0,SYNTH-MES-A,1
2024-03-08 01:27:00+00:00,4928.75,4929.5,4928.75,4929.0,194.0,SYNTH-MES-A,1
2024-03-08 01:28:00+00:00,4929.0,4929.0,4928.5,4928.5,197.0,SYNTH-MES-A,1
2024-03-08 01:29:00+00:00,4928.5,4930.0,4928.5,4929.5,205.0,SYNTH-MES-A,1
2024-03-08 01:30:00+00:00,4929.5,4929.5,4929.0,4929.25,205.0,SYNTH-MES-A,1
2024-03-08 01:31:00+00:00,4929.25,4929.5,4928.0,4928.5,214.0,SYNTH-MES-A,1
2024-03-08 01:32:00+00:00,4928.5,4929.5,4928.5,4929.25,212.0,SYNTH-MES-A,1
2024-03-08 01:33:00+00:00,4929.25,4929.25,4928.5,4928.75,204.0,SYNTH-MES-A,1
2024-03-08 01:34:00+00:00,4928.75,4930.0,4928.75,4929.75,225.0,SYNTH-MES-A,1
2024-03-08 01:35:00+00:00,4929.75,4931.25,4929.5,4931.0,202.0,SYNTH-MES-A,1
2024-03-08 01:36:00+00:00,4931.0,4931.25,4928.75,4929.0,182.0,SYNTH-MES-A,1
2024-03-08 01:37:00+00:00,4929.0,4929.25,4928.5,4928.5,176.0,SYNTH-MES-A,1
2024-03-08 01:38:00+00:00,4928.5,4929.0,4928.25,4928.5,193.0,SYNTH-MES-A,1
2024-03-08 01:39:00+00:00,4928.5,4929.0,4928.5,4928.5,190.0,SYNTH-MES-A,1
2024-03-08 01:40:00+00:00,4928.5,4928.5,4927.5,4927.75,206.0,SYNTH-MES-A,1
2024-03-08 01:41:00+00:00,4927.75,4928.0,4927.25,4927.5,186.0,SYNTH-MES-A,1
2024-03-08 01:42:00+00:00,4927.5,4927.5,4927.0,4927.25,190.0,SYNTH-MES-A,1
2024-03-08 01:43:00+00:00,4927.25,4928.75,4926.75,4928.0,204.0,SYNTH-MES-A,1
2024-03-08 01:44:00+00:00,4928.0,4928.5,4928.0,4928.0,174.0,SYNTH-MES-A,1
2024-03-08 01:45:00+00:00,4928.0,4928.75,4927.5,4928.5,190.0,SYNTH-MES-A,1
2024-03-08 01:46:00+00:00,4928.5,4928.75,4928.25,4928.75,181.0,SYNTH-MES-A,1
2024-03-08 01:47:00+00:00,4928.75,4929.0,4928.0,4928.5,199.0,SYNTH-MES-A,1
2024-03-08 01:48:00+00:00,4928.5,4928.75,4928.5,4928.75,209.0,SYNTH-MES-A,1
2024-03-08 01:49:00+00:00,4928.75,4929.75,4928.5,4929.25,206.0,SYNTH-MES-A,1
2024-03-08 01:50:00+00:00,4929.25,4929.75,4928.5,4929.5,200.0,SYNTH-MES-A,1
2024-03-08 01:51:00+00:00,4929.5,4929.75,4929.5,4929.5,191.0,SYNTH-MES-A,1
2024-03-08 01:52:00+00:00,4929.5,4929.75,4929.5,4929.5,209.0,SYNTH-MES-A,1
2024-03-08 01:53:00+00:00,4929.5,4929.75,4927.25,4927.75,204.0,SYNTH-MES-A,1
2024-03-08 01:54:00+00:00,4927.75,4928.25,4927.5,4928.0,194.0,SYNTH-MES-A,1
2024-03-08 01:55:00+00:00,4928.0,4928.5,4928.0,4928.25,216.0,SYNTH-MES-A,1
2024-03-08 01:56:00+00:00,4928.25,4928.5,4927.5,4927.5,194.0,SYNTH-MES-A,1
2024-03-08 01:57:00+00:00,4927.5,4929.5,4926.75,4928.75,199.0,SYNTH-MES-A,1
2024-03-08 01:58:00+00:00,4928.75,4932.25,4928.75,4930.75,188.0,SYNTH-MES-A,1
2024-03-08 01:59:00+00:00,4930.75,4930.75,4929.0,4929.25,193.0,SYNTH-MES-A,1
2024-03-08 02:00:00+00:00,4929.25,4930.25,4928.75,4929.0,228.0,SYNTH-MES-A,1
2024-03-08 02:01:00+00:00,4929.0,4930.75,4929.0,4930.0,197.0,SYNTH-MES-A,1
2024-03-08 02:02:00+00:00,4930.0,4930.75,4929.75,4930.5,191.0,SYNTH-MES-A,1
2024-03-08 02:03:00+00:00,4930.5,4930.75,4930.25,4930.25,201.0,SYNTH-MES-A,1
2024-03-08 02:04:00+00:00,4930.25,4930.75,4930.0,4930.5,207.0,SYNTH-MES-A,1
2024-03-08 02:05:00+00:00,4930.5,4930.5,4930.0,4930.25,209.0,SYNTH-MES-A,1
2024-03-08 02:06:00+00:00,4930.25,4930.25,4930.0,4930.25,193.0,SYNTH-MES-A,1
2024-03-08 02:07:00+00:00,4930.25,4930.5,4929.5,4929.5,208.0,SYNTH-MES-A,1
2024-03-08 02:08:00+00:00,4929.5,4929.75,4928.5,4929.5,196.0,SYNTH-MES-A,1
2024-03-08 02:09:00+00:00,4929.5,4929.5,4928.0,4928.0,206.0,SYNTH-MES-A,1
2024-03-08 02:10:00+00:00,4928.0,4928.25,4926.75,4927.0,174.0,SYNTH-MES-A,1
2024-03-08 02:11:00+00:00,4927.0,4927.25,4927.0,4927.25,196.0,SYNTH-MES-A,1
2024-03-08 02:12:00+00:00,4927.25,4927.25,4926.5,4926.75,172.0,SYNTH-MES-A,1
2024-03-08 02:13:00+00:00,4926.75,4927.0,4925.75,4926.5,218.0,SYNTH-MES-A,1
2024-03-08 02:14:00+00:00,4926.5,4927.75,4926.25,4927.5,197.0,SYNTH-MES-A,1
2024-03-08 02:15:00+00:00,4927.5,4928.25,4926.75,4927.0,212.0,SYNTH-MES-A,1
2024-03-08 02:16:00+00:00,4927.0,4928.0,4927.0,4927.5,212.0,SYNTH-MES-A,1
2024-03-08 02:17:00+00:00,4927.5,4927.75,4927.5,4927.75,204.0,SYNTH-MES-A,1
2024-03-08 02:18:00+00:00,4927.75,4929.5,4927.5,4929.25,182.0,SYNTH-MES-A,1
2024-03-08 02:19:00+00:00,4929.25,4929.75,4929.0,4929.25,207.0,SYNTH-MES-A,1
2024-03-08 02:20:00+00:00,4929.25,4929.25,4928.25,4928.75,180.0,SYNTH-MES-A,1
2024-03-08 02:21:00+00:00,4928.75,4929.25,4928.75,4929.25,205.0,SYNTH-MES-A,1
2024-03-08 02:22:00+00:00,4929.25,4929.5,4929.25,4929.25,196.0,SYNTH-MES-A,1
2024-03-08 02:23:00+00:00,4929.25,4929.5,4929.0,4929.5,193.0,SYNTH-MES-A,1
2024-03-08 02:24:00+00:00,4929.5,4929.5,4929.5,4929.5,178.0,SYNTH-MES-A,1
2024-03-08 02:25:00+00:00,4929.5,4929.5,4929.25,4929.5,212.0,SYNTH-MES-A,1
2024-03-08 02:26:00+00:00,4929.5,4929.5,4928.5,4928.5,220.0,SYNTH-MES-A,1
2024-03-08 02:27:00+00:00,4928.5,4929.25,4928.25,4929.0,199.0,SYNTH-MES-A,1
2024-03-08 02:28:00+00:00,4929.0,4930.0,4928.5,4928.5,204.0,SYNTH-MES-A,1
2024-03-08 02:29:00+00:00,4928.5,4928.75,4928.5,4928.5,199.0,SYNTH-MES-A,1
2024-03-08 02:30:00+00:00,4928.5,4928.5,4928.5,4928.5,182.0,SYNTH-MES-A,1
2024-03-08 02:31:00+00:00,4928.5,4928.5,4927.25,4928.25,194.0,SYNTH-MES-A,1
2024-03-08 02:32:00+00:00,4928.25,4928.5,4927.25,4927.5,200.0,SYNTH-MES-A,1
2024-03-08 02:33:00+00:00,4927.5,4928.5,4927.5,4928.5,202.0,SYNTH-MES-A,1
2024-03-08 02:34:00+00:00,4928.5,4929.25,4928.5,4929.0,186.0,SYNTH-MES-A,1
2024-03-08 02:35:00+00:00,4929.0,4929.75,4929.0,4929.75,208.0,SYNTH-MES-A,1
2024-03-08 02:36:00+00:00,4929.75,4929.75,4929.0,4929.0,187.0,SYNTH-MES-A,1
2024-03-08 02:37:00+00:00,4929.0,4929.5,4928.5,4929.25,191.0,SYNTH-MES-A,1
2024-03-08 02:38:00+00:00,4929.25,4929.5,4929.0,4929.0,192.0,SYNTH-MES-A,1
2024-03-08 02:39:00+00:00,4929.0,4929.25,4929.0,4929.25,207.0,SYNTH-MES-A,1
2024-03-08 02:40:00+00:00,4929.25,4930.75,4929.0,4930.0,193.0,SYNTH-MES-A,1
2024-03-08 02:41:00+00:00,4930.0,4930.25,4930.0,4930.25,218.0,SYNTH-MES-A,1
2024-03-08 02:42:00+00:00,4930.25,4930.5,4929.25,4929.5,210.0,SYNTH-MES-A,1
2024-03-08 02:43:00+00:00,4929.5,4929.75,4928.75,4929.5,200.0,SYNTH-MES-A,1
2024-03-08 02:44:00+00:00,4929.5,4930.5,4929.0,4930.0,211.0,SYNTH-MES-A,1
2024-03-08 02:45:00+00:00,4930.0,4930.5,4929.25,4929.75,199.0,SYNTH-MES-A,1
2024-03-08 02:46:00+00:00,4929.75,4930.0,4929.25,4929.5,205.0,SYNTH-MES-A,1
2024-03-08 02:47:00+00:00,4929.5,4930.0,4929.25,4929.5,211.0,SYNTH-MES-A,1
2024-03-08 02:48:00+00:00,4929.5,4930.25,4929.0,4929.25,199.0,SYNTH-MES-A,1
2024-03-08 02:49:00+00:00,4929.25,4930.0,4929.0,4929.5,217.0,SYNTH-MES-A,1
2024-03-08 02:50:00+00:00,4929.5,4930.25,4929.25,4929.75,201.0,SYNTH-MES-A,1
2024-03-08 02:51:00+00:00,4929.75,4930.0,4929.5,4930.0,193.0,SYNTH-MES-A,1
2024-03-08 02:52:00+00:00,4930.0,4930.25,4929.25,4929.75,203.0,SYNTH-MES-A,1
2024-03-08 02:53:00+00:00,4929.75,4930.0,4928.25,4929.5,196.0,SYNTH-MES-A,1
2024-03-08 02:54:00+00:00,4929.5,4930.75,4929.5,4930.75,188.0,SYNTH-MES-A,1
2024-03-08 02:55:00+00:00,4930.75,4930.75,4930.0,4930.0,206.0,SYNTH-MES-A,1
2024-03-08 02:56:00+00:00,4930.0,4930.5,4930.0,4930.0,179.0,SYNTH-MES-A,1
2024-03-08 02:57:00+00:00,4930.0,4930.0,4928.75,4928.75,186.0,SYNTH-MES-A,1
2024-03-08 02:58:00+00:00,4928.75,4929.25,4928.5,4929.25,209.0,SYNTH-MES-A,1
2024-03-08 02:59:00+00:00,4929.25,4929.75,4929.25,4929.25,180.0,SYNTH-MES-A,1
2024-03-08 03:00:00+00:00,4929.25,4929.25,4927.75,4928.0,199.0,SYNTH-MES-A,1
2024-03-08 03:01:00+00:00,4928.0,4928.25,4927.75,4927.75,200.0,SYNTH-MES-A,1
2024-03-08 03:02:00+00:00,4927.75,4929.75,4927.75,4929.25,193.0,SYNTH-MES-A,1
2024-03-08 03:03:00+00:00,4929.25,4930.0,4929.25,4929.75,193.0,SYNTH-MES-A,1
2024-03-08 03:04:00+00:00,4929.75,4930.25,4928.5,4929.0,224.0,SYNTH-MES-A,1
2024-03-08 03:05:00+00:00,4929.0,4929.0,4928.75,4928.75,194.0,SYNTH-MES-A,1
2024-03-08 03:06:00+00:00,4928.75,4929.0,4928.75,4929.0,221.0,SYNTH-MES-A,1
2024-03-08 03:07:00+00:00,4929.0,4929.25,4928.75,4929.25,190.0,SYNTH-MES-A,1
2024-03-08 03:08:00+00:00,4929.25,4930.25,4929.0,4929.25,205.0,SYNTH-MES-A,1
2024-03-08 03:09:00+00:00,4929.25,4929.25,4928.25,4928.75,206.0,SYNTH-MES-A,1
2024-03-08 03:10:00+00:00,4928.75,4929.0,4928.75,4929.0,221.0,SYNTH-MES-A,1
2024-03-08 03:11:00+00:00,4929.0,4929.75,4929.0,4929.5,212.0,SYNTH-MES-A,1
2024-03-08 03:12:00+00:00,4929.5,4930.25,4929.25,4930.0,202.0,SYNTH-MES-A,1
2024-03-08 03:13:00+00:00,4930.0,4930.0,4929.75,4929.75,204.0,SYNTH-MES-A,1
2024-03-08 03:14:00+00:00,4929.75,4931.25,4929.25,4930.0,181.0,SYNTH-MES-A,1
2024-03-08 03:15:00+00:00,4930.0,4930.0,4929.25,4929.25,195.0,SYNTH-MES-A,1
2024-03-08 03:16:00+00:00,4929.25,4930.25,4929.0,4929.75,211.0,SYNTH-MES-A,1
2024-03-08 03:17:00+00:00,4929.75,4930.0,4929.25,4930.0,211.0,SYNTH-MES-A,1
2024-03-08 03:18:00+00:00,4930.0,4931.5,4929.25,4929.5,205.0,SYNTH-MES-A,1
2024-03-08 03:19:00+00:00,4929.5,4929.75,4929.25,4929.5,191.0,SYNTH-MES-A,1
2024-03-08 03:20:00+00:00,4929.5,4929.75,4929.5,4929.5,195.0,SYNTH-MES-A,1
2024-03-08 03:21:00+00:00,4929.5,4929.75,4928.0,4928.25,187.0,SYNTH-MES-A,1
2024-03-08 03:22:00+00:00,4928.25,4928.5,4927.75,4928.25,210.0,SYNTH-MES-A,1
2024-03-08 03:23:00+00:00,4928.25,4928.75,4926.75,4927.5,179.0,SYNTH-MES-A,1
2024-03-08 03:24:00+00:00,4927.5,4929.25,4927.25,4928.5,249.0,SYNTH-MES-A,1
2024-03-08 03:25:00+00:00,4928.5,4928.75,4927.75,4928.25,189.0,SYNTH-MES-A,1
2024-03-08 03:26:00+00:00,4928.25,4928.75,4927.75,4927.75,204.0,SYNTH-MES-A,1
2024-03-08 03:27:00+00:00,4927.75,4929.0,4927.75,4928.75,203.0,SYNTH-MES-A,1
2024-03-08 03:28:00+00:00,4928.75,4928.75,4928.5,4928.5,199.0,SYNTH-MES-A,1
2024-03-08 03:29:00+00:00,4928.5,4929.0,4928.5,4928.5,202.0,SYNTH-MES-A,1
2024-03-08 03:30:00+00:00,4928.5,4928.5,4927.25,4927.5,202.0,SYNTH-MES-A,1
2024-03-08 03:31:00+00:00,4927.5,4929.0,4926.5,4928.75,193.0,SYNTH-MES-A,1
2024-03-08 03:32:00+00:00,4928.75,4929.75,4928.75,4929.75,216.0,SYNTH-MES-A,1
2024-03-08 03:33:00+00:00,4929.75,4931.25,4929.5,4930.75,207.0,SYNTH-MES-A,1
2024-03-08 03:34:00+00:00,4930.75,4931.0,4929.5,4929.5,182.0,SYNTH-MES-A,1
2024-03-08 03:35:00+00:00,4929.5,4930.25,4928.75,4930.0,202.0,SYNTH-MES-A,1
2024-03-08 03:36:00+00:00,4930.0,4930.5,4929.5,4929.75,187.0,SYNTH-MES-A,1
2024-03-08 03:37:00+00:00,4929.75,4930.25,4929.75,4929.75,213.0,SYNTH-MES-A,1
2024-03-08 03:38:00+00:00,4929.75,4930.5,4929.0,4930.5,188.0,SYNTH-MES-A,1
2024-03-08 03:39:00+00:00,4930.5,4932.0,4930.25,4931.75,200.0,SYNTH-MES-A,1
2024-03-08 03:40:00+00:00,4931.75,4931.75,4931.5,4931.75,183.0,SYNTH-MES-A,1
2024-03-08 03:41:00+00:00,4931.75,4932.5,4931.0,4931.25,177.0,SYNTH-MES-A,1
2024-03-08 03:42:00+00:00,4931.25,4933.25,4931.25,4933.0,206.0,SYNTH-MES-A,1
2024-03-08 03:43:00+00:00,4933.0,4933.75,4932.25,4933.75,194.0,SYNTH-MES-A,1
2024-03-08 03:44:00+00:00,4933.75,4934.0,4932.5,4932.75,198.0,SYNTH-MES-A,1
2024-03-08 03:45:00+00:00,4932.75,4933.75,4932.5,4933.5,209.0,SYNTH-MES-A,1
2024-03-08 03:46:00+00:00,4933.5,4933.75,4933.5,4933.5,202.0,SYNTH-MES-A,1
2024-03-08 03:47:00+00:00,4933.5,4933.5,4933.25,4933.5,189.0,SYNTH-MES-A,1
2024-03-08 03:48:00+00:00,4933.5,4933.5,4933.25,4933.5,178.0,SYNTH-MES-A,1
2024-03-08 03:49:00+00:00,4933.5,4933.5,4933.0,4933.5,203.0,SYNTH-MES-A,1
2024-03-08 03:50:00+00:00,4933.5,4934.25,4933.5,4934.25,167.0,SYNTH-MES-A,1
2024-03-08 03:51:00+00:00,4934.25,4934.5,4934.0,4934.25,194.0,SYNTH-MES-A,1
2024-03-08 03:52:00+00:00,4934.25,4934.75,4932.5,4933.5,196.0,SYNTH-MES-A,1
2024-03-08 03:53:00+00:00,4933.5,4933.5,4932.0,4932.5,236.0,SYNTH-MES-A,1
2024-03-08 03:54:00+00:00,4932.5,4932.75,4932.25,4932.75,199.0,SYNTH-MES-A,1
2024-03-08 03:55:00+00:00,4932.75,4934.75,4932.5,4933.0,205.0,SYNTH-MES-A,1
2024-03-08 03:56:00+00:00,4933.0,4933.75,4932.5,4933.75,187.0,SYNTH-MES-A,1
2024-03-08 03:57:00+00:00,4933.75,4934.0,4932.25,4933.0,190.0,SYNTH-MES-A,1
2024-03-08 03:58:00+00:00,4933.0,4933.25,4932.75,4933.0,220.0,SYNTH-MES-A,1
2024-03-08 03:59:00+00:00,4933.0,4933.25,4932.75,4933.25,212.0,SYNTH-MES-A,1
2024-03-08 04:00:00+00:00,4933.25,4934.75,4933.25,4934.25,214.0,SYNTH-MES-A,1
2024-03-08 04:01:00+00:00,4934.25,4935.0,4934.0,4935.0,204.0,SYNTH-MES-A,1
2024-03-08 04:02:00+00:00,4935.0,4935.25,4933.5,4933.75,198.0,SYNTH-MES-A,1
2024-03-08 04:03:00+00:00,4933.75,4934.0,4933.75,4934.0,212.0,SYNTH-MES-A,1
2024-03-08 04:04:00+00:00,4934.0,4934.0,4933.5,4933.75,201.0,SYNTH-MES-A,1
2024-03-08 04:05:00+00:00,4933.75,4934.5,4933.75,4934.5,218.0,SYNTH-MES-A,1
2024-03-08 04:06:00+00:00,4934.5,4935.75,4934.5,4935.0,209.0,SYNTH-MES-A,1
2024-03-08 04:07:00+00:00,4935.0,4935.25,4934.5,4934.75,196.0,SYNTH-MES-A,1
2024-03-08 04:08:00+00:00,4934.75,4935.0,4934.25,4934.5,197.0,SYNTH-MES-A,1
2024-03-08 04:09:00+00:00,4934.5,4935.5,4934.25,4935.0,180.0,SYNTH-MES-A,1
2024-03-08 04:10:00+00:00,4935.0,4936.0,4934.75,4935.5,185.0,SYNTH-MES-A,1
2024-03-08 04:11:00+00:00,4935.5,4936.25,4935.25,4936.25,171.0,SYNTH-MES-A,1
2024-03-08 04:12:00+00:00,4936.25,4937.5,4936.0,4937.25,204.0,SYNTH-MES-A,1
2024-03-08 04:13:00+00:00,4937.25,4937.75,4937.25,4937.75,231.0,SYNTH-MES-A,1
2024-03-08 04:14:00+00:00,4937.75,4938.25,4937.75,4938.25,220.0,SYNTH-MES-A,1
2024-03-08 04:15:00+00:00,4938.25,4939.5,4938.25,4939.25,194.0,SYNTH-MES-A,1
2024-03-08 04:16:00+00:00,4939.25,4939.25,4939.25,4939.25,192.0,SYNTH-MES-A,1
2024-03-08 04:17:00+00:00,4939.25,4939.5,4938.25,4938.25,197.0,SYNTH-MES-A,1
2024-03-08 04:18:00+00:00,4938.25,4938.5,4937.75,4937.75,188.0,SYNTH-MES-A,1
2024-03-08 04:19:00+00:00,4937.75,4937.75,4937.25,4937.75,199.0,SYNTH-MES-A,1
2024-03-08 04:20:00+00:00,4937.75,4938.0,4936.5,4937.0,192.0,SYNTH-MES-A,1
2024-03-08 04:21:00+00:00,4937.0,4937.0,4936.25,4936.5,207.0,SYNTH-MES-A,1
2024-03-08 04:22:00+00:00,4936.5,4936.75,4936.5,4936.5,207.0,SYNTH-MES-A,1
2024-03-08 04:23:00+00:00,4936.5,4936.75,4936.25,4936.5,190.0,SYNTH-MES-A,1
2024-03-08 04:24:00+00:00,4936.5,4936.5,4936.0,4936.0,193.0,SYNTH-MES-A,1
2024-03-08 04:25:00+00:00,4936.0,4936.25,4934.75,4935.0,208.0,SYNTH-MES-A,1
2024-03-08 04:26:00+00:00,4935.0,4935.0,4934.25,4934.5,195.0,SYNTH-MES-A,1
2024-03-08 04:27:00+00:00,4934.5,4934.5,4934.0,4934.25,208.0,SYNTH-MES-A,1
2024-03-08 04:28:00+00:00,4934.25,4935.0,4934.25,4935.0,216.0,SYNTH-MES-A,1
2024-03-08 04:29:00+00:00,4935.0,4935.5,4935.0,4935.25,172.0,SYNTH-MES-A,1
2024-03-08 04:30:00+00:00,4935.25,4936.0,4935.0,4936.0,199.0,SYNTH-MES-A,1
2024-03-08 04:31:00+00:00,4936.0,4936.0,4934.5,4935.0,192.0,SYNTH-MES-A,1
2024-03-08 04:32:00+00:00,4935.0,4935.0,4934.75,4934.75,193.0,SYNTH-MES-A,1
2024-03-08 04:33:00+00:00,4934.75,4935.75,4934.5,4935.25,212.0,SYNTH-MES-A,1
2024-03-08 04:34:00+00:00,4935.25,4935.25,4934.5,4934.75,177.0,SYNTH-MES-A,1
2024-03-08 04:35:00+00:00,4934.75,4935.0,4934.75,4934.75,202.0,SYNTH-MES-A,1
2024-03-08 04:36:00+00:00,4934.75,4935.5,4934.25,4935.0,204.0,SYNTH-MES-A,1
2024-03-08 04:37:00+00:00,4935.0,4935.25,4934.5,4934.75,222.0,SYNTH-MES-A,1
2024-03-08 04:38:00+00:00,4934.75,4935.5,4934.75,4935.5,208.0,SYNTH-MES-A,1
2024-03-08 04:39:00+00:00,4935.5,4936.0,4934.75,4935.75,198.0,SYNTH-MES-A,1
2024-03-08 04:40:00+00:00,4935.75,4937.5,4935.75,4936.75,199.0,SYNTH-MES-A,1
2024-03-08 04:41:00+00:00,4936.75,4937.5,4936.75,4937.0,208.0,SYNTH-MES-A,1
2024-03-08 04:42:00+00:00,4937.0,4937.0,4936.75,4936.75,188.0,SYNTH-MES-A,1
2024-03-08 04:43:00+00:00,4936.75,4936.75,4936.5,4936.5,204.0,SYNTH-MES-A,1
2024-03-08 04:44:00+00:00,4936.5,4936.5,4935.5,4935.5,189.0,SYNTH-MES-A,1
2024-03-08 04:45:00+00:00,4935.5,4936.75,4935.5,4936.0,174.0,SYNTH-MES-A,1
2024-03-08 04:46:00+00:00,4936.0,4936.25,4935.5,4935.75,188.0,SYNTH-MES-A,1
2024-03-08 04:47:00+00:00,4935.75,4936.25,4935.75,4936.0,192.0,SYNTH-MES-A,1
2024-03-08 04:48:00+00:00,4936.0,4937.25,4935.75,4937.0,215.0,SYNTH-MES-A,1
2024-03-08 04:49:00+00:00,4937.0,4937.0,4936.0,4936.5,208.0,SYNTH-MES-A,1
2024-03-08 04:50:00+00:00,4936.5,4938.0,4936.25,4937.5,212.0,SYNTH-MES-A,1
2024-03-08 04:51:00+00:00,4937.5,4938.5,4936.0,4936.5,192.0,SYNTH-MES-A,1
2024-03-08 04:52:00+00:00,4936.5,4936.75,4935.5,4935.5,189.0,SYNTH-MES-A,1
2024-03-08 04:53:00+00:00,4935.5,4936.0,4934.25,4934.5,216.0,SYNTH-MES-A,1
2024-03-08 04:54:00+00:00,4934.5,4935.5,4934.5,4935.5,185.0,SYNTH-MES-A,1
2024-03-08 04:55:00+00:00,4935.5,4935.75,4934.75,4935.25,222.0,SYNTH-MES-A,1
2024-03-08 04:56:00+00:00,4935.25,4935.25,4934.25,4935.0,210.0,SYNTH-MES-A,1
2024-03-08 04:57:00+00:00,4935.0,4936.25,4934.75,4935.75,160.0,SYNTH-MES-A,1
2024-03-08 04:58:00+00:00,4935.75,4935.75,4935.25,4935.5,197.0,SYNTH-MES-A,1
2024-03-08 04:59:00+00:00,4935.5,4936.25,4934.75,4935.0,190.0,SYNTH-MES-A,1
2024-03-08 05:00:00+00:00,4935.0,4935.0,4934.25,4934.25,205.0,SYNTH-MES-A,1
2024-03-08 05:01:00+00:00,4934.25,4934.25,4933.75,4934.0,207.0,SYNTH-MES-A,1
2024-03-08 05:02:00+00:00,4934.0,4934.75,4933.0,4933.25,208.0,SYNTH-MES-A,1
2024-03-08 05:03:00+00:00,4933.25,4933.5,4932.5,4932.75,211.0,SYNTH-MES-A,1
2024-03-08 05:04:00+00:00,4932.75,4933.0,4931.75,4932.0,180.0,SYNTH-MES-A,1
2024-03-08 05:05:00+00:00,4932.0,4934.0,4931.75,4933.25,191.0,SYNTH-MES-A,1
2024-03-08 05:06:00+00:00,4933.25,4933.75,4932.0,4933.0,207.0,SYNTH-MES-A,1
2024-03-08 05:07:00+00:00,4933.0,4933.25,4932.75,4933.25,201.0,SYNTH-MES-A,1
2024-03-08 05:08:00+00:00,4933.25,4935.0,4932.75,4934.25,209.0,SYNTH-MES-A,1
2024-03-08 05:09:00+00:00,4934.25,4935.25,4933.25,4933.75,200.0,SYNTH-MES-A,1
2024-03-08 05:10:00+00:00,4933.75,4933.75,4933.5,4933.75,205.0,SYNTH-MES-A,1
2024-03-08 05:11:00+00:00,4933.75,4934.25,4933.75,4934.0,193.0,SYNTH-MES-A,1
2024-03-08 05:12:00+00:00,4934.0,4934.0,4934.0,4934.0,213.0,SYNTH-MES-A,1
2024-03-08 05:13:00+00:00,4934.0,4935.0,4934.0,4934.5,179.0,SYNTH-MES-A,1
2024-03-08 05:14:00+00:00,4934.5,4934.75,4934.25,4934.25,218.0,SYNTH-MES-A,1
2024-03-08 05:15:00+00:00,4934.25,4934.75,4934.0,4934.0,200.0,SYNTH-MES-A,1
2024-03-08 05:16:00+00:00,4934.0,4934.25,4933.25,4933.5,202.0,SYNTH-MES-A,1
2024-03-08 05:17:00+00:00,4933.5,4933.5,4932.75,4932.75,210.0,SYNTH-MES-A,1
2024-03-08 05:18:00+00:00,4932.75,4933.75,4932.75,4933.25,198.0,SYNTH-MES-A,1
2024-03-08 05:19:00+00:00,4933.25,4933.25,4932.25,4932.75,192.0,SYNTH-MES-A,1
2024-03-08 05:20:00+00:00,4932.75,4934.0,4932.5,4933.5,183.0,SYNTH-MES-A,1
2024-03-08 05:21:00+00:00,4933.5,4935.25,4933.5,4934.5,191.0,SYNTH-MES-A,1
2024-03-08 05:22:00+00:00,4934.5,4934.5,4934.25,4934.25,208.0,SYNTH-MES-A,1
2024-03-08 05:23:00+00:00,4934.25,4934.75,4933.5,4934.0,198.0,SYNTH-MES-A,1
2024-03-08 05:24:00+00:00,4934.0,4934.0,4932.5,4933.5,217.0,SYNTH-MES-A,1
2024-03-08 05:25:00+00:00,4933.5,4934.75,4932.0,4932.25,192.0,SYNTH-MES-A,1
2024-03-08 05:26:00+00:00,4932.25,4932.25,4930.0,4930.75,203.0,SYNTH-MES-A,1
2024-03-08 05:27:00+00:00,4930.75,4931.5,4930.5,4931.5,217.0,SYNTH-MES-A,1
2024-03-08 05:28:00+00:00,4931.5,4932.75,4931.5,4932.0,180.0,SYNTH-MES-A,1
2024-03-08 05:29:00+00:00,4932.0,4933.25,4931.75,4932.75,202.0,SYNTH-MES-A,1
2024-03-08 05:30:00+00:00,4932.75,4933.0,4931.25,4933.0,198.0,SYNTH-MES-A,1
2024-03-08 05:31:00+00:00,4933.0,4933.5,4933.0,4933.5,196.0,SYNTH-MES-A,1
2024-03-08 05:32:00+00:00,4933.5,4934.0,4933.0,4934.0,191.0,SYNTH-MES-A,1
2024-03-08 05:33:00+00:00,4934.0,4934.25,4933.75,4934.25,194.0,SYNTH-MES-A,1
2024-03-08 05:34:00+00:00,4934.25,4935.0,4934.0,4934.75,188.0,SYNTH-MES-A,1
2024-03-08 05:35:00+00:00,4934.75,4935.75,4934.5,4935.0,207.0,SYNTH-MES-A,1
2024-03-08 05:36:00+00:00,4935.0,4935.0,4934.0,4934.0,196.0,SYNTH-MES-A,1
2024-03-08 05:37:00+00:00,4934.0,4934.0,4934.0,4934.0,203.0,SYNTH-MES-A,1
2024-03-08 05:38:00+00:00,4934.0,4935.25,4934.0,4934.0,219.0,SYNTH-MES-A,1
2024-03-08 05:39:00+00:00,4934.0,4935.25,4933.25,4934.75,210.0,SYNTH-MES-A,1
2024-03-08 05:40:00+00:00,4934.75,4934.75,4934.25,4934.75,196.0,SYNTH-MES-A,1
2024-03-08 05:41:00+00:00,4934.75,4934.75,4933.0,4933.0,172.0,SYNTH-MES-A,1
2024-03-08 05:42:00+00:00,4933.0,4933.5,4932.0,4932.25,208.0,SYNTH-MES-A,1
2024-03-08 05:43:00+00:00,4932.25,4932.75,4931.5,4932.75,208.0,SYNTH-MES-A,1
2024-03-08 05:44:00+00:00,4932.75,4933.75,4932.25,4933.75,199.0,SYNTH-MES-A,1
2024-03-08 05:45:00+00:00,4933.75,4935.75,4933.5,4935.5,195.0,SYNTH-MES-A,1
2024-03-08 05:46:00+00:00,4935.5,4935.75,4934.5,4934.5,190.0,SYNTH-MES-A,1
2024-03-08 05:47:00+00:00,4934.5,4934.75,4933.75,4933.75,216.0,SYNTH-MES-A,1
2024-03-08 05:48:00+00:00,4933.75,4934.25,4933.25,4933.5,208.0,SYNTH-MES-A,1
2024-03-08 05:49:00+00:00,4933.5,4934.25,4932.75,4933.0,190.0,SYNTH-MES-A,1
2024-03-08 05:50:00+00:00,4933.0,4934.0,4932.75,4934.0,201.0,SYNTH-MES-A,1
2024-03-08 05:51:00+00:00,4934.0,4934.0,4933.5,4933.5,181.0,SYNTH-MES-A,1
2024-03-08 05:52:00+00:00,4933.5,4934.25,4933.5,4934.0,177.0,SYNTH-MES-A,1
2024-03-08 05:53:00+00:00,4934.0,4934.5,4933.75,4934.25,220.0,SYNTH-MES-A,1
2024-03-08 05:54:00+00:00,4934.25,4934.5,4933.0,4933.0,195.0,SYNTH-MES-A,1
2024-03-08 05:55:00+00:00,4933.0,4933.25,4932.25,4932.5,209.0,SYNTH-MES-A,1
2024-03-08 05:56:00+00:00,4932.5,4933.25,4932.25,4933.25,189.0,SYNTH-MES-A,1
2024-03-08 05:57:00+00:00,4933.25,4933.75,4933.25,4933.5,192.0,SYNTH-MES-A,1
2024-03-08 05:58:00+00:00,4933.5,4933.75,4933.25,4933.25,204.0,SYNTH-MES-A,1
2024-03-08 05:59:00+00:00,4933.25,4933.5,4933.0,4933.5,179.0,SYNTH-MES-A,1
2024-03-08 06:00:00+00:00,4933.5,4933.75,4933.0,4933.25,214.0,SYNTH-MES-A,1
2024-03-08 06:01:00+00:00,4933.25,4933.5,4933.25,4933.25,201.0,SYNTH-MES-A,1
2024-03-08 06:02:00+00:00,4933.25,4935.0,4933.0,4934.5,215.0,SYNTH-MES-A,1
2024-03-08 06:03:00+00:00,4934.5,4935.75,4934.5,4935.75,213.0,SYNTH-MES-A,1
2024-03-08 06:04:00+00:00,4935.75,4936.0,4935.75,4935.75,208.0,SYNTH-MES-A,1
2024-03-08 06:05:00+00:00,4935.75,4936.0,4935.75,4936.0,207.0,SYNTH-MES-A,1
2024-03-08 06:06:00+00:00,4936.0,4936.5,4935.25,4936.0,209.0,SYNTH-MES-A,1
2024-03-08 06:07:00+00:00,4936.0,4936.25,4935.5,4935.5,210.0,SYNTH-MES-A,1
2024-03-08 06:08:00+00:00,4935.5,4935.5,4935.5,4935.5,192.0,SYNTH-MES-A,1
2024-03-08 06:09:00+00:00,4935.5,4936.0,4935.0,4935.75,205.0,SYNTH-MES-A,1
2024-03-08 06:10:00+00:00,4935.75,4937.5,4935.0,4937.5,166.0,SYNTH-MES-A,1
2024-03-08 06:11:00+00:00,4937.5,4938.0,4937.5,4938.0,234.0,SYNTH-MES-A,1
2024-03-08 06:12:00+00:00,4938.0,4939.0,4938.0,4938.75,199.0,SYNTH-MES-A,1
2024-03-08 06:13:00+00:00,4938.75,4939.25,4938.25,4938.5,197.0,SYNTH-MES-A,1
2024-03-08 06:14:00+00:00,4938.5,4938.75,4938.0,4938.0,184.0,SYNTH-MES-A,1
2024-03-08 06:15:00+00:00,4938.0,4938.5,4937.75,4938.0,181.0,SYNTH-MES-A,1
2024-03-08 06:16:00+00:00,4938.0,4938.5,4936.75,4937.5,187.0,SYNTH-MES-A,1
2024-03-08 06:17:00+00:00,4937.5,4937.75,4937.5,4937.75,198.0,SYNTH-MES-A,1
2024-03-08 06:18:00+00:00,4937.75,4939.25,4937.5,4938.75,212.0,SYNTH-MES-A,1
2024-03-08 06:19:00+00:00,4938.75,4939.5,4937.25,4938.0,174.0,SYNTH-MES-A,1
2024-03-08 06:20:00+00:00,4938.0,4939.0,4938.0,4938.75,220.0,SYNTH-MES-A,1
2024-03-08 06:21:00+00:00,4938.75,4938.75,4938.75,4938.75,216.0,SYNTH-MES-A,1
2024-03-08 06:22:00+00:00,4938.75,4939.5,4938.5,4939.5,170.0,SYNTH-MES-A,1
2024-03-08 06:23:00+00:00,4939.5,4940.0,4939.0,4939.5,225.0,SYNTH-MES-A,1
2024-03-08 06:24:00+00:00,4939.5,4940.5,4939.25,4940.5,218.0,SYNTH-MES-A,1
2024-03-08 06:25:00+00:00,4940.5,4940.5,4939.75,4940.25,198.0,SYNTH-MES-A,1
2024-03-08 06:26:00+00:00,4940.25,4941.25,4939.25,4939.5,208.0,SYNTH-MES-A,1
2024-03-08 06:27:00+00:00,4939.5,4940.75,4939.25,4940.75,241.0,SYNTH-MES-A,1
2024-03-08 06:28:00+00:00,4940.75,4940.75,4940.75,4940.75,193.0,SYNTH-MES-A,1
2024-03-08 06:29:00+00:00,4940.75,4941.5,4940.25,4941.25,193.0,SYNTH-MES-A,1
2024-03-08 06:30:00+00:00,4941.25,4941.75,4941.25,4941.5,192.0,SYNTH-MES-A,1
2024-03-08 06:31:00+00:00,4941.5,4941.75,4940.75,4940.75,184.0,SYNTH-MES-A,1
2024-03-08 06:32:00+00:00,4940.75,4941.5,4940.75,4941.5,187.0,SYNTH-MES-A,1
2024-03-08 06:33:00+00:00,4941.5,4941.75,4941.0,4941.25,199.0,SYNTH-MES-A,1
2024-03-08 06:34:00+00:00,4941.25,4941.75,4940.75,4941.75,207.0,SYNTH-MES-A,1
2024-03-08 06:35:00+00:00,4941.75,4941.75,4940.75,4941.5,189.0,SYNTH-MES-A,1
2024-03-08 06:36:00+00:00,4941.5,4942.25,4941.5,4942.0,212.0,SYNTH-MES-A,1
2024-03-08 06:37:00+00:00,4942.0,4942.5,4941.25,4942.5,193.0,SYNTH-MES-A,1
2024-03-08 06:38:00+00:00,4942.5,4942.75,4942.5,4942.5,194.0,SYNTH-MES-A,1
2024-03-08 06:39:00+00:00,4942.5,4942.75,4942.25,4942.5,201.0,SYNTH-MES-A,1
2024-03-08 06:40:00+00:00,4942.5,4942.5,4941.75,4941.75,187.0,SYNTH-MES-A,1
2024-03-08 06:41:00+00:00,4941.75,4941.75,4940.0,4940.5,206.0,SYNTH-MES-A,1
2024-03-08 06:42:00+00:00,4940.5,4940.75,4938.25,4938.75,181.0,SYNTH-MES-A,1
2024-03-08 06:43:00+00:00,4938.75,4939.0,4938.0,4938.0,205.0,SYNTH-MES-A,1
2024-03-08 06:44:00+00:00,4938.0,4938.25,4935.75,4936.25,199.0,SYNTH-MES-A,1
2024-03-08 06:45:00+00:00,4936.25,4936.75,4936.0,4936.5,213.0,SYNTH-MES-A,1
2024-03-08 06:46:00+00:00,4936.5,4937.0,4936.25,4937.0,206.0,SYNTH-MES-A,1
2024-03-08 06:47:00+00:00,4937.0,4937.5,4936.0,4937.5,203.0,SYNTH-MES-A,1
2024-03-08 06:48:00+00:00,4937.5,4938.5,4937.5,4938.5,200.0,SYNTH-MES-A,1
2024-03-08 06:49:00+00:00,4938.5,4938.75,4937.25,4937.5,215.0,SYNTH-MES-A,1
2024-03-08 06:50:00+00:00,4937.5,4937.75,4937.5,4937.5,188.0,SYNTH-MES-A,1
2024-03-08 06:51:00+00:00,4937.5,4938.25,4937.25,4937.75,197.0,SYNTH-MES-A,1
2024-03-08 06:52:00+00:00,4937.75,4938.0,4937.0,4937.25,184.0,SYNTH-MES-A,1
2024-03-08 06:53:00+00:00,4937.25,4937.5,4937.0,4937.25,185.0,SYNTH-MES-A,1
2024-03-08 06:54:00+00:00,4937.25,4937.5,4937.0,4937.5,184.0,SYNTH-MES-A,1
2024-03-08 06:55:00+00:00,4937.5,4937.75,4935.75,4937.0,208.0,SYNTH-MES-A,1
2024-03-08 06:56:00+00:00,4937.0,4937.0,4936.5,4936.75,194.0,SYNTH-MES-A,1
2024-03-08 06:57:00+00:00,4936.75,4937.75,4936.5,4937.0,213.0,SYNTH-MES-A,1
2024-03-08 06:58:00+00:00,4937.0,4937.75,4937.0,4937.5,176.0,SYNTH-MES-A,1
2024-03-08 06:59:00+00:00,4937.5,4938.75,4937.5,4938.5,207.0,SYNTH-MES-A,1
2024-03-08 07:00:00+00:00,4938.5,4938.75,4938.25,4938.25,206.0,SYNTH-MES-A,1
2024-03-08 07:01:00+00:00,4938.25,4938.25,4937.5,4937.75,168.0,SYNTH-MES-A,1
2024-03-08 07:02:00+00:00,4937.75,4938.75,4936.0,4936.5,193.0,SYNTH-MES-A,1
2024-03-08 07:03:00+00:00,4936.5,4936.75,4936.0,4936.0,220.0,SYNTH-MES-A,1
2024-03-08 07:04:00+00:00,4936.0,4936.25,4935.75,4936.25,200.0,SYNTH-MES-A,1
2024-03-08 07:05:00+00:00,4936.25,4936.25,4935.0,4935.25,210.0,SYNTH-MES-A,1
2024-03-08 07:06:00+00:00,4935.25,4935.25,4935.0,4935.25,195.0,SYNTH-MES-A,1
2024-03-08 07:07:00+00:00,4935.25,4936.0,4935.0,4936.0,232.0,SYNTH-MES-A,1
2024-03-08 07:08:00+00:00,4936.0,4937.0,4936.0,4936.25,198.0,SYNTH-MES-A,1
2024-03-08 07:09:00+00:00,4936.25,4936.5,4936.0,4936.0,215.0,SYNTH-MES-A,1
2024-03-08 07:10:00+00:00,4936.0,4936.5,4936.0,4936.25,212.0,SYNTH-MES-A,1
2024-03-08 07:11:00+00:00,4936.25,4936.25,4935.0,4935.0,236.0,SYNTH-MES-A,1
2024-03-08 07:12:00+00:00,4935.0,4935.25,4934.75,4935.25,187.0,SYNTH-MES-A,1
2024-03-08 07:13:00+00:00,4935.25,4935.25,4934.5,4934.75,212.0,SYNTH-MES-A,1
2024-03-08 07:14:00+00:00,4934.75,4935.25,4934.5,4935.0,192.0,SYNTH-MES-A,1
2024-03-08 07:15:00+00:00,4935.0,4935.75,4935.0,4935.5,210.0,SYNTH-MES-A,1
2024-03-08 07:16:00+00:00,4935.5,4936.0,4934.5,4934.75,204.0,SYNTH-MES-A,1
2024-03-08 07:17:00+00:00,4934.75,4935.0,4931.5,4932.0,208.0,SYNTH-MES-A,1
2024-03-08 07:18:00+00:00,4932.0,4932.25,4931.0,4931.5,197.0,SYNTH-MES-A,1
2024-03-08 07:19:00+00:00,4931.5,4932.5,4931.5,4932.25,206.0,SYNTH-MES-A,1
2024-03-08 07:20:00+00:00,4932.25,4932.25,4930.0,4931.0,231.0,SYNTH-MES-A,1
2024-03-08 07:21:00+00:00,4931.0,4931.0,4930.0,4930.0,210.0,SYNTH-MES-A,1
2024-03-08 07:22:00+00:00,4930.0,4930.75,4929.75,4930.75,192.0,SYNTH-MES-A,1
2024-03-08 07:23:00+00:00,4930.75,4931.25,4930.75,4931.25,215.0,SYNTH-MES-A,1
2024-03-08 07:24:00+00:00,4931.25,4931.25,4930.75,4931.0,188.0,SYNTH-MES-A,1
2024-03-08 07:25:00+00:00,4931.0,4931.0,4930.75,4930.75,221.0,SYNTH-MES-A,1
2024-03-08 07:26:00+00:00,4930.75,4931.5,4929.0,4929.25,195.0,SYNTH-MES-A,1
2024-03-08 07:27:00+00:00,4929.25,4930.25,4929.25,4930.25,195.0,SYNTH-MES-A,1
2024-03-08 07:28:00+00:00,4930.25,4931.5,4930.0,4931.25,196.0,SYNTH-MES-A,1
2024-03-08 07:29:00+00:00,4931.25,4931.5,4931.0,4931.25,184.0,SYNTH-MES-A,1
2024-03-08 07:30:00+00:00,4931.25,4932.0,4931.25,4931.75,227.0,SYNTH-MES-A,1
2024-03-08 07:31:00+00:00,4931.75,4932.25,4930.75,4931.25,203.0,SYNTH-MES-A,1
2024-03-08 07:32:00+00:00,4931.25,4932.0,4929.75,4930.5,216.0,SYNTH-MES-A,1
2024-03-08 07:33:00+00:00,4930.5,4930.75,4930.25,4930.75,212.0,SYNTH-MES-A,1
2024-03-08 07:34:00+00:00,4930.75,4931.25,4930.5,4930.75,209.0,SYNTH-MES-A,1
2024-03-08 07:35:00+00:00,4930.75,4931.5,4930.25,4931.25,209.0,SYNTH-MES-A,1
2024-03-08 07:36:00+00:00,4931.25,4931.25,4930.0,4930.5,202.0,SYNTH-MES-A,1
2024-03-08 07:37:00+00:00,4930.5,4930.75,4929.5,4929.5,173.0,SYNTH-MES-A,1
2024-03-08 07:38:00+00:00,4929.5,4930.25,4929.5,4930.25,182.0,SYNTH-MES-A,1
2024-03-08 07:39:00+00:00,4930.25,4932.0,4930.25,4931.75,214.0,SYNTH-MES-A,1
2024-03-08 07:40:00+00:00,4931.75,4933.0,4931.75,4932.75,225.0,SYNTH-MES-A,1
2024-03-08 07:41:00+00:00,4932.75,4933.0,4931.5,4931.75,195.0,SYNTH-MES-A,1
2024-03-08 07:42:00+00:00,4931.75,4932.0,4930.75,4930.75,206.0,SYNTH-MES-A,1
2024-03-08 07:43:00+00:00,4930.75,4931.0,4930.5,4930.5,208.0,SYNTH-MES-A,1
2024-03-08 07:44:00+00:00,4930.5,4932.5,4929.5,4932.25,183.0,SYNTH-MES-A,1
2024-03-08 07:45:00+00:00,4932.25,4933.5,4932.25,4933.25,172.0,SYNTH-MES-A,1
2024-03-08 07:46:00+00:00,4933.25,4933.25,4932.25,4932.25,196.0,SYNTH-MES-A,1
2024-03-08 07:47:00+00:00,4932.25,4932.25,4931.5,4931.5,185.0,SYNTH-MES-A,1
2024-03-08 07:48:00+00:00,4931.5,4933.5,4931.25,4933.25,196.0,SYNTH-MES-A,1
2024-03-08 07:49:00+00:00,4933.25,4933.75,4932.5,4933.0,210.0,SYNTH-MES-A,1
2024-03-08 07:50:00+00:00,4933.0,4934.25,4933.0,4934.25,196.0,SYNTH-MES-A,1
2024-03-08 07:51:00+00:00,4934.25,4934.25,4934.25,4934.25,203.0,SYNTH-MES-A,1
2024-03-08 07:52:00+00:00,4934.25,4934.25,4932.5,4933.0,223.0,SYNTH-MES-A,1
2024-03-08 07:53:00+00:00,4933.0,4933.5,4931.25,4932.0,206.0,SYNTH-MES-A,1
2024-03-08 07:54:00+00:00,4932.0,4932.25,4931.25,4931.5,203.0,SYNTH-MES-A,1
2024-03-08 07:55:00+00:00,4931.5,4931.5,4931.0,4931.5,194.0,SYNTH-MES-A,1
2024-03-08 07:56:00+00:00,4931.5,4933.0,4931.25,4932.5,196.0,SYNTH-MES-A,1
2024-03-08 07:57:00+00:00,4932.5,4932.5,4931.25,4932.25,194.0,SYNTH-MES-A,1
2024-03-08 07:58:00+00:00,4932.25,4933.0,4932.25,4933.0,195.0,SYNTH-MES-A,1
2024-03-08 07:59:00+00:00,4933.0,4933.25,4931.25,4932.0,196.0,SYNTH-MES-A,1
2024-03-08 08:00:00+00:00,4932.0,4932.0,4931.5,4931.5,183.0,SYNTH-MES-A,1
2024-03-08 08:01:00+00:00,4931.5,4932.75,4931.25,4932.5,195.0,SYNTH-MES-A,1
2024-03-08 08:02:00+00:00,4932.5,4932.75,4932.25,4932.75,178.0,SYNTH-MES-A,1
2024-03-08 08:03:00+00:00,4932.75,4933.5,4932.5,4933.0,211.0,SYNTH-MES-A,1
2024-03-08 08:04:00+00:00,4933.0,4933.25,4932.75,4932.75,213.0,SYNTH-MES-A,1
2024-03-08 08:05:00+00:00,4932.75,4932.75,4932.0,4932.25,169.0,SYNTH-MES-A,1
2024-03-08 08:06:00+00:00,4932.25,4932.75,4931.75,4932.75,194.0,SYNTH-MES-A,1
2024-03-08 08:07:00+00:00,4932.75,4933.0,4932.0,4932.5,207.0,SYNTH-MES-A,1
2024-03-08 08:08:00+00:00,4932.5,4933.25,4932.5,4933.0,218.0,SYNTH-MES-A,1
2024-03-08 08:09:00+00:00,4933.0,4933.5,4932.25,4932.5,200.0,SYNTH-MES-A,1
2024-03-08 08:10:00+00:00,4932.5,4932.5,4932.25,4932.5,193.0,SYNTH-MES-A,1
2024-03-08 08:11:00+00:00,4932.5,4933.0,4932.0,4932.75,218.0,SYNTH-MES-A,1
2024-03-08 08:12:00+00:00,4932.75,4934.25,4932.75,4934.0,202.0,SYNTH-MES-A,1
2024-03-08 08:13:00+00:00,4934.0,4934.25,4933.5,4933.5,205.0,SYNTH-MES-A,1
2024-03-08 08:14:00+00:00,4933.5,4935.25,4933.25,4934.75,179.0,SYNTH-MES-A,1
2024-03-08 08:15:00+00:00,4934.75,4934.75,4933.5,4934.25,195.0,SYNTH-MES-A,1
2024-03-08 08:16:00+00:00,4934.25,4935.75,4934.25,4935.5,199.0,SYNTH-MES-A,1
2024-03-08 08:17:00+00:00,4935.5,4935.5,4933.75,4934.75,197.0,SYNTH-MES-A,1
2024-03-08 08:18:00+00:00,4934.75,4934.75,4933.5,4933.75,203.0,SYNTH-MES-A,1
2024-03-08 08:19:00+00:00,4933.75,4934.0,4933.5,4933.5,182.0,SYNTH-MES-A,1
2024-03-08 08:20:00+00:00,4933.5,4935.25,4933.5,4934.25,212.0,SYNTH-MES-A,1
2024-03-08 08:21:00+00:00,4934.25,4934.75,4934.25,4934.5,213.0,SYNTH-MES-A,1
2024-03-08 08:22:00+00:00,4934.5,4935.5,4934.25,4935.5,188.0,SYNTH-MES-A,1
2024-03-08 08:23:00+00:00,4935.5,4935.75,4935.25,4935.25,211.0,SYNTH-MES-A,1
2024-03-08 08:24:00+00:00,4935.25,4935.5,4935.0,4935.25,197.0,SYNTH-MES-A,1
2024-03-08 08:25:00+00:00,4935.25,4935.5,4935.25,4935.25,189.0,SYNTH-MES-A,1
2024-03-08 08:26:00+00:00,4935.25,4935.75,4935.0,4935.75,205.0,SYNTH-MES-A,1
2024-03-08 08:27:00+00:00,4935.75,4936.25,4935.0,4935.5,218.0,SYNTH-MES-A,1
2024-03-08 08:28:00+00:00,4935.5,4935.75,4934.25,4934.5,205.0,SYNTH-MES-A,1
2024-03-08 08:29:00+00:00,4934.5,4935.25,4934.5,4935.0,233.0,SYNTH-MES-A,1
2024-03-08 08:30:00+00:00,4935.0,4935.25,4933.75,4934.5,203.0,SYNTH-MES-A,1
2024-03-08 08:31:00+00:00,4934.5,4935.25,4934.0,4934.25,200.0,SYNTH-MES-A,1
2024-03-08 08:32:00+00:00,4934.25,4934.75,4934.0,4934.75,208.0,SYNTH-MES-A,1
2024-03-08 08:33:00+00:00,4934.75,4935.0,4933.0,4933.25,203.0,SYNTH-MES-A,1
2024-03-08 08:34:00+00:00,4933.25,4933.5,4931.75,4932.5,200.0,SYNTH-MES-A,1
2024-03-08 08:35:00+00:00,4932.5,4932.75,4932.5,4932.75,210.0,SYNTH-MES-A,1
2024-03-08 08:36:00+00:00,4932.75,4933.75,4932.5,4933.25,194.0,SYNTH-MES-A,1
2024-03-08 08:37:00+00:00,4933.25,4933.25,4933.0,4933.25,210.0,SYNTH-MES-A,1
2024-03-08 08:38:00+00:00,4933.25,4934.25,4933.25,4933.75,223.0,SYNTH-MES-A,1
2024-03-08 08:39:00+00:00,4933.75,4933.75,4932.25,4932.5,184.0,SYNTH-MES-A,1
2024-03-08 08:40:00+00:00,4932.5,4933.25,4932.25,4932.25,181.0,SYNTH-MES-A,1
2024-03-08 08:41:00+00:00,4932.25,4932.25,4931.5,4931.5,203.0,SYNTH-MES-A,1
2024-03-08 08:42:00+00:00,4931.5,4932.0,4931.25,4932.0,195.0,SYNTH-MES-A,1
2024-03-08 08:43:00+00:00,4932.0,4932.25,4931.5,4932.25,190.0,SYNTH-MES-A,1
2024-03-08 08:44:00+00:00,4932.25,4932.5,4931.5,4931.75,188.0,SYNTH-MES-A,1
2024-03-08 08:45:00+00:00,4931.75,4933.5,4931.75,4933.25,179.0,SYNTH-MES-A,1
2024-03-08 08:46:00+00:00,4933.25,4934.25,4932.5,4933.5,208.0,SYNTH-MES-A,1
2024-03-08 08:47:00+00:00,4933.5,4933.5,4932.5,4932.5,230.0,SYNTH-MES-A,1
2024-03-08 08:48:00+00:00,4932.5,4932.5,4932.5,4932.5,233.0,SYNTH-MES-A,1
2024-03-08 08:49:00+00:00,4932.5,4932.75,4931.75,4931.75,173.0,SYNTH-MES-A,1
2024-03-08 08:50:00+00:00,4931.75,4932.25,4931.75,4932.25,181.0,SYNTH-MES-A,1
2024-03-08 08:51:00+00:00,4932.25,4933.0,4931.75,4932.75,221.0,SYNTH-MES-A,1
2024-03-08 08:52:00+00:00,4932.75,4933.25,4931.25,4932.0,187.0,SYNTH-MES-A,1
2024-03-08 08:53:00+00:00,4932.0,4932.5,4931.75,4932.25,195.0,SYNTH-MES-A,1
2024-03-08 08:54:00+00:00,4932.25,4932.75,4931.75,4932.5,185.0,SYNTH-MES-A,1
2024-03-08 08:55:00+00:00,4932.5,4933.25,4932.0,4933.0,200.0,SYNTH-MES-A,1
2024-03-08 08:56:00+00:00,4933.0,4933.25,4932.75,4932.75,193.0,SYNTH-MES-A,1
2024-03-08 08:57:00+00:00,4932.75,4933.0,4931.75,4932.25,202.0,SYNTH-MES-A,1
2024-03-08 08:58:00+00:00,4932.25,4932.5,4932.25,4932.5,192.0,SYNTH-MES-A,1
2024-03-08 08:59:00+00:00,4932.5,4932.75,4932.25,4932.75,180.0,SYNTH-MES-A,1
2024-03-08 09:00:00+00:00,4932.75,4934.0,4932.75,4934.0,212.0,SYNTH-MES-A,1
2024-03-08 09:01:00+00:00,4934.0,4935.25,4933.75,4935.25,212.0,SYNTH-MES-A,1
2024-03-08 09:02:00+00:00,4935.25,4935.25,4934.25,4934.75,183.0,SYNTH-MES-A,1
2024-03-08 09:03:00+00:00,4934.75,4935.0,4934.5,4934.5,202.0,SYNTH-MES-A,1
2024-03-08 09:04:00+00:00,4934.5,4936.0,4933.5,4935.5,188.0,SYNTH-MES-A,1
2024-03-08 09:05:00+00:00,4935.5,4935.5,4934.5,4935.25,192.0,SYNTH-MES-A,1
2024-03-08 09:06:00+00:00,4935.25,4935.5,4934.75,4935.25,207.0,SYNTH-MES-A,1
2024-03-08 09:07:00+00:00,4935.25,4935.75,4935.25,4935.75,202.0,SYNTH-MES-A,1
2024-03-08 09:08:00+00:00,4935.75,4936.75,4935.75,4936.75,186.0,SYNTH-MES-A,1
2024-03-08 09:09:00+00:00,4936.75,4936.75,4936.0,4936.0,201.0,SYNTH-MES-A,1
2024-03-08 09:10:00+00:00,4936.0,4936.5,4935.25,4935.5,207.0,SYNTH-MES-A,1
2024-03-08 09:11:00+00:00,4935.5,4937.25,4935.5,4937.0,201.0,SYNTH-MES-A,1
2024-03-08 09:12:00+00:00,4937.0,4937.5,4936.25,4936.25,183.0,SYNTH-MES-A,1
2024-03-08 09:13:00+00:00,4936.25,4936.75,4935.75,4936.0,208.0,SYNTH-MES-A,1
2024-03-08 09:14:00+00:00,4936.0,4936.75,4936.0,4936.75,204.0,SYNTH-MES-A,1
2024-03-08 09:15:00+00:00,4936.75,4936.75,4936.75,4936.75,206.0,SYNTH-MES-A,1
2024-03-08 09:16:00+00:00,4936.75,4937.0,4936.25,4936.5,196.0,SYNTH-MES-A,1
2024-03-08 09:17:00+00:00,4936.5,4937.0,4936.5,4936.5,198.0,SYNTH-MES-A,1
2024-03-08 09:18:00+00:00,4936.5,4936.75,4935.25,4935.75,203.0,SYNTH-MES-A,1
2024-03-08 09:19:00+00:00,4935.75,4937.75,4935.5,4936.75,182.0,SYNTH-MES-A,1
2024-03-08 09:20:00+00:00,4936.75,4936.75,4935.5,4935.75,217.0,SYNTH-MES-A,1
2024-03-08 09:21:00+00:00,4935.75,4937.0,4935.5,4936.75,202.0,SYNTH-MES-A,1
2024-03-08 09:22:00+00:00,4936.75,4938.5,4936.5,4938.5,206.0,SYNTH-MES-A,1
2024-03-08 09:23:00+00:00,4938.5,4939.25,4937.5,4938.0,172.0,SYNTH-MES-A,1
2024-03-08 09:24:00+00:00,4938.0,4938.25,4937.0,4937.0,198.0,SYNTH-MES-A,1
2024-03-08 09:25:00+00:00,4937.0,4938.5,4936.75,4938.0,237.0,SYNTH-MES-A,1
2024-03-08 09:26:00+00:00,4938.0,4938.0,4936.5,4936.5,219.0,SYNTH-MES-A,1
2024-03-08 09:27:00+00:00,4936.5,4937.5,4936.5,4937.25,202.0,SYNTH-MES-A,1
2024-03-08 09:28:00+00:00,4937.25,4938.0,4937.25,4938.0,212.0,SYNTH-MES-A,1
2024-03-08 09:29:00+00:00,4938.0,4938.0,4937.5,4937.75,204.0,SYNTH-MES-A,1
2024-03-08 09:30:00+00:00,4937.75,4938.5,4937.5,4938.0,201.0,SYNTH-MES-A,1
2024-03-08 09:31:00+00:00,4938.0,4938.0,4936.5,4937.0,207.0,SYNTH-MES-A,1
2024-03-08 09:32:00+00:00,4937.0,4937.25,4936.5,4937.0,200.0,SYNTH-MES-A,1
2024-03-08 09:33:00+00:00,4937.0,4937.0,4936.25,4936.5,205.0,SYNTH-MES-A,1
2024-03-08 09:34:00+00:00,4936.5,4936.75,4935.5,4936.0,210.0,SYNTH-MES-A,1
2024-03-08 09:35:00+00:00,4936.0,4936.25,4935.75,4935.75,204.0,SYNTH-MES-A,1
2024-03-08 09:36:00+00:00,4935.75,4937.0,4935.5,4936.5,206.0,SYNTH-MES-A,1
2024-03-08 09:37:00+00:00,4936.5,4936.75,4935.0,4935.25,186.0,SYNTH-MES-A,1
2024-03-08 09:38:00+00:00,4935.25,4936.0,4934.75,4936.0,236.0,SYNTH-MES-A,1
2024-03-08 09:39:00+00:00,4936.0,4936.0,4935.75,4936.0,197.0,SYNTH-MES-A,1
2024-03-08 09:40:00+00:00,4936.0,4936.25,4935.5,4935.5,205.0,SYNTH-MES-A,1
2024-03-08 09:41:00+00:00,4935.5,4936.5,4935.25,4936.5,191.0,SYNTH-MES-A,1
2024-03-08 09:42:00+00:00,4936.5,4937.5,4936.25,4937.25,199.0,SYNTH-MES-A,1
2024-03-08 09:43:00+00:00,4937.25,4937.75,4937.0,4937.5,204.0,SYNTH-MES-A,1
2024-03-08 09:44:00+00:00,4937.5,4937.75,4935.75,4936.25,211.0,SYNTH-MES-A,1
2024-03-08 09:45:00+00:00,4936.25,4937.25,4936.25,4937.25,220.0,SYNTH-MES-A,1
2024-03-08 09:46:00+00:00,4937.25,4937.5,4936.75,4936.75,178.0,SYNTH-MES-A,1
2024-03-08 09:47:00+00:00,4936.75,4937.75,4936.25,4936.25,210.0,SYNTH-MES-A,1
2024-03-08 09:48:00+00:00,4936.25,4937.5,4936.0,4937.25,189.0,SYNTH-MES-A,1
2024-03-08 09:49:00+00:00,4937.25,4937.25,4936.25,4936.25,218.0,SYNTH-MES-A,1
2024-03-08 09:50:00+00:00,4936.25,4936.5,4935.25,4935.25,215.0,SYNTH-MES-A,1
2024-03-08 09:51:00+00:00,4935.25,4935.5,4934.75,4935.25,204.0,SYNTH-MES-A,1
2024-03-08 09:52:00+00:00,4935.25,4935.75,4935.25,4935.5,194.0,SYNTH-MES-A,1
2024-03-08 09:53:00+00:00,4935.5,4935.75,4935.0,4935.0,221.0,SYNTH-MES-A,1
2024-03-08 09:54:00+00:00,4935.0,4935.5,4934.0,4935.0,187.0,SYNTH-MES-A,1
2024-03-08 09:55:00+00:00,4935.0,4935.25,4933.25,4934.0,215.0,SYNTH-MES-A,1
2024-03-08 09:56:00+00:00,4934.0,4934.0,4933.0,4933.75,184.0,SYNTH-MES-A,1
2024-03-08 09:57:00+00:00,4933.75,4934.5,4933.5,4934.0,207.0,SYNTH-MES-A,1
2024-03-08 09:58:00+00:00,4934.0,4935.25,4934.0,4935.25,208.0,SYNTH-MES-A,1
2024-03-08 09:59:00+00:00,4935.25,4936.0,4934.25,4934.5,196.0,SYNTH-MES-A,1
2024-03-08 10:00:00+00:00,4934.5,4934.5,4934.0,4934.25,206.0,SYNTH-MES-A,1
2024-03-08 10:01:00+00:00,4934.25,4935.0,4933.75,4934.75,183.0,SYNTH-MES-A,1
2024-03-08 10:02:00+00:00,4934.75,4936.0,4934.75,4936.0,182.0,SYNTH-MES-A,1
2024-03-08 10:03:00+00:00,4936.0,4936.75,4936.0,4936.75,190.0,SYNTH-MES-A,1
2024-03-08 10:04:00+00:00,4936.75,4937.75,4936.5,4937.25,196.0,SYNTH-MES-A,1
2024-03-08 10:05:00+00:00,4937.25,4937.25,4937.0,4937.0,205.0,SYNTH-MES-A,1
2024-03-08 10:06:00+00:00,4937.0,4938.5,4937.0,4938.0,204.0,SYNTH-MES-A,1
2024-03-08 10:07:00+00:00,4938.0,4939.0,4937.25,4937.5,197.0,SYNTH-MES-A,1
2024-03-08 10:08:00+00:00,4937.5,4937.5,4936.0,4936.0,201.0,SYNTH-MES-A,1
2024-03-08 10:09:00+00:00,4936.0,4936.0,4935.0,4935.5,211.0,SYNTH-MES-A,1
2024-03-08 10:10:00+00:00,4935.5,4936.0,4935.0,4935.25,216.0,SYNTH-MES-A,1
2024-03-08 10:11:00+00:00,4935.25,4935.5,4934.75,4935.0,219.0,SYNTH-MES-A,1
2024-03-08 10:12:00+00:00,4935.0,4935.5,4933.0,4933.25,215.0,SYNTH-MES-A,1
2024-03-08 10:13:00+00:00,4933.25,4933.25,4932.75,4933.0,185.0,SYNTH-MES-A,1
2024-03-08 10:14:00+00:00,4933.0,4933.25,4932.75,4933.25,171.0,SYNTH-MES-A,1
2024-03-08 10:15:00+00:00,4933.25,4933.25,4931.0,4931.5,189.0,SYNTH-MES-A,1
2024-03-08 10:16:00+00:00,4931.5,4931.5,4930.5,4930.75,186.0,SYNTH-MES-A,1
2024-03-08 10:17:00+00:00,4930.75,4931.0,4930.75,4931.0,215.0,SYNTH-MES-A,1
2024-03-08 10:18:00+00:00,4931.0,4932.25,4930.75,4932.0,205.0,SYNTH-MES-A,1
2024-03-08 10:19:00+00:00,4932.0,4933.0,4932.0,4932.5,200.0,SYNTH-MES-A,1
2024-03-08 10:20:00+00:00,4932.5,4932.5,4932.25,4932.5,176.0,SYNTH-MES-A,1
2024-03-08 10:21:00+00:00,4932.5,4932.75,4932.25,4932.75,189.0,SYNTH-MES-A,1
2024-03-08 10:22:00+00:00,4932.75,4933.75,4932.5,4933.5,206.0,SYNTH-MES-A,1
2024-03-08 10:23:00+00:00,4933.5,4933.5,4932.0,4932.25,200.0,SYNTH-MES-A,1
2024-03-08 10:24:00+00:00,4932.25,4933.0,4932.25,4932.5,214.0,SYNTH-MES-A,1
2024-03-08 10:25:00+00:00,4932.5,4933.0,4932.0,4932.75,185.0,SYNTH-MES-A,1
2024-03-08 10:26:00+00:00,4932.75,4934.5,4932.5,4933.75,216.0,SYNTH-MES-A,1
2024-03-08 10:27:00+00:00,4933.75,4935.75,4933.25,4935.5,210.0,SYNTH-MES-A,1
2024-03-08 10:28:00+00:00,4935.5,4935.5,4934.75,4935.0,215.0,SYNTH-MES-A,1
2024-03-08 10:29:00+00:00,4935.0,4935.0,4933.75,4933.75,210.0,SYNTH-MES-A,1
2024-03-08 10:30:00+00:00,4933.75,4934.25,4933.25,4934.0,213.0,SYNTH-MES-A,1
2024-03-08 10:31:00+00:00,4934.0,4935.0,4933.0,4934.75,193.0,SYNTH-MES-A,1
2024-03-08 10:32:00+00:00,4934.75,4935.0,4934.25,4934.5,210.0,SYNTH-MES-A,1
2024-03-08 10:33:00+00:00,4934.5,4935.25,4934.5,4934.75,186.0,SYNTH-MES-A,1
2024-03-08 10:34:00+00:00,4934.75,4935.0,4934.75,4935.0,199.0,SYNTH-MES-A,1
2024-03-08 10:35:00+00:00,4935.0,4935.25,4934.5,4934.5,186.0,SYNTH-MES-A,1
2024-03-08 10:36:00+00:00,4934.5,4934.5,4933.75,4934.5,187.0,SYNTH-MES-A,1
2024-03-08 10:37:00+00:00,4934.5,4934.5,4933.5,4933.75,191.0,SYNTH-MES-A,1
2024-03-08 10:38:00+00:00,4933.75,4935.0,4933.5,4934.5,184.0,SYNTH-MES-A,1
2024-03-08 10:39:00+00:00,4934.5,4936.0,4934.25,4935.75,190.0,SYNTH-MES-A,1
2024-03-08 10:40:00+00:00,4935.75,4936.25,4935.75,4936.25,198.0,SYNTH-MES-A,1
2024-03-08 10:41:00+00:00,4936.25,4936.75,4935.75,4935.75,183.0,SYNTH-MES-A,1
2024-03-08 10:42:00+00:00,4935.75,4936.25,4935.5,4936.25,232.0,SYNTH-MES-A,1
2024-03-08 10:43:00+00:00,4936.25,4936.5,4936.0,4936.25,219.0,SYNTH-MES-A,1
2024-03-08 10:44:00+00:00,4936.25,4936.5,4935.5,4936.0,186.0,SYNTH-MES-A,1
2024-03-08 10:45:00+00:00,4936.0,4936.25,4934.75,4935.25,200.0,SYNTH-MES-A,1
2024-03-08 10:46:00+00:00,4935.25,4936.0,4935.25,4936.0,182.0,SYNTH-MES-A,1
2024-03-08 10:47:00+00:00,4936.0,4936.25,4935.75,4936.25,180.0,SYNTH-MES-A,1
2024-03-08 10:48:00+00:00,4936.25,4936.75,4935.75,4935.75,188.0,SYNTH-MES-A,1
2024-03-08 10:49:00+00:00,4935.75,4937.25,4935.5,4937.25,182.0,SYNTH-MES-A,1
2024-03-08 10:50:00+00:00,4937.25,4937.5,4936.25,4936.5,199.0,SYNTH-MES-A,1
2024-03-08 10:51:00+00:00,4936.5,4937.5,4936.5,4937.5,193.0,SYNTH-MES-A,1
2024-03-08 10:52:00+00:00,4937.5,4938.0,4937.25,4937.25,206.0,SYNTH-MES-A,1
2024-03-08 10:53:00+00:00,4937.25,4938.0,4937.25,4938.0,206.0,SYNTH-MES-A,1
2024-03-08 10:54:00+00:00,4938.0,4938.5,4937.25,4938.5,188.0,SYNTH-MES-A,1
2024-03-08 10:55:00+00:00,4938.5,4938.5,4938.25,4938.5,201.0,SYNTH-MES-A,1
2024-03-08 10:56:00+00:00,4938.5,4938.75,4937.75,4938.25,209.0,SYNTH-MES-A,1
2024-03-08 10:57:00+00:00,4938.25,4938.75,4938.25,4938.25,184.0,SYNTH-MES-A,1
2024-03-08 10:58:00+00:00,4938.25,4939.75,4938.0,4939.5,206.0,SYNTH-MES-A,1
2024-03-08 10:59:00+00:00,4939.5,4939.75,4938.5,4938.75,202.0,SYNTH-MES-A,1
2024-03-08 11:00:00+00:00,4938.75,4939.0,4938.5,4938.75,167.0,SYNTH-MES-A,1
2024-03-08 11:01:00+00:00,4938.75,4939.5,4938.75,4939.25,185.0,SYNTH-MES-A,1
2024-03-08 11:02:00+00:00,4939.25,4939.25,4937.25,4938.0,210.0,SYNTH-MES-A,1
2024-03-08 11:03:00+00:00,4938.0,4938.5,4938.0,4938.25,199.0,SYNTH-MES-A,1
2024-03-08 11:04:00+00:00,4938.25,4938.5,4937.75,4937.75,218.0,SYNTH-MES-A,1
2024-03-08 11:05:00+00:00,4937.75,4937.75,4936.25,4937.5,199.0,SYNTH-MES-A,1
2024-03-08 11:06:00+00:00,4937.5,4938.0,4937.5,4938.0,205.0,SYNTH-MES-A,1
2024-03-08 11:07:00+00:00,4938.0,4938.0,4936.75,4937.25,212.0,SYNTH-MES-A,1
2024-03-08 11:08:00+00:00,4937.25,4937.5,4936.0,4936.0,203.0,SYNTH-MES-A,1
2024-03-08 11:09:00+00:00,4936.0,4936.5,4934.25,4935.0,191.0,SYNTH-MES-A,1
2024-03-08 11:10:00+00:00,4935.0,4935.5,4934.75,4935.25,200.0,SYNTH-MES-A,1
2024-03-08 11:11:00+00:00,4935.25,4935.25,4934.75,4935.25,178.0,SYNTH-MES-A,1
2024-03-08 11:12:00+00:00,4935.25,4935.75,4935.0,4935.25,205.0,SYNTH-MES-A,1
2024-03-08 11:13:00+00:00,4935.25,4935.25,4935.0,4935.0,199.0,SYNTH-MES-A,1
2024-03-08 11:14:00+00:00,4935.0,4935.0,4933.75,4934.0,195.0,SYNTH-MES-A,1
2024-03-08 11:15:00+00:00,4934.0,4934.0,4932.25,4932.75,209.0,SYNTH-MES-A,1
2024-03-08 11:16:00+00:00,4932.75,4933.0,4932.5,4932.5,182.0,SYNTH-MES-A,1
2024-03-08 11:17:00+00:00,4932.5,4932.75,4932.0,4932.75,175.0,SYNTH-MES-A,1
2024-03-08 11:18:00+00:00,4932.75,4933.25,4932.75,4933.25,196.0,SYNTH-MES-A,1
2024-03-08 11:19:00+00:00,4933.25,4933.5,4932.25,4932.5,200.0,SYNTH-MES-A,1
2024-03-08 11:20:00+00:00,4932.5,4933.25,4932.25,4932.75,209.0,SYNTH-MES-A,1
2024-03-08 11:21:00+00:00,4932.75,4933.75,4932.5,4933.5,233.0,SYNTH-MES-A,1
2024-03-08 11:22:00+00:00,4933.5,4933.75,4932.0,4932.5,204.0,SYNTH-MES-A,1
2024-03-08 11:23:00+00:00,4932.5,4932.5,4932.0,4932.25,205.0,SYNTH-MES-A,1
2024-03-08 11:24:00+00:00,4932.25,4933.0,4932.25,4932.75,204.0,SYNTH-MES-A,1
2024-03-08 11:25:00+00:00,4932.75,4934.0,4932.25,4933.0,195.0,SYNTH-MES-A,1
2024-03-08 11:26:00+00:00,4933.0,4933.25,4932.5,4932.75,193.0,SYNTH-MES-A,1
2024-03-08 11:27:00+00:00,4932.75,4932.75,4932.5,4932.5,199.0,SYNTH-MES-A,1
2024-03-08 11:28:00+00:00,4932.5,4932.75,4932.0,4932.25,215.0,SYNTH-MES-A,1
2024-03-08 11:29:00+00:00,4932.25,4933.0,4932.25,4933.0,191.0,SYNTH-MES-A,1
2024-03-08 11:30:00+00:00,4933.0,4934.0,4933.0,4934.0,194.0,SYNTH-MES-A,1
2024-03-08 11:31:00+00:00,4934.0,4934.5,4934.0,4934.0,188.0,SYNTH-MES-A,1
2024-03-08 11:32:00+00:00,4934.0,4935.25,4933.75,4935.0,201.0,SYNTH-MES-A,1
2024-03-08 11:33:00+00:00,4935.0,4935.0,4933.5,4933.5,218.0,SYNTH-MES-A,1
2024-03-08 11:34:00+00:00,4933.5,4934.5,4933.25,4933.75,202.0,SYNTH-MES-A,1
2024-03-08 11:35:00+00:00,4933.75,4933.75,4933.0,4933.25,202.0,SYNTH-MES-A,1
2024-03-08 11:36:00+00:00,4933.25,4933.75,4933.0,4933.25,191.0,SYNTH-MES-A,1
2024-03-08 11:37:00+00:00,4933.25,4933.5,4933.0,4933.5,212.0,SYNTH-MES-A,1
2024-03-08 11:38:00+00:00,4933.5,4933.75,4933.25,4933.25,193.0,SYNTH-MES-A,1
2024-03-08 11:39:00+00:00,4933.25,4935.75,4933.25,4935.25,197.0,SYNTH-MES-A,1
2024-03-08 11:40:00+00:00,4935.25,4935.25,4934.0,4934.25,234.0,SYNTH-MES-A,1
2024-03-08 11:41:00+00:00,4934.25,4934.5,4934.25,4934.5,191.0,SYNTH-MES-A,1
2024-03-08 11:42:00+00:00,4934.5,4936.0,4934.0,4935.75,175.0,SYNTH-MES-A,1
2024-03-08 11:43:00+00:00,4935.75,4936.0,4934.5,4934.75,187.0,SYNTH-MES-A,1
2024-03-08 11:44:00+00:00,4934.75,4935.25,4934.75,4934.75,220.0,SYNTH-MES-A,1
2024-03-08 11:45:00+00:00,4934.75,4934.75,4934.0,4934.0,201.0,SYNTH-MES-A,1
2024-03-08 11:46:00+00:00,4934.0,4934.0,4933.0,4933.0,205.0,SYNTH-MES-A,1
2024-03-08 11:47:00+00:00,4933.0,4933.25,4932.25,4932.5,204.0,SYNTH-MES-A,1
2024-03-08 11:48:00+00:00,4932.5,4932.75,4932.25,4932.25,203.0,SYNTH-MES-A,1
2024-03-08 11:49:00+00:00,4932.25,4933.0,4932.0,4933.0,204.0,SYNTH-MES-A,1
2024-03-08 11:50:00+00:00,4933.0,4933.75,4933.0,4933.5,183.0,SYNTH-MES-A,1
2024-03-08 11:51:00+00:00,4933.5,4934.75,4933.0,4934.5,213.0,SYNTH-MES-A,1
2024-03-08 11:52:00+00:00,4934.5,4934.75,4933.5,4933.5,204.0,SYNTH-MES-A,1
2024-03-08 11:53:00+00:00,4933.5,4933.75,4933.5,4933.75,209.0,SYNTH-MES-A,1
2024-03-08 11:54:00+00:00,4933.75,4934.25,4933.75,4934.25,189.0,SYNTH-MES-A,1
2024-03-08 11:55:00+00:00,4934.25,4935.5,4933.5,4935.5,193.0,SYNTH-MES-A,1
2024-03-08 11:56:00+00:00,4935.5,4936.0,4935.5,4935.5,205.0,SYNTH-MES-A,1
2024-03-08 11:57:00+00:00,4935.5,4936.25,4935.25,4936.0,185.0,SYNTH-MES-A,1
2024-03-08 11:58:00+00:00,4936.0,4937.75,4935.75,4937.75,187.0,SYNTH-MES-A,1
2024-03-08 11:59:00+00:00,4937.75,4937.75,4936.5,4937.0,172.0,SYNTH-MES-A,1
2024-03-08 12:00:00+00:00,4937.0,4937.25,4936.5,4936.75,188.0,SYNTH-MES-A,1
2024-03-08 12:01:00+00:00,4936.75,4937.0,4935.75,4936.0,190.0,SYNTH-MES-A,1
2024-03-08 12:02:00+00:00,4936.0,4936.0,4936.0,4936.0,200.0,SYNTH-MES-A,1
2024-03-08 12:03:00+00:00,4936.0,4936.25,4934.0,4934.5,184.0,SYNTH-MES-A,1
2024-03-08 12:04:00+00:00,4934.5,4935.0,4933.5,4935.0,216.0,SYNTH-MES-A,1
2024-03-08 12:05:00+00:00,4935.0,4936.75,4935.0,4936.5,188.0,SYNTH-MES-A,1
2024-03-08 12:06:00+00:00,4936.5,4936.75,4936.25,4936.75,202.0,SYNTH-MES-A,1
2024-03-08 12:07:00+00:00,4936.75,4937.0,4936.0,4936.0,188.0,SYNTH-MES-A,1
2024-03-08 12:08:00+00:00,4936.0,4936.75,4936.0,4936.25,191.0,SYNTH-MES-A,1
2024-03-08 12:09:00+00:00,4936.25,4937.0,4935.75,4937.0,195.0,SYNTH-MES-A,1
2024-03-08 12:10:00+00:00,4937.0,4937.25,4936.5,4936.5,199.0,SYNTH-MES-A,1
2024-03-08 12:11:00+00:00,4936.5,4936.75,4935.25,4936.0,200.0,SYNTH-MES-A,1
2024-03-08 12:12:00+00:00,4936.0,4936.5,4935.75,4936.0,199.0,SYNTH-MES-A,1
2024-03-08 12:13:00+00:00,4936.0,4936.5,4935.75,4936.25,205.0,SYNTH-MES-A,1
2024-03-08 12:14:00+00:00,4936.25,4937.25,4936.25,4937.0,192.0,SYNTH-MES-A,1
2024-03-08 12:15:00+00:00,4937.0,4937.0,4935.5,4935.75,205.0,SYNTH-MES-A,1
2024-03-08 12:16:00+00:00,4935.75,4935.75,4935.0,4935.25,218.0,SYNTH-MES-A,1
2024-03-08 12:17:00+00:00,4935.25,4936.5,4935.0,4936.25,228.0,SYNTH-MES-A,1
2024-03-08 12:18:00+00:00,4936.25,4937.5,4935.75,4936.0,221.0,SYNTH-MES-A,1
2024-03-08 12:19:00+00:00,4936.0,4936.0,4935.0,4935.25,188.0,SYNTH-MES-A,1
2024-03-08 12:20:00+00:00,4935.25,4935.75,4935.25,4935.5,219.0,SYNTH-MES-A,1
2024-03-08 12:21:00+00:00,4935.5,4936.25,4935.5,4936.0,216.0,SYNTH-MES-A,1
2024-03-08 12:22:00+00:00,4936.0,4936.0,4936.0,4936.0,183.0,SYNTH-MES-A,1
2024-03-08 12:23:00+00:00,4936.0,4936.5,4934.75,4935.0,200.0,SYNTH-MES-A,1
2024-03-08 12:24:00+00:00,4935.0,4935.5,4935.0,4935.5,198.0,SYNTH-MES-A,1
2024-03-08 12:25:00+00:00,4935.5,4935.75,4935.25,4935.25,201.0,SYNTH-MES-A,1
2024-03-08 12:26:00+00:00,4935.25,4935.5,4934.5,4934.5,216.0,SYNTH-MES-A,1
2024-03-08 12:27:00+00:00,4934.5,4934.5,4933.0,4933.25,189.0,SYNTH-MES-A,1
2024-03-08 12:28:00+00:00,4933.25,4934.25,4932.5,4934.25,202.0,SYNTH-MES-A,1
2024-03-08 12:29:00+00:00,4934.25,4934.75,4933.5,4933.75,172.0,SYNTH-MES-A,1
2024-03-08 12:30:00+00:00,4933.75,4933.75,4933.5,4933.75,202.0,SYNTH-MES-A,1
2024-03-08 12:31:00+00:00,4933.75,4934.0,4932.75,4933.0,173.0,SYNTH-MES-A,1
2024-03-08 12:32:00+00:00,4933.0,4933.25,4932.25,4932.5,196.0,SYNTH-MES-A,1
2024-03-08 12:33:00+00:00,4932.5,4933.0,4931.25,4931.25,193.0,SYNTH-MES-A,1
2024-03-08 12:34:00+00:00,4931.25,4931.5,4930.5,4930.75,191.0,SYNTH-MES-A,1
2024-03-08 12:35:00+00:00,4930.75,4930.75,4930.0,4930.0,192.0,SYNTH-MES-A,1
2024-03-08 12:36:00+00:00,4930.0,4930.25,4930.0,4930.25,216.0,SYNTH-MES-A,1
2024-03-08 12:37:00+00:00,4930.25,4930.5,4930.0,4930.5,193.0,SYNTH-MES-A,1
2024-03-08 12:38:00+00:00,4930.5,4931.25,4930.25,4930.75,184.0,SYNTH-MES-A,1
2024-03-08 12:39:00+00:00,4930.75,4930.75,4930.75,4930.75,198.0,SYNTH-MES-A,1
2024-03-08 12:40:00+00:00,4930.75,4931.75,4930.25,4931.5,196.0,SYNTH-MES-A,1
2024-03-08 12:41:00+00:00,4931.5,4931.5,4931.25,4931.25,194.0,SYNTH-MES-A,1
2024-03-08 12:42:00+00:00,4931.25,4931.5,4931.25,4931.25,189.0,SYNTH-MES-A,1
2024-03-08 12:43:00+00:00,4931.25,4932.75,4931.0,4932.5,213.0,SYNTH-MES-A,1
2024-03-08 12:44:00+00:00,4932.5,4933.5,4932.5,4933.5,200.0,SYNTH-MES-A,1
2024-03-08 12:45:00+00:00,4933.5,4933.5,4932.75,4932.75,205.0,SYNTH-MES-A,1
2024-03-08 12:46:00+00:00,4932.75,4933.0,4932.75,4932.75,201.0,SYNTH-MES-A,1
2024-03-08 12:47:00+00:00,4932.75,4932.75,4932.25,4932.5,182.0,SYNTH-MES-A,1
2024-03-08 12:48:00+00:00,4932.5,4933.0,4932.5,4932.75,205.0,SYNTH-MES-A,1
2024-03-08 12:49:00+00:00,4932.75,4932.75,4932.5,4932.75,243.0,SYNTH-MES-A,1
2024-03-08 12:50:00+00:00,4932.75,4935.0,4932.75,4934.0,224.0,SYNTH-MES-A,1
2024-03-08 12:51:00+00:00,4934.0,4934.25,4933.0,4933.25,196.0,SYNTH-MES-A,1
2024-03-08 12:52:00+00:00,4933.25,4933.75,4932.75,4933.75,187.0,SYNTH-MES-A,1
2024-03-08 12:53:00+00:00,4933.75,4933.75,4932.5,4932.75,221.0,SYNTH-MES-A,1
2024-03-08 12:54:00+00:00,4932.75,4933.0,4932.25,4932.5,190.0,SYNTH-MES-A,1
2024-03-08 12:55:00+00:00,4932.5,4933.0,4931.5,4932.5,197.0,SYNTH-MES-A,1
2024-03-08 12:56:00+00:00,4932.5,4933.25,4931.0,4931.75,230.0,SYNTH-MES-A,1
2024-03-08 12:57:00+00:00,4931.75,4933.5,4931.5,4933.25,192.0,SYNTH-MES-A,1
2024-03-08 12:58:00+00:00,4933.25,4933.75,4932.25,4933.25,188.0,SYNTH-MES-A,1
2024-03-08 12:59:00+00:00,4933.25,4934.0,4931.75,4932.25,200.0,SYNTH-MES-A,1
2024-03-08 13:00:00+00:00,4932.25,4932.75,4932.25,4932.25,198.0,SYNTH-MES-A,1
2024-03-08 13:01:00+00:00,4932.25,4932.25,4932.0,4932.0,215.0,SYNTH-MES-A,1
2024-03-08 13:02:00+00:00,4932.0,4933.0,4931.25,4933.0,197.0,SYNTH-MES-A,1
2024-03-08 13:03:00+00:00,4933.0,4933.25,4932.75,4933.0,226.0,SYNTH-MES-A,1
2024-03-08 13:04:00+00:00,4933.0,4933.5,4931.75,4932.25,171.0,SYNTH-MES-A,1
2024-03-08 13:05:00+00:00,4932.25,4932.5,4931.75,4932.0,212.0,SYNTH-MES-A,1
2024-03-08 13:06:00+00:00,4932.0,4932.25,4930.5,4931.0,208.0,SYNTH-MES-A,1
2024-03-08 13:07:00+00:00,4931.0,4931.75,4930.75,4931.0,186.0,SYNTH-MES-A,1
2024-03-08 13:08:00+00:00,4931.0,4931.5,4930.75,4931.25,216.0,SYNTH-MES-A,1
2024-03-08 13:09:00+00:00,4931.25,4931.5,4930.75,4930.75,188.0,SYNTH-MES-A,1
2024-03-08 13:10:00+00:00,4930.75,4931.25,4930.5,4931.0,186.0,SYNTH-MES-A,1
2024-03-08 13:11:00+00:00,4931.0,4931.25,4931.0,4931.0,198.0,SYNTH-MES-A,1
2024-03-08 13:12:00+00:00,4931.0,4931.5,4930.5,4930.5,186.0,SYNTH-MES-A,1
2024-03-08 13:13:00+00:00,4930.5,4931.25,4929.0,4929.0,179.0,SYNTH-MES-A,1
2024-03-08 13:14:00+00:00,4929.0,4929.5,4928.5,4928.75,208.0,SYNTH-MES-A,1
2024-03-08 13:15:00+00:00,4928.75,4929.5,4928.75,4929.5,203.0,SYNTH-MES-A,1
2024-03-08 13:16:00+00:00,4929.5,4929.75,4928.75,4928.75,211.0,SYNTH-MES-A,1
2024-03-08 13:17:00+00:00,4928.75,4929.25,4928.5,4929.0,208.0,SYNTH-MES-A,1
2024-03-08 13:18:00+00:00,4929.0,4929.0,4928.75,4928.75,196.0,SYNTH-MES-A,1
2024-03-08 13:19:00+00:00,4928.75,4930.75,4928.75,4930.25,202.0,SYNTH-MES-A,1
2024-03-08 13:20:00+00:00,4930.25,4931.25,4930.25,4931.0,209.0,SYNTH-MES-A,1
2024-03-08 13:21:00+00:00,4931.0,4931.75,4930.75,4931.75,190.0,SYNTH-MES-A,1
2024-03-08 13:22:00+00:00,4931.75,4932.25,4931.25,4932.0,209.0,SYNTH-MES-A,1
2024-03-08 13:23:00+00:00,4932.0,4932.25,4930.5,4931.5,191.0,SYNTH-MES-A,1
2024-03-08 13:24:00+00:00,4931.5,4932.25,4931.0,4931.5,185.0,SYNTH-MES-A,1
2024-03-08 13:25:00+00:00,4931.5,4933.0,4931.25,4932.5,166.0,SYNTH-MES-A,1
2024-03-08 13:26:00+00:00,4932.5,4933.25,4931.75,4933.0,213.0,SYNTH-MES-A,1
2024-03-08 13:27:00+00:00,4933.0,4934.75,4933.0,4934.5,209.0,SYNTH-MES-A,1
2024-03-08 13:28:00+00:00,4934.5,4934.75,4934.0,4934.25,207.0,SYNTH-MES-A,1
2024-03-08 13:29:00+00:00,4934.25,4934.25,4932.25,4932.75,195.0,SYNTH-MES-A,1
2024-03-08 13:30:00+00:00,4932.75,4933.0,4932.75,4933.0,210.0,SYNTH-MES-A,1
2024-03-08 13:31:00+00:00,4933.0,4933.75,4932.5,4933.75,189.0,SYNTH-MES-A,1
2024-03-08 13:32:00+00:00,4933.75,4934.5,4933.75,4934.25,204.0,SYNTH-MES-A,1
2024-03-08 13:33:00+00:00,4934.25,4935.25,4934.0,4935.25,223.0,SYNTH-MES-A,1
2024-03-08 13:34:00+00:00,4935.25,4935.5,4934.5,4935.0,200.0,SYNTH-MES-A,1
2024-03-08 13:35:00+00:00,4935.0,4935.25,4934.25,4934.5,210.0,SYNTH-MES-A,1
2024-03-08 13:36:00+00:00,4934.5,4935.5,4934.25,4935.0,215.0,SYNTH-MES-A,1
2024-03-08 13:37:00+00:00,4935.0,4935.25,4934.25,4935.0,190.0,SYNTH-MES-A,1
2024-03-08 13:38:00+00:00,4935.0,4935.0,4934.25,4934.5,194.0,SYNTH-MES-A,1
2024-03-08 13:39:00+00:00,4934.5,4934.5,4933.5,4933.75,197.0,SYNTH-MES-A,1
2024-03-08 13:40:00+00:00,4933.75,4935.25,4933.75,4934.75,199.0,SYNTH-MES-A,1
2024-03-08 13:41:00+00:00,4934.75,4934.75,4934.75,4934.75,193.0,SYNTH-MES-A,1
2024-03-08 13:42:00+00:00,4934.75,4935.25,4933.5,4933.75,216.0,SYNTH-MES-A,1
2024-03-08 13:43:00+00:00,4933.75,4935.0,4931.75,4932.75,185.0,SYNTH-MES-A,1
2024-03-08 13:44:00+00:00,4932.75,4932.75,4932.5,4932.5,214.0,SYNTH-MES-A,1
2024-03-08 13:45:00+00:00,4932.5,4932.5,4932.0,4932.25,190.0,SYNTH-MES-A,1
2024-03-08 13:46:00+00:00,4932.25,4933.25,4932.0,4932.75,226.0,SYNTH-MES-A,1
2024-03-08 13:47:00+00:00,4932.75,4933.5,4932.75,4933.5,214.0,SYNTH-MES-A,1
2024-03-08 13:48:00+00:00,4933.5,4933.75,4933.0,4933.75,204.0,SYNTH-MES-A,1
2024-03-08 13:49:00+00:00,4933.75,4934.25,4932.0,4932.5,228.0,SYNTH-MES-A,1
2024-03-08 13:50:00+00:00,4932.5,4933.25,4932.25,4932.75,189.0,SYNTH-MES-A,1
2024-03-08 13:51:00+00:00,4932.75,4932.75,4932.0,4932.5,199.0,SYNTH-MES-A,1
2024-03-08 13:52:00+00:00,4932.5,4932.5,4932.5,4932.5,178.0,SYNTH-MES-A,1
2024-03-08 13:53:00+00:00,4932.5,4933.0,4931.25,4931.25,223.0,SYNTH-MES-A,1
2024-03-08 13:54:00+00:00,4931.25,4931.5,4930.0,4930.5,200.0,SYNTH-MES-A,1
2024-03-08 13:55:00+00:00,4930.5,4930.5,4929.5,4930.25,199.0,SYNTH-MES-A,1
2024-03-08 13:56:00+00:00,4930.25,4930.25,4930.25,4930.25,223.0,SYNTH-MES-A,1
2024-03-08 13:57:00+00:00,4930.25,4930.75,4930.0,4930.75,198.0,SYNTH-MES-A,1
2024-03-08 13:58:00+00:00,4930.75,4932.25,4930.5,4932.25,208.0,SYNTH-MES-A,1
2024-03-08 13:59:00+00:00,4932.25,4933.25,4932.0,4933.0,200.0,SYNTH-MES-A,1
2024-03-08 14:00:00+00:00,4933.0,4933.75,4933.0,4933.5,212.0,SYNTH-MES-A,1
2024-03-08 14:01:00+00:00,4933.5,4934.75,4933.5,4934.5,191.0,SYNTH-MES-A,1
2024-03-08 14:02:00+00:00,4934.5,4934.5,4934.25,4934.25,182.0,SYNTH-MES-A,1
2024-03-08 14:03:00+00:00,4934.25,4935.0,4934.0,4935.0,191.0,SYNTH-MES-A,1
2024-03-08 14:04:00+00:00,4935.0,4936.5,4935.0,4936.5,207.0,SYNTH-MES-A,1
2024-03-08 14:05:00+00:00,4936.5,4936.75,4935.5,4935.75,177.0,SYNTH-MES-A,1
2024-03-08 14:06:00+00:00,4935.75,4936.0,4935.25,4935.5,195.0,SYNTH-MES-A,1
2024-03-08 14:07:00+00:00,4935.5,4936.0,4933.75,4934.0,186.0,SYNTH-MES-A,1
2024-03-08 14:08:00+00:00,4934.0,4934.25,4934.0,4934.0,212.0,SYNTH-MES-A,1
2024-03-08 14:09:00+00:00,4934.0,4934.25,4933.75,4933.75,184.0,SYNTH-MES-A,1
2024-03-08 14:10:00+00:00,4933.75,4935.5,4933.5,4935.25,192.0,SYNTH-MES-A,1
2024-03-08 14:11:00+00:00,4935.25,4935.25,4934.0,4935.0,202.0,SYNTH-MES-A,1
2024-03-08 14:12:00+00:00,4935.0,4935.0,4934.5,4934.75,181.0,SYNTH-MES-A,1
2024-03-08 14:13:00+00:00,4934.75,4934.75,4934.5,4934.5,213.0,SYNTH-MES-A,1
2024-03-08 14:14:00+00:00,4934.5,4934.5,4933.25,4933.25,201.0,SYNTH-MES-A,1
2024-03-08 14:15:00+00:00,4933.25,4934.0,4933.0,4933.75,186.0,SYNTH-MES-A,1
2024-03-08 14:16:00+00:00,4933.75,4934.5,4933.75,4933.75,238.0,SYNTH-MES-A,1
2024-03-08 14:17:00+00:00,4933.75,4935.0,4933.25,4934.5,194.0,SYNTH-MES-A,1
2024-03-08 14:18:00+00:00,4934.5,4935.0,4934.5,4935.0,184.0,SYNTH-MES-A,1
2024-03-08 14:19:00+00:00,4935.0,4935.0,4934.75,4934.75,187.0,SYNTH-MES-A,1
2024-03-08 14:20:00+00:00,4934.75,4935.0,4934.75,4934.75,200.0,SYNTH-MES-A,1
2024-03-08 14:21:00+00:00,4934.75,4935.0,4933.75,4934.25,226.0,SYNTH-MES-A,1
2024-03-08 14:22:00+00:00,4934.25,4934.25,4934.0,4934.0,206.0,SYNTH-MES-A,1
2024-03-08 14:23:00+00:00,4934.0,4934.25,4931.75,4932.0,196.0,SYNTH-MES-A,1
2024-03-08 14:24:00+00:00,4932.0,4932.5,4931.5,4932.25,202.0,SYNTH-MES-A,1
2024-03-08 14:25:00+00:00,4932.25,4933.0,4932.25,4933.0,217.0,SYNTH-MES-A,1
2024-03-08 14:26:00+00:00,4933.0,4933.25,4933.0,4933.25,205.0,SYNTH-MES-A,1
2024-03-08 14:27:00+00:00,4933.25,4933.75,4933.0,4933.5,204.0,SYNTH-MES-A,1
2024-03-08 14:28:00+00:00,4933.5,4933.75,4932.75,4933.0,202.0,SYNTH-MES-A,1
2024-03-08 14:29:00+00:00,4933.0,4933.0,4930.75,4931.25,241.0,SYNTH-MES-A,1
2024-03-08 14:30:00+00:00,4931.25,4932.75,4931.25,4932.0,863.0,SYNTH-MES-A,1
2024-03-08 14:31:00+00:00,4932.0,4934.5,4931.5,4933.75,893.0,SYNTH-MES-A,1
2024-03-08 14:32:00+00:00,4933.75,4936.75,4933.5,4935.5,900.0,SYNTH-MES-A,1
2024-03-08 14:33:00+00:00,4935.5,4936.0,4934.0,4934.75,932.0,SYNTH-MES-A,1
2024-03-08 14:34:00+00:00,4934.75,4936.75,4934.5,4936.5,889.0,SYNTH-MES-A,1
2024-03-08 14:35:00+00:00,4936.5,4937.0,4935.0,4936.0,941.0,SYNTH-MES-A,1
2024-03-08 14:36:00+00:00,4936.0,4937.25,4935.25,4937.0,904.0,SYNTH-MES-A,1
2024-03-08 14:37:00+00:00,4937.0,4937.25,4935.25,4935.25,909.0,SYNTH-MES-A,1
2024-03-08 14:38:00+00:00,4935.25,4936.75,4934.25,4936.5,923.0,SYNTH-MES-A,1
2024-03-08 14:39:00+00:00,4936.5,4937.25,4935.75,4937.0,910.0,SYNTH-MES-A,1
2024-03-08 14:40:00+00:00,4937.0,4938.75,4936.75,4938.75,883.0,SYNTH-MES-A,1
2024-03-08 14:41:00+00:00,4938.75,4939.0,4936.25,4937.5,918.0,SYNTH-MES-A,1
2024-03-08 14:42:00+00:00,4937.5,4937.5,4936.0,4937.25,918.0,SYNTH-MES-A,1
2024-03-08 14:43:00+00:00,4937.25,4939.5,4937.0,4939.5,913.0,SYNTH-MES-A,1
2024-03-08 14:44:00+00:00,4939.5,4940.75,4939.0,4940.5,934.0,SYNTH-MES-A,1
2024-03-08 14:45:00+00:00,4940.5,4941.25,4940.25,4941.0,993.0,SYNTH-MES-A,1
2024-03-08 14:46:00+00:00,4941.0,4942.0,4940.75,4942.0,849.0,SYNTH-MES-A,1
2024-03-08 14:47:00+00:00,4942.0,4942.75,4941.0,4942.75,836.0,SYNTH-MES-A,1
2024-03-08 14:48:00+00:00,4942.75,4943.75,4941.25,4941.5,894.0,SYNTH-MES-A,1
2024-03-08 14:49:00+00:00,4941.5,4942.75,4941.25,4942.75,863.0,SYNTH-MES-A,1
2024-03-08 14:50:00+00:00,4942.75,4942.75,4941.5,4942.5,927.0,SYNTH-MES-A,1
2024-03-08 14:51:00+00:00,4942.5,4943.0,4940.5,4941.5,908.0,SYNTH-MES-A,1
2024-03-08 14:52:00+00:00,4941.5,4942.5,4941.25,4942.25,911.0,SYNTH-MES-A,1
2024-03-08 14:53:00+00:00,4942.25,4945.0,4942.0,4944.75,864.0,SYNTH-MES-A,1
2024-03-08 14:54:00+00:00,4944.75,4945.5,4944.0,4945.5,848.0,SYNTH-MES-A,1
2024-03-08 14:55:00+00:00,4945.5,4946.75,4943.75,4944.0,941.0,SYNTH-MES-A,1
2024-03-08 14:56:00+00:00,4944.0,4944.0,4943.0,4943.25,898.0,SYNTH-MES-A,1
2024-03-08 14:57:00+00:00,4943.25,4943.75,4942.25,4942.75,905.0,SYNTH-MES-A,1
2024-03-08 14:58:00+00:00,4942.75,4942.75,4939.25,4939.75,896.0,SYNTH-MES-A,1
2024-03-08 14:59:00+00:00,4939.75,4940.0,4937.5,4939.0,868.0,SYNTH-MES-A,1
2024-03-08 15:00:00+00:00,4939.0,4941.5,4938.75,4940.75,865.0,SYNTH-MES-A,1
2024-03-08 15:01:00+00:00,4940.75,4942.75,4940.0,4942.25,872.0,SYNTH-MES-A,1
2024-03-08 15:02:00+00:00,4942.25,4944.5,4941.5,4944.0,924.0,SYNTH-MES-A,1
2024-03-08 15:03:00+00:00,4944.0,4944.25,4943.25,4944.0,854.0,SYNTH-MES-A,1
2024-03-08 15:04:00+00:00,4944.0,4944.5,4943.5,4944.25,903.0,SYNTH-MES-A,1
2024-03-08 15:05:00+00:00,4944.25,4944.75,4943.75,4943.75,928.0,SYNTH-MES-A,1
2024-03-08 15:06:00+00:00,4943.75,4944.0,4941.75,4942.25,912.0,SYNTH-MES-A,1
2024-03-08 15:07:00+00:00,4942.25,4943.75,4942.0,4943.25,911.0,SYNTH-MES-A,1
2024-03-08 15:08:00+00:00,4943.25,4945.5,4943.0,4944.5,905.0,SYNTH-MES-A,1
2024-03-08 15:09:00+00:00,4944.5,4947.25,4944.25,4947.25,893.0,SYNTH-MES-A,1
2024-03-08 15:10:00+00:00,4947.25,4949.0,4944.25,4944.75,865.0,SYNTH-MES-A,1
2024-03-08 15:11:00+00:00,4944.75,4945.0,4943.75,4944.5,899.0,SYNTH-MES-A,1
2024-03-08 15:12:00+00:00,4944.5,4947.0,4944.5,4946.25,867.0,SYNTH-MES-A,1
2024-03-08 15:13:00+00:00,4946.25,4949.75,4945.0,4948.5,873.0,SYNTH-MES-A,1
2024-03-08 15:14:00+00:00,4948.5,4949.0,4947.25,4947.75,859.0,SYNTH-MES-A,1
2024-03-08 15:15:00+00:00,4947.75,4949.0,4947.75,4948.25,905.0,SYNTH-MES-A,1
2024-03-08 15:16:00+00:00,4948.25,4949.5,4946.5,4946.75,870.0,SYNTH-MES-A,1
2024-03-08 15:17:00+00:00,4946.75,4946.75,4945.0,4945.75,954.0,SYNTH-MES-A,1
2024-03-08 15:18:00+00:00,4945.75,4947.25,4944.25,4944.5,842.0,SYNTH-MES-A,1
2024-03-08 15:19:00+00:00,4944.5,4944.75,4943.75,4944.5,899.0,SYNTH-MES-A,1
2024-03-08 15:20:00+00:00,4944.5,4945.5,4943.5,4944.25,916.0,SYNTH-MES-A,1
2024-03-08 15:21:00+00:00,4944.25,4944.75,4942.25,4942.75,906.0,SYNTH-MES-A,1
2024-03-08 15:22:00+00:00,4942.75,4943.0,4941.75,4942.0,917.0,SYNTH-MES-A,1
2024-03-08 15:23:00+00:00,4942.0,4944.25,4941.75,4943.75,889.0,SYNTH-MES-A,1
2024-03-08 15:24:00+00:00,4943.75,4944.5,4943.5,4944.5,931.0,SYNTH-MES-A,1
2024-03-08 15:25:00+00:00,4944.5,4946.5,4944.25,4945.75,875.0,SYNTH-MES-A,1
2024-03-08 15:26:00+00:00,4945.75,4946.75,4943.5,4943.5,933.0,SYNTH-MES-A,1
2024-03-08 15:27:00+00:00,4943.5,4945.75,4942.75,4943.5,864.0,SYNTH-MES-A,1
2024-03-08 15:28:00+00:00,4943.5,4943.75,4941.25,4942.0,969.0,SYNTH-MES-A,1
2024-03-08 15:29:00+00:00,4942.0,4945.25,4941.25,4944.75,914.0,SYNTH-MES-A,1
2024-03-08 15:30:00+00:00,4944.75,4946.25,4944.75,4945.5,956.0,SYNTH-MES-A,1
2024-03-08 15:31:00+00:00,4945.5,4947.25,4945.25,4946.75,907.0,SYNTH-MES-A,1
2024-03-08 15:32:00+00:00,4946.75,4946.75,4943.0,4943.75,876.0,SYNTH-MES-A,1
2024-03-08 15:33:00+00:00,4943.75,4943.75,4941.25,4941.75,881.0,SYNTH-MES-A,1
2024-03-08 15:34:00+00:00,4941.75,4943.0,4941.5,4942.75,900.0,SYNTH-MES-A,1
2024-03-08 15:35:00+00:00,4942.75,4944.75,4942.25,4943.5,967.0,SYNTH-MES-A,1
2024-03-08 15:36:00+00:00,4943.5,4943.5,4942.25,4942.25,868.0,SYNTH-MES-A,1
2024-03-08 15:37:00+00:00,4942.25,4942.5,4941.0,4942.0,859.0,SYNTH-MES-A,1
2024-03-08 15:38:00+00:00,4942.0,4944.0,4941.75,4943.5,876.0,SYNTH-MES-A,1
2024-03-08 15:39:00+00:00,4943.5,4943.75,4940.75,4941.0,908.0,SYNTH-MES-A,1
2024-03-08 15:40:00+00:00,4941.0,4942.25,4936.75,4937.25,866.0,SYNTH-MES-A,1
2024-03-08 15:41:00+00:00,4937.25,4937.25,4936.0,4936.25,923.0,SYNTH-MES-A,1
2024-03-08 15:42:00+00:00,4936.25,4936.5,4934.75,4935.0,922.0,SYNTH-MES-A,1
2024-03-08 15:43:00+00:00,4935.0,4936.5,4934.75,4935.25,894.0,SYNTH-MES-A,1
2024-03-08 15:44:00+00:00,4935.25,4935.25,4933.75,4934.75,881.0,SYNTH-MES-A,1
2024-03-08 15:45:00+00:00,4934.75,4935.25,4934.5,4935.0,882.0,SYNTH-MES-A,1
2024-03-08 15:46:00+00:00,4935.0,4937.5,4934.75,4937.5,931.0,SYNTH-MES-A,1
2024-03-08 15:47:00+00:00,4937.5,4938.25,4937.25,4937.75,946.0,SYNTH-MES-A,1
2024-03-08 15:48:00+00:00,4937.75,4938.0,4936.75,4936.75,935.0,SYNTH-MES-A,1
2024-03-08 15:49:00+00:00,4936.75,4938.25,4935.0,4935.25,862.0,SYNTH-MES-A,1
2024-03-08 15:50:00+00:00,4935.25,4935.5,4935.25,4935.5,867.0,SYNTH-MES-A,1
2024-03-08 15:51:00+00:00,4935.5,4938.25,4934.5,4938.0,861.0,SYNTH-MES-A,1
2024-03-08 15:52:00+00:00,4938.0,4938.5,4937.5,4937.75,861.0,SYNTH-MES-A,1
2024-03-08 15:53:00+00:00,4937.75,4938.0,4936.0,4936.75,920.0,SYNTH-MES-A,1
2024-03-08 15:54:00+00:00,4936.75,4937.25,4935.75,4937.0,859.0,SYNTH-MES-A,1
2024-03-08 15:55:00+00:00,4937.0,4937.5,4936.25,4936.5,859.0,SYNTH-MES-A,1
2024-03-08 15:56:00+00:00,4936.5,4937.5,4936.25,4937.5,830.0,SYNTH-MES-A,1
2024-03-08 15:57:00+00:00,4937.5,4937.75,4935.25,4937.0,930.0,SYNTH-MES-A,1
2024-03-08 15:58:00+00:00,4937.0,4938.0,4936.0,4937.75,871.0,SYNTH-MES-A,1
2024-03-08 15:59:00+00:00,4937.75,4939.0,4937.25,4938.75,911.0,SYNTH-MES-A,1
2024-03-08 16:00:00+00:00,4938.75,4940.25,4938.75,4940.25,900.0,SYNTH-MES-A,1
2024-03-08 16:01:00+00:00,4940.25,4940.5,4938.75,4939.0,879.0,SYNTH-MES-A,1
2024-03-08 16:02:00+00:00,4939.0,4939.5,4936.75,4937.25,909.0,SYNTH-MES-A,1
2024-03-08 16:03:00+00:00,4937.25,4940.25,4936.75,4939.75,914.0,SYNTH-MES-A,1
2024-03-08 16:04:00+00:00,4939.75,4940.25,4939.5,4940.0,907.0,SYNTH-MES-A,1
2024-03-08 16:05:00+00:00,4940.0,4940.25,4937.25,4937.5,967.0,SYNTH-MES-A,1
2024-03-08 16:06:00+00:00,4937.5,4937.75,4937.5,4937.5,950.0,SYNTH-MES-A,1
2024-03-08 16:07:00+00:00,4937.5,4938.75,4937.25,4938.0,912.0,SYNTH-MES-A,1
2024-03-08 16:08:00+00:00,4938.0,4938.25,4937.25,4937.75,921.0,SYNTH-MES-A,1
2024-03-08 16:09:00+00:00,4937.75,4938.5,4936.75,4937.25,931.0,SYNTH-MES-A,1
2024-03-08 16:10:00+00:00,4937.25,4937.75,4934.25,4934.75,912.0,SYNTH-MES-A,1
2024-03-08 16:11:00+00:00,4934.75,4936.75,4934.5,4936.0,882.0,SYNTH-MES-A,1
2024-03-08 16:12:00+00:00,4936.0,4936.25,4934.25,4935.25,901.0,SYNTH-MES-A,1
2024-03-08 16:13:00+00:00,4935.25,4935.75,4934.25,4934.75,955.0,SYNTH-MES-A,1
2024-03-08 16:14:00+00:00,4934.75,4934.75,4934.25,4934.5,911.0,SYNTH-MES-A,1
2024-03-08 16:15:00+00:00,4934.5,4934.75,4934.0,4934.0,914.0,SYNTH-MES-A,1
2024-03-08 16:16:00+00:00,4934.0,4936.25,4933.5,4936.0,866.0,SYNTH-MES-A,1
2024-03-08 16:17:00+00:00,4936.0,4937.25,4935.25,4935.25,938.0,SYNTH-MES-A,1
2024-03-08 16:18:00+00:00,4935.25,4936.25,4933.0,4933.25,887.0,SYNTH-MES-A,1
2024-03-08 16:19:00+00:00,4933.25,4934.0,4931.5,4931.5,968.0,SYNTH-MES-A,1
2024-03-08 16:20:00+00:00,4931.5,4934.25,4931.0,4933.75,921.0,SYNTH-MES-A,1
2024-03-08 16:21:00+00:00,4933.75,4936.25,4933.25,4936.0,855.0,SYNTH-MES-A,1
2024-03-08 16:22:00+00:00,4936.0,4936.5,4935.0,4935.25,885.0,SYNTH-MES-A,1
2024-03-08 16:23:00+00:00,4935.25,4936.5,4934.75,4936.25,859.0,SYNTH-MES-A,1
2024-03-08 16:24:00+00:00,4936.25,4936.5,4932.25,4934.5,877.0,SYNTH-MES-A,1
2024-03-08 16:25:00+00:00,4934.5,4935.0,4932.25,4932.75,924.0,SYNTH-MES-A,1
2024-03-08 16:26:00+00:00,4932.75,4932.75,4932.0,4932.0,925.0,SYNTH-MES-A,1
2024-03-08 16:27:00+00:00,4932.0,4932.5,4930.5,4931.75,917.0,SYNTH-MES-A,1
2024-03-08 16:28:00+00:00,4931.75,4932.25,4931.25,4932.25,938.0,SYNTH-MES-A,1
2024-03-08 16:29:00+00:00,4932.25,4932.5,4931.5,4932.25,906.0,SYNTH-MES-A,1
2024-03-08 16:30:00+00:00,4932.25,4933.5,4930.25,4930.5,853.0,SYNTH-MES-A,1
2024-03-08 16:31:00+00:00,4930.5,4930.5,4929.5,4929.75,873.0,SYNTH-MES-A,1
2024-03-08 16:32:00+00:00,4929.75,4932.0,4926.75,4928.25,886.0,SYNTH-MES-A,1
2024-03-08 16:33:00+00:00,4928.25,4928.75,4928.0,4928.5,931.0,SYNTH-MES-A,1
2024-03-08 16:34:00+00:00,4928.5,4928.75,4927.75,4927.75,836.0,SYNTH-MES-A,1
2024-03-08 16:35:00+00:00,4927.75,4928.0,4925.75,4926.0,911.0,SYNTH-MES-A,1
2024-03-08 16:36:00+00:00,4926.0,4927.25,4924.75,4924.75,914.0,SYNTH-MES-A,1
2024-03-08 16:37:00+00:00,4924.75,4925.25,4924.5,4924.75,900.0,SYNTH-MES-A,1
2024-03-08 16:38:00+00:00,4924.75,4924.75,4923.25,4923.5,886.0,SYNTH-MES-A,1
2024-03-08 16:39:00+00:00,4923.5,4923.75,4921.75,4922.0,916.0,SYNTH-MES-A,1
2024-03-08 16:40:00+00:00,4922.0,4923.5,4921.75,4923.5,871.0,SYNTH-MES-A,1
2024-03-08 16:41:00+00:00,4923.5,4925.25,4921.0,4922.25,917.0,SYNTH-MES-A,1
2024-03-08 16:42:00+00:00,4922.25,4923.25,4922.25,4922.75,871.0,SYNTH-MES-A,1
2024-03-08 16:43:00+00:00,4922.75,4923.0,4922.25,4923.0,867.0,SYNTH-MES-A,1
2024-03-08 16:44:00+00:00,4923.0,4924.25,4921.0,4922.75,913.0,SYNTH-MES-A,1
2024-03-08 16:45:00+00:00,4922.75,4923.5,4922.75,4923.25,892.0,SYNTH-MES-A,1
2024-03-08 16:46:00+00:00,4923.25,4926.25,4922.75,4925.0,856.0,SYNTH-MES-A,1
2024-03-08 16:47:00+00:00,4925.0,4926.0,4923.25,4923.75,873.0,SYNTH-MES-A,1
2024-03-08 16:48:00+00:00,4923.75,4924.0,4921.5,4923.0,904.0,SYNTH-MES-A,1
2024-03-08 16:49:00+00:00,4923.0,4923.25,4921.25,4921.5,864.0,SYNTH-MES-A,1
2024-03-08 16:50:00+00:00,4921.5,4922.25,4921.5,4922.25,951.0,SYNTH-MES-A,1
2024-03-08 16:51:00+00:00,4922.25,4922.5,4921.75,4921.75,922.0,SYNTH-MES-A,1
2024-03-08 16:52:00+00:00,4921.75,4923.75,4921.75,4923.75,965.0,SYNTH-MES-A,1
2024-03-08 16:53:00+00:00,4923.75,4924.0,4920.75,4921.0,899.0,SYNTH-MES-A,1
2024-03-08 16:54:00+00:00,4921.0,4922.0,4919.75,4921.25,923.0,SYNTH-MES-A,1
2024-03-08 16:55:00+00:00,4921.25,4921.25,4919.75,4920.5,846.0,SYNTH-MES-A,1
2024-03-08 16:56:00+00:00,4920.5,4921.0,4916.5,4916.5,904.0,SYNTH-MES-A,1
2024-03-08 16:57:00+00:00,4916.5,4916.5,4916.0,4916.25,919.0,SYNTH-MES-A,1
2024-03-08 16:58:00+00:00,4916.25,4918.0,4916.25,4918.0,822.0,SYNTH-MES-A,1
2024-03-08 16:59:00+00:00,4918.0,4918.75,4917.75,4917.75,926.0,SYNTH-MES-A,1
2024-03-08 17:00:00+00:00,4917.75,4918.0,4916.25,4918.0,903.0,SYNTH-MES-A,1
2024-03-08 17:01:00+00:00,4918.0,4918.75,4916.0,4916.0,926.0,SYNTH-MES-A,1
2024-03-08 17:02:00+00:00,4916.0,4917.75,4915.75,4917.25,886.0,SYNTH-MES-A,1
2024-03-08 17:03:00+00:00,4917.25,4918.0,4914.0,4915.0,926.0,SYNTH-MES-A,1
2024-03-08 17:04:00+00:00,4915.0,4915.75,4914.0,4915.75,902.0,SYNTH-MES-A,1
2024-03-08 17:05:00+00:00,4915.75,4916.25,4913.25,4913.5,902.0,SYNTH-MES-A,1
2024-03-08 17:06:00+00:00,4913.5,4915.25,4913.25,4914.5,902.0,SYNTH-MES-A,1
2024-03-08 17:07:00+00:00,4914.5,4915.25,4913.0,4915.0,870.0,SYNTH-MES-A,1
2024-03-08 17:08:00+00:00,4915.0,4915.0,4914.25,4914.25,906.0,SYNTH-MES-A,1
2024-03-08 17:09:00+00:00,4914.25,4914.75,4913.25,4914.5,953.0,SYNTH-MES-A,1
2024-03-08 17:10:00+00:00,4914.5,4915.0,4913.5,4915.0,864.0,SYNTH-MES-A,1
2024-03-08 17:11:00+00:00,4915.0,4915.5,4914.75,4915.25,917.0,SYNTH-MES-A,1
2024-03-08 17:12:00+00:00,4915.25,4917.75,4914.75,4917.5,864.0,SYNTH-MES-A,1
2024-03-08 17:13:00+00:00,4917.5,4917.75,4916.75,4917.75,911.0,SYNTH-MES-A,1
2024-03-08 17:14:00+00:00,4917.75,4920.25,4917.0,4919.25,866.0,SYNTH-MES-A,1
2024-03-08 17:15:00+00:00,4919.25,4919.5,4918.25,4919.0,890.0,SYNTH-MES-A,1
2024-03-08 17:16:00+00:00,4919.0,4920.25,4918.75,4920.0,891.0,SYNTH-MES-A,1
2024-03-08 17:17:00+00:00,4920.0,4920.0,4919.0,4919.25,874.0,SYNTH-MES-A,1
2024-03-08 17:18:00+00:00,4919.25,4919.25,4917.75,4918.25,910.0,SYNTH-MES-A,1
2024-03-08 17:19:00+00:00,4918.25,4918.25,4916.0,4916.25,935.0,SYNTH-MES-A,1
2024-03-08 17:20:00+00:00,4916.25,4917.25,4915.75,4916.5,900.0,SYNTH-MES-A,1
2024-03-08 17:21:00+00:00,4916.5,4916.75,4913.75,4915.0,916.0,SYNTH-MES-A,1
2024-03-08 17:22:00+00:00,4915.0,4915.25,4914.5,4914.75,903.0,SYNTH-MES-A,1
2024-03-08 17:23:00+00:00,4914.75,4915.0,4914.5,4915.0,877.0,SYNTH-MES-A,1
2024-03-08 17:24:00+00:00,4915.0,4915.0,4914.5,4914.5,865.0,SYNTH-MES-A,1
2024-03-08 17:25:00+00:00,4914.5,4915.25,4913.5,4913.75,932.0,SYNTH-MES-A,1
2024-03-08 17:26:00+00:00,4913.75,4915.5,4913.0,4915.0,922.0,SYNTH-MES-A,1
2024-03-08 17:27:00+00:00,4915.0,4915.25,4914.75,4915.0,918.0,SYNTH-MES-A,1
2024-03-08 17:28:00+00:00,4915.0,4915.75,4914.5,4915.25,876.0,SYNTH-MES-A,1
2024-03-08 17:29:00+00:00,4915.25,4915.75,4914.75,4915.0,861.0,SYNTH-MES-A,1
2024-03-08 17:30:00+00:00,4915.0,4915.5,4915.0,4915.25,910.0,SYNTH-MES-A,1
2024-03-08 17:31:00+00:00,4915.25,4916.0,4913.75,4915.0,907.0,SYNTH-MES-A,1
2024-03-08 17:32:00+00:00,4915.0,4915.5,4914.0,4915.25,923.0,SYNTH-MES-A,1
2024-03-08 17:33:00+00:00,4915.25,4915.5,4914.75,4914.75,854.0,SYNTH-MES-A,1
2024-03-08 17:34:00+00:00,4914.75,4915.25,4913.5,4913.5,876.0,SYNTH-MES-A,1
2024-03-08 17:35:00+00:00,4913.5,4914.0,4913.25,4914.0,891.0,SYNTH-MES-A,1
2024-03-08 17:36:00+00:00,4914.0,4914.5,4913.5,4914.25,905.0,SYNTH-MES-A,1
2024-03-08 17:37:00+00:00,4914.25,4915.0,4914.25,4914.5,898.0,SYNTH-MES-A,1
2024-03-08 17:38:00+00:00,4914.5,4914.75,4911.25,4912.5,899.0,SYNTH-MES-A,1
2024-03-08 17:39:00+00:00,4912.5,4912.5,4910.75,4911.0,919.0,SYNTH-MES-A,1
2024-03-08 17:40:00+00:00,4911.0,4912.5,4910.5,4911.75,967.0,SYNTH-MES-A,1
2024-03-08 17:41:00+00:00,4911.75,4912.0,4908.0,4908.0,941.0,SYNTH-MES-A,1
2024-03-08 17:42:00+00:00,4908.0,4910.0,4907.75,4909.75,964.0,SYNTH-MES-A,1
2024-03-08 17:43:00+00:00,4909.75,4910.25,4908.25,4908.75,898.0,SYNTH-MES-A,1
2024-03-08 17:44:00+00:00,4908.75,4908.75,4906.75,4907.25,917.0,SYNTH-MES-A,1
2024-03-08 17:45:00+00:00,4907.25,4909.5,4907.25,4909.25,915.0,SYNTH-MES-A,1
2024-03-08 17:46:00+00:00,4909.25,4909.75,4906.5,4907.75,924.0,SYNTH-MES-A,1
2024-03-08 17:47:00+00:00,4907.75,4909.0,4907.5,4909.0,892.0,SYNTH-MES-A,1
2024-03-08 17:48:00+00:00,4909.0,4909.25,4907.75,4908.25,903.0,SYNTH-MES-A,1
2024-03-08 17:49:00+00:00,4908.25,4908.25,4907.0,4907.25,864.0,SYNTH-MES-A,1
2024-03-08 17:50:00+00:00,4907.25,4908.0,4905.25,4907.5,946.0,SYNTH-MES-A,1
2024-03-08 17:51:00+00:00,4907.5,4908.25,4905.5,4905.75,916.0,SYNTH-MES-A,1
2024-03-08 17:52:00+00:00,4905.75,4906.25,4904.75,4904.75,890.0,SYNTH-MES-A,1
2024-03-08 17:53:00+00:00,4904.75,4905.25,4902.75,4903.25,854.0,SYNTH-MES-A,1
2024-03-08 17:54:00+00:00,4903.25,4904.75,4903.25,4903.5,894.0,SYNTH-MES-A,1
2024-03-08 17:55:00+00:00,4903.5,4903.75,4899.75,4901.0,922.0,SYNTH-MES-A,1
2024-03-08 17:56:00+00:00,4901.0,4901.5,4897.25,4898.25,899.0,SYNTH-MES-A,1
2024-03-08 17:57:00+00:00,4898.25,4900.75,4898.0,4900.25,913.0,SYNTH-MES-A,1
2024-03-08 17:58:00+00:00,4900.25,4900.75,4900.25,4900.5,940.0,SYNTH-MES-A,1
2024-03-08 17:59:00+00:00,4900.5,4901.0,4899.75,4900.25,887.0,SYNTH-MES-A,1
2024-03-08 18:00:00+00:00,4900.25,4900.75,4897.5,4898.0,893.0,SYNTH-MES-A,1
2024-03-08 18:01:00+00:00,4898.0,4899.0,4897.75,4898.25,889.0,SYNTH-MES-A,1
2024-03-08 18:02:00+00:00,4898.25,4898.75,4897.0,4897.25,853.0,SYNTH-MES-A,1
2024-03-08 18:03:00+00:00,4897.25,4898.25,4894.0,4894.75,920.0,SYNTH-MES-A,1
2024-03-08 18:04:00+00:00,4894.75,4896.0,4893.75,4893.75,890.0,SYNTH-MES-A,1
2024-03-08 18:05:00+00:00,4893.75,4895.0,4893.75,4895.0,917.0,SYNTH-MES-A,1
2024-03-08 18:06:00+00:00,4895.0,4897.0,4894.25,4897.0,905.0,SYNTH-MES-A,1
2024-03-08 18:07:00+00:00,4897.0,4898.75,4895.0,4895.0,861.0,SYNTH-MES-A,1
2024-03-08 18:08:00+00:00,4895.0,4896.75,4894.75,4896.0,912.0,SYNTH-MES-A,1
2024-03-08 18:09:00+00:00,4896.0,4899.25,4895.75,4899.25,931.0,SYNTH-MES-A,1
2024-03-08 18:10:00+00:00,4899.25,4899.5,4898.0,4898.0,908.0,SYNTH-MES-A,1
2024-03-08 18:11:00+00:00,4898.0,4898.0,4897.5,4898.0,912.0,SYNTH-MES-A,1
2024-03-08 18:12:00+00:00,4898.0,4898.0,4896.25,4897.5,912.0,SYNTH-MES-A,1
2024-03-08 18:13:00+00:00,4897.5,4897.5,4895.25,4895.5,917.0,SYNTH-MES-A,1
2024-03-08 18:14:00+00:00,4895.5,4899.25,4894.75,4898.5,890.0,SYNTH-MES-A,1
2024-03-08 18:15:00+00:00,4898.5,4899.25,4898.0,4899.0,945.0,SYNTH-MES-A,1
2024-03-08 18:16:00+00:00,4899.0,4901.75,4899.0,4901.0,892.0,SYNTH-MES-A,1
2024-03-08 18:17:00+00:00,4901.0,4901.5,4900.25,4900.5,864.0,SYNTH-MES-A,1
2024-03-08 18:18:00+00:00,4900.5,4900.5,4900.25,4900.5,913.0,SYNTH-MES-A,1
2024-03-08 18:19:00+00:00,4900.5,4901.0,4899.75,4900.75,973.0,SYNTH-MES-A,1
2024-03-08 18:20:00+00:00,4900.75,4901.25,4900.25,4900.5,900.0,SYNTH-MES-A,1
2024-03-08 18:21:00+00:00,4900.5,4902.75,4900.25,4902.5,895.0,SYNTH-MES-A,1
2024-03-08 18:22:00+00:00,4902.5,4903.0,4901.5,4902.25,874.0,SYNTH-MES-A,1
2024-03-08 18:23:00+00:00,4902.25,4904.25,4901.75,4903.25,887.0,SYNTH-MES-A,1
2024-03-08 18:24:00+00:00,4903.25,4903.5,4901.25,4902.0,914.0,SYNTH-MES-A,1
2024-03-08 18:25:00+00:00,4902.0,4902.5,4902.0,4902.5,881.0,SYNTH-MES-A,1
2024-03-08 18:26:00+00:00,4902.5,4903.5,4902.5,4902.5,960.0,SYNTH-MES-A,1
2024-03-08 18:27:00+00:00,4902.5,4902.5,4901.75,4902.25,926.0,SYNTH-MES-A,1
2024-03-08 18:28:00+00:00,4902.25,4903.5,4902.25,4902.75,883.0,SYNTH-MES-A,1
2024-03-08 18:29:00+00:00,4902.75,4903.75,4901.25,4902.0,867.0,SYNTH-MES-A,1
2024-03-08 18:30:00+00:00,4902.0,4902.75,4901.0,4901.0,928.0,SYNTH-MES-A,1
2024-03-08 18:31:00+00:00,4901.0,4904.25,4900.75,4903.5,905.0,SYNTH-MES-A,1
2024-03-08 18:32:00+00:00,4903.5,4903.5,4902.5,4902.5,868.0,SYNTH-MES-A,1
2024-03-08 18:33:00+00:00,4902.5,4903.25,4901.5,4903.25,952.0,SYNTH-MES-A,1
2024-03-08 18:34:00+00:00,4903.25,4903.75,4902.25,4902.5,915.0,SYNTH-MES-A,1
2024-03-08 18:35:00+00:00,4902.5,4903.25,4900.25,4900.25,925.0,SYNTH-MES-A,1
2024-03-08 18:36:00+00:00,4900.25,4901.0,4899.75,4901.0,881.0,SYNTH-MES-A,1
2024-03-08 18:37:00+00:00,4901.0,4901.5,4899.75,4900.25,860.0,SYNTH-MES-A,1
2024-03-08 18:38:00+00:00,4900.25,4900.5,4899.75,4900.25,899.0,SYNTH-MES-A,1
2024-03-08 18:39:00+00:00,4900.25,4900.25,4898.0,4898.5,906.0,SYNTH-MES-A,1
2024-03-08 18:40:00+00:00,4898.5,4898.75,4895.0,4896.25,871.0,SYNTH-MES-A,1
2024-03-08 18:41:00+00:00,4896.25,4900.25,4896.0,4899.25,929.0,SYNTH-MES-A,1
2024-03-08 18:42:00+00:00,4899.25,4899.5,4898.25,4898.5,857.0,SYNTH-MES-A,1
2024-03-08 18:43:00+00:00,4898.5,4898.75,4898.0,4898.25,914.0,SYNTH-MES-A,1
2024-03-08 18:44:00+00:00,4898.25,4898.25,4897.0,4897.0,896.0,SYNTH-MES-A,1
2024-03-08 18:45:00+00:00,4897.0,4897.5,4896.5,4897.25,928.0,SYNTH-MES-A,1
2024-03-08 18:46:00+00:00,4897.25,4901.0,4897.0,4899.5,920.0,SYNTH-MES-A,1
2024-03-08 18:47:00+00:00,4899.5,4900.5,4898.5,4898.75,896.0,SYNTH-MES-A,1
2024-03-08 18:48:00+00:00,4898.75,4901.75,4898.0,4901.25,919.0,SYNTH-MES-A,1
2024-03-08 18:49:00+00:00,4901.25,4903.5,4901.0,4903.5,889.0,SYNTH-MES-A,1
2024-03-08 18:50:00+00:00,4903.5,4903.75,4902.25,4902.25,913.0,SYNTH-MES-A,1
2024-03-08 18:51:00+00:00,4902.25,4902.75,4900.5,4902.0,839.0,SYNTH-MES-A,1
2024-03-08 18:52:00+00:00,4902.0,4903.0,4900.75,4902.5,872.0,SYNTH-MES-A,1
2024-03-08 18:53:00+00:00,4902.5,4903.25,4899.5,4900.25,919.0,SYNTH-MES-A,1
2024-03-08 18:54:00+00:00,4900.25,4902.25,4900.25,4901.75,907.0,SYNTH-MES-A,1
2024-03-08 18:55:00+00:00,4901.75,4901.75,4899.25,4899.5,907.0,SYNTH-MES-A,1
2024-03-08 18:56:00+00:00,4899.5,4901.25,4899.25,4901.0,853.0,SYNTH-MES-A,1
2024-03-08 18:57:00+00:00,4901.0,4903.5,4899.75,4900.25,899.0,SYNTH-MES-A,1
2024-03-08 18:58:00+00:00,4900.25,4900.25,4899.75,4899.75,930.0,SYNTH-MES-A,1
2024-03-08 18:59:00+00:00,4899.75,4900.25,4898.25,4898.75,898.0,SYNTH-MES-A,1
2024-03-08 19:00:00+00:00,4898.75,4899.0,4898.25,4898.25,916.0,SYNTH-MES-A,1
2024-03-08 19:01:00+00:00,4898.25,4900.25,4898.0,4899.5,953.0,SYNTH-MES-A,1
2024-03-08 19:02:00+00:00,4899.5,4901.0,4899.0,4901.0,904.0,SYNTH-MES-A,1
2024-03-08 19:03:00+00:00,4901.0,4901.75,4897.0,4897.75,910.0,SYNTH-MES-A,1
2024-03-08 19:04:00+00:00,4897.75,4898.25,4895.5,4895.5,939.0,SYNTH-MES-A,1
2024-03-08 19:05:00+00:00,4895.5,4897.0,4894.75,4897.0,855.0,SYNTH-MES-A,1
2024-03-08 19:06:00+00:00,4897.0,4898.0,4896.25,4897.25,888.0,SYNTH-MES-A,1
2024-03-08 19:07:00+00:00,4897.25,4898.0,4894.5,4895.5,879.0,SYNTH-MES-A,1
2024-03-08 19:08:00+00:00,4895.5,4896.25,4893.75,4894.25,887.0,SYNTH-MES-A,1
2024-03-08 19:09:00+00:00,4894.25,4894.25,4893.0,4893.0,893.0,SYNTH-MES-A,1
2024-03-08 19:10:00+00:00,4893.0,4894.0,4892.5,4893.0,881.0,SYNTH-MES-A,1
2024-03-08 19:11:00+00:00,4893.0,4893.25,4892.75,4892.75,920.0,SYNTH-MES-A,1
2024-03-08 19:12:00+00:00,4892.75,4894.75,4892.25,4894.5,889.0,SYNTH-MES-A,1
2024-03-08 19:13:00+00:00,4894.5,4895.0,4893.0,4894.5,906.0,SYNTH-MES-A,1
2024-03-08 19:14:00+00:00,4894.5,4894.5,4891.5,4892.0,922.0,SYNTH-MES-A,1
2024-03-08 19:15:00+00:00,4892.0,4893.25,4891.25,4891.5,836.0,SYNTH-MES-A,1
2024-03-08 19:16:00+00:00,4891.5,4894.25,4891.0,4893.75,900.0,SYNTH-MES-A,1
2024-03-08 19:17:00+00:00,4893.75,4894.5,4893.5,4894.5,917.0,SYNTH-MES-A,1
2024-03-08 19:18:00+00:00,4894.5,4895.0,4892.0,4892.25,881.0,SYNTH-MES-A,1
2024-03-08 19:19:00+00:00,4892.25,4892.25,4892.25,4892.25,873.0,SYNTH-MES-A,1
2024-03-08 19:20:00+00:00,4892.25,4892.75,4892.0,4892.25,943.0,SYNTH-MES-A,1
2024-03-08 19:21:00+00:00,4892.25,4892.75,4891.25,4891.25,943.0,SYNTH-MES-A,1
2024-03-08 19:22:00+00:00,4891.25,4892.25,4890.0,4892.0,892.0,SYNTH-MES-A,1
2024-03-08 19:23:00+00:00,4892.0,4893.5,4889.25,4889.5,875.0,SYNTH-MES-A,1
2024-03-08 19:24:00+00:00,4889.5,4889.5,4888.25,4888.25,919.0,SYNTH-MES-A,1
2024-03-08 19:25:00+00:00,4888.25,4890.25,4888.25,4890.25,880.0,SYNTH-MES-A,1
2024-03-08 19:26:00+00:00,4890.25,4890.5,4889.75,4890.5,917.0,SYNTH-MES-A,1
2024-03-08 19:27:00+00:00,4890.5,4893.0,4890.25,4893.0,859.0,SYNTH-MES-A,1
2024-03-08 19:28:00+00:00,4893.0,4895.0,4892.25,4894.75,958.0,SYNTH-MES-A,1
2024-03-08 19:29:00+00:00,4894.75,4895.0,4894.0,4894.75,910.0,SYNTH-MES-A,1
2024-03-08 19:30:00+00:00,4894.75,4897.0,4894.25,4895.75,888.0,SYNTH-MES-A,1
2024-03-08 19:31:00+00:00,4895.75,4896.0,4894.5,4895.0,870.0,SYNTH-MES-A,1
2024-03-08 19:32:00+00:00,4895.0,4896.75,4894.75,4895.5,861.0,SYNTH-MES-A,1
2024-03-08 19:33:00+00:00,4895.5,4896.25,4895.0,4895.25,874.0,SYNTH-MES-A,1
2024-03-08 19:34:00+00:00,4895.25,4897.25,4894.75,4896.75,886.0,SYNTH-MES-A,1
2024-03-08 19:35:00+00:00,4896.75,4898.0,4896.75,4898.0,891.0,SYNTH-MES-A,1
2024-03-08 19:36:00+00:00,4898.0,4898.0,4896.75,4898.0,909.0,SYNTH-MES-A,1
2024-03-08 19:37:00+00:00,4898.0,4898.5,4893.75,4895.0,910.0,SYNTH-MES-A,1
2024-03-08 19:38:00+00:00,4895.0,4897.25,4894.75,4896.75,933.0,SYNTH-MES-A,1
2024-03-08 19:39:00+00:00,4896.75,4897.25,4894.5,4894.75,920.0,SYNTH-MES-A,1
2024-03-08 19:40:00+00:00,4894.75,4895.75,4894.0,4895.25,908.0,SYNTH-MES-A,1
2024-03-08 19:41:00+00:00,4895.25,4898.75,4895.25,4898.0,898.0,SYNTH-MES-A,1
2024-03-08 19:42:00+00:00,4898.0,4899.25,4897.5,4898.75,915.0,SYNTH-MES-A,1
2024-03-08 19:43:00+00:00,4898.75,4899.25,4895.5,4896.0,901.0,SYNTH-MES-A,1
2024-03-08 19:44:00+00:00,4896.0,4896.25,4894.0,4894.0,927.0,SYNTH-MES-A,1
2024-03-08 19:45:00+00:00,4894.0,4894.25,4893.25,4893.5,945.0,SYNTH-MES-A,1
2024-03-08 19:46:00+00:00,4893.5,4894.25,4892.75,4894.25,939.0,SYNTH-MES-A,1
2024-03-08 19:47:00+00:00,4894.25,4898.0,4894.0,4897.0,891.0,SYNTH-MES-A,1
2024-03-08 19:48:00+00:00,4897.0,4897.5,4896.75,4897.5,860.0,SYNTH-MES-A,1
2024-03-08 19:49:00+00:00,4897.5,4899.0,4897.25,4898.5,883.0,SYNTH-MES-A,1
2024-03-08 19:50:00+00:00,4898.5,4899.25,4893.0,4893.5,838.0,SYNTH-MES-A,1
2024-03-08 19:51:00+00:00,4893.5,4896.25,4893.0,4896.0,875.0,SYNTH-MES-A,1
2024-03-08 19:52:00+00:00,4896.0,4896.25,4894.0,4895.0,905.0,SYNTH-MES-A,1
2024-03-08 19:53:00+00:00,4895.0,4895.0,4894.0,4894.25,927.0,SYNTH-MES-A,1
2024-03-08 19:54:00+00:00,4894.25,4894.25,4894.0,4894.25,888.0,SYNTH-MES-A,1
2024-03-08 19:55:00+00:00,4894.25,4894.5,4894.0,4894.5,975.0,SYNTH-MES-A,1
2024-03-08 19:56:00+00:00,4894.5,4895.25,4893.0,4893.25,932.0,SYNTH-MES-A,1
2024-03-08 19:57:00+00:00,4893.25,4894.5,4892.25,4894.5,947.0,SYNTH-MES-A,1
2024-03-08 19:58:00+00:00,4894.5,4897.75,4894.0,4896.25,903.0,SYNTH-MES-A,1
2024-03-08 19:59:00+00:00,4896.25,4896.5,4896.25,4896.5,895.0,SYNTH-MES-A,1
2024-03-08 20:00:00+00:00,4896.5,4898.5,4896.0,4898.5,842.0,SYNTH-MES-A,1
2024-03-08 20:01:00+00:00,4898.5,4901.0,4897.0,4900.5,852.0,SYNTH-MES-A,1
2024-03-08 20:02:00+00:00,4900.5,4901.25,4898.75,4899.25,913.0,SYNTH-MES-A,1
2024-03-08 20:03:00+00:00,4899.25,4899.75,4898.75,4898.75,901.0,SYNTH-MES-A,1
2024-03-08 20:04:00+00:00,4898.75,4899.75,4898.0,4898.25,917.0,SYNTH-MES-A,1
2024-03-08 20:05:00+00:00,4898.25,4901.25,4897.75,4900.25,880.0,SYNTH-MES-A,1
2024-03-08 20:06:00+00:00,4900.25,4900.75,4899.5,4900.75,884.0,SYNTH-MES-A,1
2024-03-08 20:07:00+00:00,4900.75,4902.5,4900.5,4902.0,882.0,SYNTH-MES-A,1
2024-03-08 20:08:00+00:00,4902.0,4902.25,4900.25,4900.75,930.0,SYNTH-MES-A,1
2024-03-08 20:09:00+00:00,4900.75,4901.25,4900.75,4901.0,968.0,SYNTH-MES-A,1
2024-03-08 20:10:00+00:00,4901.0,4902.0,4900.25,4901.5,906.0,SYNTH-MES-A,1
2024-03-08 20:11:00+00:00,4901.5,4901.5,4899.75,4900.0,895.0,SYNTH-MES-A,1
2024-03-08 20:12:00+00:00,4900.0,4903.0,4899.5,4900.5,912.0,SYNTH-MES-A,1
2024-03-08 20:13:00+00:00,4900.5,4903.0,4899.25,4902.5,895.0,SYNTH-MES-A,1
2024-03-08 20:14:00+00:00,4902.5,4903.75,4902.25,4903.5,889.0,SYNTH-MES-A,1
2024-03-08 20:15:00+00:00,4903.5,4903.75,4902.75,4902.75,909.0,SYNTH-MES-A,1
2024-03-08 20:16:00+00:00,4902.75,4903.75,4900.25,4900.25,925.0,SYNTH-MES-A,1
2024-03-08 20:17:00+00:00,4900.25,4900.25,4900.0,4900.0,891.0,SYNTH-MES-A,1
2024-03-08 20:18:00+00:00,4900.0,4900.0,4898.25,4899.25,888.0,SYNTH-MES-A,1
2024-03-08 20:19:00+00:00,4899.25,4900.25,4898.5,4899.0,894.0,SYNTH-MES-A,1
2024-03-08 20:20:00+00:00,4899.0,4900.5,4898.5,4900.5,904.0,SYNTH-MES-A,1
2024-03-08 20:21:00+00:00,4900.5,4900.75,4900.0,4900.25,873.0,SYNTH-MES-A,1
2024-03-08 20:22:00+00:00,4900.25,4901.75,4900.0,4901.5,918.0,SYNTH-MES-A,1
2024-03-08 20:23:00+00:00,4901.5,4902.25,4901.5,4902.0,922.0,SYNTH-MES-A,1
2024-03-08 20:24:00+00:00,4902.0,4902.5,4900.75,4901.5,909.0,SYNTH-MES-A,1
2024-03-08 20:25:00+00:00,4901.5,4902.25,4901.0,4902.0,926.0,SYNTH-MES-A,1
2024-03-08 20:26:00+00:00,4902.0,4902.75,4899.25,4900.25,875.0,SYNTH-MES-A,1
2024-03-08 20:27:00+00:00,4900.25,4900.5,4899.0,4899.75,892.0,SYNTH-MES-A,1
2024-03-08 20:28:00+00:00,4899.75,4900.5,4897.75,4898.0,912.0,SYNTH-MES-A,1
2024-03-08 20:29:00+00:00,4898.0,4898.75,4897.25,4898.75,914.0,SYNTH-MES-A,1
2024-03-08 20:30:00+00:00,4898.75,4899.75,4898.75,4899.0,876.0,SYNTH-MES-A,1
2024-03-08 20:31:00+00:00,4899.0,4899.25,4898.25,4898.5,875.0,SYNTH-MES-A,1
2024-03-08 20:32:00+00:00,4898.5,4899.25,4898.5,4898.75,954.0,SYNTH-MES-A,1
2024-03-08 20:33:00+00:00,4898.75,4900.25,4898.75,4898.75,884.0,SYNTH-MES-A,1
2024-03-08 20:34:00+00:00,4898.75,4899.5,4896.75,4897.5,843.0,SYNTH-MES-A,1
2024-03-08 20:35:00+00:00,4897.5,4897.5,4894.5,4895.0,890.0,SYNTH-MES-A,1
2024-03-08 20:36:00+00:00,4895.0,4895.75,4894.5,4895.5,855.0,SYNTH-MES-A,1
2024-03-08 20:37:00+00:00,4895.5,4897.0,4894.5,4897.0,896.0,SYNTH-MES-A,1
2024-03-08 20:38:00+00:00,4897.0,4897.0,4896.75,4897.0,884.0,SYNTH-MES-A,1
2024-03-08 20:39:00+00:00,4897.0,4897.25,4896.0,4896.5,952.0,SYNTH-MES-A,1
2024-03-08 20:40:00+00:00,4896.5,4899.0,4896.25,4896.75,895.0,SYNTH-MES-A,1
2024-03-08 20:41:00+00:00,4896.75,4897.25,4895.0,4895.75,893.0,SYNTH-MES-A,1
2024-03-08 20:42:00+00:00,4895.75,4896.5,4895.5,4895.75,904.0,SYNTH-MES-A,1
2024-03-08 20:43:00+00:00,4895.75,4896.25,4893.5,4893.75,940.0,SYNTH-MES-A,1
2024-03-08 20:44:00+00:00,4893.75,4895.5,4893.25,4895.25,896.0,SYNTH-MES-A,1
2024-03-08 20:45:00+00:00,4895.25,4896.75,4895.25,4896.5,825.0,SYNTH-MES-A,1
2024-03-08 20:46:00+00:00,4896.5,4897.25,4896.0,4896.75,885.0,SYNTH-MES-A,1
2024-03-08 20:47:00+00:00,4896.75,4898.5,4893.75,4897.75,884.0,SYNTH-MES-A,1
2024-03-08 20:48:00+00:00,4897.75,4898.0,4896.5,4896.5,893.0,SYNTH-MES-A,1
2024-03-08 20:49:00+00:00,4896.5,4896.5,4896.5,4896.5,926.0,SYNTH-MES-A,1
2024-03-08 20:50:00+00:00,4896.5,4897.25,4896.25,4896.5,912.0,SYNTH-MES-A,1
2024-03-08 20:51:00+00:00,4896.5,4898.25,4895.0,4897.0,834.0,SYNTH-MES-A,1
2024-03-08 20:52:00+00:00,4897.0,4897.5,4897.0,4897.5,900.0,SYNTH-MES-A,1
2024-03-08 20:53:00+00:00,4897.5,4899.0,4896.75,4898.75,897.0,SYNTH-MES-A,1
2024-03-08 20:54:00+00:00,4898.75,4900.0,4898.5,4899.25,936.0,SYNTH-MES-A,1
2024-03-08 20:55:00+00:00,4899.25,4901.5,4897.75,4898.0,898.0,SYNTH-MES-A,1
2024-03-08 20:56:00+00:00,4898.0,4898.5,4896.25,4897.25,852.0,SYNTH-MES-A,1
2024-03-08 20:57:00+00:00,4897.25,4901.25,4896.75,4900.0,901.0,SYNTH-MES-A,1
2024-03-08 20:58:00+00:00,4900.0,4900.25,4897.25,4897.25,872.0,SYNTH-MES-A,1
2024-03-08 20:59:00+00:00,4897.25,4898.5,4897.0,4898.5,918.0,SYNTH-MES-A,1
2024-03-08 21:00:00+00:00,4898.5,4898.5,4898.0,4898.25,202.0,SYNTH-MES-A,1
2024-03-08 21:01:00+00:00,4898.25,4899.5,4898.25,4899.25,221.0,SYNTH-MES-A,1
2024-03-08 21:02:00+00:00,4899.25,4900.25,4897.0,4898.25,196.0,SYNTH-MES-A,1
2024-03-08 21:03:00+00:00,4898.25,4899.0,4897.75,4898.0,182.0,SYNTH-MES-A,1
2024-03-08 21:04:00+00:00,4898.0,4899.0,4897.25,4899.0,192.0,SYNTH-MES-A,1
2024-03-08 21:05:00+00:00,4899.0,4899.75,4897.75,4898.25,201.0,SYNTH-MES-A,1
2024-03-08 21:06:00+00:00,4898.25,4899.5,4898.25,4899.0,184.0,SYNTH-MES-A,1
2024-03-08 21:07:00+00:00,4899.0,4899.0,4898.5,4898.5,193.0,SYNTH-MES-A,1
2024-03-08 21:08:00+00:00,4898.5,4898.75,4898.5,4898.5,199.0,SYNTH-MES-A,1
2024-03-08 21:09:00+00:00,4898.5,4898.5,4898.0,4898.0,192.0,SYNTH-MES-A,1
2024-03-08 21:10:00+00:00,4898.0,4898.25,4897.75,4898.0,187.0,SYNTH-MES-A,1
2024-03-08 21:11:00+00:00,4898.0,4898.75,4897.75,4898.75,190.0,SYNTH-MES-A,1
2024-03-08 21:12:00+00:00,4898.75,4899.75,4898.5,4899.75,210.0,SYNTH-MES-A,1
2024-03-08 21:13:00+00:00,4899.75,4900.25,4899.0,4899.5,194.0,SYNTH-MES-A,1
2024-03-08 21:14:00+00:00,4899.5,4900.25,4899.0,4900.0,212.0,SYNTH-MES-A,1
2024-03-08 21:15:00+00:00,4900.0,4901.25,4899.75,4901.25,198.0,SYNTH-MES-A,1
2024-03-08 21:16:00+00:00,4901.25,4902.0,4901.0,4901.5,213.0,SYNTH-MES-A,1
2024-03-08 21:17:00+00:00,4901.5,4902.25,4901.5,4902.0,200.0,SYNTH-MES-A,1
2024-03-08 21:18:00+00:00,4902.0,4902.25,4900.75,4900.75,200.0,SYNTH-MES-A,1
2024-03-08 21:19:00+00:00,4900.75,4900.75,4900.0,4900.5,204.0,SYNTH-MES-A,1
2024-03-08 21:20:00+00:00,4900.5,4900.75,4900.0,4900.25,163.0,SYNTH-MES-A,1
2024-03-08 21:21:00+00:00,4900.25,4900.25,4899.25,4899.5,218.0,SYNTH-MES-A,1
2024-03-08 21:22:00+00:00,4899.5,4899.5,4899.5,4899.5,168.0,SYNTH-MES-A,1
2024-03-08 21:23:00+00:00,4899.5,4899.5,4898.75,4899.0,173.0,SYNTH-MES-A,1
2024-03-08 21:24:00+00:00,4899.0,4899.75,4897.5,4898.0,204.0,SYNTH-MES-A,1
2024-03-08 21:25:00+00:00,4898.0,4899.0,4897.75,4898.75,204.0,SYNTH-MES-A,1
2024-03-08 21:26:00+00:00,4898.75,4898.75,4898.5,4898.75,218.0,SYNTH-MES-A,1
2024-03-08 21:27:00+00:00,4898.75,4899.25,4898.0,4899.0,206.0,SYNTH-MES-A,1
2024-03-08 21:28:00+00:00,4899.0,4899.25,4899.0,4899.25,207.0,SYNTH-MES-A,1
2024-03-08 21:29:00+00:00,4899.25,4900.75,4899.25,4900.5,224.0,SYNTH-MES-A,1
2024-03-08 21:30:00+00:00,4900.5,4902.5,4900.25,4901.75,217.0,SYNTH-MES-A,1
2024-03-08 21:31:00+00:00,4901.75,4901.75,4900.5,4900.75,181.0,SYNTH-MES-A,1
2024-03-08 21:32:00+00:00,4900.75,4901.25,4900.75,4900.75,221.0,SYNTH-MES-A,1
2024-03-08 21:33:00+00:00,4900.75,4901.5,4900.5,4900.5,200.0,SYNTH-MES-A,1
2024-03-08 21:34:00+00:00,4900.5,4901.25,4899.75,4900.5,214.0,SYNTH-MES-A,1
2024-03-08 21:35:00+00:00,4900.5,4900.5,4900.0,4900.0,178.0,SYNTH-MES-A,1
2024-03-08 21:36:00+00:00,4900.0,4900.75,4899.0,4900.75,180.0,SYNTH-MES-A,1
2024-03-08 21:37:00+00:00,4900.75,4900.75,4899.25,4899.75,197.0,SYNTH-MES-A,1
2024-03-08 21:38:00+00:00,4899.75,4901.75,4899.75,4901.5,187.0,SYNTH-MES-A,1
2024-03-08 21:39:00+00:00,4901.5,4901.75,4900.25,4900.75,208.0,SYNTH-MES-A,1
2024-03-08 21:40:00+00:00,4900.75,4900.75,4899.75,4899.75,227.0,SYNTH-MES-A,1
2024-03-08 21:41:00+00:00,4899.75,4900.5,4899.75,4899.75,211.0,SYNTH-MES-A,1
2024-03-08 21:42:00+00:00,4899.75,4900.5,4899.25,4899.25,212.0,SYNTH-MES-A,1
2024-03-08 21:43:00+00:00,4899.25,4900.0,4897.75,4899.75,206.0,SYNTH-MES-A,1
2024-03-08 21:44:00+00:00,4899.75,4900.0,4898.75,4898.75,184.0,SYNTH-MES-A,1
2024-03-08 21:45:00+00:00,4898.75,4900.25,4898.25,4900.0,183.0,SYNTH-MES-A,1
2024-03-08 21:46:00+00:00,4900.0,4900.75,4900.0,4900.75,176.0,SYNTH-MES-A,1
2024-03-08 21:47:00+00:00,4900.75,4901.25,4900.25,4900.5,197.0,SYNTH-MES-A,1
2024-03-08 21:48:00+00:00,4900.5,4901.75,4900.25,4901.5,190.0,SYNTH-MES-A,1
2024-03-08 21:49:00+00:00,4901.5,4903.75,4901.25,4903.0,189.0,SYNTH-MES-A,1
2024-03-08 21:50:00+00:00,4903.0,4903.0,4901.5,4901.5,212.0,SYNTH-MES-A,1
2024-03-08 21:51:00+00:00,4901.5,4902.25,4901.25,4902.25,207.0,SYNTH-MES-A,1
2024-03-08 21:52:00+00:00,4902.25,4902.5,4902.0,4902.0,219.0,SYNTH-MES-A,1
2024-03-08 21:53:00+00:00,4902.0,4902.25,4899.25,4900.5,203.0,SYNTH-MES-A,1
2024-03-08 21:54:00+00:00,4900.5,4902.25,4900.5,4901.75,182.0,SYNTH-MES-A,1
2024-03-08 21:55:00+00:00,4901.75,4901.75,4901.0,4901.25,205.0,SYNTH-MES-A,1
2024-03-08 21:56:00+00:00,4901.25,4902.75,4901.0,4901.75,184.0,SYNTH-MES-A,1
2024-03-08 21:57:00+00:00,4901.75,4902.0,4901.75,4901.75,217.0,SYNTH-MES-A,1
2024-03-08 21:58:00+00:00,4901.75,4902.75,4901.75,4902.0,199.0,SYNTH-MES-A,1
2024-03-08 21:59:00+00:00,4902.0,4902.5,4902.0,4902.5,215.0,SYNTH-MES-A,1
2024-03-10 22:00:00+00:00,4902.5,4902.75,4902.0,4902.0,226.0,SYNTH-MES-A,1
2024-03-10 22:01:00+00:00,4902.0,4902.25,4901.0,4901.0,184.0,SYNTH-MES-A,1
2024-03-10 22:02:00+00:00,4901.0,4902.5,4900.75,4902.0,205.0,SYNTH-MES-A,1
2024-03-10 22:03:00+00:00,4902.0,4902.0,4899.75,4900.25,185.0,SYNTH-MES-A,1
2024-03-10 22:04:00+00:00,4900.25,4900.5,4898.75,4899.25,197.0,SYNTH-MES-A,1
2024-03-10 22:05:00+00:00,4899.25,4899.25,4899.0,4899.0,205.0,SYNTH-MES-A,1
2024-03-10 22:06:00+00:00,4899.0,4899.25,4898.25,4898.5,206.0,SYNTH-MES-A,1
2024-03-10 22:07:00+00:00,4898.5,4898.5,4897.5,4897.75,218.0,SYNTH-MES-A,1
2024-03-10 22:08:00+00:00,4897.75,4897.75,4896.5,4896.75,192.0,SYNTH-MES-A,1
2024-03-10 22:09:00+00:00,4896.75,4898.0,4896.5,4898.0,208.0,SYNTH-MES-A,1
2024-03-10 22:10:00+00:00,4898.0,4898.25,4898.0,4898.0,224.0,SYNTH-MES-A,1
2024-03-10 22:11:00+00:00,4898.0,4898.0,4897.0,4897.25,197.0,SYNTH-MES-A,1
2024-03-10 22:12:00+00:00,4897.25,4897.75,4897.25,4897.75,219.0,SYNTH-MES-A,1
2024-03-10 22:13:00+00:00,4897.75,4898.75,4897.5,4898.5,211.0,SYNTH-MES-A,1
2024-03-10 22:14:00+00:00,4898.5,4899.0,4897.5,4897.75,193.0,SYNTH-MES-A,1
2024-03-10 22:15:00+00:00,4897.75,4898.5,4897.5,4897.5,197.0,SYNTH-MES-A,1
2024-03-10 22:16:00+00:00,4897.5,4898.75,4897.25,4898.25,199.0,SYNTH-MES-A,1
2024-03-10 22:17:00+00:00,4898.25,4899.5,4898.25,4899.25,202.0,SYNTH-MES-A,1
2024-03-10 22:18:00+00:00,4899.25,4900.5,4899.0,4900.25,194.0,SYNTH-MES-A,1
2024-03-10 22:19:00+00:00,4900.25,4900.5,4900.0,4900.5,214.0,SYNTH-MES-A,1
2024-03-10 22:20:00+00:00,4900.5,4901.25,4900.25,4900.5,198.0,SYNTH-MES-A,1
2024-03-10 22:21:00+00:00,4900.5,4900.75,4900.25,4900.5,203.0,SYNTH-MES-A,1
2024-03-10 22:22:00+00:00,4900.5,4900.75,4899.75,4899.75,217.0,SYNTH-MES-A,1
2024-03-10 22:23:00+00:00,4899.75,4901.0,4899.75,4900.75,195.0,SYNTH-MES-A,1
2024-03-10 22:24:00+00:00,4900.75,4901.5,4900.75,4901.25,199.0,SYNTH-MES-A,1
2024-03-10 22:25:00+00:00,4901.25,4901.5,4900.5,4900.75,183.0,SYNTH-MES-A,1
2024-03-10 22:26:00+00:00,4900.75,4900.75,4900.25,4900.5,209.0,SYNTH-MES-A,1
2024-03-10 22:27:00+00:00,4900.5,4900.75,4900.25,4900.5,182.0,SYNTH-MES-A,1
2024-03-10 22:28:00+00:00,4900.5,4901.0,4900.25,4900.5,215.0,SYNTH-MES-A,1
2024-03-10 22:29:00+00:00,4900.5,4901.75,4900.25,4901.5,211.0,SYNTH-MES-A,1
2024-03-10 22:30:00+00:00,4901.5,4902.0,4901.0,4901.75,227.0,SYNTH-MES-A,1
2024-03-10 22:31:00+00:00,4901.75,4902.25,4900.75,4901.75,205.0,SYNTH-MES-A,1
2024-03-10 22:32:00+00:00,4901.75,4901.75,4901.25,4901.5,231.0,SYNTH-MES-A,1
2024-03-10 22:33:00+00:00,4901.5,4901.75,4901.0,4901.0,189.0,SYNTH-MES-A,1
2024-03-10 22:34:00+00:00,4901.0,4902.25,4901.0,4902.25,201.0,SYNTH-MES-A,1
2024-03-10 22:35:00+00:00,4902.25,4902.75,4902.0,4902.25,207.0,SYNTH-MES-A,1
2024-03-10 22:36:00+00:00,4902.25,4903.5,4901.5,4901.75,174.0,SYNTH-MES-A,1
2024-03-10 22:37:00+00:00,4901.75,4902.0,4900.0,4900.25,202.0,SYNTH-MES-A,1
2024-03-10 22:38:00+00:00,4900.25,4900.75,4900.25,4900.5,221.0,SYNTH-MES-A,1
2024-03-10 22:39:00+00:00,4900.5,4901.25,4900.25,4900.25,212.0,SYNTH-MES-A,1
2024-03-10 22:40:00+00:00,4900.25,4900.5,4899.25,4899.5,213.0,SYNTH-MES-A,1
2024-03-10 22:41:00+00:00,4899.5,4900.75,4899.5,4900.0,207.0,SYNTH-MES-A,1
2024-03-10 22:42:00+00:00,4900.0,4900.25,4899.0,4899.75,207.0,SYNTH-MES-A,1
2024-03-10 22:43:00+00:00,4899.75,4900.5,4899.5,4900.25,217.0,SYNTH-MES-A,1
2024-03-10 22:44:00+00:00,4900.25,4901.0,4900.25,4900.5,179.0,SYNTH-MES-A,1
2024-03-10 22:45:00+00:00,4900.5,4901.5,4900.0,4901.0,210.0,SYNTH-MES-A,1
2024-03-10 22:46:00+00:00,4901.0,4902.5,4900.75,4901.75,203.0,SYNTH-MES-A,1
2024-03-10 22:47:00+00:00,4901.75,4903.5,4901.5,4903.5,234.0,SYNTH-MES-A,1
2024-03-10 22:48:00+00:00,4903.5,4904.25,4903.5,4904.0,172.0,SYNTH-MES-A,1
2024-03-10 22:49:00+00:00,4904.0,4904.75,4903.75,4904.25,214.0,SYNTH-MES-A,1
2024-03-10 22:50:00+00:00,4904.25,4905.25,4903.25,4905.0,226.0,SYNTH-MES-A,1
2024-03-10 22:51:00+00:00,4905.0,4905.25,4904.75,4904.75,192.0,SYNTH-MES-A,1
2024-03-10 22:52:00+00:00,4904.75,4904.75,4903.5,4904.0,191.0,SYNTH-MES-A,1
2024-03-10 22:53:00+00:00,4904.0,4904.25,4903.25,4903.5,214.0,SYNTH-MES-A,1
2024-03-10 22:54:00+00:00,4903.5,4904.0,4903.5,4904.0,192.0,SYNTH-MES-A,1
2024-03-10 22:55:00+00:00,4904.0,4904.0,4902.75,4903.0,191.0,SYNTH-MES-A,1
2024-03-10 22:56:00+00:00,4903.0,4903.0,4901.25,4902.25,204.0,SYNTH-MES-A,1
2024-03-10 22:57:00+00:00,4902.25,4902.75,4901.5,4902.25,211.0,SYNTH-MES-A,1
2024-03-10 22:58:00+00:00,4902.25,4903.25,4902.25,4902.25,207.0,SYNTH-MES-A,1
2024-03-10 22:59:00+00:00,4902.25,4902.5,4900.25,4901.0,209.0,SYNTH-MES-A,1
2024-03-10 23:00:00+00:00,4901.0,4901.5,4900.75,4901.5,187.0,SYNTH-MES-A,1
2024-03-10 23:01:00+00:00,4901.5,4901.75,4900.75,4901.0,209.0,SYNTH-MES-A,1
2024-03-10 23:02:00+00:00,4901.0,4901.5,4900.75,4901.5,211.0,SYNTH-MES-A,1
2024-03-10 23:03:00+00:00,4901.5,4901.5,4900.75,4900.75,228.0,SYNTH-MES-A,1
2024-03-10 23:04:00+00:00,4900.75,4900.75,4899.75,4900.25,196.0,SYNTH-MES-A,1
2024-03-10 23:05:00+00:00,4900.25,4900.75,4900.0,4900.5,179.0,SYNTH-MES-A,1
2024-03-10 23:06:00+00:00,4900.5,4900.5,4899.5,4900.0,193.0,SYNTH-MES-A,1
2024-03-10 23:07:00+00:00,4900.0,4900.25,4899.0,4899.75,210.0,SYNTH-MES-A,1
2024-03-10 23:08:00+00:00,4899.75,4900.0,4899.25,4899.5,201.0,SYNTH-MES-A,1
2024-03-10 23:09:00+00:00,4899.5,4900.5,4899.25,4900.0,195.0,SYNTH-MES-A,1
2024-03-10 23:10:00+00:00,4900.0,4901.25,4900.0,4900.5,210.0,SYNTH-MES-A,1
2024-03-10 23:11:00+00:00,4900.5,4900.75,4900.25,4900.25,187.0,SYNTH-MES-A,1
2024-03-10 23:12:00+00:00,4900.25,4900.75,4899.25,4899.25,193.0,SYNTH-MES-A,1
2024-03-10 23:13:00+00:00,4899.25,4899.5,4898.0,4898.5,183.0,SYNTH-MES-A,1
2024-03-10 23:14:00+00:00,4898.5,4899.0,4897.25,4897.5,227.0,SYNTH-MES-A,1
2024-03-10 23:15:00+00:00,4897.5,4897.75,4897.5,4897.5,189.0,SYNTH-MES-A,1
2024-03-10 23:16:00+00:00,4897.5,4897.5,4897.0,4897.0,173.0,SYNTH-MES-A,1
2024-03-10 23:17:00+00:00,4897.0,4898.25,4896.75,4898.25,210.0,SYNTH-MES-A,1
2024-03-10 23:18:00+00:00,4898.25,4899.0,4897.75,4898.5,185.0,SYNTH-MES-A,1
2024-03-10 23:19:00+00:00,4898.5,4898.5,4897.0,4897.5,217.0,SYNTH-MES-A,1
2024-03-10 23:20:00+00:00,4897.5,4897.5,4896.5,4896.75,210.0,SYNTH-MES-A,1
2024-03-10 23:21:00+00:00,4896.75,4898.5,4896.75,4898.5,194.0,SYNTH-MES-A,1
2024-03-10 23:22:00+00:00,4898.5,4898.5,4898.0,4898.0,199.0,SYNTH-MES-A,1
2024-03-10 23:23:00+00:00,4898.0,4898.0,4897.25,4898.0,210.0,SYNTH-MES-A,1
2024-03-10 23:24:00+00:00,4898.0,4898.25,4897.75,4898.0,203.0,SYNTH-MES-A,1
2024-03-10 23:25:00+00:00,4898.0,4899.0,4897.5,4898.75,208.0,SYNTH-MES-A,1
2024-03-10 23:26:00+00:00,4898.75,4899.25,4898.75,4898.75,204.0,SYNTH-MES-A,1
2024-03-10 23:27:00+00:00,4898.75,4899.0,4897.5,4898.0,191.0,SYNTH-MES-A,1
2024-03-10 23:28:00+00:00,4898.0,4898.25,4898.0,4898.0,207.0,SYNTH-MES-A,1
2024-03-10 23:29:00+00:00,4898.0,4899.0,4898.0,4898.75,180.0,SYNTH-MES-A,1
2024-03-10 23:30:00+00:00,4898.75,4898.75,4898.5,4898.75,190.0,SYNTH-MES-A,1
2024-03-10 23:31:00+00:00,4898.75,4899.0,4898.0,4898.25,194.0,SYNTH-MES-A,1
2024-03-10 23:32:00+00:00,4898.25,4899.0,4898.25,4898.75,213.0,SYNTH-MES-A,1
2024-03-10 23:33:00+00:00,4898.75,4899.0,4897.5,4897.5,189.0,SYNTH-MES-A,1
2024-03-10 23:34:00+00:00,4897.5,4897.5,4896.5,4897.25,220.0,SYNTH-MES-A,1
2024-03-10 23:35:00+00:00,4897.25,4899.0,4897.25,4898.75,205.0,SYNTH-MES-A,1
2024-03-10 23:36:00+00:00,4898.75,4899.75,4898.5,4899.75,187.0,SYNTH-MES-A,1
2024-03-10 23:37:00+00:00,4899.75,4900.0,4899.5,4899.75,190.0,SYNTH-MES-A,1
2024-03-10 23:38:00+00:00,4899.75,4900.0,4899.75,4900.0,204.0,SYNTH-MES-A,1
2024-03-10 23:39:00+00:00,4900.0,4900.0,4899.75,4900.0,214.0,SYNTH-MES-A,1
2024-03-10 23:40:00+00:00,4900.0,4900.75,4899.5,4900.5,191.0,SYNTH-MES-A,1
2024-03-10 23:41:00+00:00,4900.5,4901.5,4900.0,4901.25,204.0,SYNTH-MES-A,1
2024-03-10 23:42:00+00:00,4901.25,4901.75,4901.0,4901.5,192.0,SYNTH-MES-A,1
2024-03-10 23:43:00+00:00,4901.5,4901.5,4901.0,4901.5,188.0,SYNTH-MES-A,1
2024-03-10 23:44:00+00:00,4901.5,4902.75,4901.0,4901.5,188.0,SYNTH-MES-A,1
2024-03-10 23:45:00+00:00,4901.5,4902.25,4901.5,4902.25,215.0,SYNTH-MES-A,1
2024-03-10 23:46:00+00:00,4902.25,4902.75,4902.0,4902.5,218.0,SYNTH-MES-A,1
2024-03-10 23:47:00+00:00,4902.5,4902.75,4902.0,4902.0,210.0,SYNTH-MES-A,1
2024-03-10 23:48:00+00:00,4902.0,4902.25,4901.0,4901.25,207.0,SYNTH-MES-A,1
2024-03-10 23:49:00+00:00,4901.25,4901.5,4900.25,4900.75,197.0,SYNTH-MES-A,1
2024-03-10 23:50:00+00:00,4900.75,4902.25,4900.75,4901.75,211.0,SYNTH-MES-A,1
2024-03-10 23:51:00+00:00,4901.75,4902.0,4901.5,4901.75,188.0,SYNTH-MES-A,1
2024-03-10 23:52:00+00:00,4901.75,4902.25,4901.75,4902.25,205.0,SYNTH-MES-A,1
2024-03-10 23:53:00+00:00,4902.25,4902.25,4901.5,4902.0,208.0,SYNTH-MES-A,1
2024-03-10 23:54:00+00:00,4902.0,4902.25,4901.0,4901.5,182.0,SYNTH-MES-A,1
2024-03-10 23:55:00+00:00,4901.5,4902.0,4900.0,4900.5,205.0,SYNTH-MES-A,1
2024-03-10 23:56:00+00:00,4900.5,4900.5,4900.25,4900.5,183.0,SYNTH-MES-A,1
2024-03-10 23:57:00+00:00,4900.5,4900.75,4900.25,4900.5,161.0,SYNTH-MES-A,1
2024-03-10 23:58:00+00:00,4900.5,4900.5,4899.5,4899.5,197.0,SYNTH-MES-A,1
2024-03-10 23:59:00+00:00,4899.5,4899.75,4899.25,4899.25,201.0,SYNTH-MES-A,1
2024-03-11 00:00:00+00:00,4899.25,4900.75,4899.25,4900.5,197.0,SYNTH-MES-A,1
2024-03-11 00:01:00+00:00,4900.5,4901.25,4900.0,4901.25,211.0,SYNTH-MES-A,1
2024-03-11 00:02:00+00:00,4901.25,4901.25,4901.25,4901.25,203.0,SYNTH-MES-A,1
2024-03-11 00:03:00+00:00,4901.25,4901.75,4899.0,4899.25,190.0,SYNTH-MES-A,1
2024-03-11 00:04:00+00:00,4899.25,4899.5,4899.0,4899.25,201.0,SYNTH-MES-A,1
2024-03-11 00:05:00+00:00,4899.25,4899.25,4898.5,4898.75,204.0,SYNTH-MES-A,1
2024-03-11 00:06:00+00:00,4898.75,4899.25,4898.5,4898.75,190.0,SYNTH-MES-A,1
2024-03-11 00:07:00+00:00,4898.75,4898.75,4897.5,4898.0,187.0,SYNTH-MES-A,1
2024-03-11 00:08:00+00:00,4898.0,4898.5,4898.0,4898.0,202.0,SYNTH-MES-A,1
2024-03-11 00:09:00+00:00,4898.0,4898.5,4897.75,4898.5,217.0,SYNTH-MES-A,1
2024-03-11 00:10:00+00:00,4898.5,4899.0,4897.25,4897.5,204.0,SYNTH-MES-A,1
2024-03-11 00:11:00+00:00,4897.5,4897.75,4897.25,4897.5,186.0,SYNTH-MES-A,1
2024-03-11 00:12:00+00:00,4897.5,4897.75,4897.25,4897.5,222.0,SYNTH-MES-A,1
2024-03-11 00:13:00+00:00,4897.5,4897.75,4896.75,4897.0,194.0,SYNTH-MES-A,1
2024-03-11 00:14:00+00:00,4897.0,4897.25,4896.75,4897.0,210.0,SYNTH-MES-A,1
2024-03-11 00:15:00+00:00,4897.0,4897.75,4896.75,4897.75,211.0,SYNTH-MES-A,1
2024-03-11 00:16:00+00:00,4897.75,4898.0,4897.25,4898.0,223.0,SYNTH-MES-A,1
2024-03-11 00:17:00+00:00,4898.0,4898.25,4897.75,4897.75,232.0,SYNTH-MES-A,1
2024-03-11 00:18:00+00:00,4897.75,4899.25,4897.5,4899.0,207.0,SYNTH-MES-A,1
2024-03-11 00:19:00+00:00,4899.0,4899.25,4898.75,4898.75,212.0,SYNTH-MES-A,1
2024-03-11 00:20:00+00:00,4898.75,4899.0,4898.75,4898.75,188.0,SYNTH-MES-A,1
2024-03-11 00:21:00+00:00,4898.75,4898.75,4897.75,4897.75,192.0,SYNTH-MES-A,1
2024-03-11 00:22:00+00:00,4897.75,4899.5,4896.5,4899.5,203.0,SYNTH-MES-A,1
2024-03-11 00:23:00+00:00,4899.5,4900.0,4898.0,4898.25,195.0,SYNTH-MES-A,1
2024-03-11 00:24:00+00:00,4898.25,4899.0,4898.0,4899.0,232.0,SYNTH-MES-A,1
2024-03-11 00:25:00+00:00,4899.0,4899.5,4899.0,4899.0,176.0,SYNTH-MES-A,1
2024-03-11 00:26:00+00:00,4899.0,4900.0,4899.0,4899.5,179.0,SYNTH-MES-A,1
2024-03-11 00:27:00+00:00,4899.5,4899.5,4898.75,4898.75,216.0,SYNTH-MES-A,1
2024-03-11 00:28:00+00:00,4898.75,4898.75,4898.5,4898.75,202.0,SYNTH-MES-A,1
2024-03-11 00:29:00+00:00,4898.75,4900.25,4898.75,4900.25,190.0,SYNTH-MES-A,1
2024-03-11 00:30:00+00:00,4900.25,4900.5,4899.25,4899.5,195.0,SYNTH-MES-A,1
2024-03-11 00:31:00+00:00,4899.5,4900.5,4899.25,4900.25,204.0,SYNTH-MES-A,1
2024-03-11 00:32:00+00:00,4900.25,4902.0,4900.0,4901.0,236.0,SYNTH-MES-A,1
2024-03-11 00:33:00+00:00,4901.0,4901.5,4900.75,4901.25,199.0,SYNTH-MES-A,1
2024-03-11 00:34:00+00:00,4901.25,4901.25,4900.0,4900.5,217.0,SYNTH-MES-A,1
2024-03-11 00:35:00+00:00,4900.5,4901.0,4899.5,4899.75,213.0,SYNTH-MES-A,1
2024-03-11 00:36:00+00:00,4899.75,4901.0,4899.75,4900.5,203.0,SYNTH-MES-A,1
2024-03-11 00:37:00+00:00,4900.5,4901.25,4900.5,4901.25,208.0,SYNTH-MES-A,1
2024-03-11 00:38:00+00:00,4901.25,4901.5,4901.0,4901.25,214.0,SYNTH-MES-A,1
2024-03-11 00:39:00+00:00,4901.25,4901.5,4900.5,4900.5,217.0,SYNTH-MES-A,1
2024-03-11 00:40:00+00:00,4900.5,4900.75,4899.75,4899.75,218.0,SYNTH-MES-A,1
2024-03-11 00:41:00+00:00,4899.75,4900.25,4899.25,4900.0,224.0,SYNTH-MES-A,1
2024-03-11 00:42:00+00:00,4900.0,4900.5,4900.0,4900.25,169.0,SYNTH-MES-A,1
2024-03-11 00:43:00+00:00,4900.25,4900.5,4899.5,4900.0,206.0,SYNTH-MES-A,1
2024-03-11 00:44:00+00:00,4900.0,4900.75,4899.25,4900.75,218.0,SYNTH-MES-A,1
2024-03-11 00:45:00+00:00,4900.75,4900.75,4900.0,4900.0,183.0,SYNTH-MES-A,1
2024-03-11 00:46:00+00:00,4900.0,4900.5,4899.5,4899.5,190.0,SYNTH-MES-A,1
2024-03-11 00:47:00+00:00,4899.5,4900.0,4899.0,4899.5,181.0,SYNTH-MES-A,1
2024-03-11 00:48:00+00:00,4899.5,4899.75,4899.5,4899.75,171.0,SYNTH-MES-A,1
2024-03-11 00:49:00+00:00,4899.75,4900.0,4898.0,4898.0,218.0,SYNTH-MES-A,1
2024-03-11 00:50:00+00:00,4898.0,4899.0,4898.0,4898.75,184.0,SYNTH-MES-A,1
2024-03-11 00:51:00+00:00,4898.75,4899.25,4898.75,4899.0,197.0,SYNTH-MES-A,1
2024-03-11 00:52:00+00:00,4899.0,4899.0,4899.0,4899.0,198.0,SYNTH-MES-A,1
2024-03-11 00:53:00+00:00,4899.0,4899.0,4898.75,4898.75,200.0,SYNTH-MES-A,1
2024-03-11 00:54:00+00:00,4898.75,4899.5,4898.0,4898.0,207.0,SYNTH-MES-A,1
2024-03-11 00:55:00+00:00,4898.0,4899.75,4897.75,4899.5,183.0,SYNTH-MES-A,1
2024-03-11 00:56:00+00:00,4899.5,4900.75,4899.5,4899.75,193.0,SYNTH-MES-A,1
2024-03-11 00:57:00+00:00,4899.75,4900.75,4899.5,4900.75,210.0,SYNTH-MES-A,1
2024-03-11 00:58:00+00:00,4900.75,4900.75,4899.5,4899.5,206.0,SYNTH-MES-A,1
2024-03-11 00:59:00+00:00,4899.5,4899.5,4898.25,4898.75,208.0,SYNTH-MES-A,1
2024-03-11 01:00:00+00:00,4898.75,4900.0,4898.5,4898.75,208.0,SYNTH-MES-A,1
2024-03-11 01:01:00+00:00,4898.75,4898.75,4898.5,4898.75,217.0,SYNTH-MES-A,1
2024-03-11 01:02:00+00:00,4898.75,4899.5,4898.5,4898.5,197.0,SYNTH-MES-A,1
2024-03-11 01:03:00+00:00,4898.5,4899.0,4897.75,4897.75,173.0,SYNTH-MES-A,1
2024-03-11 01:04:00+00:00,4897.75,4898.5,4895.75,4896.75,215.0,SYNTH-MES-A,1
2024-03-11 01:05:00+00:00,4896.75,4896.75,4895.75,4896.0,194.0,SYNTH-MES-A,1
2024-03-11 01:06:00+00:00,4896.0,4896.5,4895.75,4896.25,200.0,SYNTH-MES-A,1
2024-03-11 01:07:00+00:00,4896.25,4896.5,4895.75,4896.0,195.0,SYNTH-MES-A,1
2024-03-11 01:08:00+00:00,4896.0,4896.5,4895.5,4895.5,199.0,SYNTH-MES-A,1
2024-03-11 01:09:00+00:00,4895.5,4896.0,4895.0,4896.0,172.0,SYNTH-MES-A,1
2024-03-11 01:10:00+00:00,4896.0,4896.25,4895.0,4895.25,194.0,SYNTH-MES-A,1
2024-03-11 01:11:00+00:00,4895.25,4895.5,4894.0,4894.25,197.0,SYNTH-MES-A,1
2024-03-11 01:12:00+00:00,4894.25,4894.5,4894.0,4894.25,194.0,SYNTH-MES-A,1
2024-03-11 01:13:00+00:00,4894.25,4894.5,4892.5,4893.0,214.0,SYNTH-MES-A,1
2024-03-11 01:14:00+00:00,4893.0,4893.0,4892.5,4892.75,177.0,SYNTH-MES-A,1
2024-03-11 01:15:00+00:00,4892.75,4893.25,4892.5,4892.75,190.0,SYNTH-MES-A,1
2024-03-11 01:16:00+00:00,4892.75,4892.75,4892.25,4892.5,205.0,SYNTH-MES-A,1
2024-03-11 01:17:00+00:00,4892.5,4893.25,4892.5,4893.25,187.0,SYNTH-MES-A,1
2024-03-11 01:18:00+00:00,4893.25,4893.25,4892.75,4893.0,201.0,SYNTH-MES-A,1
2024-03-11 01:19:00+00:00,4893.0,4893.25,4892.25,4892.5,183.0,SYNTH-MES-A,1
2024-03-11 01:20:00+00:00,4892.5,4893.0,4891.75,4892.0,179.0,SYNTH-MES-A,1
2024-03-11 01:21:00+00:00,4892.0,4892.0,4891.5,4891.75,198.0,SYNTH-MES-A,1
2024-03-11 01:22:00+00:00,4891.75,4892.25,4891.5,4891.5,182.0,SYNTH-MES-A,1
2024-03-11 01:23:00+00:00,4891.5,4891.75,4890.75,4891.0,196.0,SYNTH-MES-A,1
2024-03-11 01:24:00+00:00,4891.0,4892.75,4890.75,4892.75,198.0,SYNTH-MES-A,1
2024-03-11 01:25:00+00:00,4892.75,4893.0,4892.5,4893.0,190.0,SYNTH-MES-A,1
2024-03-11 01:26:00+00:00,4893.0,4895.0,4892.75,4894.75,191.0,SYNTH-MES-A,1
2024-03-11 01:27:00+00:00,4894.75,4894.75,4894.5,4894.75,193.0,SYNTH-MES-A,1
2024-03-11 01:28:00+00:00,4894.75,4895.0,4894.75,4895.0,200.0,SYNTH-MES-A,1
2024-03-11 01:29:00+00:00,4895.0,4895.5,4894.5,4895.5,213.0,SYNTH-MES-A,1
2024-03-11 01:30:00+00:00,4895.5,4896.0,4894.75,4894.75,192.0,SYNTH-MES-A,1
2024-03-11 01:31:00+00:00,4894.75,4895.75,4894.75,4895.5,208.0,SYNTH-MES-A,1
2024-03-11 01:32:00+00:00,4895.5,4895.75,4894.75,4894.75,203.0,SYNTH-MES-A,1
2024-03-11 01:33:00+00:00,4894.75,4894.75,4893.75,4894.25,209.0,SYNTH-MES-A,1
2024-03-11 01:34:00+00:00,4894.25,4894.5,4893.0,4893.25,207.0,SYNTH-MES-A,1
2024-03-11 01:35:00+00:00,4893.25,4893.75,4893.25,4893.75,202.0,SYNTH-MES-A,1
2024-03-11 01:36:00+00:00,4893.75,4894.25,4893.0,4893.0,215.0,SYNTH-MES-A,1
2024-03-11 01:37:00+00:00,4893.0,4893.0,4891.75,4891.75,194.0,SYNTH-MES-A,1
2024-03-11 01:38:00+00:00,4891.75,4893.0,4891.75,4892.25,191.0,SYNTH-MES-A,1
2024-03-11 01:39:00+00:00,4892.25,4892.75,4891.0,4891.0,195.0,SYNTH-MES-A,1
2024-03-11 01:40:00+00:00,4891.0,4892.25,4890.75,4892.0,183.0,SYNTH-MES-A,1
2024-03-11 01:41:00+00:00,4892.0,4892.0,4890.75,4891.0,219.0,SYNTH-MES-A,1
2024-03-11 01:42:00+00:00,4891.0,4891.0,4890.0,4890.5,208.0,SYNTH-MES-A,1
2024-03-11 01:43:00+00:00,4890.5,4891.0,4890.25,4890.75,190.0,SYNTH-MES-A,1
2024-03-11 01:44:00+00:00,4890.75,4891.5,4889.5,4889.75,196.0,SYNTH-MES-A,1
2024-03-11 01:45:00+00:00,4889.75,4890.25,4889.0,4889.25,216.0,SYNTH-MES-A,1
2024-03-11 01:46:00+00:00,4889.25,4889.25,4888.0,4888.5,208.0,SYNTH-MES-A,1
2024-03-11 01:47:00+00:00,4888.5,4888.75,4887.5,4887.75,213.0,SYNTH-MES-A,1
2024-03-11 01:48:00+00:00,4887.75,4888.0,4887.25,4887.5,233.0,SYNTH-MES-A,1
2024-03-11 01:49:00+00:00,4887.5,4888.5,4887.25,4888.5,220.0,SYNTH-MES-A,1
2024-03-11 01:50:00+00:00,4888.5,4888.5,4887.75,4888.0,183.0,SYNTH-MES-A,1
2024-03-11 01:51:00+00:00,4888.0,4889.0,4887.75,4888.5,215.0,SYNTH-MES-A,1
2024-03-11 01:52:00+00:00,4888.5,4888.75,4887.5,4887.5,189.0,SYNTH-MES-A,1
2024-03-11 01:53:00+00:00,4887.5,4887.5,4886.25,4887.0,170.0,SYNTH-MES-A,1
2024-03-11 01:54:00+00:00,4887.0,4887.25,4886.5,4887.0,193.0,SYNTH-MES-A,1
2024-03-11 01:55:00+00:00,4887.0,4887.25,4886.75,4887.0,188.0,SYNTH-MES-A,1
2024-03-11 01:56:00+00:00,4887.0,4887.0,4886.75,4887.0,211.0,SYNTH-MES-A,1
2024-03-11 01:57:00+00:00,4887.0,4887.0,4886.5,4886.75,184.0,SYNTH-MES-A,1
2024-03-11 01:58:00+00:00,4886.75,4886.75,4886.5,4886.75,219.0,SYNTH-MES-A,1
2024-03-11 01:59:00+00:00,4886.75,4886.75,4885.5,4885.75,178.0,SYNTH-MES-A,1
2024-03-11 02:00:00+00:00,4885.75,4886.0,4884.5,4884.75,176.0,SYNTH-MES-A,1
2024-03-11 02:01:00+00:00,4884.75,4885.75,4884.75,4885.75,196.0,SYNTH-MES-A,1
2024-03-11 02:02:00+00:00,4885.75,4886.25,4885.75,4886.0,196.0,SYNTH-MES-A,1
2024-03-11 02:03:00+00:00,4886.0,4886.0,4886.0,4886.0,193.0,SYNTH-MES-A,1
2024-03-11 02:04:00+00:00,4886.0,4887.25,4885.75,4887.25,183.0,SYNTH-MES-A,1
2024-03-11 02:05:00+00:00,4887.25,4887.75,4886.25,4886.25,218.0,SYNTH-MES-A,1
2024-03-11 02:06:00+00:00,4886.25,4886.75,4884.75,4885.25,227.0,SYNTH-MES-A,1
2024-03-11 02:07:00+00:00,4885.25,4885.5,4884.5,4884.5,204.0,SYNTH-MES-A,1
2024-03-11 02:08:00+00:00,4884.5,4884.75,4883.25,4883.5,190.0,SYNTH-MES-A,1
2024-03-11 02:09:00+00:00,4883.5,4884.75,4883.5,4884.5,203.0,SYNTH-MES-A,1
2024-03-11 02:10:00+00:00,4884.5,4884.75,4883.5,4883.75,190.0,SYNTH-MES-A,1
2024-03-11 02:11:00+00:00,4883.75,4884.25,4883.75,4884.0,200.0,SYNTH-MES-A,1
2024-03-11 02:12:00+00:00,4884.0,4885.0,4884.0,4885.0,215.0,SYNTH-MES-A,1
2024-03-11 02:13:00+00:00,4885.0,4885.0,4884.5,4884.5,184.0,SYNTH-MES-A,1
2024-03-11 02:14:00+00:00,4884.5,4885.0,4884.25,4884.75,191.0,SYNTH-MES-A,1
2024-03-11 02:15:00+00:00,4884.75,4885.5,4884.25,4885.25,211.0,SYNTH-MES-A,1
2024-03-11 02:16:00+00:00,4885.25,4885.75,4885.25,4885.25,219.0,SYNTH-MES-A,1
2024-03-11 02:17:00+00:00,4885.25,4885.25,4883.75,4884.5,193.0,SYNTH-MES-A,1
2024-03-11 02:18:00+00:00,4884.5,4885.0,4884.5,4884.75,187.0,SYNTH-MES-A,1
2024-03-11 02:19:00+00:00,4884.75,4885.75,4884.5,4885.75,214.0,SYNTH-MES-A,1
2024-03-11 02:20:00+00:00,4885.75,4886.0,4883.25,4883.5,209.0,SYNTH-MES-A,1
2024-03-11 02:21:00+00:00,4883.5,4884.25,4882.5,4882.5,207.0,SYNTH-MES-A,1
2024-03-11 02:22:00+00:00,4882.5,4883.0,4882.5,4883.0,204.0,SYNTH-MES-A,1
2024-03-11 02:23:00+00:00,4883.0,4883.75,4882.75,4882.75,200.0,SYNTH-MES-A,1
2024-03-11 02:24:00+00:00,4882.75,4883.5,4882.75,4883.25,203.0,SYNTH-MES-A,1
2024-03-11 02:25:00+00:00,4883.25,4883.25,4882.75,4883.0,177.0,SYNTH-MES-A,1
2024-03-11 02:26:00+00:00,4883.0,4883.0,4881.25,4882.25,209.0,SYNTH-MES-A,1
2024-03-11 02:27:00+00:00,4882.25,4882.25,4881.25,4881.25,210.0,SYNTH-MES-A,1
2024-03-11 02:28:00+00:00,4881.25,4882.0,4881.25,4881.5,196.0,SYNTH-MES-A,1
2024-03-11 02:29:00+00:00,4881.5,4882.75,4881.5,4882.5,208.0,SYNTH-MES-A,1
2024-03-11 02:30:00+00:00,4882.5,4883.25,4882.25,4883.0,197.0,SYNTH-MES-A,1
2024-03-11 02:31:00+00:00,4883.0,4883.25,4882.5,4882.5,179.0,SYNTH-MES-A,1
2024-03-11 02:32:00+00:00,4882.5,4883.0,4881.5,4883.0,212.0,SYNTH-MES-A,1
2024-03-11 02:33:00+00:00,4883.0,4884.25,4882.0,4883.75,194.0,SYNTH-MES-A,1
2024-03-11 02:34:00+00:00,4883.75,4884.0,4883.5,4884.0,221.0,SYNTH-MES-A,1
2024-03-11 02:35:00+00:00,4884.0,4884.75,4883.0,4883.0,201.0,SYNTH-MES-A,1
2024-03-11 02:36:00+00:00,4883.0,4883.25,4882.5,4882.75,206.0,SYNTH-MES-A,1
2024-03-11 02:37:00+00:00,4882.75,4882.75,4882.5,4882.75,197.0,SYNTH-MES-A,1
2024-03-11 02:38:00+00:00,4882.75,4884.25,4882.25,4884.0,177.0,SYNTH-MES-A,1
2024-03-11 02:39:00+00:00,4884.0,4884.25,4883.25,4883.25,208.0,SYNTH-MES-A,1
2024-03-11 02:40:00+00:00,4883.25,4884.75,4882.75,4884.5,178.0,SYNTH-MES-A,1
2024-03-11 02:41:00+00:00,4884.5,4885.0,4884.0,4884.0,218.0,SYNTH-MES-A,1
2024-03-11 02:42:00+00:00,4884.0,4884.0,4883.75,4883.75,194.0,SYNTH-MES-A,1
2024-03-11 02:43:00+00:00,4883.75,4883.75,4883.5,4883.75,206.0,SYNTH-MES-A,1
2024-03-11 02:44:00+00:00,4883.75,4884.25,4883.5,4883.5,201.0,SYNTH-MES-A,1
2024-03-11 02:45:00+00:00,4883.5,4883.5,4883.0,4883.25,186.0,SYNTH-MES-A,1
2024-03-11 02:46:00+00:00,4883.25,4884.0,4883.25,4883.75,206.0,SYNTH-MES-A,1
2024-03-11 02:47:00+00:00,4883.75,4884.0,4882.25,4882.75,206.0,SYNTH-MES-A,1
2024-03-11 02:48:00+00:00,4882.75,4884.25,4882.75,4884.0,193.0,SYNTH-MES-A,1
2024-03-11 02:49:00+00:00,4884.0,4884.5,4884.0,4884.25,184.0,SYNTH-MES-A,1
2024-03-11 02:50:00+00:00,4884.25,4884.25,4883.25,4883.25,189.0,SYNTH-MES-A,1
2024-03-11 02:51:00+00:00,4883.25,4883.5,4881.5,4882.25,197.0,SYNTH-MES-A,1
2024-03-11 02:52:00+00:00,4882.25,4883.0,4882.0,4883.0,189.0,SYNTH-MES-A,1
2024-03-11 02:53:00+00:00,4883.0,4883.75,4882.75,4883.5,183.0,SYNTH-MES-A,1
2024-03-11 02:54:00+00:00,4883.5,4884.25,4883.25,4884.0,213.0,SYNTH-MES-A,1
2024-03-11 02:55:00+00:00,4884.0,4884.0,4883.75,4884.0,188.0,SYNTH-MES-A,1
2024-03-11 02:56:00+00:00,4884.0,4884.0,4883.25,4883.75,180.0,SYNTH-MES-A,1
2024-03-11 02:57:00+00:00,4883.75,4884.25,4882.5,4884.0,187.0,SYNTH-MES-A,1
2024-03-11 02:58:00+00:00,4884.0,4885.25,4884.0,4885.25,208.0,SYNTH-MES-A,1
2024-03-11 02:59:00+00:00,4885.25,4885.5,4884.75,4885.5,203.0,SYNTH-MES-A,1
2024-03-11 03:00:00+00:00,4885.5,4886.25,4885.25,4886.0,219.0,SYNTH-MES-A,1
2024-03-11 03:01:00+00:00,4886.0,4887.0,4886.0,4887.0,209.0,SYNTH-MES-A,1
2024-03-11 03:02:00+00:00,4887.0,4888.0,4886.75,4887.5,219.0,SYNTH-MES-A,1
2024-03-11 03:03:00+00:00,4887.5,4887.5,4886.0,4886.25,194.0,SYNTH-MES-A,1
2024-03-11 03:04:00+00:00,4886.25,4887.0,4885.75,4886.75,174.0,SYNTH-MES-A,1
2024-03-11 03:05:00+00:00,4886.75,4887.0,4886.5,4887.0,221.0,SYNTH-MES-A,1
2024-03-11 03:06:00+00:00,4887.0,4887.25,4886.5,4886.75,209.0,SYNTH-MES-A,1
2024-03-11 03:07:00+00:00,4886.75,4887.25,4886.5,4886.75,185.0,SYNTH-MES-A,1
2024-03-11 03:08:00+00:00,4886.75,4887.0,4886.0,4886.25,209.0,SYNTH-MES-A,1
2024-03-11 03:09:00+00:00,4886.25,4886.5,4885.25,4885.5,184.0,SYNTH-MES-A,1
2024-03-11 03:10:00+00:00,4885.5,4886.25,4885.5,4886.25,203.0,SYNTH-MES-A,1
2024-03-11 03:11:00+00:00,4886.25,4886.25,4885.5,4886.0,208.0,SYNTH-MES-A,1
2024-03-11 03:12:00+00:00,4886.0,4886.25,4885.75,4886.0,226.0,SYNTH-MES-A,1
2024-03-11 03:13:00+00:00,4886.0,4887.0,4885.5,4886.75,200.0,SYNTH-MES-A,1
2024-03-11 03:14:00+00:00,4886.75,4887.0,4885.75,4887.0,180.0,SYNTH-MES-A,1
2024-03-11 03:15:00+00:00,4887.0,4887.5,4886.75,4887.25,203.0,SYNTH-MES-A,1
2024-03-11 03:16:00+00:00,4887.25,4887.5,4887.0,4887.25,197.0,SYNTH-MES-A,1
2024-03-11 03:17:00+00:00,4887.25,4887.25,4886.25,4886.5,205.0,SYNTH-MES-A,1
2024-03-11 03:18:00+00:00,4886.5,4886.75,4885.75,4886.5,193.0,SYNTH-MES-A,1
2024-03-11 03:19:00+00:00,4886.5,4886.5,4886.0,4886.0,209.0,SYNTH-MES-A,1
2024-03-11 03:20:00+00:00,4886.0,4886.5,4885.25,4886.5,221.0,SYNTH-MES-A,1
2024-03-11 03:21:00+00:00,4886.5,4886.5,4886.0,4886.25,196.0,SYNTH-MES-A,1
2024-03-11 03:22:00+00:00,4886.25,4886.5,4886.0,4886.5,196.0,SYNTH-MES-A,1
2024-03-11 03:23:00+00:00,4886.5,4886.5,4885.5,4885.5,183.0,SYNTH-MES-A,1
2024-03-11 03:24:00+00:00,4885.5,4885.75,4885.0,4885.25,199.0,SYNTH-MES-A,1
2024-03-11 03:25:00+00:00,4885.25,4885.25,4884.75,4884.75,195.0,SYNTH-MES-A,1
2024-03-11 03:26:00+00:00,4884.75,4884.75,4883.25,4883.5,186.0,SYNTH-MES-A,1
2024-03-11 03:27:00+00:00,4883.5,4884.25,4883.0,4884.25,210.0,SYNTH-MES-A,1
2024-03-11 03:28:00+00:00,4884.25,4885.0,4884.25,4885.0,207.0,SYNTH-MES-A,1
2024-03-11 03:29:00+00:00,4885.0,4885.25,4884.75,4884.75,211.0,SYNTH-MES-A,1
2024-03-11 03:30:00+00:00,4884.75,4885.0,4884.5,4884.5,201.0,SYNTH-MES-A,1
2024-03-11 03:31:00+00:00,4884.5,4886.0,4883.5,4886.0,190.0,SYNTH-MES-A,1
2024-03-11 03:32:00+00:00,4886.0,4887.25,4886.0,4887.0,200.0,SYNTH-MES-A,1
2024-03-11 03:33:00+00:00,4887.0,4887.75,4886.5,4886.75,182.0,SYNTH-MES-A,1
2024-03-11 03:34:00+00:00,4886.75,4886.75,4886.25,4886.25,205.0,SYNTH-MES-A,1
2024-03-11 03:35:00+00:00,4886.25,4888.25,4886.0,4887.75,200.0,SYNTH-MES-A,1
2024-03-11 03:36:00+00:00,4887.75,4888.75,4887.5,4888.75,178.0,SYNTH-MES-A,1
2024-03-11 03:37:00+00:00,4888.75,4889.5,4888.25,4889.5,209.0,SYNTH-MES-A,1
2024-03-11 03:38:00+00:00,4889.5,4889.5,4888.5,4888.75,216.0,SYNTH-MES-A,1
2024-03-11 03:39:00+00:00,4888.75,4889.25,4887.75,4888.0,216.0,SYNTH-MES-A,1
2024-03-11 03:40:00+00:00,4888.0,4888.25,4887.5,4888.0,190.0,SYNTH-MES-A,1
2024-03-11 03:41:00+00:00,4888.0,4888.75,4888.0,4888.25,192.0,SYNTH-MES-A,1
2024-03-11 03:42:00+00:00,4888.25,4888.5,4887.0,4887.25,209.0,SYNTH-MES-A,1
2024-03-11 03:43:00+00:00,4887.25,4887.75,4887.0,4887.5,187.0,SYNTH-MES-A,1
2024-03-11 03:44:00+00:00,4887.5,4887.75,4887.25,4887.25,199.0,SYNTH-MES-A,1
2024-03-11 03:45:00+00:00,4887.25,4887.25,4885.0,4886.5,229.0,SYNTH-MES-A,1
2024-03-11 03:46:00+00:00,4886.5,4887.25,4886.0,4887.25,207.0,SYNTH-MES-A,1
2024-03-11 03:47:00+00:00,4887.25,4888.0,4886.75,4887.75,177.0,SYNTH-MES-A,1
2024-03-11 03:48:00+00:00,4887.75,4889.0,4886.25,4887.0,219.0,SYNTH-MES-A,1
2024-03-11 03:49:00+00:00,4887.0,4889.0,4886.75,4888.25,220.0,SYNTH-MES-A,1
2024-03-11 03:50:00+00:00,4888.25,4888.25,4887.75,4887.75,221.0,SYNTH-MES-A,1
2024-03-11 03:51:00+00:00,4887.75,4888.5,4887.25,4887.25,182.0,SYNTH-MES-A,1
2024-03-11 03:52:00+00:00,4887.25,4889.75,4887.25,4889.0,200.0,SYNTH-MES-A,1
2024-03-11 03:53:00+00:00,4889.0,4889.5,4887.75,4887.75,207.0,SYNTH-MES-A,1
2024-03-11 03:54:00+00:00,4887.75,4887.75,4887.75,4887.75,217.0,SYNTH-MES-A,1
2024-03-11 03:55:00+00:00,4887.75,4888.25,4887.25,4888.0,201.0,SYNTH-MES-A,1
2024-03-11 03:56:00+00:00,4888.0,4888.0,4887.0,4887.75,180.0,SYNTH-MES-A,1
2024-03-11 03:57:00+00:00,4887.75,4888.25,4887.5,4887.5,224.0,SYNTH-MES-A,1
2024-03-11 03:58:00+00:00,4887.5,4887.5,4885.75,4885.75,200.0,SYNTH-MES-A,1
2024-03-11 03:59:00+00:00,4885.75,4886.5,4885.75,4886.0,211.0,SYNTH-MES-A,1
2024-03-11 04:00:00+00:00,4886.0,4886.0,4885.75,4885.75,192.0,SYNTH-MES-A,1
2024-03-11 04:01:00+00:00,4885.75,4886.25,4885.25,4885.5,181.0,SYNTH-MES-A,1
2024-03-11 04:02:00+00:00,4885.5,4885.75,4885.25,4885.75,226.0,SYNTH-MES-A,1
2024-03-11 04:03:00+00:00,4885.75,4886.25,4885.75,4886.25,213.0,SYNTH-MES-A,1
2024-03-11 04:04:00+00:00,4886.25,4887.5,4886.25,4887.5,200.0,SYNTH-MES-A,1
2024-03-11 04:05:00+00:00,4887.5,4887.5,4886.25,4886.5,213.0,SYNTH-MES-A,1
2024-03-11 04:06:00+00:00,4886.5,4886.75,4886.0,4886.25,224.0,SYNTH-MES-A,1
2024-03-11 04:07:00+00:00,4886.25,4887.0,4886.0,4886.5,191.0,SYNTH-MES-A,1
2024-03-11 04:08:00+00:00,4886.5,4887.5,4886.25,4886.75,196.0,SYNTH-MES-A,1
2024-03-11 04:09:00+00:00,4886.75,4887.25,4886.75,4887.0,178.0,SYNTH-MES-A,1
2024-03-11 04:10:00+00:00,4887.0,4887.0,4886.5,4886.75,193.0,SYNTH-MES-A,1
2024-03-11 04:11:00+00:00,4886.75,4888.0,4886.75,4887.25,200.0,SYNTH-MES-A,1
2024-03-11 04:12:00+00:00,4887.25,4889.0,4886.75,4888.25,179.0,SYNTH-MES-A,1
2024-03-11 04:13:00+00:00,4888.25,4888.25,4887.75,4887.75,216.0,SYNTH-MES-A,1
2024-03-11 04:14:00+00:00,4887.75,4887.75,4886.5,4887.25,185.0,SYNTH-MES-A,1
2024-03-11 04:15:00+00:00,4887.25,4888.5,4886.75,4888.25,200.0,SYNTH-MES-A,1
2024-03-11 04:16:00+00:00,4888.25,4888.5,4887.25,4887.5,183.0,SYNTH-MES-A,1
2024-03-11 04:17:00+00:00,4887.5,4888.25,4887.5,4888.25,207.0,SYNTH-MES-A,1
2024-03-11 04:18:00+00:00,4888.25,4888.5,4888.25,4888.5,189.0,SYNTH-MES-A,1
2024-03-11 04:19:00+00:00,4888.5,4889.0,4888.0,4888.0,185.0,SYNTH-MES-A,1
2024-03-11 04:20:00+00:00,4888.0,4889.75,4888.0,4889.5,192.0,SYNTH-MES-A,1
2024-03-11 04:21:00+00:00,4889.5,4890.0,4888.25,4888.75,165.0,SYNTH-MES-A,1
2024-03-11 04:22:00+00:00,4888.75,4888.75,4888.25,4888.25,210.0,SYNTH-MES-A,1
2024-03-11 04:23:00+00:00,4888.25,4889.25,4888.25,4888.5,171.0,SYNTH-MES-A,1
2024-03-11 04:24:00+00:00,4888.5,4888.5,4886.25,4886.75,198.0,SYNTH-MES-A,1
2024-03-11 04:25:00+00:00,4886.75,4887.25,4886.0,4886.0,209.0,SYNTH-MES-A,1
2024-03-11 04:26:00+00:00,4886.0,4886.25,4885.5,4885.75,177.0,SYNTH-MES-A,1
2024-03-11 04:27:00+00:00,4885.75,4886.25,4885.0,4885.5,207.0,SYNTH-MES-A,1
2024-03-11 04:28:00+00:00,4885.5,4886.75,4885.5,4886.75,211.0,SYNTH-MES-A,1
2024-03-11 04:29:00+00:00,4886.75,4887.5,4886.5,4887.25,180.0,SYNTH-MES-A,1
2024-03-11 04:30:00+00:00,4887.25,4887.75,4886.5,4886.5,192.0,SYNTH-MES-A,1
2024-03-11 04:31:00+00:00,4886.5,4886.75,4885.0,4885.25,185.0,SYNTH-MES-A,1
2024-03-11 04:32:00+00:00,4885.25,4886.25,4885.0,4886.25,179.0,SYNTH-MES-A,1
2024-03-11 04:33:00+00:00,4886.25,4886.75,4886.25,4886.5,214.0,SYNTH-MES-A,1
2024-03-11 04:34:00+00:00,4886.5,4886.75,4886.0,4886.25,203.0,SYNTH-MES-A,1
2024-03-11 04:35:00+00:00,4886.25,4886.75,4885.5,4885.75,204.0,SYNTH-MES-A,1
2024-03-11 04:36:00+00:00,4885.75,4886.0,4885.75,4886.0,215.0,SYNTH-MES-A,1
2024-03-11 04:37:00+00:00,4886.0,4886.25,4885.75,4885.75,180.0,SYNTH-MES-A,1
2024-03-11 04:38:00+00:00,4885.75,4888.0,4885.5,4887.25,181.0,SYNTH-MES-A,1
2024-03-11 04:39:00+00:00,4887.25,4887.75,4886.5,4886.75,231.0,SYNTH-MES-A,1
2024-03-11 04:40:00+00:00,4886.75,4887.25,4886.0,4887.0,198.0,SYNTH-MES-A,1
2024-03-11 04:41:00+00:00,4887.0,4887.75,4887.0,4887.75,211.0,SYNTH-MES-A,1
2024-03-11 04:42:00+00:00,4887.75,4887.75,4887.75,4887.75,174.0,SYNTH-MES-A,1
2024-03-11 04:43:00+00:00,4887.75,4887.75,4887.25,4887.25,201.0,SYNTH-MES-A,1
2024-03-11 04:44:00+00:00,4887.25,4888.0,4885.75,4886.0,176.0,SYNTH-MES-A,1
2024-03-11 04:45:00+00:00,4886.0,4886.25,4885.0,4885.25,220.0,SYNTH-MES-A,1
2024-03-11 04:46:00+00:00,4885.25,4885.75,4884.5,4884.75,178.0,SYNTH-MES-A,1
2024-03-11 04:47:00+00:00,4884.75,4885.25,4884.25,4884.75,222.0,SYNTH-MES-A,1
2024-03-11 04:48:00+00:00,4884.75,4885.75,4884.5,4885.25,202.0,SYNTH-MES-A,1
2024-03-11 04:49:00+00:00,4885.25,4887.5,4884.75,4887.25,185.0,SYNTH-MES-A,1
2024-03-11 04:50:00+00:00,4887.25,4887.5,4886.25,4886.25,203.0,SYNTH-MES-A,1
2024-03-11 04:51:00+00:00,4886.25,4887.75,4885.75,4887.25,207.0,SYNTH-MES-A,1
2024-03-11 04:52:00+00:00,4887.25,4887.75,4887.25,4887.5,179.0,SYNTH-MES-A,1
2024-03-11 04:53:00+00:00,4887.5,4887.75,4886.75,4887.75,216.0,SYNTH-MES-A,1
2024-03-11 04:54:00+00:00,4887.75,4888.75,4887.5,4888.0,197.0,SYNTH-MES-A,1
2024-03-11 04:55:00+00:00,4888.0,4888.25,4887.75,4887.75,183.0,SYNTH-MES-A,1
2024-03-11 04:56:00+00:00,4887.75,4887.75,4887.0,4887.0,199.0,SYNTH-MES-A,1
2024-03-11 04:57:00+00:00,4887.0,4888.0,4886.5,4887.75,201.0,SYNTH-MES-A,1
2024-03-11 04:58:00+00:00,4887.75,4888.25,4886.75,4886.75,199.0,SYNTH-MES-A,1
2024-03-11 04:59:00+00:00,4886.75,4887.0,4886.25,4886.5,182.0,SYNTH-MES-A,1
2024-03-11 05:00:00+00:00,4886.5,4887.5,4886.0,4887.0,194.0,SYNTH-MES-A,1
2024-03-11 05:01:00+00:00,4887.0,4887.0,4886.5,4886.5,197.0,SYNTH-MES-A,1
2024-03-11 05:02:00+00:00,4886.5,4886.75,4885.5,4886.25,184.0,SYNTH-MES-A,1
2024-03-11 05:03:00+00:00,4886.25,4886.25,4885.5,4886.25,179.0,SYNTH-MES-A,1
2024-03-11 05:04:00+00:00,4886.25,4887.25,4885.75,4885.75,221.0,SYNTH-MES-A,1
2024-03-11 05:05:00+00:00,4885.75,4886.5,4885.75,4886.25,176.0,SYNTH-MES-A,1
2024-03-11 05:06:00+00:00,4886.25,4886.75,4884.75,4885.75,201.0,SYNTH-MES-A,1
2024-03-11 05:07:00+00:00,4885.75,4886.25,4885.25,4885.25,206.0,SYNTH-MES-A,1
2024-03-11 05:08:00+00:00,4885.25,4885.25,4885.25,4885.25,193.0,SYNTH-MES-A,1
2024-03-11 05:09:00+00:00,4885.25,4886.5,4885.0,4885.75,209.0,SYNTH-MES-A,1
2024-03-11 05:10:00+00:00,4885.75,4885.75,4885.5,4885.75,191.0,SYNTH-MES-A,1
2024-03-11 05:11:00+00:00,4885.75,4886.0,4885.75,4885.75,214.0,SYNTH-MES-A,1
2024-03-11 05:12:00+00:00,4885.75,4888.75,4885.25,4887.5,197.0,SYNTH-MES-A,1
2024-03-11 05:13:00+00:00,4887.5,4887.75,4886.0,4886.75,209.0,SYNTH-MES-A,1
2024-03-11 05:14:00+00:00,4886.75,4887.5,4886.75,4887.0,178.0,SYNTH-MES-A,1
2024-03-11 05:15:00+00:00,4887.0,4887.25,4886.5,4887.25,228.0,SYNTH-MES-A,1
2024-03-11 05:16:00+00:00,4887.25,4887.75,4887.0,4887.25,187.0,SYNTH-MES-A,1
2024-03-11 05:17:00+00:00,4887.25,4888.5,4887.0,4888.0,201.0,SYNTH-MES-A,1
2024-03-11 05:18:00+00:00,4888.0,4888.0,4886.75,4887.0,195.0,SYNTH-MES-A,1
2024-03-11 05:19:00+00:00,4887.0,4888.25,4885.75,4886.5,207.0,SYNTH-MES-A,1
2024-03-11 05:20:00+00:00,4886.5,4886.75,4886.5,4886.75,197.0,SYNTH-MES-A,1
2024-03-11 05:21:00+00:00,4886.75,4886.75,4886.5,4886.75,198.0,SYNTH-MES-A,1
2024-03-11 05:22:00+00:00,4886.75,4887.25,4885.75,4886.0,202.0,SYNTH-MES-A,1
2024-03-11 05:23:00+00:00,4886.0,4886.25,4885.25,4885.25,203.0,SYNTH-MES-A,1
2024-03-11 05:24:00+00:00,4885.25,4886.25,4885.0,4886.0,193.0,SYNTH-MES-A,1
2024-03-11 05:25:00+00:00,4886.0,4886.75,4885.75,4886.5,205.0,SYNTH-MES-A,1
2024-03-11 05:26:00+00:00,4886.5,4886.5,4885.25,4885.75,230.0,SYNTH-MES-A,1
2024-03-11 05:27:00+00:00,4885.75,4886.5,4885.5,4886.25,231.0,SYNTH-MES-A,1
2024-03-11 05:28:00+00:00,4886.25,4886.25,4885.25,4885.25,208.0,SYNTH-MES-A,1
2024-03-11 05:29:00+00:00,4885.25,4885.75,4885.0,4885.75,171.0,SYNTH-MES-A,1
2024-03-11 05:30:00+00:00,4885.75,4887.0,4885.75,4886.5,192.0,SYNTH-MES-A,1
2024-03-11 05:31:00+00:00,4886.5,4887.25,4885.5,4887.0,206.0,SYNTH-MES-A,1
2024-03-11 05:32:00+00:00,4887.0,4888.0,4886.75,4887.75,218.0,SYNTH-MES-A,1
2024-03-11 05:33:00+00:00,4887.75,4888.75,4887.75,4888.5,181.0,SYNTH-MES-A,1
2024-03-11 05:34:00+00:00,4888.5,4888.75,4887.5,4887.75,213.0,SYNTH-MES-A,1
2024-03-11 05:35:00+00:00,4887.75,4888.0,4886.75,4887.0,197.0,SYNTH-MES-A,1
2024-03-11 05:36:00+00:00,4887.0,4888.0,4886.75,4887.75,207.0,SYNTH-MES-A,1
2024-03-11 05:37:00+00:00,4887.75,4889.25,4887.75,4888.75,205.0,SYNTH-MES-A,1
2024-03-11 05:38:00+00:00,4888.75,4889.25,4888.75,4889.0,196.0,SYNTH-MES-A,1
2024-03-11 05:39:00+00:00,4889.0,4889.75,4888.75,4889.75,192.0,SYNTH-MES-A,1
2024-03-11 05:40:00+00:00,4889.75,4890.75,4889.25,4890.5,195.0,SYNTH-MES-A,1
2024-03-11 05:41:00+00:00,4890.5,4890.5,4889.75,4889.75,194.0,SYNTH-MES-A,1
2024-03-11 05:42:00+00:00,4889.75,4890.5,4889.5,4890.0,199.0,SYNTH-MES-A,1
2024-03-11 05:43:00+00:00,4890.0,4890.25,4889.25,4889.5,195.0,SYNTH-MES-A,1
2024-03-11 05:44:00+00:00,4889.5,4890.25,4888.5,4888.75,197.0,SYNTH-MES-A,1
2024-03-11 05:45:00+00:00,4888.75,4889.0,4888.5,4889.0,216.0,SYNTH-MES-A,1
2024-03-11 05:46:00+00:00,4889.0,4889.0,4888.0,4888.25,190.0,SYNTH-MES-A,1
2024-03-11 05:47:00+00:00,4888.25,4889.0,4888.0,4889.0,211.0,SYNTH-MES-A,1
2024-03-11 05:48:00+00:00,4889.0,4889.25,4889.0,4889.0,205.0,SYNTH-MES-A,1
2024-03-11 05:49:00+00:00,4889.0,4889.5,4889.0,4889.0,210.0,SYNTH-MES-A,1
2024-03-11 05:50:00+00:00,4889.0,4889.0,4888.25,4888.75,206.0,SYNTH-MES-A,1
2024-03-11 05:51:00+00:00,4888.75,4889.0,4887.25,4887.75,194.0,SYNTH-MES-A,1
2024-03-11 05:52:00+00:00,4887.75,4887.75,4886.0,4886.0,185.0,SYNTH-MES-A,1
2024-03-11 05:53:00+00:00,4886.0,4887.25,4885.75,4887.25,204.0,SYNTH-MES-A,1
2024-03-11 05:54:00+00:00,4887.25,4887.5,4887.25,4887.25,203.0,SYNTH-MES-A,1
2024-03-11 05:55:00+00:00,4887.25,4888.5,4887.25,4888.5,223.0,SYNTH-MES-A,1
2024-03-11 05:56:00+00:00,4888.5,4888.75,4888.5,4888.75,190.0,SYNTH-MES-A,1
2024-03-11 05:57:00+00:00,4888.75,4888.75,4888.5,4888.75,204.0,SYNTH-MES-A,1
2024-03-11 05:58:00+00:00,4888.75,4889.0,4888.25,4888.5,220.0,SYNTH-MES-A,1
2024-03-11 05:59:00+00:00,4888.5,4890.5,4888.25,4890.25,217.0,SYNTH-MES-A,1
2024-03-11 06:00:00+00:00,4890.25,4890.5,4889.75,4889.75,180.0,SYNTH-MES-A,1
2024-03-11 06:01:00+00:00,4889.75,4890.0,4889.75,4890.0,196.0,SYNTH-MES-A,1
2024-03-11 06:02:00+00:00,4890.0,4890.0,4889.0,4889.25,166.0,SYNTH-MES-A,1
2024-03-11 06:03:00+00:00,4889.25,4889.75,4889.25,4889.75,194.0,SYNTH-MES-A,1
2024-03-11 06:04:00+00:00,4889.75,4889.75,4888.25,4888.75,220.0,SYNTH-MES-A,1
2024-03-11 06:05:00+00:00,4888.75,4889.25,4888.5,4888.75,215.0,SYNTH-MES-A,1
2024-03-11 06:06:00+00:00,4888.75,4889.0,4888.5,4888.75,198.0,SYNTH-MES-A,1
2024-03-11 06:07:00+00:00,4888.75,4888.75,4887.25,4888.0,223.0,SYNTH-MES-A,1
2024-03-11 06:08:00+00:00,4888.0,4888.25,4885.25,4885.5,229.0,SYNTH-MES-A,1
2024-03-11 06:09:00+00:00,4885.5,4886.0,4885.25,4886.0,168.0,SYNTH-MES-A,1
2024-03-11 06:10:00+00:00,4886.0,4886.75,4885.75,4886.25,187.0,SYNTH-MES-A,1
2024-03-11 06:11:00+00:00,4886.25,4886.25,4885.75,4885.75,191.0,SYNTH-MES-A,1
2024-03-11 06:12:00+00:00,4885.75,4885.75,4884.75,4885.5,193.0,SYNTH-MES-A,1
2024-03-11 06:13:00+00:00,4885.5,4885.5,4884.5,4885.25,211.0,SYNTH-MES-A,1
2024-03-11 06:14:00+00:00,4885.25,4885.5,4884.5,4884.75,215.0,SYNTH-MES-A,1
2024-03-11 06:15:00+00:00,4884.75,4886.25,4884.75,4885.25,198.0,SYNTH-MES-A,1
2024-03-11 06:16:00+00:00,4885.25,4885.25,4884.0,4884.5,212.0,SYNTH-MES-A,1
2024-03-11 06:17:00+00:00,4884.5,4885.25,4884.25,4884.75,183.0,SYNTH-MES-A,1
2024-03-11 06:18:00+00:00,4884.75,4885.5,4884.5,4885.5,209.0,SYNTH-MES-A,1
2024-03-11 06:19:00+00:00,4885.5,4885.5,4884.25,4884.5,193.0,SYNTH-MES-A,1
2024-03-11 06:20:00+00:00,4884.5,4884.75,4884.25,4884.5,206.0,SYNTH-MES-A,1
2024-03-11 06:21:00+00:00,4884.5,4885.0,4884.5,4884.75,224.0,SYNTH-MES-A,1
2024-03-11 06:22:00+00:00,4884.75,4885.0,4884.5,4884.75,201.0,SYNTH-MES-A,1
2024-03-11 06:23:00+00:00,4884.75,4885.25,4884.5,4885.25,210.0,SYNTH-MES-A,1
2024-03-11 06:24:00+00:00,4885.25,4887.0,4884.5,4886.75,181.0,SYNTH-MES-A,1
2024-03-11 06:25:00+00:00,4886.75,4887.5,4886.0,4886.25,234.0,SYNTH-MES-A,1
2024-03-11 06:26:00+00:00,4886.25,4886.75,4886.25,4886.5,219.0,SYNTH-MES-A,1
2024-03-11 06:27:00+00:00,4886.5,4888.5,4886.25,4887.25,191.0,SYNTH-MES-A,1
2024-03-11 06:28:00+00:00,4887.25,4887.75,4887.0,4887.0,182.0,SYNTH-MES-A,1
2024-03-11 06:29:00+00:00,4887.0,4887.5,4887.0,4887.0,190.0,SYNTH-MES-A,1
2024-03-11 06:30:00+00:00,4887.0,4887.75,4886.5,4887.5,192.0,SYNTH-MES-A,1
2024-03-11 06:31:00+00:00,4887.5,4887.75,4886.75,4887.25,201.0,SYNTH-MES-A,1
2024-03-11 06:32:00+00:00,4887.25,4887.25,4887.0,4887.25,198.0,SYNTH-MES-A,1
2024-03-11 06:33:00+00:00,4887.25,4888.25,4887.25,4887.75,199.0,SYNTH-MES-A,1
2024-03-11 06:34:00+00:00,4887.75,4888.0,4886.5,4887.5,207.0,SYNTH-MES-A,1
2024-03-11 06:35:00+00:00,4887.5,4887.75,4887.5,4887.75,196.0,SYNTH-MES-A,1
2024-03-11 06:36:00+00:00,4887.75,4887.75,4887.5,4887.75,202.0,SYNTH-MES-A,1
2024-03-11 06:37:00+00:00,4887.75,4887.75,4887.0,4887.0,212.0,SYNTH-MES-A,1
2024-03-11 06:38:00+00:00,4887.0,4887.5,4887.0,4887.5,176.0,SYNTH-MES-A,1
2024-03-11 06:39:00+00:00,4887.5,4888.25,4886.5,4888.25,212.0,SYNTH-MES-A,1
2024-03-11 06:40:00+00:00,4888.25,4888.25,4887.25,4887.75,184.0,SYNTH-MES-A,1
2024-03-11 06:41:00+00:00,4887.75,4888.25,4887.25,4887.5,198.0,SYNTH-MES-A,1
2024-03-11 06:42:00+00:00,4887.5,4889.0,4887.5,4888.0,205.0,SYNTH-MES-A,1
2024-03-11 06:43:00+00:00,4888.0,4888.25,4888.0,4888.25,199.0,SYNTH-MES-A,1
2024-03-11 06:44:00+00:00,4888.25,4888.75,4887.75,4888.5,211.0,SYNTH-MES-A,1
2024-03-11 06:45:00+00:00,4888.5,4888.5,4888.0,4888.0,191.0,SYNTH-MES-A,1
2024-03-11 06:46:00+00:00,4888.0,4888.25,4887.0,4887.0,200.0,SYNTH-MES-A,1
2024-03-11 06:47:00+00:00,4887.0,4888.25,4886.0,4887.5,180.0,SYNTH-MES-A,1
2024-03-11 06:48:00+00:00,4887.5,4887.5,4887.0,4887.25,193.0,SYNTH-MES-A,1
2024-03-11 06:49:00+00:00,4887.25,4887.5,4886.5,4886.5,171.0,SYNTH-MES-A,1
2024-03-11 06:50:00+00:00,4886.5,4889.0,4886.5,4888.5,209.0,SYNTH-MES-A,1
2024-03-11 06:51:00+00:00,4888.5,4889.25,4888.5,4889.0,206.0,SYNTH-MES-A,1
2024-03-11 06:52:00+00:00,4889.0,4889.5,4888.75,4889.5,178.0,SYNTH-MES-A,1
2024-03-11 06:53:00+00:00,4889.5,4890.0,4888.75,4888.75,183.0,SYNTH-MES-A,1
2024-03-11 06:54:00+00:00,4888.75,4889.5,4888.5,4889.0,222.0,SYNTH-MES-A,1
2024-03-11 06:55:00+00:00,4889.0,4889.0,4887.0,4887.25,198.0,SYNTH-MES-A,1
2024-03-11 06:56:00+00:00,4887.25,4888.0,4887.25,4887.5,206.0,SYNTH-MES-A,1
2024-03-11 06:57:00+00:00,4887.5,4888.5,4887.5,4888.5,199.0,SYNTH-MES-A,1
2024-03-11 06:58:00+00:00,4888.5,4888.5,4887.5,4887.75,191.0,SYNTH-MES-A,1
2024-03-11 06:59:00+00:00,4887.75,4888.0,4887.5,4888.0,180.0,SYNTH-MES-A,1
2024-03-11 07:00:00+00:00,4888.0,4889.0,4888.0,4888.5,215.0,SYNTH-MES-A,1
2024-03-11 07:01:00+00:00,4888.5,4889.0,4887.25,4887.75,171.0,SYNTH-MES-A,1
2024-03-11 07:02:00+00:00,4887.75,4889.0,4887.75,4888.5,221.0,SYNTH-MES-A,1
2024-03-11 07:03:00+00:00,4888.5,4891.0,4888.5,4889.75,200.0,SYNTH-MES-A,1
2024-03-11 07:04:00+00:00,4889.75,4890.0,4889.25,4889.5,197.0,SYNTH-MES-A,1
2024-03-11 07:05:00+00:00,4889.5,4889.75,4888.5,4888.75,225.0,SYNTH-MES-A,1
2024-03-11 07:06:00+00:00,4888.75,4889.75,4888.0,4888.5,197.0,SYNTH-MES-A,1
2024-03-11 07:07:00+00:00,4888.5,4888.75,4888.0,4888.25,175.0,SYNTH-MES-A,1
2024-03-11 07:08:00+00:00,4888.25,4888.5,4887.5,4887.5,214.0,SYNTH-MES-A,1
2024-03-11 07:09:00+00:00,4887.5,4887.75,4887.5,4887.75,209.0,SYNTH-MES-A,1
2024-03-11 07:10:00+00:00,4887.75,4888.0,4887.25,4887.5,217.0,SYNTH-MES-A,1
2024-03-11 07:11:00+00:00,4887.5,4887.75,4886.0,4886.75,206.0,SYNTH-MES-A,1
2024-03-11 07:12:00+00:00,4886.75,4887.0,4886.75,4886.75,209.0,SYNTH-MES-A,1
2024-03-11 07:13:00+00:00,4886.75,4887.5,4885.25,4885.5,216.0,SYNTH-MES-A,1
2024-03-11 07:14:00+00:00,4885.5,4885.75,4884.75,4885.25,173.0,SYNTH-MES-A,1
2024-03-11 07:15:00+00:00,4885.25,4885.75,4885.0,4885.0,216.0,SYNTH-MES-A,1
2024-03-11 07:16:00+00:00,4885.0,4886.0,4884.0,4885.5,219.0,SYNTH-MES-A,1
2024-03-11 07:17:00+00:00,4885.5,4885.5,4884.75,4885.0,211.0,SYNTH-MES-A,1
2024-03-11 07:18:00+00:00,4885.0,4885.75,4885.0,4885.5,213.0,SYNTH-MES-A,1
2024-03-11 07:19:00+00:00,4885.5,4886.25,4884.75,4886.25,223.0,SYNTH-MES-A,1
2024-03-11 07:20:00+00:00,4886.25,4886.75,4886.0,4886.0,181.0,SYNTH-MES-A,1
2024-03-11 07:21:00+00:00,4886.0,4886.0,4886.0,4886.0,214.0,SYNTH-MES-A,1
2024-03-11 07:22:00+00:00,4886.0,4887.75,4885.5,4887.75,194.0,SYNTH-MES-A,1
2024-03-11 07:23:00+00:00,4887.75,4888.0,4887.5,4887.5,234.0,SYNTH-MES-A,1
2024-03-11 07:24:00+00:00,4887.5,4888.5,4887.0,4888.25,188.0,SYNTH-MES-A,1
2024-03-11 07:25:00+00:00,4888.25,4888.75,4887.75,4888.0,211.0,SYNTH-MES-A,1
2024-03-11 07:26:00+00:00,4888.0,4888.5,4888.0,4888.25,196.0,SYNTH-MES-A,1
2024-03-11 07:27:00+00:00,4888.25,4888.5,4887.75,4888.0,205.0,SYNTH-MES-A,1
2024-03-11 07:28:00+00:00,4888.0,4888.5,4887.5,4887.5,191.0,SYNTH-MES-A,1
2024-03-11 07:29:00+00:00,4887.5,4888.5,4887.5,4887.75,192.0,SYNTH-MES-A,1
2024-03-11 07:30:00+00:00,4887.75,4887.75,4887.25,4887.5,202.0,SYNTH-MES-A,1
2024-03-11 07:31:00+00:00,4887.5,4889.25,4887.0,4888.75,209.0,SYNTH-MES-A,1
2024-03-11 07:32:00+00:00,4888.75,4889.0,4888.5,4888.5,178.0,SYNTH-MES-A,1
2024-03-11 07:33:00+00:00,4888.5,4888.75,4887.75,4888.5,180.0,SYNTH-MES-A,1
2024-03-11 07:34:00+00:00,4888.5,4889.25,4888.25,4889.0,190.0,SYNTH-MES-A,1
2024-03-11 07:35:00+00:00,4889.0,4889.5,4888.5,4889.25,192.0,SYNTH-MES-A,1
2024-03-11 07:36:00+00:00,4889.25,4890.25,4889.0,4889.5,192.0,SYNTH-MES-A,1
2024-03-11 07:37:00+00:00,4889.5,4890.75,4889.5,4890.0,188.0,SYNTH-MES-A,1
2024-03-11 07:38:00+00:00,4890.0,4890.25,4889.75,4890.25,193.0,SYNTH-MES-A,1
2024-03-11 07:39:00+00:00,4890.25,4890.75,4890.0,4890.5,178.0,SYNTH-MES-A,1
2024-03-11 07:40:00+00:00,4890.5,4892.25,4890.25,4892.25,186.0,SYNTH-MES-A,1
2024-03-11 07:41:00+00:00,4892.25,4892.25,4891.5,4892.25,185.0,SYNTH-MES-A,1
2024-03-11 07:42:00+00:00,4892.25,4893.5,4892.25,4893.25,201.0,SYNTH-MES-A,1
2024-03-11 07:43:00+00:00,4893.25,4894.0,4893.25,4894.0,196.0,SYNTH-MES-A,1
2024-03-11 07:44:00+00:00,4894.0,4895.0,4893.75,4894.5,216.0,SYNTH-MES-A,1
2024-03-11 07:45:00+00:00,4894.5,4895.75,4894.25,4895.5,198.0,SYNTH-MES-A,1
2024-03-11 07:46:00+00:00,4895.5,4895.5,4894.25,4894.5,191.0,SYNTH-MES-A,1
2024-03-11 07:47:00+00:00,4894.5,4894.75,4894.0,4894.0,225.0,SYNTH-MES-A,1
2024-03-11 07:48:00+00:00,4894.0,4894.5,4894.0,4894.25,207.0,SYNTH-MES-A,1
2024-03-11 07:49:00+00:00,4894.25,4894.5,4893.5,4893.5,236.0,SYNTH-MES-A,1
2024-03-11 07:50:00+00:00,4893.5,4893.5,4892.25,4892.5,200.0,SYNTH-MES-A,1
2024-03-11 07:51:00+00:00,4892.5,4892.5,4891.75,4892.0,200.0,SYNTH-MES-A,1
2024-03-11 07:52:00+00:00,4892.0,4892.25,4891.5,4891.5,209.0,SYNTH-MES-A,1
2024-03-11 07:53:00+00:00,4891.5,4892.25,4891.0,4891.25,205.0,SYNTH-MES-A,1
2024-03-11 07:54:00+00:00,4891.25,4892.25,4890.25,4892.25,205.0,SYNTH-MES-A,1
2024-03-11 07:55:00+00:00,4892.25,4892.75,4891.75,4892.0,192.0,SYNTH-MES-A,1
2024-03-11 07:56:00+00:00,4892.0,4892.0,4892.0,4892.0,196.0,SYNTH-MES-A,1
2024-03-11 07:57:00+00:00,4892.0,4892.25,4891.25,4891.75,204.0,SYNTH-MES-A,1
2024-03-11 07:58:00+00:00,4891.75,4893.0,4891.75,4892.5,188.0,SYNTH-MES-A,1
2024-03-11 07:59:00+00:00,4892.5,4892.75,4890.5,4891.5,199.0,SYNTH-MES-A,1
2024-03-11 08:00:00+00:00,4891.5,4892.75,4891.0,4892.5,189.0,SYNTH-MES-A,1
2024-03-11 08:01:00+00:00,4892.5,4893.5,4892.25,4893.0,200.0,SYNTH-MES-A,1
2024-03-11 08:02:00+00:00,4893.0,4893.0,4893.0,4893.0,200.0,SYNTH-MES-A,1
2024-03-11 08:03:00+00:00,4893.0,4894.25,4893.0,4893.75,221.0,SYNTH-MES-A,1
2024-03-11 08:04:00+00:00,4893.75,4894.75,4893.25,4894.5,193.0,SYNTH-MES-A,1
2024-03-11 08:05:00+00:00,4894.5,4894.75,4893.0,4893.25,194.0,SYNTH-MES-A,1
2024-03-11 08:06:00+00:00,4893.25,4893.5,4891.5,4891.5,228.0,SYNTH-MES-A,1
2024-03-11 08:07:00+00:00,4891.5,4891.75,4890.5,4890.5,200.0,SYNTH-MES-A,1
2024-03-11 08:08:00+00:00,4890.5,4890.75,4890.25,4890.75,193.0,SYNTH-MES-A,1
2024-03-11 08:09:00+00:00,4890.75,4890.75,4890.25,4890.25,184.0,SYNTH-MES-A,1
2024-03-11 08:10:00+00:00,4890.25,4890.25,4889.25,4889.25,213.0,SYNTH-MES-A,1
2024-03-11 08:11:00+00:00,4889.25,4889.5,4889.0,4889.5,212.0,SYNTH-MES-A,1
2024-03-11 08:12:00+00:00,4889.5,4890.0,4888.0,4890.0,204.0,SYNTH-MES-A,1
2024-03-11 08:13:00+00:00,4890.0,4890.25,4890.0,4890.0,184.0,SYNTH-MES-A,1
2024-03-11 08:14:00+00:00,4890.0,4891.5,4890.0,4890.75,207.0,SYNTH-MES-A,1
2024-03-11 08:15:00+00:00,4890.75,4891.5,4890.5,4891.5,202.0,SYNTH-MES-A,1
2024-03-11 08:16:00+00:00,4891.5,4891.5,4890.5,4890.75,222.0,SYNTH-MES-A,1
2024-03-11 08:17:00+00:00,4890.75,4891.0,4890.75,4890.75,188.0,SYNTH-MES-A,1
2024-03-11 08:18:00+00:00,4890.75,4891.0,4890.75,4891.0,201.0,SYNTH-MES-A,1
2024-03-11 08:19:00+00:00,4891.0,4891.25,4889.0,4889.0,207.0,SYNTH-MES-A,1
2024-03-11 08:20:00+00:00,4889.0,4889.0,4888.25,4888.25,181.0,SYNTH-MES-A,1
2024-03-11 08:21:00+00:00,4888.25,4888.25,4887.0,4887.25,191.0,SYNTH-MES-A,1
2024-03-11 08:22:00+00:00,4887.25,4887.5,4886.75,4886.75,217.0,SYNTH-MES-A,1
2024-03-11 08:23:00+00:00,4886.75,4888.5,4886.75,4888.0,199.0,SYNTH-MES-A,1
2024-03-11 08:24:00+00:00,4888.0,4888.0,4887.5,4888.0,182.0,SYNTH-MES-A,1
2024-03-11 08:25:00+00:00,4888.0,4888.25,4887.5,4887.5,209.0,SYNTH-MES-A,1
2024-03-11 08:26:00+00:00,4887.5,4887.75,4886.25,4886.5,185.0,SYNTH-MES-A,1
2024-03-11 08:27:00+00:00,4886.5,4886.75,4886.25,4886.5,209.0,SYNTH-MES-A,1
2024-03-11 08:28:00+00:00,4886.5,4886.5,4885.75,4886.25,198.0,SYNTH-MES-A,1
2024-03-11 08:29:00+00:00,4886.25,4886.75,4886.0,4886.25,173.0,SYNTH-MES-A,1
2024-03-11 08:30:00+00:00,4886.25,4886.75,4886.25,4886.25,174.0,SYNTH-MES-A,1
2024-03-11 08:31:00+00:00,4886.25,4886.75,4886.0,4886.5,207.0,SYNTH-MES-A,1
2024-03-11 08:32:00+00:00,4886.5,4887.25,4886.5,4887.0,188.0,SYNTH-MES-A,1
2024-03-11 08:33:00+00:00,4887.0,4888.25,4886.5,4888.0,192.0,SYNTH-MES-A,1
2024-03-11 08:34:00+00:00,4888.0,4888.25,4886.75,4887.0,216.0,SYNTH-MES-A,1
2024-03-11 08:35:00+00:00,4887.0,4889.0,4887.0,4888.75,192.0,SYNTH-MES-A,1
2024-03-11 08:36:00+00:00,4888.75,4889.75,4888.0,4889.5,208.0,SYNTH-MES-A,1
2024-03-11 08:37:00+00:00,4889.5,4891.0,4889.25,4890.5,194.0,SYNTH-MES-A,1
2024-03-11 08:38:00+00:00,4890.5,4891.5,4889.75,4891.5,210.0,SYNTH-MES-A,1
2024-03-11 08:39:00+00:00,4891.5,4892.25,4891.5,4892.0,206.0,SYNTH-MES-A,1
2024-03-11 08:40:00+00:00,4892.0,4892.25,4891.0,4891.25,214.0,SYNTH-MES-A,1
2024-03-11 08:41:00+00:00,4891.25,4891.5,4890.75,4891.5,180.0,SYNTH-MES-A,1
2024-03-11 08:42:00+00:00,4891.5,4893.75,4890.75,4893.0,176.0,SYNTH-MES-A,1
2024-03-11 08:43:00+00:00,4893.0,4893.25,4892.5,4893.25,206.0,SYNTH-MES-A,1
2024-03-11 08:44:00+00:00,4893.25,4893.5,4893.0,4893.0,221.0,SYNTH-MES-A,1
2024-03-11 08:45:00+00:00,4893.0,4894.5,4892.75,4894.25,200.0,SYNTH-MES-A,1
2024-03-11 08:46:00+00:00,4894.25,4894.75,4894.0,4894.5,225.0,SYNTH-MES-A,1
2024-03-11 08:47:00+00:00,4894.5,4894.5,4892.25,4893.25,195.0,SYNTH-MES-A,1
2024-03-11 08:48:00+00:00,4893.25,4893.5,4892.25,4892.25,197.0,SYNTH-MES-A,1
2024-03-11 08:49:00+00:00,4892.25,4892.25,4891.75,4892.25,208.0,SYNTH-MES-A,1
2024-03-11 08:50:00+00:00,4892.25,4892.75,4891.75,4891.75,208.0,SYNTH-MES-A,1
2024-03-11 08:51:00+00:00,4891.75,4892.0,4891.5,4892.0,201.0,SYNTH-MES-A,1
2024-03-11 08:52:00+00:00,4892.0,4892.5,4891.75,4892.25,208.0,SYNTH-MES-A,1
2024-03-11 08:53:00+00:00,4892.25,4892.75,4892.25,4892.25,210.0,SYNTH-MES-A,1
2024-03-11 08:54:00+00:00,4892.25,4892.25,4891.25,4891.5,195.0,SYNTH-MES-A,1
2024-03-11 08:55:00+00:00,4891.5,4891.5,4890.5,4890.75,197.0,SYNTH-MES-A,1
2024-03-11 08:56:00+00:00,4890.75,4891.0,4890.25,4890.25,187.0,SYNTH-MES-A,1
2024-03-11 08:57:00+00:00,4890.25,4891.5,4890.0,4891.25,165.0,SYNTH-MES-A,1
2024-03-11 08:58:00+00:00,4891.25,4892.0,4891.25,4891.75,207.0,SYNTH-MES-A,1
2024-03-11 08:59:00+00:00,4891.75,4892.5,4891.0,4892.25,232.0,SYNTH-MES-A,1
2024-03-11 09:00:00+00:00,4892.25,4893.0,4892.25,4892.75,203.0,SYNTH-MES-A,1
2024-03-11 09:01:00+00:00,4892.75,4892.75,4891.5,4892.0,191.0,SYNTH-MES-A,1
2024-03-11 09:02:00+00:00,4892.0,4892.25,4892.0,4892.25,216.0,SYNTH-MES-A,1
2024-03-11 09:03:00+00:00,4892.25,4892.5,4892.25,4892.25,199.0,SYNTH-MES-A,1
2024-03-11 09:04:00+00:00,4892.25,4893.0,4892.0,4892.75,183.0,SYNTH-MES-A,1
2024-03-11 09:05:00+00:00,4892.75,4893.0,4891.25,4891.25,201.0,SYNTH-MES-A,1
2024-03-11 09:06:00+00:00,4891.25,4892.25,4891.0,4892.0,202.0,SYNTH-MES-A,1
2024-03-11 09:07:00+00:00,4892.0,4892.0,4890.5,4890.5,205.0,SYNTH-MES-A,1
2024-03-11 09:08:00+00:00,4890.5,4890.5,4890.25,4890.5,206.0,SYNTH-MES-A,1
2024-03-11 09:09:00+00:00,4890.5,4890.5,4890.5,4890.5,195.0,SYNTH-MES-A,1
2024-03-11 09:10:00+00:00,4890.5,4892.25,4890.5,4891.75,197.0,SYNTH-MES-A,1
2024-03-11 09:11:00+00:00,4891.75,4892.5,4891.5,4891.75,198.0,SYNTH-MES-A,1
2024-03-11 09:12:00+00:00,4891.75,4891.75,4890.75,4890.75,202.0,SYNTH-MES-A,1
2024-03-11 09:13:00+00:00,4890.75,4891.0,4889.75,4890.0,209.0,SYNTH-MES-A,1
2024-03-11 09:14:00+00:00,4890.0,4890.5,4889.5,4889.75,221.0,SYNTH-MES-A,1
2024-03-11 09:15:00+00:00,4889.75,4890.5,4889.5,4890.0,189.0,SYNTH-MES-A,1
2024-03-11 09:16:00+00:00,4890.0,4890.75,4889.5,4890.5,217.0,SYNTH-MES-A,1
2024-03-11 09:17:00+00:00,4890.5,4890.5,4888.25,4889.25,215.0,SYNTH-MES-A,1
2024-03-11 09:18:00+00:00,4889.25,4890.75,4889.25,4889.5,201.0,SYNTH-MES-A,1
2024-03-11 09:19:00+00:00,4889.5,4890.0,4889.25,4889.25,198.0,SYNTH-MES-A,1
2024-03-11 09:20:00+00:00,4889.25,4889.25,4888.5,4888.75,200.0,SYNTH-MES-A,1
2024-03-11 09:21:00+00:00,4888.75,4889.75,4888.25,4889.75,192.0,SYNTH-MES-A,1
2024-03-11 09:22:00+00:00,4889.75,4890.25,4889.75,4890.0,185.0,SYNTH-MES-A,1
2024-03-11 09:23:00+00:00,4890.0,4890.0,4889.5,4889.5,205.0,SYNTH-MES-A,1
2024-03-11 09:24:00+00:00,4889.5,4892.0,4889.5,4890.75,196.0,SYNTH-MES-A,1
2024-03-11 09:25:00+00:00,4890.75,4890.75,4889.75,4890.75,202.0,SYNTH-MES-A,1
2024-03-11 09:26:00+00:00,4890.75,4891.5,4890.25,4891.25,208.0,SYNTH-MES-A,1
2024-03-11 09:27:00+00:00,4891.25,4891.25,4890.75,4891.0,169.0,SYNTH-MES-A,1
2024-03-11 09:28:00+00:00,4891.0,4891.0,4890.0,4890.25,223.0,SYNTH-MES-A,1
2024-03-11 09:29:00+00:00,4890.25,4890.25,4889.5,4889.75,175.0,SYNTH-MES-A,1
2024-03-11 09:30:00+00:00,4889.75,4889.75,4889.5,4889.5,182.0,SYNTH-MES-A,1
2024-03-11 09:31:00+00:00,4889.5,4890.25,4889.25,4889.75,194.0,SYNTH-MES-A,1
2024-03-11 09:32:00+00:00,4889.75,4889.75,4889.75,4889.75,176.0,SYNTH-MES-A,1
2024-03-11 09:33:00+00:00,4889.75,4889.75,4889.5,4889.75,198.0,SYNTH-MES-A,1
2024-03-11 09:34:00+00:00,4889.75,4889.75,4889.5,4889.5,205.0,SYNTH-MES-A,1
2024-03-11 09:35:00+00:00,4889.5,4890.5,4888.75,4890.25,196.0,SYNTH-MES-A,1
2024-03-11 09:36:00+00:00,4890.25,4891.75,4888.5,4891.5,211.0,SYNTH-MES-A,1
2024-03-11 09:37:00+00:00,4891.5,4893.25,4891.25,4892.75,197.0,SYNTH-MES-A,1
2024-03-11 09:38:00+00:00,4892.75,4893.5,4892.5,4893.5,184.0,SYNTH-MES-A,1
2024-03-11 09:39:00+00:00,4893.5,4893.75,4893.5,4893.5,221.0,SYNTH-MES-A,1
2024-03-11 09:40:00+00:00,4893.5,4894.75,4893.25,4894.75,176.0,SYNTH-MES-A,1
2024-03-11 09:41:00+00:00,4894.75,4895.0,4894.5,4894.75,186.0,SYNTH-MES-A,1
2024-03-11 09:42:00+00:00,4894.75,4894.75,4894.5,4894.5,196.0,SYNTH-MES-A,1
2024-03-11 09:43:00+00:00,4894.5,4896.75,4894.25,4895.25,204.0,SYNTH-MES-A,1
2024-03-11 09:44:00+00:00,4895.25,4896.25,4894.75,4895.75,163.0,SYNTH-MES-A,1
2024-03-11 09:45:00+00:00,4895.75,4896.25,4895.75,4895.75,218.0,SYNTH-MES-A,1
2024-03-11 09:46:00+00:00,4895.75,4896.5,4895.25,4895.25,217.0,SYNTH-MES-A,1
2024-03-11 09:47:00+00:00,4895.25,4896.5,4895.25,4896.25,213.0,SYNTH-MES-A,1
2024-03-11 09:48:00+00:00,4896.25,4896.25,4895.75,4896.25,210.0,SYNTH-MES-A,1
2024-03-11 09:49:00+00:00,4896.25,4896.75,4896.0,4896.25,228.0,SYNTH-MES-A,1
2024-03-11 09:50:00+00:00,4896.25,4896.25,4896.25,4896.25,183.0,SYNTH-MES-A,1
2024-03-11 09:51:00+00:00,4896.25,4898.0,4896.25,4897.75,192.0,SYNTH-MES-A,1
2024-03-11 09:52:00+00:00,4897.75,4898.5,4897.5,4897.75,199.0,SYNTH-MES-A,1
2024-03-11 09:53:00+00:00,4897.75,4898.5,4897.25,4898.25,174.0,SYNTH-MES-A,1
2024-03-11 09:54:00+00:00,4898.25,4898.5,4895.25,4895.5,204.0,SYNTH-MES-A,1
2024-03-11 09:55:00+00:00,4895.5,4895.75,4894.0,4894.25,191.0,SYNTH-MES-A,1
2024-03-11 09:56:00+00:00,4894.25,4894.5,4893.25,4893.5,221.0,SYNTH-MES-A,1
2024-03-11 09:57:00+00:00,4893.5,4893.5,4892.75,4893.0,200.0,SYNTH-MES-A,1
2024-03-11 09:58:00+00:00,4893.0,4893.25,4891.75,4892.0,187.0,SYNTH-MES-A,1
2024-03-11 09:59:00+00:00,4892.0,4892.75,4891.75,4892.5,224.0,SYNTH-MES-A,1
2024-03-11 10:00:00+00:00,4892.5,4893.0,4891.75,4892.25,194.0,SYNTH-MES-A,1
2024-03-11 10:01:00+00:00,4892.25,4892.75,4891.75,4891.75,183.0,SYNTH-MES-A,1
2024-03-11 10:02:00+00:00,4891.75,4892.0,4891.25,4891.25,171.0,SYNTH-MES-A,1
2024-03-11 10:03:00+00:00,4891.25,4891.75,4891.0,4891.5,231.0,SYNTH-MES-A,1
2024-03-11 10:04:00+00:00,4891.5,4892.25,4891.5,4892.25,184.0,SYNTH-MES-A,1
2024-03-11 10:05:00+00:00,4892.25,4892.25,4892.0,4892.0,231.0,SYNTH-MES-A,1
2024-03-11 10:06:00+00:00,4892.0,4892.5,4891.75,4892.5,199.0,SYNTH-MES-A,1
2024-03-11 10:07:00+00:00,4892.5,4894.0,4892.5,4893.75,195.0,SYNTH-MES-A,1
2024-03-11 10:08:00+00:00,4893.75,4893.75,4893.0,4893.5,209.0,SYNTH-MES-A,1
2024-03-11 10:09:00+00:00,4893.5,4893.75,4893.5,4893.5,208.0,SYNTH-MES-A,1
2024-03-11 10:10:00+00:00,4893.5,4894.25,4893.5,4894.25,190.0,SYNTH-MES-A,1
2024-03-11 10:11:00+00:00,4894.25,4894.25,4893.5,4893.5,218.0,SYNTH-MES-A,1
2024-03-11 10:12:00+00:00,4893.5,4893.5,4891.75,4892.75,215.0,SYNTH-MES-A,1
2024-03-11 10:13:00+00:00,4892.75,4893.75,4890.75,4891.75,200.0,SYNTH-MES-A,1
2024-03-11 10:14:00+00:00,4891.75,4892.75,4891.0,4892.75,207.0,SYNTH-MES-A,1
2024-03-11 10:15:00+00:00,4892.75,4893.75,4892.25,4893.0,204.0,SYNTH-MES-A,1
2024-03-11 10:16:00+00:00,4893.0,4893.0,4893.0,4893.0,197.0,SYNTH-MES-A,1
2024-03-11 10:17:00+00:00,4893.0,4893.0,4892.5,4893.0,206.0,SYNTH-MES-A,1
2024-03-11 10:18:00+00:00,4893.0,4893.75,4892.75,4893.75,197.0,SYNTH-MES-A,1
2024-03-11 10:19:00+00:00,4893.75,4894.0,4892.75,4892.75,172.0,SYNTH-MES-A,1
2024-03-11 10:20:00+00:00,4892.75,4893.0,4891.75,4892.25,233.0,SYNTH-MES-A,1
2024-03-11 10:21:00+00:00,4892.25,4892.25,4890.75,4891.25,212.0,SYNTH-MES-A,1
2024-03-11 10:22:00+00:00,4891.25,4891.75,4891.25,4891.75,223.0,SYNTH-MES-A,1
2024-03-11 10:23:00+00:00,4891.75,4892.75,4891.75,4892.0,212.0,SYNTH-MES-A,1
2024-03-11 10:24:00+00:00,4892.0,4892.75,4892.0,4892.25,201.0,SYNTH-MES-A,1
2024-03-11 10:25:00+00:00,4892.25,4892.25,4892.25,4892.25,193.0,SYNTH-MES-A,1
2024-03-11 10:26:00+00:00,4892.25,4893.0,4891.75,4892.5,200.0,SYNTH-MES-A,1
2024-03-11 10:27:00+00:00,4892.5,4892.75,4892.25,4892.5,213.0,SYNTH-MES-A,1
2024-03-11 10:28:00+00:00,4892.5,4892.5,4891.25,4891.75,194.0,SYNTH-MES-A,1
2024-03-11 10:29:00+00:00,4891.75,4891.75,4890.75,4891.0,186.0,SYNTH-MES-A,1
2024-03-11 10:30:00+00:00,4891.0,4891.75,4890.0,4890.25,223.0,SYNTH-MES-A,1
2024-03-11 10:31:00+00:00,4890.25,4891.75,4890.0,4891.5,212.0,SYNTH-MES-A,1
2024-03-11 10:32:00+00:00,4891.5,4892.75,4891.25,4892.5,183.0,SYNTH-MES-A,1
2024-03-11 10:33:00+00:00,4892.5,4892.75,4892.0,4892.25,203.0,SYNTH-MES-A,1
2024-03-11 10:34:00+00:00,4892.25,4892.5,4891.5,4892.25,179.0,SYNTH-MES-A,1
2024-03-11 10:35:00+00:00,4892.25,4892.75,4891.5,4891.75,189.0,SYNTH-MES-A,1
2024-03-11 10:36:00+00:00,4891.75,4892.5,4891.25,4892.25,185.0,SYNTH-MES-A,1
2024-03-11 10:37:00+00:00,4892.25,4892.25,4891.5,4891.5,206.0,SYNTH-MES-A,1
2024-03-11 10:38:00+00:00,4891.5,4892.75,4891.25,4892.5,163.0,SYNTH-MES-A,1
2024-03-11 10:39:00+00:00,4892.5,4892.5,4892.5,4892.5,170.0,SYNTH-MES-A,1
2024-03-11 10:40:00+00:00,4892.5,4892.5,4892.5,4892.5,231.0,SYNTH-MES-A,1
2024-03-11 10:41:00+00:00,4892.5,4892.75,4891.75,4892.25,188.0,SYNTH-MES-A,1
2024-03-11 10:42:00+00:00,4892.25,4892.25,4891.5,4891.75,210.0,SYNTH-MES-A,1
2024-03-11 10:43:00+00:00,4891.75,4892.25,4891.0,4891.0,226.0,SYNTH-MES-A,1
2024-03-11 10:44:00+00:00,4891.0,4891.75,4890.0,4890.0,194.0,SYNTH-MES-A,1
2024-03-11 10:45:00+00:00,4890.0,4890.5,4889.75,4890.25,210.0,SYNTH-MES-A,1
2024-03-11 10:46:00+00:00,4890.25,4890.5,4889.75,4889.75,201.0,SYNTH-MES-A,1
2024-03-11 10:47:00+00:00,4889.75,4891.0,4889.0,4891.0,198.0,SYNTH-MES-A,1
2024-03-11 10:48:00+00:00,4891.0,4892.5,4890.75,4892.25,203.0,SYNTH-MES-A,1
2024-03-11 10:49:00+00:00,4892.25,4892.25,4891.5,4891.5,168.0,SYNTH-MES-A,1
2024-03-11 10:50:00+00:00,4891.5,4892.0,4891.25,4891.25,200.0,SYNTH-MES-A,1
2024-03-11 10:51:00+00:00,4891.25,4891.5,4890.75,4890.75,198.0,SYNTH-MES-A,1
2024-03-11 10:52:00+00:00,4890.75,4891.5,4890.5,4891.25,207.0,SYNTH-MES-A,1
2024-03-11 10:53:00+00:00,4891.25,4891.75,4891.0,4891.5,179.0,SYNTH-MES-A,1
2024-03-11 10:54:00+00:00,4891.5,4891.75,4890.75,4891.5,193.0,SYNTH-MES-A,1
2024-03-11 10:55:00+00:00,4891.5,4892.25,4891.25,4891.75,198.0,SYNTH-MES-A,1
2024-03-11 10:56:00+00:00,4891.75,4891.75,4890.75,4891.0,197.0,SYNTH-MES-A,1
2024-03-11 10:57:00+00:00,4891.0,4891.25,4890.0,4890.5,228.0,SYNTH-MES-A,1
2024-03-11 10:58:00+00:00,4890.5,4890.75,4889.25,4889.5,193.0,SYNTH-MES-A,1
2024-03-11 10:59:00+00:00,4889.5,4889.5,4889.5,4889.5,221.0,SYNTH-MES-A,1
2024-03-11 11:00:00+00:00,4889.5,4890.75,4888.75,4889.0,193.0,SYNTH-MES-A,1
2024-03-11 11:01:00+00:00,4889.0,4889.75,4888.5,4889.5,199.0,SYNTH-MES-A,1
2024-03-11 11:02:00+00:00,4889.5,4889.5,4888.0,4888.5,214.0,SYNTH-MES-A,1
2024-03-11 11:03:00+00:00,4888.5,4888.75,4888.0,4888.25,203.0,SYNTH-MES-A,1
2024-03-11 11:04:00+00:00,4888.25,4888.75,4888.25,4888.5,186.0,SYNTH-MES-A,1
2024-03-11 11:05:00+00:00,4888.5,4889.0,4888.0,4888.0,202.0,SYNTH-MES-A,1
2024-03-11 11:06:00+00:00,4888.0,4888.25,4886.75,4887.0,186.0,SYNTH-MES-A,1
2024-03-11 11:07:00+00:00,4887.0,4887.5,4886.25,4886.25,228.0,SYNTH-MES-A,1
2024-03-11 11:08:00+00:00,4886.25,4886.25,4884.75,4886.0,182.0,SYNTH-MES-A,1
2024-03-11 11:09:00+00:00,4886.0,4886.0,4884.75,4884.75,200.0,SYNTH-MES-A,1
2024-03-11 11:10:00+00:00,4884.75,4886.0,4884.0,4885.75,156.0,SYNTH-MES-A,1
2024-03-11 11:11:00+00:00,4885.75,4886.25,4885.25,4885.5,214.0,SYNTH-MES-A,1
2024-03-11 11:12:00+00:00,4885.5,4885.5,4885.25,4885.5,180.0,SYNTH-MES-A,1
2024-03-11 11:13:00+00:00,4885.5,4885.5,4884.75,4885.0,233.0,SYNTH-MES-A,1
2024-03-11 11:14:00+00:00,4885.0,4885.25,4884.0,4884.0,175.0,SYNTH-MES-A,1
2024-03-11 11:15:00+00:00,4884.0,4884.75,4883.75,4884.75,199.0,SYNTH-MES-A,1
2024-03-11 11:16:00+00:00,4884.75,4886.5,4883.5,4883.75,202.0,SYNTH-MES-A,1
2024-03-11 11:17:00+00:00,4883.75,4884.0,4883.25,4883.5,191.0,SYNTH-MES-A,1
2024-03-11 11:18:00+00:00,4883.5,4884.25,4883.0,4884.25,214.0,SYNTH-MES-A,1
2024-03-11 11:19:00+00:00,4884.25,4884.75,4883.75,4884.75,185.0,SYNTH-MES-A,1
2024-03-11 11:20:00+00:00,4884.75,4885.25,4884.25,4884.5,204.0,SYNTH-MES-A,1
2024-03-11 11:21:00+00:00,4884.5,4885.25,4883.75,4884.25,191.0,SYNTH-MES-A,1
2024-03-11 11:22:00+00:00,4884.25,4884.25,4883.75,4883.75,199.0,SYNTH-MES-A,1
2024-03-11 11:23:00+00:00,4883.75,4884.0,4883.25,4884.0,210.0,SYNTH-MES-A,1
2024-03-11 11:24:00+00:00,4884.0,4884.5,4884.0,4884.25,212.0,SYNTH-MES-A,1
2024-03-11 11:25:00+00:00,4884.25,4884.75,4882.75,4883.0,225.0,SYNTH-MES-A,1
2024-03-11 11:26:00+00:00,4883.0,4884.0,4883.0,4884.0,199.0,SYNTH-MES-A,1
2024-03-11 11:27:00+00:00,4884.0,4884.25,4883.5,4883.5,190.0,SYNTH-MES-A,1
2024-03-11 11:28:00+00:00,4883.5,4883.5,4882.25,4883.25,164.0,SYNTH-MES-A,1
2024-03-11 11:29:00+00:00,4883.25,4883.5,4882.0,4882.75,194.0,SYNTH-MES-A,1
2024-03-11 11:30:00+00:00,4882.75,4883.75,4882.0,4883.75,225.0,SYNTH-MES-A,1
2024-03-11 11:31:00+00:00,4883.75,4884.5,4883.75,4884.0,224.0,SYNTH-MES-A,1
2024-03-11 11:32:00+00:00,4884.0,4884.0,4883.25,4883.5,192.0,SYNTH-MES-A,1
2024-03-11 11:33:00+00:00,4883.5,4884.25,4882.75,4884.0,192.0,SYNTH-MES-A,1
2024-03-11 11:34:00+00:00,4884.0,4884.25,4883.0,4883.5,181.0,SYNTH-MES-A,1
2024-03-11 11:35:00+00:00,4883.5,4886.0,4882.75,4885.75,201.0,SYNTH-MES-A,1
2024-03-11 11:36:00+00:00,4885.75,4886.5,4885.5,4886.0,197.0,SYNTH-MES-A,1
2024-03-11 11:37:00+00:00,4886.0,4886.5,4885.5,4886.0,172.0,SYNTH-MES-A,1
2024-03-11 11:38:00+00:00,4886.0,4886.25,4883.5,4884.0,200.0,SYNTH-MES-A,1
2024-03-11 11:39:00+00:00,4884.0,4884.0,4883.25,4883.5,212.0,SYNTH-MES-A,1
2024-03-11 11:40:00+00:00,4883.5,4884.75,4883.5,4884.5,208.0,SYNTH-MES-A,1
2024-03-11 11:41:00+00:00,4884.5,4884.75,4883.75,4884.25,207.0,SYNTH-MES-A,1
2024-03-11 11:42:00+00:00,4884.25,4884.25,4884.0,4884.0,184.0,SYNTH-MES-A,1
2024-03-11 11:43:00+00:00,4884.0,4884.25,4883.5,4883.5,205.0,SYNTH-MES-A,1
2024-03-11 11:44:00+00:00,4883.5,4883.75,4882.5,4882.5,188.0,SYNTH-MES-A,1
2024-03-11 11:45:00+00:00,4882.5,4884.25,4881.75,4884.0,207.0,SYNTH-MES-A,1
2024-03-11 11:46:00+00:00,4884.0,4885.5,4883.5,4885.25,168.0,SYNTH-MES-A,1
2024-03-11 11:47:00+00:00,4885.25,4885.5,4885.0,4885.25,189.0,SYNTH-MES-A,1
2024-03-11 11:48:00+00:00,4885.25,4885.5,4884.75,4885.0,208.0,SYNTH-MES-A,1
2024-03-11 11:49:00+00:00,4885.0,4885.75,4884.75,4885.25,208.0,SYNTH-MES-A,1
2024-03-11 11:50:00+00:00,4885.25,4885.5,4883.75,4884.0,202.0,SYNTH-MES-A,1
2024-03-11 11:51:00+00:00,4884.0,4885.0,4884.0,4884.5,226.0,SYNTH-MES-A,1
2024-03-11 11:52:00+00:00,4884.5,4885.5,4884.5,4885.25,214.0,SYNTH-MES-A,1
2024-03-11 11:53:00+00:00,4885.25,4885.5,4884.25,4884.5,207.0,SYNTH-MES-A,1
2024-03-11 11:54:00+00:00,4884.5,4887.0,4884.5,4887.0,195.0,SYNTH-MES-A,1
2024-03-11 11:55:00+00:00,4887.0,4887.5,4885.75,4886.0,169.0,SYNTH-MES-A,1
2024-03-11 11:56:00+00:00,4886.0,4886.0,4885.75,4886.0,203.0,SYNTH-MES-A,1
2024-03-11 11:57:00+00:00,4886.0,4886.5,4885.75,4886.0,209.0,SYNTH-MES-A,1
2024-03-11 11:58:00+00:00,4886.0,4886.25,4885.5,4885.5,200.0,SYNTH-MES-A,1
2024-03-11 11:59:00+00:00,4885.5,4886.0,4884.75,4885.0,227.0,SYNTH-MES-A,1
2024-03-11 12:00:00+00:00,4885.0,4886.0,4885.0,4885.75,160.0,SYNTH-MES-A,1
2024-03-11 12:01:00+00:00,4885.75,4886.25,4885.5,4886.0,224.0,SYNTH-MES-A,1
2024-03-11 12:02:00+00:00,4886.0,4886.0,4884.5,4884.5,189.0,SYNTH-MES-A,1
2024-03-11 12:03:00+00:00,4884.5,4884.75,4883.25,4883.75,193.0,SYNTH-MES-A,1
2024-03-11 12:04:00+00:00,4883.75,4884.0,4883.75,4883.75,177.0,SYNTH-MES-A,1
2024-03-11 12:05:00+00:00,4883.75,4884.5,4883.5,4884.0,194.0,SYNTH-MES-A,1
2024-03-11 12:06:00+00:00,4884.0,4884.25,4883.0,4883.25,193.0,SYNTH-MES-A,1
2024-03-11 12:07:00+00:00,4883.25,4883.25,4882.75,4883.0,194.0,SYNTH-MES-A,1
2024-03-11 12:08:00+00:00,4883.0,4885.0,4881.5,4884.75,206.0,SYNTH-MES-A,1
2024-03-11 12:09:00+00:00,4884.75,4885.25,4881.5,4881.5,184.0,SYNTH-MES-A,1
2024-03-11 12:10:00+00:00,4881.5,4881.75,4881.25,4881.5,205.0,SYNTH-MES-A,1
2024-03-11 12:11:00+00:00,4881.5,4882.75,4881.0,4882.5,212.0,SYNTH-MES-A,1
2024-03-11 12:12:00+00:00,4882.5,4883.0,4882.5,4882.75,176.0,SYNTH-MES-A,1
2024-03-11 12:13:00+00:00,4882.75,4883.0,4882.0,4882.0,187.0,SYNTH-MES-A,1
2024-03-11 12:14:00+00:00,4882.0,4882.25,4881.5,4881.75,184.0,SYNTH-MES-A,1
2024-03-11 12:15:00+00:00,4881.75,4882.0,4881.25,4881.5,195.0,SYNTH-MES-A,1
2024-03-11 12:16:00+00:00,4881.5,4882.0,4881.25,4882.0,203.0,SYNTH-MES-A,1
2024-03-11 12:17:00+00:00,4882.0,4882.25,4880.25,4880.75,204.0,SYNTH-MES-A,1
2024-03-11 12:18:00+00:00,4880.75,4881.0,4880.5,4880.75,187.0,SYNTH-MES-A,1
2024-03-11 12:19:00+00:00,4880.75,4880.75,4880.5,4880.5,195.0,SYNTH-MES-A,1
2024-03-11 12:20:00+00:00,4880.5,4882.5,4880.5,4881.25,208.0,SYNTH-MES-A,1
2024-03-11 12:21:00+00:00,4881.25,4881.5,4880.75,4880.75,225.0,SYNTH-MES-A,1
2024-03-11 12:22:00+00:00,4880.75,4880.75,4880.75,4880.75,240.0,SYNTH-MES-A,1
2024-03-11 12:23:00+00:00,4880.75,4880.75,4878.75,4879.25,225.0,SYNTH-MES-A,1
2024-03-11 12:24:00+00:00,4879.25,4879.75,4879.25,4879.75,183.0,SYNTH-MES-A,1
2024-03-11 12:25:00+00:00,4879.75,4880.25,4879.5,4880.25,190.0,SYNTH-MES-A,1
2024-03-11 12:26:00+00:00,4880.25,4881.75,4880.0,4881.25,215.0,SYNTH-MES-A,1
2024-03-11 12:27:00+00:00,4881.25,4881.5,4880.75,4880.75,188.0,SYNTH-MES-A,1
2024-03-11 12:28:00+00:00,4880.75,4881.5,4880.5,4881.25,197.0,SYNTH-MES-A,1
2024-03-11 12:29:00+00:00,4881.25,4881.5,4880.75,4881.25,192.0,SYNTH-MES-A,1
2024-03-11 12:30:00+00:00,4881.25,4881.5,4880.5,4880.5,189.0,SYNTH-MES-A,1
2024-03-11 12:31:00+00:00,4880.5,4880.75,4879.5,4879.5,195.0,SYNTH-MES-A,1
2024-03-11 12:32:00+00:00,4879.5,4879.75,4878.25,4878.5,187.0,SYNTH-MES-A,1
2024-03-11 12:33:00+00:00,4878.5,4878.75,4877.75,4878.0,176.0,SYNTH-MES-A,1
2024-03-11 12:34:00+00:00,4878.0,4878.75,4877.5,4878.5,209.0,SYNTH-MES-A,1
2024-03-11 12:35:00+00:00,4878.5,4878.75,4878.5,4878.75,192.0,SYNTH-MES-A,1
2024-03-11 12:36:00+00:00,4878.75,4879.0,4878.25,4878.5,187.0,SYNTH-MES-A,1
2024-03-11 12:37:00+00:00,4878.5,4878.75,4878.5,4878.5,188.0,SYNTH-MES-A,1
2024-03-11 12:38:00+00:00,4878.5,4878.75,4878.25,4878.75,202.0,SYNTH-MES-A,1
2024-03-11 12:39:00+00:00,4878.75,4879.0,4878.5,4879.0,176.0,SYNTH-MES-A,1
2024-03-11 12:40:00+00:00,4879.0,4879.25,4878.0,4878.25,192.0,SYNTH-MES-A,1
2024-03-11 12:41:00+00:00,4878.25,4878.5,4877.0,4877.0,206.0,SYNTH-MES-A,1
2024-03-11 12:42:00+00:00,4877.0,4877.0,4876.25,4876.25,201.0,SYNTH-MES-A,1
2024-03-11 12:43:00+00:00,4876.25,4876.25,4875.25,4875.5,240.0,SYNTH-MES-A,1
2024-03-11 12:44:00+00:00,4875.5,4876.5,4875.25,4876.5,201.0,SYNTH-MES-A,1
2024-03-11 12:45:00+00:00,4876.5,4876.5,4874.75,4875.0,210.0,SYNTH-MES-A,1
2024-03-11 12:46:00+00:00,4875.0,4875.0,4873.25,4873.5,194.0,SYNTH-MES-A,1
2024-03-11 12:47:00+00:00,4873.5,4874.25,4872.75,4874.25,174.0,SYNTH-MES-A,1
2024-03-11 12:48:00+00:00,4874.25,4876.25,4874.0,4874.75,206.0,SYNTH-MES-A,1
2024-03-11 12:49:00+00:00,4874.75,4875.5,4874.5,4875.0,206.0,SYNTH-MES-A,1
2024-03-11 12:50:00+00:00,4875.0,4875.0,4874.5,4874.5,202.0,SYNTH-MES-A,1
2024-03-11 12:51:00+00:00,4874.5,4875.5,4874.25,4874.25,222.0,SYNTH-MES-A,1
2024-03-11 12:52:00+00:00,4874.25,4874.5,4873.5,4873.75,179.0,SYNTH-MES-A,1
2024-03-11 12:53:00+00:00,4873.75,4874.0,4873.25,4873.25,214.0,SYNTH-MES-A,1
2024-03-11 12:54:00+00:00,4873.25,4873.5,4872.75,4873.25,199.0,SYNTH-MES-A,1
2024-03-11 12:55:00+00:00,4873.25,4873.5,4872.0,4872.25,192.0,SYNTH-MES-A,1
2024-03-11 12:56:00+00:00,4872.25,4872.75,4872.25,4872.5,197.0,SYNTH-MES-A,1
2024-03-11 12:57:00+00:00,4872.5,4873.25,4872.25,4873.25,228.0,SYNTH-MES-A,1
2024-03-11 12:58:00+00:00,4873.25,4874.0,4872.25,4872.5,200.0,SYNTH-MES-A,1
2024-03-11 12:59:00+00:00,4872.5,4872.5,4872.5,4872.5,205.0,SYNTH-MES-A,1
2024-03-11 13:00:00+00:00,4872.5,4873.0,4870.25,4872.25,213.0,SYNTH-MES-A,1
2024-03-11 13:01:00+00:00,4872.25,4872.75,4871.25,4871.5,184.0,SYNTH-MES-A,1
2024-03-11 13:02:00+00:00,4871.5,4871.5,4870.75,4871.0,209.0,SYNTH-MES-A,1
2024-03-11 13:03:00+00:00,4871.0,4871.25,4869.75,4870.0,215.0,SYNTH-MES-A,1
2024-03-11 13:04:00+00:00,4870.0,4870.5,4869.25,4869.5,201.0,SYNTH-MES-A,1
2024-03-11 13:05:00+00:00,4869.5,4870.25,4869.25,4869.25,205.0,SYNTH-MES-A,1
2024-03-11 13:06:00+00:00,4869.25,4870.25,4869.25,4869.75,217.0,SYNTH-MES-A,1
2024-03-11 13:07:00+00:00,4869.75,4870.5,4869.75,4870.5,207.0,SYNTH-MES-A,1
2024-03-11 13:08:00+00:00,4870.5,4871.75,4870.25,4871.5,214.0,SYNTH-MES-A,1
2024-03-11 13:09:00+00:00,4871.5,4872.0,4871.25,4872.0,201.0,SYNTH-MES-A,1
2024-03-11 13:10:00+00:00,4872.0,4872.0,4871.5,4872.0,212.0,SYNTH-MES-A,1
2024-03-11 13:11:00+00:00,4872.0,4872.0,4872.0,4872.0,213.0,SYNTH-MES-A,1
2024-03-11 13:12:00+00:00,4872.0,4872.0,4871.75,4871.75,191.0,SYNTH-MES-A,1
2024-03-11 13:13:00+00:00,4871.75,4872.75,4871.75,4872.75,184.0,SYNTH-MES-A,1
2024-03-11 13:14:00+00:00,4872.75,4873.0,4871.5,4871.75,193.0,SYNTH-MES-A,1
2024-03-11 13:15:00+00:00,4871.75,4873.0,4871.75,4872.0,189.0,SYNTH-MES-A,1
2024-03-11 13:16:00+00:00,4872.0,4872.5,4871.75,4871.75,195.0,SYNTH-MES-A,1
2024-03-11 13:17:00+00:00,4871.75,4872.0,4871.75,4872.0,188.0,SYNTH-MES-A,1
2024-03-11 13:18:00+00:00,4872.0,4872.5,4871.5,4871.75,203.0,SYNTH-MES-A,1
2024-03-11 13:19:00+00:00,4871.75,4872.5,4871.75,4872.25,185.0,SYNTH-MES-A,1
2024-03-11 13:20:00+00:00,4872.25,4872.5,4872.25,4872.25,217.0,SYNTH-MES-A,1
2024-03-11 13:21:00+00:00,4872.25,4873.25,4872.0,4872.75,201.0,SYNTH-MES-A,1
2024-03-11 13:22:00+00:00,4872.75,4872.75,4872.5,4872.75,218.0,SYNTH-MES-A,1
2024-03-11 13:23:00+00:00,4872.75,4873.0,4871.5,4871.75,190.0,SYNTH-MES-A,1
2024-03-11 13:24:00+00:00,4871.75,4873.75,4871.5,4872.75,206.0,SYNTH-MES-A,1
2024-03-11 13:25:00+00:00,4872.75,4872.75,4872.0,4872.75,222.0,SYNTH-MES-A,1
2024-03-11 13:26:00+00:00,4872.75,4872.75,4872.5,4872.75,214.0,SYNTH-MES-A,1
2024-03-11 13:27:00+00:00,4872.75,4873.25,4872.5,4873.0,203.0,SYNTH-MES-A,1
2024-03-11 13:28:00+00:00,4873.0,4874.0,4872.0,4872.0,205.0,SYNTH-MES-A,1
2024-03-11 13:29:00+00:00,4872.0,4872.5,4871.75,4871.75,216.0,SYNTH-MES-A,1
2024-03-11 13:30:00+00:00,4871.75,4874.0,4871.75,4872.75,892.0,SYNTH-MES-A,1
2024-03-11 13:31:00+00:00,4872.75,4874.5,4872.5,4874.25,891.0,SYNTH-MES-A,1
2024-03-11 13:32:00+00:00,4874.25,4874.75,4870.0,4870.5,896.0,SYNTH-MES-A,1
2024-03-11 13:33:00+00:00,4870.5,4871.75,4870.0,4871.75,883.0,SYNTH-MES-A,1
2024-03-11 13:34:00+00:00,4871.75,4872.75,4871.5,4872.25,860.0,SYNTH-MES-A,1
2024-03-11 13:35:00+00:00,4872.25,4872.5,4871.75,4872.0,919.0,SYNTH-MES-A,1
2024-03-11 13:36:00+00:00,4872.0,4872.25,4872.0,4872.25,872.0,SYNTH-MES-A,1
2024-03-11 13:37:00+00:00,4872.25,4872.75,4872.25,4872.5,845.0,SYNTH-MES-A,1
2024-03-11 13:38:00+00:00,4872.5,4873.25,4870.25,4870.75,924.0,SYNTH-MES-A,1
2024-03-11 13:39:00+00:00,4870.75,4871.5,4870.0,4871.5,911.0,SYNTH-MES-A,1
2024-03-11 13:40:00+00:00,4871.5,4872.25,4869.5,4869.75,922.0,SYNTH-MES-A,1
2024-03-11 13:41:00+00:00,4869.75,4872.5,4868.75,4868.75,931.0,SYNTH-MES-A,1
2024-03-11 13:42:00+00:00,4868.75,4869.25,4868.25,4868.25,896.0,SYNTH-MES-A,1
2024-03-11 13:43:00+00:00,4868.25,4868.5,4866.75,4867.25,903.0,SYNTH-MES-A,1
2024-03-11 13:44:00+00:00,4867.25,4867.75,4867.0,4867.5,851.0,SYNTH-MES-A,1
2024-03-11 13:45:00+00:00,4867.5,4868.5,4866.0,4868.0,911.0,SYNTH-MES-A,1
2024-03-11 13:46:00+00:00,4868.0,4868.25,4867.5,4867.75,876.0,SYNTH-MES-A,1
2024-03-11 13:47:00+00:00,4867.75,4868.0,4866.25,4866.75,883.0,SYNTH-MES-A,1
2024-03-11 13:48:00+00:00,4866.75,4868.25,4865.25,4867.75,885.0,SYNTH-MES-A,1
2024-03-11 13:49:00+00:00,4867.75,4868.25,4867.5,4868.25,879.0,SYNTH-MES-A,1
2024-03-11 13:50:00+00:00,4868.25,4870.25,4867.75,4869.25,907.0,SYNTH-MES-A,1
2024-03-11 13:51:00+00:00,4869.25,4870.25,4868.75,4870.0,855.0,SYNTH-MES-A,1
2024-03-11 13:52:00+00:00,4870.0,4870.5,4869.25,4869.25,903.0,SYNTH-MES-A,1
2024-03-11 13:53:00+00:00,4869.25,4870.75,4869.0,4870.0,912.0,SYNTH-MES-A,1
2024-03-11 13:54:00+00:00,4870.0,4872.25,4869.5,4872.0,919.0,SYNTH-MES-A,1
2024-03-11 13:55:00+00:00,4872.0,4872.75,4869.0,4870.25,909.0,SYNTH-MES-A,1
2024-03-11 13:56:00+00:00,4870.25,4870.5,4870.0,4870.5,874.0,SYNTH-MES-A,1
2024-03-11 13:57:00+00:00,4870.5,4873.75,4870.0,4872.5,887.0,SYNTH-MES-A,1
2024-03-11 13:58:00+00:00,4872.5,4874.75,4871.75,4873.5,918.0,SYNTH-MES-A,1
2024-03-11 13:59:00+00:00,4873.5,4873.75,4872.25,4872.75,939.0,SYNTH-MES-A,1
2024-03-11 14:00:00+00:00,4872.75,4873.25,4868.0,4870.5,875.0,SYNTH-MES-A,1
2024-03-11 14:01:00+00:00,4870.5,4870.75,4870.0,4870.0,887.0,SYNTH-MES-A,1
2024-03-11 14:02:00+00:00,4870.0,4870.5,4869.25,4870.25,867.0,SYNTH-MES-A,1
2024-03-11 14:03:00+00:00,4870.25,4870.5,4870.0,4870.0,904.0,SYNTH-MES-A,1
2024-03-11 14:04:00+00:00,4870.0,4870.5,4868.75,4869.25,893.0,SYNTH-MES-A,1
2024-03-11 14:05:00+00:00,4869.25,4869.5,4866.75,4867.75,893.0,SYNTH-MES-A,1
2024-03-11 14:06:00+00:00,4867.75,4870.5,4867.5,4870.0,870.0,SYNTH-MES-A,1
2024-03-11 14:07:00+00:00,4870.0,4871.25,4869.75,4871.25,900.0,SYNTH-MES-A,1
2024-03-11 14:08:00+00:00,4871.25,4871.5,4869.5,4870.25,893.0,SYNTH-MES-A,1
2024-03-11 14:09:00+00:00,4870.25,4871.0,4868.75,4869.75,873.0,SYNTH-MES-A,1
2024-03-11 14:10:00+00:00,4869.75,4872.25,4867.0,4869.5,931.0,SYNTH-MES-A,1
2024-03-11 14:11:00+00:00,4869.5,4871.25,4867.75,4869.75,840.0,SYNTH-MES-A,1
2024-03-11 14:12:00+00:00,4869.75,4870.0,4867.5,4868.0,882.0,SYNTH-MES-A,1
2024-03-11 14:13:00+00:00,4868.0,4870.25,4867.25,4869.5,910.0,SYNTH-MES-A,1
2024-03-11 14:14:00+00:00,4869.5,4872.75,4869.5,4872.75,873.0,SYNTH-MES-A,1
2024-03-11 14:15:00+00:00,4872.75,4873.25,4872.5,4873.0,838.0,SYNTH-MES-A,1
2024-03-11 14:16:00+00:00,4873.0,4873.0,4870.75,4871.0,930.0,SYNTH-MES-A,1
2024-03-11 14:17:00+00:00,4871.0,4871.5,4866.25,4867.5,873.0,SYNTH-MES-A,1
2024-03-11 14:18:00+00:00,4867.5,4870.5,4866.5,4870.0,870.0,SYNTH-MES-A,1
2024-03-11 14:19:00+00:00,4870.0,4870.0,4866.5,4868.5,903.0,SYNTH-MES-A,1
2024-03-11 14:20:00+00:00,4868.5,4869.5,4867.75,4869.25,919.0,SYNTH-MES-A,1
2024-03-11 14:21:00+00:00,4869.25,4870.0,4867.0,4868.0,886.0,SYNTH-MES-A,1
2024-03-11 14:22:00+00:00,4868.0,4869.5,4866.75,4868.25,848.0,SYNTH-MES-A,1
2024-03-11 14:23:00+00:00,4868.25,4868.25,4867.25,4867.75,848.0,SYNTH-MES-A,1
2024-03-11 14:24:00+00:00,4867.75,4868.25,4865.0,4866.25,914.0,SYNTH-MES-A,1
2024-03-11 14:25:00+00:00,4866.25,4866.5,4865.0,4865.0,898.0,SYNTH-MES-A,1
2024-03-11 14:26:00+00:00,4865.0,4867.75,4863.75,4866.5,937.0,SYNTH-MES-A,1
2024-03-11 14:27:00+00:00,4866.5,4866.75,4865.25,4865.5,849.0,SYNTH-MES-A,1
2024-03-11 14:28:00+00:00,4865.5,4866.5,4864.25,4864.5,912.0,SYNTH-MES-A,1
2024-03-11 14:29:00+00:00,4864.5,4865.25,4863.5,4864.5,918.0,SYNTH-MES-A,1
2024-03-11 14:30:00+00:00,4864.5,4865.5,4863.0,4864.25,905.0,SYNTH-MES-A,1
2024-03-11 14:31:00+00:00,4864.25,4864.75,4864.25,4864.5,871.0,SYNTH-MES-A,1
2024-03-11 14:32:00+00:00,4864.5,4865.75,4864.5,4865.25,916.0,SYNTH-MES-A,1
2024-03-11 14:33:00+00:00,4865.25,4865.75,4863.75,4864.25,927.0,SYNTH-MES-A,1
2024-03-11 14:34:00+00:00,4864.25,4865.0,4863.25,4864.75,852.0,SYNTH-MES-A,1
2024-03-11 14:35:00+00:00,4864.75,4865.5,4864.0,4865.5,933.0,SYNTH-MES-A,1
2024-03-11 14:36:00+00:00,4865.5,4868.75,4864.75,4868.0,898.0,SYNTH-MES-A,1
2024-03-11 14:37:00+00:00,4868.0,4870.5,4867.75,4870.5,909.0,SYNTH-MES-A,1
2024-03-11 14:38:00+00:00,4870.5,4871.75,4870.0,4871.5,907.0,SYNTH-MES-A,1
2024-03-11 14:39:00+00:00,4871.5,4872.0,4871.5,4871.5,883.0,SYNTH-MES-A,1
2024-03-11 14:40:00+00:00,4871.5,4873.25,4871.25,4873.0,876.0,SYNTH-MES-A,1
2024-03-11 14:41:00+00:00,4873.0,4873.25,4872.0,4872.25,856.0,SYNTH-MES-A,1
2024-03-11 14:42:00+00:00,4872.25,4873.0,4872.25,4872.25,892.0,SYNTH-MES-A,1
2024-03-11 14:43:00+00:00,4872.25,4874.0,4872.0,4873.75,938.0,SYNTH-MES-A,1
2024-03-11 14:44:00+00:00,4873.75,4873.75,4873.25,4873.25,911.0,SYNTH-MES-A,1
2024-03-11 14:45:00+00:00,4873.25,4875.5,4873.25,4875.0,881.0,SYNTH-MES-A,1
2024-03-11 14:46:00+00:00,4875.0,4876.75,4874.5,4876.0,884.0,SYNTH-MES-A,1
2024-03-11 14:47:00+00:00,4876.0,4876.0,4874.5,4874.5,1003.0,SYNTH-MES-A,1
2024-03-11 14:48:00+00:00,4874.5,4875.25,4873.0,4873.0,939.0,SYNTH-MES-A,1
2024-03-11 14:49:00+00:00,4873.0,4875.0,4873.0,4874.25,913.0,SYNTH-MES-A,1
2024-03-11 14:50:00+00:00,4874.25,4874.5,4874.25,4874.25,861.0,SYNTH-MES-A,1
2024-03-11 14:51:00+00:00,4874.25,4876.5,4874.0,4875.75,947.0,SYNTH-MES-A,1
2024-03-11 14:52:00+00:00,4875.75,4876.25,4874.25,4874.5,911.0,SYNTH-MES-A,1
2024-03-11 14:53:00+00:00,4874.5,4874.5,4874.0,4874.5,903.0,SYNTH-MES-A,1
2024-03-11 14:54:00+00:00,4874.5,4874.75,4873.75,4874.75,923.0,SYNTH-MES-A,1
2024-03-11 14:55:00+00:00,4874.75,4875.25,4872.25,4873.25,924.0,SYNTH-MES-A,1
2024-03-11 14:56:00+00:00,4873.25,4873.25,4872.25,4872.25,912.0,SYNTH-MES-A,1
2024-03-11 14:57:00+00:00,4872.25,4873.25,4871.75,4873.0,922.0,SYNTH-MES-A,1
2024-03-11 14:58:00+00:00,4873.0,4873.75,4873.0,4873.5,895.0,SYNTH-MES-A,1
2024-03-11 14:59:00+00:00,4873.5,4874.0,4868.75,4868.75,882.0,SYNTH-MES-A,1
2024-03-11 15:00:00+00:00,4868.75,4869.0,4867.0,4868.25,911.0,SYNTH-MES-A,1
2024-03-11 15:01:00+00:00,4868.25,4868.75,4868.25,4868.25,884.0,SYNTH-MES-A,1
2024-03-11 15:02:00+00:00,4868.25,4870.75,4866.5,4869.75,908.0,SYNTH-MES-A,1
2024-03-11 15:03:00+00:00,4869.75,4869.75,4868.5,4868.5,969.0,SYNTH-MES-A,1
2024-03-11 15:04:00+00:00,4868.5,4870.0,4866.0,4869.25,889.0,SYNTH-MES-A,1
2024-03-11 15:05:00+00:00,4869.25,4870.5,4869.0,4870.0,871.0,SYNTH-MES-A,1
2024-03-11 15:06:00+00:00,4870.0,4871.5,4866.75,4867.25,834.0,SYNTH-MES-A,1
2024-03-11 15:07:00+00:00,4867.25,4867.75,4863.5,4864.75,907.0,SYNTH-MES-A,1
2024-03-11 15:08:00+00:00,4864.75,4866.25,4864.5,4865.75,880.0,SYNTH-MES-A,1
2024-03-11 15:09:00+00:00,4865.75,4870.0,4865.0,4868.75,905.0,SYNTH-MES-A,1
2024-03-11 15:10:00+00:00,4868.75,4870.5,4867.75,4869.75,907.0,SYNTH-MES-A,1
2024-03-11 15:11:00+00:00,4869.75,4871.75,4868.5,4871.25,898.0,SYNTH-MES-A,1
2024-03-11 15:12:00+00:00,4871.25,4873.25,4870.5,4872.5,905.0,SYNTH-MES-A,1
2024-03-11 15:13:00+00:00,4872.5,4873.25,4872.0,4872.5,908.0,SYNTH-MES-A,1
2024-03-11 15:14:00+00:00,4872.5,4872.75,4872.25,4872.25,933.0,SYNTH-MES-A,1
2024-03-11 15:15:00+00:00,4872.25,4872.75,4869.75,4871.75,934.0,SYNTH-MES-A,1
2024-03-11 15:16:00+00:00,4871.75,4871.75,4871.75,4871.75,928.0,SYNTH-MES-A,1
2024-03-11 15:17:00+00:00,4871.75,4873.5,4871.0,4871.25,938.0,SYNTH-MES-A,1
2024-03-11 15:18:00+00:00,4871.25,4873.0,4870.75,4872.5,925.0,SYNTH-MES-A,1
2024-03-11 15:19:00+00:00,4872.5,4875.0,4872.5,4875.0,932.0,SYNTH-MES-A,1
2024-03-11 15:20:00+00:00,4875.0,4875.25,4874.5,4875.25,907.0,SYNTH-MES-A,1
2024-03-11 15:21:00+00:00,4875.25,4875.25,4874.75,4875.0,919.0,SYNTH-MES-A,1
2024-03-11 15:22:00+00:00,4875.0,4875.0,4873.5,4874.0,855.0,SYNTH-MES-A,1
2024-03-11 15:23:00+00:00,4874.0,4874.25,4873.25,4873.25,933.0,SYNTH-MES-A,1
2024-03-11 15:24:00+00:00,4873.25,4873.75,4872.0,4872.75,934.0,SYNTH-MES-A,1
2024-03-11 15:25:00+00:00,4872.75,4874.5,4872.75,4873.5,860.0,SYNTH-MES-A,1
2024-03-11 15:26:00+00:00,4873.5,4873.5,4873.0,4873.25,891.0,SYNTH-MES-A,1
2024-03-11 15:27:00+00:00,4873.25,4874.25,4872.75,4873.0,900.0,SYNTH-MES-A,1
2024-03-11 15:28:00+00:00,4873.0,4874.25,4869.75,4874.0,899.0,SYNTH-MES-A,1
2024-03-11 15:29:00+00:00,4874.0,4875.25,4874.0,4875.0,926.0,SYNTH-MES-A,1
2024-03-11 15:30:00+00:00,4875.0,4875.75,4874.5,4875.25,832.0,SYNTH-MES-A,1
2024-03-11 15:31:00+00:00,4875.25,4876.5,4875.0,4876.25,944.0,SYNTH-MES-A,1
2024-03-11 15:32:00+00:00,4876.25,4877.0,4874.0,4874.75,925.0,SYNTH-MES-A,1
2024-03-11 15:33:00+00:00,4874.75,4875.5,4874.25,4875.0,916.0,SYNTH-MES-A,1
2024-03-11 15:34:00+00:00,4875.0,4877.75,4873.25,4877.25,906.0,SYNTH-MES-A,1
2024-03-11 15:35:00+00:00,4877.25,4877.75,4876.75,4877.0,894.0,SYNTH-MES-A,1
2024-03-11 15:36:00+00:00,4877.0,4877.5,4876.25,4876.25,900.0,SYNTH-MES-A,1
2024-03-11 15:37:00+00:00,4876.25,4878.0,4875.5,4877.5,910.0,SYNTH-MES-A,1
2024-03-11 15:38:00+00:00,4877.5,4878.5,4877.5,4878.0,877.0,SYNTH-MES-A,1
2024-03-11 15:39:00+00:00,4878.0,4878.5,4875.0,4875.0,905.0,SYNTH-MES-A,1
2024-03-11 15:40:00+00:00,4875.0,4875.5,4873.5,4873.5,883.0,SYNTH-MES-A,1
2024-03-11 15:41:00+00:00,4873.5,4874.5,4871.75,4871.75,916.0,SYNTH-MES-A,1
2024-03-11 15:42:00+00:00,4871.75,4873.5,4871.0,4871.25,906.0,SYNTH-MES-A,1
2024-03-11 15:43:00+00:00,4871.25,4873.25,4871.0,4871.25,904.0,SYNTH-MES-A,1
2024-03-11 15:44:00+00:00,4871.25,4871.5,4870.5,4870.75,863.0,SYNTH-MES-A,1
2024-03-11 15:45:00+00:00,4870.75,4871.25,4870.5,4871.0,915.0,SYNTH-MES-A,1
2024-03-11 15:46:00+00:00,4871.0,4872.75,4870.5,4872.5,930.0,SYNTH-MES-A,1
2024-03-11 15:47:00+00:00,4872.5,4873.75,4872.0,4873.0,887.0,SYNTH-MES-A,1
2024-03-11 15:48:00+00:00,4873.0,4873.0,4871.5,4872.0,866.0,SYNTH-MES-A,1
2024-03-11 15:49:00+00:00,4872.0,4873.0,4872.0,4872.75,850.0,SYNTH-MES-A,1
2024-03-11 15:50:00+00:00,4872.75,4873.25,4871.0,4871.5,920.0,SYNTH-MES-A,1
2024-03-11 15:51:00+00:00,4871.5,4871.75,4868.75,4869.25,917.0,SYNTH-MES-A,1
2024-03-11 15:52:00+00:00,4869.25,4869.75,4869.25,4869.5,884.0,SYNTH-MES-A,1
2024-03-11 15:53:00+00:00,4869.5,4871.0,4869.5,4870.5,928.0,SYNTH-MES-A,1
2024-03-11 15:54:00+00:00,4870.5,4870.75,4870.5,4870.75,947.0,SYNTH-MES-A,1
2024-03-11 15:55:00+00:00,4870.75,4873.0,4870.25,4872.5,909.0,SYNTH-MES-A,1
2024-03-11 15:56:00+00:00,4872.5,4874.0,4871.75,4871.75,896.0,SYNTH-MES-A,1
2024-03-11 15:57:00+00:00,4871.75,4871.75,4869.75,4870.25,880.0,SYNTH-MES-A,1
2024-03-11 15:58:00+00:00,4870.25,4873.75,4869.75,4871.75,892.0,SYNTH-MES-A,1
2024-03-11 15:59:00+00:00,4871.75,4871.75,4868.25,4870.5,904.0,SYNTH-MES-A,1
2024-03-11 16:00:00+00:00,4870.5,4870.75,4868.0,4868.25,882.0,SYNTH-MES-A,1
2024-03-11 16:01:00+00:00,4868.25,4869.0,4868.25,4868.5,919.0,SYNTH-MES-A,1
2024-03-11 16:02:00+00:00,4868.5,4869.25,4868.25,4868.75,860.0,SYNTH-MES-A,1
2024-03-11 16:03:00+00:00,4868.75,4872.0,4868.5,4871.25,915.0,SYNTH-MES-A,1
2024-03-11 16:04:00+00:00,4871.25,4872.0,4870.0,4871.75,914.0,SYNTH-MES-A,1
2024-03-11 16:05:00+00:00,4871.75,4872.0,4870.75,4871.25,915.0,SYNTH-MES-A,1
2024-03-11 16:06:00+00:00,4871.25,4873.25,4870.75,4872.75,911.0,SYNTH-MES-A,1
2024-03-11 16:07:00+00:00,4872.75,4873.0,4871.0,4871.5,908.0,SYNTH-MES-A,1
2024-03-11 16:08:00+00:00,4871.5,4872.5,4870.75,4872.25,894.0,SYNTH-MES-A,1
2024-03-11 16:09:00+00:00,4872.25,4872.25,4868.75,4869.5,896.0,SYNTH-MES-A,1
2024-03-11 16:10:00+00:00,4869.5,4869.5,4868.0,4868.0,897.0,SYNTH-MES-A,1
2024-03-11 16:11:00+00:00,4868.0,4868.25,4866.0,4866.25,891.0,SYNTH-MES-A,1
2024-03-11 16:12:00+00:00,4866.25,4867.5,4866.25,4867.5,914.0,SYNTH-MES-A,1
2024-03-11 16:13:00+00:00,4867.5,4867.5,4867.0,4867.0,891.0,SYNTH-MES-A,1
2024-03-11 16:14:00+00:00,4867.0,4867.0,4866.25,4866.5,898.0,SYNTH-MES-A,1
2024-03-11 16:15:00+00:00,4866.5,4866.5,4865.75,4866.25,954.0,SYNTH-MES-A,1
2024-03-11 16:16:00+00:00,4866.25,4866.75,4864.5,4864.5,912.0,SYNTH-MES-A,1
2024-03-11 16:17:00+00:00,4864.5,4866.0,4863.75,4866.0,869.0,SYNTH-MES-A,1
2024-03-11 16:18:00+00:00,4866.0,4867.25,4865.75,4867.25,911.0,SYNTH-MES-A,1
2024-03-11 16:19:00+00:00,4867.25,4870.75,4867.0,4869.75,888.0,SYNTH-MES-A,1
2024-03-11 16:20:00+00:00,4869.75,4870.5,4869.5,4870.25,929.0,SYNTH-MES-A,1
2024-03-11 16:21:00+00:00,4870.25,4870.5,4869.0,4869.25,945.0,SYNTH-MES-A,1
2024-03-11 16:22:00+00:00,4869.25,4869.25,4868.0,4868.25,853.0,SYNTH-MES-A,1
2024-03-11 16:23:00+00:00,4868.25,4868.5,4866.25,4867.75,888.0,SYNTH-MES-A,1
2024-03-11 16:24:00+00:00,4867.75,4868.5,4867.5,4868.0,908.0,SYNTH-MES-A,1
2024-03-11 16:25:00+00:00,4868.0,4869.0,4867.75,4868.75,852.0,SYNTH-MES-A,1
2024-03-11 16:26:00+00:00,4868.75,4869.0,4868.0,4868.0,912.0,SYNTH-MES-A,1
2024-03-11 16:27:00+00:00,4868.0,4868.25,4865.25,4865.5,929.0,SYNTH-MES-A,1
2024-03-11 16:28:00+00:00,4865.5,4865.5,4864.0,4864.5,892.0,SYNTH-MES-A,1
2024-03-11 16:29:00+00:00,4864.5,4868.5,4864.5,4868.25,877.0,SYNTH-MES-A,1
2024-03-11 16:30:00+00:00,4868.25,4871.75,4867.25,4871.0,871.0,SYNTH-MES-A,1
2024-03-11 16:31:00+00:00,4871.0,4871.0,4869.25,4869.25,885.0,SYNTH-MES-A,1
2024-03-11 16:32:00+00:00,4869.25,4870.0,4867.75,4868.0,898.0,SYNTH-MES-A,1
2024-03-11 16:33:00+00:00,4868.0,4868.5,4867.75,4868.25,949.0,SYNTH-MES-A,1
2024-03-11 16:34:00+00:00,4868.25,4868.5,4866.5,4867.0,893.0,SYNTH-MES-A,1
2024-03-11 16:35:00+00:00,4867.0,4868.0,4867.0,4867.75,804.0,SYNTH-MES-A,1
2024-03-11 16:36:00+00:00,4867.75,4870.75,4866.25,4869.25,926.0,SYNTH-MES-A,1
2024-03-11 16:37:00+00:00,4869.25,4870.5,4868.25,4870.0,898.0,SYNTH-MES-A,1
2024-03-11 16:38:00+00:00,4870.0,4871.0,4867.25,4868.5,921.0,SYNTH-MES-A,1
2024-03-11 16:39:00+00:00,4868.5,4868.75,4864.25,4865.0,869.0,SYNTH-MES-A,1
2024-03-11 16:40:00+00:00,4865.0,4865.5,4863.5,4863.75,839.0,SYNTH-MES-A,1
2024-03-11 16:41:00+00:00,4863.75,4866.25,4863.75,4865.75,906.0,SYNTH-MES-A,1
2024-03-11 16:42:00+00:00,4865.75,4866.0,4864.75,4865.25,908.0,SYNTH-MES-A,1
2024-03-11 16:43:00+00:00,4865.25,4866.25,4865.0,4865.75,937.0,SYNTH-MES-A,1
2024-03-11 16:44:00+00:00,4865.75,4866.25,4861.75,4862.25,876.0,SYNTH-MES-A,1
2024-03-11 16:45:00+00:00,4862.25,4866.5,4862.0,4865.75,857.0,SYNTH-MES-A,1
2024-03-11 16:46:00+00:00,4865.75,4868.75,4865.5,4867.75,908.0,SYNTH-MES-A,1
2024-03-11 16:47:00+00:00,4867.75,4867.75,4866.5,4867.0,936.0,SYNTH-MES-A,1
2024-03-11 16:48:00+00:00,4867.0,4869.0,4865.75,4868.5,912.0,SYNTH-MES-A,1
2024-03-11 16:49:00+00:00,4868.5,4868.5,4865.25,4866.0,840.0,SYNTH-MES-A,1
2024-03-11 16:50:00+00:00,4866.0,4866.25,4863.5,4864.5,885.0,SYNTH-MES-A,1
2024-03-11 16:51:00+00:00,4864.5,4864.5,4862.75,4863.5,902.0,SYNTH-MES-A,1
2024-03-11 16:52:00+00:00,4863.5,4864.5,4863.0,4863.0,938.0,SYNTH-MES-A,1
2024-03-11 16:53:00+00:00,4863.0,4863.25,4861.0,4861.5,919.0,SYNTH-MES-A,1
2024-03-11 16:54:00+00:00,4861.5,4862.0,4861.0,4862.0,928.0,SYNTH-MES-A,1
2024-03-11 16:55:00+00:00,4862.0,4862.25,4860.25,4862.25,905.0,SYNTH-MES-A,1
2024-03-11 16:56:00+00:00,4862.25,4863.25,4861.75,4862.0,848.0,SYNTH-MES-A,1
2024-03-11 16:57:00+00:00,4862.0,4863.0,4861.5,4861.75,921.0,SYNTH-MES-A,1
2024-03-11 16:58:00+00:00,4861.75,4862.0,4859.5,4861.25,930.0,SYNTH-MES-A,1
2024-03-11 16:59:00+00:00,4861.25,4862.25,4860.75,4862.25,913.0,SYNTH-MES-A,1
2024-03-11 17:00:00+00:00,4862.25,4863.25,4862.0,4863.0,913.0,SYNTH-MES-A,1
2024-03-11 17:01:00+00:00,4863.0,4865.5,4862.75,4865.0,907.0,SYNTH-MES-A,1
2024-03-11 17:02:00+00:00,4865.0,4865.25,4864.5,4864.5,894.0,SYNTH-MES-A,1
2024-03-11 17:03:00+00:00,4864.5,4865.75,4864.0,4865.5,905.0,SYNTH-MES-A,1
2024-03-11 17:04:00+00:00,4865.5,4866.5,4865.25,4865.25,880.0,SYNTH-MES-A,1
2024-03-11 17:05:00+00:00,4865.25,4866.25,4864.5,4865.75,908.0,SYNTH-MES-A,1
2024-03-11 17:06:00+00:00,4865.75,4865.75,4863.0,4864.0,888.0,SYNTH-MES-A,1
2024-03-11 17:07:00+00:00,4864.0,4865.0,4863.75,4863.75,874.0,SYNTH-MES-A,1
2024-03-11 17:08:00+00:00,4863.75,4864.75,4862.0,4862.25,879.0,SYNTH-MES-A,1
2024-03-11 17:09:00+00:00,4862.25,4863.75,4862.25,4863.75,831.0,SYNTH-MES-A,1
2024-03-11 17:10:00+00:00,4863.75,4865.25,4862.5,4865.25,894.0,SYNTH-MES-A,1
2024-03-11 17:11:00+00:00,4865.25,4866.0,4864.5,4864.75,910.0,SYNTH-MES-A,1
2024-03-11 17:12:00+00:00,4864.75,4866.0,4864.0,4865.5,878.0,SYNTH-MES-A,1
2024-03-11 17:13:00+00:00,4865.5,4866.5,4865.25,4866.5,912.0,SYNTH-MES-A,1
2024-03-11 17:14:00+00:00,4866.5,4867.75,4866.0,4867.75,885.0,SYNTH-MES-A,1
2024-03-11 17:15:00+00:00,4867.75,4869.25,4867.75,4869.25,892.0,SYNTH-MES-A,1
2024-03-11 17:16:00+00:00,4869.25,4871.75,4867.75,4871.5,862.0,SYNTH-MES-A,1
2024-03-11 17:17:00+00:00,4871.5,4873.25,4869.75,4872.75,952.0,SYNTH-MES-A,1
2024-03-11 17:18:00+00:00,4872.75,4872.75,4872.25,4872.75,851.0,SYNTH-MES-A,1
2024-03-11 17:19:00+00:00,4872.75,4874.0,4870.0,4870.5,926.0,SYNTH-MES-A,1
2024-03-11 17:20:00+00:00,4870.5,4870.75,4870.25,4870.25,861.0,SYNTH-MES-A,1
2024-03-11 17:21:00+00:00,4870.25,4873.0,4870.25,4872.75,838.0,SYNTH-MES-A,1
2024-03-11 17:22:00+00:00,4872.75,4873.25,4872.0,4872.0,872.0,SYNTH-MES-A,1
2024-03-11 17:23:00+00:00,4872.0,4872.75,4872.0,4872.25,852.0,SYNTH-MES-A,1
2024-03-11 17:24:00+00:00,4872.25,4872.5,4869.0,4870.25,869.0,SYNTH-MES-A,1
2024-03-11 17:25:00+00:00,4870.25,4870.5,4868.0,4868.75,909.0,SYNTH-MES-A,1
2024-03-11 17:26:00+00:00,4868.75,4869.75,4867.25,4867.5,940.0,SYNTH-MES-A,1
2024-03-11 17:27:00+00:00,4867.5,4867.5,4867.0,4867.0,860.0,SYNTH-MES-A,1
2024-03-11 17:28:00+00:00,4867.0,4869.0,4866.0,4868.5,903.0,SYNTH-MES-A,1
2024-03-11 17:29:00+00:00,4868.5,4870.0,4868.25,4870.0,895.0,SYNTH-MES-A,1
2024-03-11 17:30:00+00:00,4870.0,4872.25,4869.25,4872.25,920.0,SYNTH-MES-A,1
2024-03-11 17:31:00+00:00,4872.25,4877.25,4871.5,4874.75,871.0,SYNTH-MES-A,1
2024-03-11 17:32:00+00:00,4874.75,4876.5,4874.75,4876.0,934.0,SYNTH-MES-A,1
2024-03-11 17:33:00+00:00,4876.0,4876.0,4873.0,4873.25,889.0,SYNTH-MES-A,1
2024-03-11 17:34:00+00:00,4873.25,4873.5,4871.25,4872.25,896.0,SYNTH-MES-A,1
2024-03-11 17:35:00+00:00,4872.25,4874.0,4872.0,4873.75,892.0,SYNTH-MES-A,1
2024-03-11 17:36:00+00:00,4873.75,4874.0,4872.5,4873.0,911.0,SYNTH-MES-A,1
2024-03-11 17:37:00+00:00,4873.0,4873.5,4873.0,4873.0,918.0,SYNTH-MES-A,1
2024-03-11 17:38:00+00:00,4873.0,4873.25,4872.0,4872.25,902.0,SYNTH-MES-A,1
2024-03-11 17:39:00+00:00,4872.25,4873.25,4871.75,4871.75,926.0,SYNTH-MES-A,1
2024-03-11 17:40:00+00:00,4871.75,4871.75,4871.5,4871.5,897.0,SYNTH-MES-A,1
2024-03-11 17:41:00+00:00,4871.5,4873.0,4871.0,4872.75,858.0,SYNTH-MES-A,1
2024-03-11 17:42:00+00:00,4872.75,4873.75,4872.5,4873.0,843.0,SYNTH-MES-A,1
2024-03-11 17:43:00+00:00,4873.0,4875.75,4873.0,4875.75,917.0,SYNTH-MES-A,1
2024-03-11 17:44:00+00:00,4875.75,4875.75,4875.0,4875.0,873.0,SYNTH-MES-A,1
2024-03-11 17:45:00+00:00,4875.0,4875.5,4873.75,4875.25,926.0,SYNTH-MES-A,1
2024-03-11 17:46:00+00:00,4875.25,4877.25,4874.75,4877.0,835.0,SYNTH-MES-A,1
2024-03-11 17:47:00+00:00,4877.0,4877.25,4877.0,4877.0,941.0,SYNTH-MES-A,1
2024-03-11 17:48:00+00:00,4877.0,4880.25,4876.25,4879.5,899.0,SYNTH-MES-A,1
2024-03-11 17:49:00+00:00,4879.5,4880.0,4876.25,4880.0,926.0,SYNTH-MES-A,1
2024-03-11 17:50:00+00:00,4880.0,4881.0,4880.0,4880.75,884.0,SYNTH-MES-A,1
2024-03-11 17:51:00+00:00,4880.75,4880.75,4880.0,4880.5,955.0,SYNTH-MES-A,1
2024-03-11 17:52:00+00:00,4880.5,4884.5,4880.25,4882.25,898.0,SYNTH-MES-A,1
2024-03-11 17:53:00+00:00,4882.25,4883.75,4879.75,4881.75,891.0,SYNTH-MES-A,1
2024-03-11 17:54:00+00:00,4881.75,4883.25,4881.5,4883.0,917.0,SYNTH-MES-A,1
2024-03-11 17:55:00+00:00,4883.0,4883.5,4882.0,4882.25,879.0,SYNTH-MES-A,1
2024-03-11 17:56:00+00:00,4882.25,4884.75,4881.75,4884.0,869.0,SYNTH-MES-A,1
2024-03-11 17:57:00+00:00,4884.0,4884.0,4882.25,4882.75,876.0,SYNTH-MES-A,1
2024-03-11 17:58:00+00:00,4882.75,4884.5,4881.5,4881.5,869.0,SYNTH-MES-A,1
2024-03-11 17:59:00+00:00,4881.5,4883.25,4881.25,4882.5,891.0,SYNTH-MES-A,1
2024-03-11 18:00:00+00:00,4882.5,4882.75,4880.75,4881.0,881.0,SYNTH-MES-A,1
2024-03-11 18:01:00+00:00,4881.0,4881.75,4877.0,4878.5,920.0,SYNTH-MES-A,1
2024-03-11 18:02:00+00:00,4878.5,4878.5,4877.75,4878.25,942.0,SYNTH-MES-A,1
2024-03-11 18:03:00+00:00,4878.25,4881.25,4877.75,4879.5,872.0,SYNTH-MES-A,1
2024-03-11 18:04:00+00:00,4879.5,4879.75,4877.0,4878.25,895.0,SYNTH-MES-A,1
2024-03-11 18:05:00+00:00,4878.25,4879.75,4876.75,4879.5,963.0,SYNTH-MES-A,1
2024-03-11 18:06:00+00:00,4879.5,4881.75,4879.0,4881.5,883.0,SYNTH-MES-A,1
2024-03-11 18:07:00+00:00,4881.5,4881.75,4880.0,4880.25,940.0,SYNTH-MES-A,1
2024-03-11 18:08:00+00:00,4880.25,4880.25,4879.5,4879.5,939.0,SYNTH-MES-A,1
2024-03-11 18:09:00+00:00,4879.5,4880.0,4878.5,4879.0,895.0,SYNTH-MES-A,1
2024-03-11 18:10:00+00:00,4879.0,4881.75,4877.5,4881.75,872.0,SYNTH-MES-A,1
2024-03-11 18:11:00+00:00,4881.75,4881.75,4879.5,4880.5,913.0,SYNTH-MES-A,1
2024-03-11 18:12:00+00:00,4880.5,4882.25,4880.5,4881.5,853.0,SYNTH-MES-A,1
2024-03-11 18:13:00+00:00,4881.5,4882.25,4880.25,4880.5,857.0,SYNTH-MES-A,1
2024-03-11 18:14:00+00:00,4880.5,4880.75,4878.75,4879.25,924.0,SYNTH-MES-A,1
2024-03-11 18:15:00+00:00,4879.25,4881.0,4878.0,4878.5,924.0,SYNTH-MES-A,1
2024-03-11 18:16:00+00:00,4878.5,4880.5,4878.5,4880.25,890.0,SYNTH-MES-A,1
2024-03-11 18:17:00+00:00,4880.25,4882.75,4880.25,4882.0,885.0,SYNTH-MES-A,1
2024-03-11 18:18:00+00:00,4882.0,4882.25,4881.75,4882.0,936.0,SYNTH-MES-A,1
2024-03-11 18:19:00+00:00,4882.0,4882.75,4880.0,4881.0,908.0,SYNTH-MES-A,1
2024-03-11 18:20:00+00:00,4881.0,4882.5,4880.5,4881.75,871.0,SYNTH-MES-A,1
2024-03-11 18:21:00+00:00,4881.75,4882.25,4881.0,4881.0,898.0,SYNTH-MES-A,1
2024-03-11 18:22:00+00:00,4881.0,4882.25,4880.75,4881.5,896.0,SYNTH-MES-A,1
2024-03-11 18:23:00+00:00,4881.5,4882.0,4880.75,4881.0,952.0,SYNTH-MES-A,1
2024-03-11 18:24:00+00:00,4881.0,4884.75,4881.0,4883.75,942.0,SYNTH-MES-A,1
2024-03-11 18:25:00+00:00,4883.75,4885.0,4883.5,4884.5,935.0,SYNTH-MES-A,1
2024-03-11 18:26:00+00:00,4884.5,4884.5,4883.75,4884.0,892.0,SYNTH-MES-A,1
2024-03-11 18:27:00+00:00,4884.0,4884.5,4883.5,4884.5,921.0,SYNTH-MES-A,1
2024-03-11 18:28:00+00:00,4884.5,4885.0,4882.25,4882.75,885.0,SYNTH-MES-A,1
2024-03-11 18:29:00+00:00,4882.75,4883.0,4881.0,4881.25,880.0,SYNTH-MES-A,1
2024-03-11 18:30:00+00:00,4881.25,4883.25,4880.75,4883.0,881.0,SYNTH-MES-A,1
2024-03-11 18:31:00+00:00,4883.0,4883.5,4881.75,4882.25,895.0,SYNTH-MES-A,1
2024-03-11 18:32:00+00:00,4882.25,4883.25,4882.25,4883.0,921.0,SYNTH-MES-A,1
2024-03-11 18:33:00+00:00,4883.0,4884.5,4882.5,4884.25,870.0,SYNTH-MES-A,1
2024-03-11 18:34:00+00:00,4884.25,4884.5,4882.25,4883.0,919.0,SYNTH-MES-A,1
2024-03-11 18:35:00+00:00,4883.0,4884.0,4883.0,4883.5,934.0,SYNTH-MES-A,1
2024-03-11 18:36:00+00:00,4883.5,4884.25,4882.0,4882.75,897.0,SYNTH-MES-A,1
2024-03-11 18:37:00+00:00,4882.75,4883.0,4882.5,4882.75,842.0,SYNTH-MES-A,1
2024-03-11 18:38:00+00:00,4882.75,4883.5,4881.5,4881.75,912.0,SYNTH-MES-A,1
2024-03-11 18:39:00+00:00,4881.75,4882.0,4879.0,4879.25,888.0,SYNTH-MES-A,1
2024-03-11 18:40:00+00:00,4879.25,4879.25,4877.75,4879.25,900.0,SYNTH-MES-A,1
2024-03-11 18:41:00+00:00,4879.25,4879.5,4878.25,4878.5,866.0,SYNTH-MES-A,1
2024-03-11 18:42:00+00:00,4878.5,4882.25,4878.25,4882.25,861.0,SYNTH-MES-A,1
2024-03-11 18:43:00+00:00,4882.25,4882.5,4880.5,4880.5,899.0,SYNTH-MES-A,1
2024-03-11 18:44:00+00:00,4880.5,4880.5,4878.0,4878.5,916.0,SYNTH-MES-A,1
2024-03-11 18:45:00+00:00,4878.5,4880.25,4875.25,4876.5,905.0,SYNTH-MES-A,1
2024-03-11 18:46:00+00:00,4876.5,4877.0,4875.75,4877.0,914.0,SYNTH-MES-A,1
2024-03-11 18:47:00+00:00,4877.0,4881.25,4876.75,4880.25,859.0,SYNTH-MES-A,1
2024-03-11 18:48:00+00:00,4880.25,4880.5,4877.0,4878.0,887.0,SYNTH-MES-A,1
2024-03-11 18:49:00+00:00,4878.0,4879.25,4878.0,4878.5,872.0,SYNTH-MES-A,1
2024-03-11 18:50:00+00:00,4878.5,4880.75,4878.0,4879.5,912.0,SYNTH-MES-A,1
2024-03-11 18:51:00+00:00,4879.5,4880.5,4879.25,4879.75,857.0,SYNTH-MES-A,1
2024-03-11 18:52:00+00:00,4879.75,4879.75,4877.25,4877.75,852.0,SYNTH-MES-A,1
2024-03-11 18:53:00+00:00,4877.75,4879.25,4877.75,4878.75,941.0,SYNTH-MES-A,1
2024-03-11 18:54:00+00:00,4878.75,4882.25,4877.5,4882.0,893.0,SYNTH-MES-A,1
2024-03-11 18:55:00+00:00,4882.0,4882.0,4879.0,4879.0,872.0,SYNTH-MES-A,1
2024-03-11 18:56:00+00:00,4879.0,4881.0,4878.75,4880.75,928.0,SYNTH-MES-A,1
2024-03-11 18:57:00+00:00,4880.75,4880.75,4880.0,4880.25,933.0,SYNTH-MES-A,1
2024-03-11 18:58:00+00:00,4880.25,4883.5,4880.0,4883.0,883.0,SYNTH-MES-A,1
2024-03-11 18:59:00+00:00,4883.0,4883.75,4882.75,4883.0,876.0,SYNTH-MES-A,1
2024-03-11 19:00:00+00:00,4883.0,4884.0,4883.0,4883.75,878.0,SYNTH-MES-A,1
2024-03-11 19:01:00+00:00,4883.75,4884.0,4882.25,4882.25,875.0,SYNTH-MES-A,1
2024-03-11 19:02:00+00:00,4882.25,4883.0,4880.25,4880.75,937.0,SYNTH-MES-A,1
2024-03-11 19:03:00+00:00,4880.75,4882.5,4880.75,4882.25,866.0,SYNTH-MES-A,1
2024-03-11 19:04:00+00:00,4882.25,4883.75,4882.0,4883.25,871.0,SYNTH-MES-A,1
2024-03-11 19:05:00+00:00,4883.25,4883.25,4881.75,4882.0,889.0,SYNTH-MES-A,1
2024-03-11 19:06:00+00:00,4882.0,4883.0,4879.5,4882.75,843.0,SYNTH-MES-A,1
2024-03-11 19:07:00+00:00,4882.75,4883.25,4882.0,4882.75,876.0,SYNTH-MES-A,1
2024-03-11 19:08:00+00:00,4882.75,4883.75,4882.0,4882.25,918.0,SYNTH-MES-A,1
2024-03-11 19:09:00+00:00,4882.25,4882.25,4881.5,4881.5,895.0,SYNTH-MES-A,1
2024-03-11 19:10:00+00:00,4881.5,4884.25,4881.25,4882.5,882.0,SYNTH-MES-A,1
2024-03-11 19:11:00+00:00,4882.5,4885.5,4881.5,4885.25,870.0,SYNTH-MES-A,1
2024-03-11 19:12:00+00:00,4885.25,4888.5,4885.0,4886.75,887.0,SYNTH-MES-A,1
2024-03-11 19:13:00+00:00,4886.75,4887.75,4886.5,4887.75,959.0,SYNTH-MES-A,1
2024-03-11 19:14:00+00:00,4887.75,4888.25,4887.5,4888.0,904.0,SYNTH-MES-A,1
2024-03-11 19:15:00+00:00,4888.0,4889.25,4887.75,4888.75,896.0,SYNTH-MES-A,1
2024-03-11 19:16:00+00:00,4888.75,4890.0,4888.5,4889.25,869.0,SYNTH-MES-A,1
2024-03-11 19:17:00+00:00,4889.25,4889.75,4888.75,4889.5,883.0,SYNTH-MES-A,1
2024-03-11 19:18:00+00:00,4889.5,4894.0,4889.25,4893.75,881.0,SYNTH-MES-A,1
2024-03-11 19:19:00+00:00,4893.75,4894.0,4893.5,4894.0,889.0,SYNTH-MES-A,1
2024-03-11 19:20:00+00:00,4894.0,4895.75,4894.0,4895.5,877.0,SYNTH-MES-A,1
2024-03-11 19:21:00+00:00,4895.5,4895.5,4894.75,4895.0,969.0,SYNTH-MES-A,1
2024-03-11 19:22:00+00:00,4895.0,4897.5,4894.5,4896.75,898.0,SYNTH-MES-A,1
2024-03-11 19:23:00+00:00,4896.75,4898.0,4896.75,4897.5,879.0,SYNTH-MES-A,1
2024-03-11 19:24:00+00:00,4897.5,4897.5,4896.5,4897.25,908.0,SYNTH-MES-A,1
2024-03-11 19:25:00+00:00,4897.25,4897.5,4897.0,4897.0,935.0,SYNTH-MES-A,1
2024-03-11 19:26:00+00:00,4897.0,4899.0,4896.0,4896.5,884.0,SYNTH-MES-A,1
2024-03-11 19:27:00+00:00,4896.5,4896.5,4895.75,4896.0,845.0,SYNTH-MES-A,1
2024-03-11 19:28:00+00:00,4896.0,4896.0,4895.75,4896.0,891.0,SYNTH-MES-A,1
2024-03-11 19:29:00+00:00,4896.0,4896.75,4896.0,4896.25,873.0,SYNTH-MES-A,1
2024-03-11 19:30:00+00:00,4896.25,4896.75,4894.25,4894.5,924.0,SYNTH-MES-A,1
2024-03-11 19:31:00+00:00,4894.5,4895.0,4892.5,4893.25,874.0,SYNTH-MES-A,1
2024-03-11 19:32:00+00:00,4893.25,4895.25,4892.5,4895.0,925.0,SYNTH-MES-A,1
2024-03-11 19:33:00+00:00,4895.0,4895.25,4893.0,4893.5,922.0,SYNTH-MES-A,1
2024-03-11 19:34:00+00:00,4893.5,4894.75,4893.0,4894.5,871.0,SYNTH-MES-A,1
2024-03-11 19:35:00+00:00,4894.5,4895.25,4894.0,4894.0,922.0,SYNTH-MES-A,1
2024-03-11 19:36:00+00:00,4894.0,4897.25,4893.25,4897.25,856.0,SYNTH-MES-A,1
2024-03-11 19:37:00+00:00,4897.25,4898.25,4896.5,4898.25,934.0,SYNTH-MES-A,1
2024-03-11 19:38:00+00:00,4898.25,4901.25,4898.25,4899.5,875.0,SYNTH-MES-A,1
2024-03-11 19:39:00+00:00,4899.5,4899.5,4897.75,4899.0,903.0,SYNTH-MES-A,1
2024-03-11 19:40:00+00:00,4899.0,4899.5,4898.75,4899.5,937.0,SYNTH-MES-A,1
2024-03-11 19:41:00+00:00,4899.5,4900.75,4896.5,4897.25,911.0,SYNTH-MES-A,1
2024-03-11 19:42:00+00:00,4897.25,4898.75,4896.75,4898.5,962.0,SYNTH-MES-A,1
2024-03-11 19:43:00+00:00,4898.5,4901.25,4897.75,4899.5,909.0,SYNTH-MES-A,1
2024-03-11 19:44:00+00:00,4899.5,4900.75,4899.25,4900.75,869.0,SYNTH-MES-A,1
2024-03-11 19:45:00+00:00,4900.75,4901.0,4898.0,4899.0,879.0,SYNTH-MES-A,1
2024-03-11 19:46:00+00:00,4899.0,4899.25,4895.75,4895.75,885.0,SYNTH-MES-A,1
2024-03-11 19:47:00+00:00,4895.75,4897.75,4895.5,4897.25,891.0,SYNTH-MES-A,1
2024-03-11 19:48:00+00:00,4897.25,4897.75,4897.0,4897.25,908.0,SYNTH-MES-A,1
2024-03-11 19:49:00+00:00,4897.25,4897.75,4897.0,4897.25,924.0,SYNTH-MES-A,1
2024-03-11 19:50:00+00:00,4897.25,4898.75,4897.25,4897.5,918.0,SYNTH-MES-A,1
2024-03-11 19:51:00+00:00,4897.5,4900.25,4897.0,4898.75,876.0,SYNTH-MES-A,1
2024-03-11 19:52:00+00:00,4898.75,4899.25,4897.0,4897.0,896.0,SYNTH-MES-A,1
2024-03-11 19:53:00+00:00,4897.0,4897.25,4896.0,4896.25,840.0,SYNTH-MES-A,1
2024-03-11 19:54:00+00:00,4896.25,4898.0,4893.5,4897.5,904.0,SYNTH-MES-A,1
2024-03-11 19:55:00+00:00,4897.5,4900.75,4895.75,4900.25,874.0,SYNTH-MES-A,1
2024-03-11 19:56:00+00:00,4900.25,4900.5,4900.25,4900.5,875.0,SYNTH-MES-A,1
2024-03-11 19:57:00+00:00,4900.5,4901.75,4900.25,4901.5,947.0,SYNTH-MES-A,1
2024-03-11 19:58:00+00:00,4901.5,4904.0,4901.25,4903.75,861.0,SYNTH-MES-A,1
2024-03-11 19:59:00+00:00,4903.75,4903.75,4900.25,4901.0,890.0,SYNTH-MES-A,1
2024-03-11 20:00:00+00:00,4901.0,4901.0,4900.25,4900.25,201.0,SYNTH-MES-A,1
2024-03-11 20:01:00+00:00,4900.25,4902.25,4900.0,4901.5,215.0,SYNTH-MES-A,1
2024-03-11 20:02:00+00:00,4901.5,4902.0,4900.5,4900.5,207.0,SYNTH-MES-A,1
2024-03-11 20:03:00+00:00,4900.5,4901.5,4900.25,4901.25,189.0,SYNTH-MES-A,1
2024-03-11 20:04:00+00:00,4901.25,4901.5,4900.5,4900.5,195.0,SYNTH-MES-A,1
2024-03-11 20:05:00+00:00,4900.5,4900.5,4900.25,4900.5,197.0,SYNTH-MES-A,1
2024-03-11 20:06:00+00:00,4900.5,4902.0,4900.25,4901.75,194.0,SYNTH-MES-A,1
2024-03-11 20:07:00+00:00,4901.75,4901.75,4901.5,4901.75,222.0,SYNTH-MES-A,1
2024-03-11 20:08:00+00:00,4901.75,4902.0,4901.0,4901.25,191.0,SYNTH-MES-A,1
2024-03-11 20:09:00+00:00,4901.25,4901.25,4901.0,4901.25,217.0,SYNTH-MES-A,1
2024-03-11 20:10:00+00:00,4901.25,4902.75,4901.25,4901.75,198.0,SYNTH-MES-A,1
2024-03-11 20:11:00+00:00,4901.75,4901.75,4901.25,4901.25,203.0,SYNTH-MES-A,1
2024-03-11 20:12:00+00:00,4901.25,4901.75,4901.25,4901.25,212.0,SYNTH-MES-A,1
2024-03-11 20:13:00+00:00,4901.25,4901.25,4901.0,4901.25,217.0,SYNTH-MES-A,1
2024-03-11 20:14:00+00:00,4901.25,4901.75,4901.25,4901.5,198.0,SYNTH-MES-A,1
2024-03-11 20:15:00+00:00,4901.5,4902.0,4901.5,4902.0,198.0,SYNTH-MES-A,1
2024-03-11 20:16:00+00:00,4902.0,4902.75,4901.5,4902.5,212.0,SYNTH-MES-A,1
2024-03-11 20:17:00+00:00,4902.5,4903.75,4902.0,4903.5,198.0,SYNTH-MES-A,1
2024-03-11 20:18:00+00:00,4903.5,4903.5,4902.75,4902.75,189.0,SYNTH-MES-A,1
2024-03-11 20:19:00+00:00,4902.75,4903.5,4902.25,4902.5,223.0,SYNTH-MES-A,1
2024-03-11 20:20:00+00:00,4902.5,4903.0,4902.25,4902.25,215.0,SYNTH-MES-A,1
2024-03-11 20:21:00+00:00,4902.25,4903.0,4902.0,4902.5,213.0,SYNTH-MES-A,1
2024-03-11 20:22:00+00:00,4902.5,4902.5,4901.75,4901.75,201.0,SYNTH-MES-A,1
2024-03-11 20:23:00+00:00,4901.75,4901.75,4901.25,4901.5,214.0,SYNTH-MES-A,1
2024-03-11 20:24:00+00:00,4901.5,4901.5,4901.25,4901.25,213.0,SYNTH-MES-A,1
2024-03-11 20:25:00+00:00,4901.25,4901.75,4901.25,4901.75,201.0,SYNTH-MES-A,1
2024-03-11 20:26:00+00:00,4901.75,4902.75,4901.75,4902.25,186.0,SYNTH-MES-A,1
2024-03-11 20:27:00+00:00,4902.25,4903.0,4901.75,4902.0,192.0,SYNTH-MES-A,1
2024-03-11 20:28:00+00:00,4902.0,4902.25,4900.75,4901.75,205.0,SYNTH-MES-A,1
2024-03-11 20:29:00+00:00,4901.75,4902.0,4901.25,4901.25,194.0,SYNTH-MES-A,1
2024-03-11 20:30:00+00:00,4901.25,4902.25,4901.0,4901.25,198.0,SYNTH-MES-A,1
2024-03-11 20:31:00+00:00,4901.25,4901.5,4900.75,4901.5,193.0,SYNTH-MES-A,1
2024-03-11 20:32:00+00:00,4901.5,4901.75,4901.25,4901.75,192.0,SYNTH-MES-A,1
2024-03-11 20:33:00+00:00,4901.75,4901.75,4901.0,4901.25,184.0,SYNTH-MES-A,1
2024-03-11 20:34:00+00:00,4901.25,4902.0,4900.0,4900.5,206.0,SYNTH-MES-A,1
2024-03-11 20:35:00+00:00,4900.5,4900.5,4899.25,4899.75,214.0,SYNTH-MES-A,1
2024-03-11 20:36:00+00:00,4899.75,4900.75,4899.25,4900.5,180.0,SYNTH-MES-A,1
2024-03-11 20:37:00+00:00,4900.5,4900.5,4899.75,4900.0,186.0,SYNTH-MES-A,1
2024-03-11 20:38:00+00:00,4900.0,4900.75,4899.75,4899.75,189.0,SYNTH-MES-A,1
2024-03-11 20:39:00+00:00,4899.75,4899.75,4899.25,4899.5,194.0,SYNTH-MES-A,1
2024-03-11 20:40:00+00:00,4899.5,4899.5,4898.5,4898.5,198.0,SYNTH-MES-A,1
2024-03-11 20:41:00+00:00,4898.5,4899.25,4898.0,4899.0,209.0,SYNTH-MES-A,1
2024-03-11 20:42:00+00:00,4899.0,4899.25,4898.25,4898.25,199.0,SYNTH-MES-A,1
2024-03-11 20:43:00+00:00,4898.25,4898.75,4898.25,4898.5,198.0,SYNTH-MES-A,1
2024-03-11 20:44:00+00:00,4898.5,4899.5,4897.25,4897.25,196.0,SYNTH-MES-A,1
2024-03-11 20:45:00+00:00,4897.25,4898.0,4897.0,4897.75,193.0,SYNTH-MES-A,1
2024-03-11 20:46:00+00:00,4897.75,4898.5,4897.25,4898.25,214.0,SYNTH-MES-A,1
2024-03-11 20:47:00+00:00,4898.25,4898.5,4897.75,4898.0,198.0,SYNTH-MES-A,1
2024-03-11 20:48:00+00:00,4898.0,4900.0,4898.0,4899.0,194.0,SYNTH-MES-A,1
2024-03-11 20:49:00+00:00,4899.0,4899.75,4898.25,4898.5,224.0,SYNTH-MES-A,1
2024-03-11 20:50:00+00:00,4898.5,4899.75,4898.5,4899.5,214.0,SYNTH-MES-A,1
2024-03-11 20:51:00+00:00,4899.5,4899.5,4899.25,4899.5,191.0,SYNTH-MES-A,1
2024-03-11 20:52:00+00:00,4899.5,4899.75,4899.0,4899.0,222.0,SYNTH-MES-A,1
2024-03-11 20:53:00+00:00,4899.0,4900.75,4898.75,4900.5,199.0,SYNTH-MES-A,1
2024-03-11 20:54:00+00:00,4900.5,4900.5,4900.0,4900.0,200.0,SYNTH-MES-A,1
2024-03-11 20:55:00+00:00,4900.0,4901.25,4900.0,4900.5,211.0,SYNTH-MES-A,1
2024-03-11 20:56:00+00:00,4900.5,4901.0,4900.25,4900.25,169.0,SYNTH-MES-A,1
2024-03-11 20:57:00+00:00,4900.25,4900.5,4899.5,4899.5,214.0,SYNTH-MES-A,1
2024-03-11 20:58:00+00:00,4899.5,4899.75,4899.25,4899.25,202.0,SYNTH-MES-A,1
2024-03-11 20:59:00+00:00,4899.25,4899.25,4899.25,4899.25,187.0,SYNTH-MES-A,1
2024-03-11 22:00:00+00:00,4899.25,4899.5,4898.5,4898.75,197.0,SYNTH-MES-A,1
2024-03-11 22:01:00+00:00,4898.75,4899.0,4898.25,4898.25,197.0,SYNTH-MES-A,1
2024-03-11 22:02:00+00:00,4898.25,4898.5,4896.75,4897.25,206.0,SYNTH-MES-A,1
2024-03-11 22:03:00+00:00,4897.25,4899.75,4896.5,4899.75,199.0,SYNTH-MES-A,1
2024-03-11 22:04:00+00:00,4899.75,4901.0,4899.25,4900.0,212.0,SYNTH-MES-A,1
2024-03-11 22:05:00+00:00,4900.0,4901.25,4899.5,4901.25,172.0,SYNTH-MES-A,1
2024-03-11 22:06:00+00:00,4901.25,4902.25,4901.25,4902.0,215.0,SYNTH-MES-A,1
2024-03-11 22:07:00+00:00,4902.0,4902.25,4900.25,4900.75,225.0,SYNTH-MES-A,1
2024-03-11 22:08:00+00:00,4900.75,4902.25,4900.25,4901.5,187.0,SYNTH-MES-A,1
2024-03-11 22:09:00+00:00,4901.5,4903.0,4901.5,4902.75,182.0,SYNTH-MES-A,1
2024-03-11 22:10:00+00:00,4902.75,4902.75,4902.75,4902.75,193.0,SYNTH-MES-A,1
2024-03-11 22:11:00+00:00,4902.75,4903.0,4902.0,4902.0,191.0,SYNTH-MES-A,1
2024-03-11 22:12:00+00:00,4902.0,4902.5,4901.25,4901.5,213.0,SYNTH-MES-A,1
2024-03-11 22:13:00+00:00,4901.5,4903.0,4901.25,4902.75,184.0,SYNTH-MES-A,1
2024-03-11 22:14:00+00:00,4902.75,4903.25,4902.75,4903.0,213.0,SYNTH-MES-A,1
2024-03-11 22:15:00+00:00,4903.0,4903.0,4903.0,4903.0,197.0,SYNTH-MES-A,1
2024-03-11 22:16:00+00:00,4903.0,4903.75,4902.75,4902.75,189.0,SYNTH-MES-A,1
2024-03-11 22:17:00+00:00,4902.75,4903.25,4900.5,4901.0,193.0,SYNTH-MES-A,1
2024-03-11 22:18:00+00:00,4901.0,4902.25,4900.75,4902.0,182.0,SYNTH-MES-A,1
2024-03-11 22:19:00+00:00,4902.0,4902.5,4902.0,4902.5,204.0,SYNTH-MES-A,1
2024-03-11 22:20:00+00:00,4902.5,4902.75,4901.25,4902.0,203.0,SYNTH-MES-A,1
2024-03-11 22:21:00+00:00,4902.0,4903.25,4902.0,4903.0,188.0,SYNTH-MES-A,1
2024-03-11 22:22:00+00:00,4903.0,4904.5,4903.0,4904.5,171.0,SYNTH-MES-A,1
2024-03-11 22:23:00+00:00,4904.5,4906.5,4904.5,4906.25,195.0,SYNTH-MES-A,1
2024-03-11 22:24:00+00:00,4906.25,4907.25,4906.0,4907.0,212.0,SYNTH-MES-A,1
2024-03-11 22:25:00+00:00,4907.0,4907.25,4907.0,4907.0,214.0,SYNTH-MES-A,1
2024-03-11 22:26:00+00:00,4907.0,4907.75,4907.0,4907.75,203.0,SYNTH-MES-A,1
2024-03-11 22:27:00+00:00,4907.75,4908.0,4907.25,4907.5,206.0,SYNTH-MES-A,1
2024-03-11 22:28:00+00:00,4907.5,4907.75,4907.25,4907.5,196.0,SYNTH-MES-A,1
2024-03-11 22:29:00+00:00,4907.5,4908.0,4906.25,4906.5,194.0,SYNTH-MES-A,1
2024-03-11 22:30:00+00:00,4906.5,4907.0,4906.5,4907.0,206.0,SYNTH-MES-A,1
2024-03-11 22:31:00+00:00,4907.0,4907.5,4907.0,4907.5,202.0,SYNTH-MES-A,1
2024-03-11 22:32:00+00:00,4907.5,4907.75,4907.5,4907.5,212.0,SYNTH-MES-A,1
2024-03-11 22:33:00+00:00,4907.5,4907.75,4907.5,4907.75,194.0,SYNTH-MES-A,1
2024-03-11 22:34:00+00:00,4907.75,4909.25,4907.5,4908.75,196.0,SYNTH-MES-A,1
2024-03-11 22:35:00+00:00,4908.75,4908.75,4908.0,4908.5,187.0,SYNTH-MES-A,1
2024-03-11 22:36:00+00:00,4908.5,4910.0,4908.25,4909.75,182.0,SYNTH-MES-A,1
2024-03-11 22:37:00+00:00,4909.75,4910.25,4909.5,4909.5,230.0,SYNTH-MES-A,1
2024-03-11 22:38:00+00:00,4909.5,4909.75,4909.0,4909.25,193.0,SYNTH-MES-A,1
2024-03-11 22:39:00+00:00,4909.25,4910.5,4909.25,4910.5,208.0,SYNTH-MES-A,1
2024-03-11 22:40:00+00:00,4910.5,4910.5,4910.25,4910.5,214.0,SYNTH-MES-A,1
2024-03-11 22:41:00+00:00,4910.5,4910.75,4910.25,4910.5,222.0,SYNTH-MES-A,1
2024-03-11 22:42:00+00:00,4910.5,4910.75,4909.75,4909.75,206.0,SYNTH-MES-A,1
2024-03-11 22:43:00+00:00,4909.75,4912.0,4909.5,4911.75,186.0,SYNTH-MES-A,1
2024-03-11 22:44:00+00:00,4911.75,4911.75,4910.75,4911.25,202.0,SYNTH-MES-A,1
2024-03-11 22:45:00+00:00,4911.25,4911.75,4909.5,4909.75,187.0,SYNTH-MES-A,1
2024-03-11 22:46:00+00:00,4909.75,4910.5,4909.75,4910.0,208.0,SYNTH-MES-A,1
2024-03-11 22:47:00+00:00,4910.0,4911.25,4909.75,4910.5,194.0,SYNTH-MES-A,1
2024-03-11 22:48:00+00:00,4910.5,4911.0,4909.75,4910.0,194.0,SYNTH-MES-A,1
2024-03-11 22:49:00+00:00,4910.0,4910.0,4909.25,4909.25,212.0,SYNTH-MES-A,1
2024-03-11 22:50:00+00:00,4909.25,4910.5,4909.0,4910.25,189.0,SYNTH-MES-A,1
2024-03-11 22:51:00+00:00,4910.25,4910.25,4910.25,4910.25,227.0,SYNTH-MES-A,1
2024-03-11 22:52:00+00:00,4910.25,4910.75,4909.0,4909.25,209.0,SYNTH-MES-A,1
2024-03-11 22:53:00+00:00,4909.25,4909.5,4909.25,4909.25,197.0,SYNTH-MES-A,1
2024-03-11 22:54:00+00:00,4909.25,4909.25,4908.5,4908.5,215.0,SYNTH-MES-A,1
2024-03-11 22:55:00+00:00,4908.5,4908.5,4907.5,4908.0,209.0,SYNTH-MES-A,1
2024-03-11 22:56:00+00:00,4908.0,4908.75,4907.75,4908.25,195.0,SYNTH-MES-A,1
2024-03-11 22:57:00+00:00,4908.25,4909.75,4908.25,4909.25,194.0,SYNTH-MES-A,1
2024-03-11 22:58:00+00:00,4909.25,4910.5,4909.25,4910.25,178.0,SYNTH-MES-A,1
2024-03-11 22:59:00+00:00,4910.25,4912.0,4910.0,4911.5,201.0,SYNTH-MES-A,1
2024-03-11 23:00:00+00:00,4911.5,4911.75,4911.0,4911.5,192.0,SYNTH-MES-A,1
2024-03-11 23:01:00+00:00,4911.5,4912.25,4911.25,4912.0,179.0,SYNTH-MES-A,1
2024-03-11 23:02:00+00:00,4912.0,4912.0,4911.25,4912.0,199.0,SYNTH-MES-A,1
2024-03-11 23:03:00+00:00,4912.0,4912.5,4912.0,4912.5,195.0,SYNTH-MES-A,1
2024-03-11 23:04:00+00:00,4912.5,4912.75,4912.5,4912.75,206.0,SYNTH-MES-A,1
2024-03-11 23:05:00+00:00,4912.75,4912.75,4912.0,4912.25,178.0,SYNTH-MES-A,1
2024-03-11 23:06:00+00:00,4912.25,4913.0,4911.25,4912.75,221.0,SYNTH-MES-A,1
2024-03-11 23:07:00+00:00,4912.75,4913.0,4912.75,4913.0,218.0,SYNTH-MES-A,1
2024-03-11 23:08:00+00:00,4913.0,4914.0,4912.0,4913.75,219.0,SYNTH-MES-A,1
2024-03-11 23:09:00+00:00,4913.75,4914.0,4913.75,4914.0,197.0,SYNTH-MES-A,1
2024-03-11 23:10:00+00:00,4914.0,4915.25,4913.75,4915.0,198.0,SYNTH-MES-A,1
2024-03-11 23:11:00+00:00,4915.0,4915.0,4914.5,4914.75,187.0,SYNTH-MES-A,1
2024-03-11 23:12:00+00:00,4914.75,4916.0,4914.25,4915.25,198.0,SYNTH-MES-A,1
2024-03-11 23:13:00+00:00,4915.25,4916.0,4915.25,4915.75,189.0,SYNTH-MES-A,1
2024-03-11 23:14:00+00:00,4915.75,4916.75,4915.75,4916.5,202.0,SYNTH-MES-A,1
2024-03-11 23:15:00+00:00,4916.5,4917.5,4916.5,4917.5,201.0,SYNTH-MES-A,1
2024-03-11 23:16:00+00:00,4917.5,4919.5,4917.25,4919.5,185.0,SYNTH-MES-A,1
2024-03-11 23:17:00+00:00,4919.5,4919.5,4919.0,4919.5,181.0,SYNTH-MES-A,1
2024-03-11 23:18:00+00:00,4919.5,4920.5,4918.5,4918.75,196.0,SYNTH-MES-A,1
2024-03-11 23:19:00+00:00,4918.75,4918.75,4918.0,4918.0,202.0,SYNTH-MES-A,1
2024-03-11 23:20:00+00:00,4918.0,4918.5,4918.0,4918.5,198.0,SYNTH-MES-A,1
2024-03-11 23:21:00+00:00,4918.5,4918.75,4918.0,4918.0,200.0,SYNTH-MES-A,1
2024-03-11 23:22:00+00:00,4918.0,4919.25,4917.75,4918.25,225.0,SYNTH-MES-A,1
2024-03-11 23:23:00+00:00,4918.25,4919.25,4918.0,4918.75,190.0,SYNTH-MES-A,1
2024-03-11 23:24:00+00:00,4918.75,4919.0,4918.25,4919.0,195.0,SYNTH-MES-A,1
2024-03-11 23:25:00+00:00,4919.0,4920.0,4918.75,4920.0,207.0,SYNTH-MES-A,1
2024-03-11 23:26:00+00:00,4920.0,4920.5,4918.0,4918.75,230.0,SYNTH-MES-A,1
2024-03-11 23:27:00+00:00,4918.75,4919.5,4917.25,4917.5,225.0,SYNTH-MES-A,1
2024-03-11 23:28:00+00:00,4917.5,4917.75,4917.5,4917.5,224.0,SYNTH-MES-A,1
2024-03-11 23:29:00+00:00,4917.5,4918.0,4917.5,4918.0,191.0,SYNTH-MES-A,1
2024-03-11 23:30:00+00:00,4918.0,4920.25,4917.75,4920.25,192.0,SYNTH-MES-A,1
2024-03-11 23:31:00+00:00,4920.25,4920.25,4919.75,4920.25,211.0,SYNTH-MES-A,1
2024-03-11 23:32:00+00:00,4920.25,4920.75,4919.5,4919.75,201.0,SYNTH-MES-A,1
2024-03-11 23:33:00+00:00,4919.75,4920.0,4919.25,4920.0,206.0,SYNTH-MES-A,1
2024-03-11 23:34:00+00:00,4920.0,4920.25,4919.0,4919.25,182.0,SYNTH-MES-A,1
2024-03-11 23:35:00+00:00,4919.25,4920.25,4918.5,4920.0,206.0,SYNTH-MES-A,1
2024-03-11 23:36:00+00:00,4920.0,4921.75,4919.5,4921.5,215.0,SYNTH-MES-A,1
2024-03-11 23:37:00+00:00,4921.5,4922.0,4921.0,4921.75,207.0,SYNTH-MES-A,1
2024-03-11 23:38:00+00:00,4921.75,4922.75,4921.5,4922.75,222.0,SYNTH-MES-A,1
2024-03-11 23:39:00+00:00,4922.75,4922.75,4922.75,4922.75,191.0,SYNTH-MES-A,1
2024-03-11 23:40:00+00:00,4922.75,4923.25,4921.75,4922.5,188.0,SYNTH-MES-A,1
2024-03-11 23:41:00+00:00,4922.5,4922.75,4922.5,4922.5,207.0,SYNTH-MES-A,1
2024-03-11 23:42:00+00:00,4922.5,4923.0,4922.25,4923.0,181.0,SYNTH-MES-A,1
2024-03-11 23:43:00+00:00,4923.0,4925.25,4922.75,4924.75,246.0,SYNTH-MES-A,1
2024-03-11 23:44:00+00:00,4924.75,4925.25,4922.25,4922.5,198.0,SYNTH-MES-A,1
2024-03-11 23:45:00+00:00,4922.5,4922.75,4921.5,4922.75,199.0,SYNTH-MES-A,1
2024-03-11 23:46:00+00:00,4922.75,4923.0,4922.75,4923.0,190.0,SYNTH-MES-A,1
2024-03-11 23:47:00+00:00,4923.0,4923.0,4922.25,4922.75,218.0,SYNTH-MES-A,1
2024-03-11 23:48:00+00:00,4922.75,4923.25,4922.25,4922.5,205.0,SYNTH-MES-A,1
2024-03-11 23:49:00+00:00,4922.5,4922.75,4921.75,4922.0,201.0,SYNTH-MES-A,1
2024-03-11 23:50:00+00:00,4922.0,4922.25,4921.25,4921.25,191.0,SYNTH-MES-A,1
2024-03-11 23:51:00+00:00,4921.25,4921.75,4921.0,4921.75,216.0,SYNTH-MES-A,1
2024-03-11 23:52:00+00:00,4921.75,4922.0,4921.0,4921.0,225.0,SYNTH-MES-A,1
2024-03-11 23:53:00+00:00,4921.0,4921.25,4921.0,4921.0,212.0,SYNTH-MES-A,1
2024-03-11 23:54:00+00:00,4921.0,4921.0,4920.75,4921.0,193.0,SYNTH-MES-A,1
2024-03-11 23:55:00+00:00,4921.0,4922.25,4921.0,4922.25,173.0,SYNTH-MES-A,1
2024-03-11 23:56:00+00:00,4922.25,4922.5,4922.0,4922.0,210.0,SYNTH-MES-A,1
2024-03-11 23:57:00+00:00,4922.0,4922.25,4921.5,4921.75,219.0,SYNTH-MES-A,1
2024-03-11 23:58:00+00:00,4921.75,4922.5,4921.75,4922.25,198.0,SYNTH-MES-A,1
2024-03-11 23:59:00+00:00,4922.25,4922.5,4920.5,4921.75,219.0,SYNTH-MES-A,1
2024-03-12 00:00:00+00:00,4921.75,4922.0,4921.5,4921.5,204.0,SYNTH-MES-A,1
2024-03-12 00:01:00+00:00,4921.5,4921.75,4921.0,4921.5,182.0,SYNTH-MES-A,1
2024-03-12 00:02:00+00:00,4921.5,4921.75,4921.0,4921.0,216.0,SYNTH-MES-A,1
2024-03-12 00:03:00+00:00,4921.0,4921.0,4920.25,4920.5,195.0,SYNTH-MES-A,1
2024-03-12 00:04:00+00:00,4920.5,4920.75,4920.25,4920.25,203.0,SYNTH-MES-A,1
2024-03-12 00:05:00+00:00,4920.25,4921.25,4920.0,4920.75,211.0,SYNTH-MES-A,1
2024-03-12 00:06:00+00:00,4920.75,4921.25,4920.0,4920.25,183.0,SYNTH-MES-A,1
2024-03-12 00:07:00+00:00,4920.25,4920.75,4920.0,4920.75,188.0,SYNTH-MES-A,1
2024-03-12 00:08:00+00:00,4920.75,4920.75,4918.75,4919.25,211.0,SYNTH-MES-A,1
2024-03-12 00:09:00+00:00,4919.25,4919.5,4917.25,4918.25,207.0,SYNTH-MES-A,1
2024-03-12 00:10:00+00:00,4918.25,4918.5,4917.75,4917.75,204.0,SYNTH-MES-A,1
2024-03-12 00:11:00+00:00,4917.75,4918.25,4917.5,4918.0,242.0,SYNTH-MES-A,1
2024-03-12 00:12:00+00:00,4918.0,4919.5,4917.75,4919.0,188.0,SYNTH-MES-A,1
2024-03-12 00:13:00+00:00,4919.0,4919.5,4917.75,4918.25,190.0,SYNTH-MES-A,1
2024-03-12 00:14:00+00:00,4918.25,4919.25,4917.0,4917.25,221.0,SYNTH-MES-A,1
2024-03-12 00:15:00+00:00,4917.25,4918.25,4916.75,4917.75,172.0,SYNTH-MES-A,1
2024-03-12 00:16:00+00:00,4917.75,4918.0,4917.0,4917.25,212.0,SYNTH-MES-A,1
2024-03-12 00:17:00+00:00,4917.25,4917.75,4916.25,4917.0,220.0,SYNTH-MES-A,1
2024-03-12 00:18:00+00:00,4917.0,4917.0,4916.5,4917.0,176.0,SYNTH-MES-A,1
2024-03-12 00:19:00+00:00,4917.0,4917.0,4917.0,4917.0,196.0,SYNTH-MES-A,1
2024-03-12 00:20:00+00:00,4917.0,4917.25,4914.5,4914.75,195.0,SYNTH-MES-A,1
2024-03-12 00:21:00+00:00,4914.75,4915.0,4914.25,4914.75,200.0,SYNTH-MES-A,1
2024-03-12 00:22:00+00:00,4914.75,4915.0,4914.75,4914.75,215.0,SYNTH-MES-A,1
2024-03-12 00:23:00+00:00,4914.75,4915.25,4914.75,4914.75,208.0,SYNTH-MES-A,1
2024-03-12 00:24:00+00:00,4914.75,4915.5,4914.5,4915.5,218.0,SYNTH-MES-A,1
2024-03-12 00:25:00+00:00,4915.5,4916.5,4915.25,4916.5,207.0,SYNTH-MES-A,1
2024-03-12 00:26:00+00:00,4916.5,4917.0,4915.0,4915.25,200.0,SYNTH-MES-A,1
2024-03-12 00:27:00+00:00,4915.25,4915.25,4915.0,4915.25,179.0,SYNTH-MES-A,1
2024-03-12 00:28:00+00:00,4915.25,4915.75,4915.25,4915.25,206.0,SYNTH-MES-A,1
2024-03-12 00:29:00+00:00,4915.25,4915.5,4914.0,4915.25,200.0,SYNTH-MES-A,1
2024-03-12 00:30:00+00:00,4915.25,4916.75,4915.25,4916.5,192.0,SYNTH-MES-A,1
2024-03-12 00:31:00+00:00,4916.5,4916.5,4916.25,4916.5,221.0,SYNTH-MES-A,1
2024-03-12 00:32:00+00:00,4916.5,4917.0,4915.5,4915.5,223.0,SYNTH-MES-A,1
2024-03-12 00:33:00+00:00,4915.5,4916.25,4915.25,4915.75,229.0,SYNTH-MES-A,1
2024-03-12 00:34:00+00:00,4915.75,4917.0,4915.75,4916.75,209.0,SYNTH-MES-A,1
2024-03-12 00:35:00+00:00,4916.75,4917.25,4916.5,4917.0,191.0,SYNTH-MES-A,1
2024-03-12 00:36:00+00:00,4917.0,4918.0,4916.75,4917.0,198.0,SYNTH-MES-A,1
2024-03-12 00:37:00+00:00,4917.0,4918.0,4916.25,4918.0,180.0,SYNTH-MES-A,1
2024-03-12 00:38:00+00:00,4918.0,4920.25,4917.5,4920.25,197.0,SYNTH-MES-A,1
2024-03-12 00:39:00+00:00,4920.25,4920.25,4919.25,4920.0,226.0,SYNTH-MES-A,1
2024-03-12 00:40:00+00:00,4920.0,4920.75,4920.0,4920.5,207.0,SYNTH-MES-A,1
2024-03-12 00:41:00+00:00,4920.5,4922.0,4920.5,4921.25,177.0,SYNTH-MES-A,1
2024-03-12 00:42:00+00:00,4921.25,4922.25,4920.25,4922.0,198.0,SYNTH-MES-A,1
2024-03-12 00:43:00+00:00,4922.0,4922.25,4921.5,4921.5,188.0,SYNTH-MES-A,1
2024-03-12 00:44:00+00:00,4921.5,4922.0,4921.5,4921.75,212.0,SYNTH-MES-A,1
2024-03-12 00:45:00+00:00,4921.75,4921.75,4921.0,4921.0,212.0,SYNTH-MES-A,1
2024-03-12 00:46:00+00:00,4921.0,4921.75,4921.0,4921.5,187.0,SYNTH-MES-A,1
2024-03-12 00:47:00+00:00,4921.5,4922.75,4921.25,4922.25,200.0,SYNTH-MES-A,1
2024-03-12 00:48:00+00:00,4922.25,4922.5,4922.0,4922.5,209.0,SYNTH-MES-A,1
2024-03-12 00:49:00+00:00,4922.5,4922.5,4921.5,4921.5,202.0,SYNTH-MES-A,1
2024-03-12 00:50:00+00:00,4921.5,4921.75,4921.25,4921.75,205.0,SYNTH-MES-A,1
2024-03-12 00:51:00+00:00,4921.75,4922.0,4920.25,4920.25,215.0,SYNTH-MES-A,1
2024-03-12 00:52:00+00:00,4920.25,4920.75,4920.25,4920.25,235.0,SYNTH-MES-A,1
2024-03-12 00:53:00+00:00,4920.25,4920.75,4919.75,4920.0,205.0,SYNTH-MES-A,1
2024-03-12 00:54:00+00:00,4920.0,4920.0,4919.0,4920.0,179.0,SYNTH-MES-A,1
2024-03-12 00:55:00+00:00,4920.0,4920.5,4919.0,4919.0,194.0,SYNTH-MES-A,1
2024-03-12 00:56:00+00:00,4919.0,4919.5,4919.0,4919.0,197.0,SYNTH-MES-A,1
2024-03-12 00:57:00+00:00,4919.0,4919.25,4919.0,4919.0,205.0,SYNTH-MES-A,1
2024-03-12 00:58:00+00:00,4919.0,4920.0,4918.75,4919.75,206.0,SYNTH-MES-A,1
2024-03-12 00:59:00+00:00,4919.75,4920.25,4919.75,4920.0,197.0,SYNTH-MES-A,1
2024-03-12 01:00:00+00:00,4920.0,4922.25,4920.0,4921.0,179.0,SYNTH-MES-A,1
2024-03-12 01:01:00+00:00,4921.0,4921.0,4920.5,4920.5,216.0,SYNTH-MES-A,1
2024-03-12 01:02:00+00:00,4920.5,4920.75,4919.0,4919.25,213.0,SYNTH-MES-A,1
2024-03-12 01:03:00+00:00,4919.25,4919.25,4918.5,4918.75,192.0,SYNTH-MES-A,1
2024-03-12 01:04:00+00:00,4918.75,4918.75,4917.75,4918.0,205.0,SYNTH-MES-A,1
2024-03-12 01:05:00+00:00,4918.0,4918.25,4918.0,4918.25,189.0,SYNTH-MES-A,1
2024-03-12 01:06:00+00:00,4918.25,4918.5,4918.25,4918.25,200.0,SYNTH-MES-A,1
2024-03-12 01:07:00+00:00,4918.25,4919.5,4918.25,4919.5,219.0,SYNTH-MES-A,1
2024-03-12 01:08:00+00:00,4919.5,4921.0,4919.25,4920.75,219.0,SYNTH-MES-A,1
2024-03-12 01:09:00+00:00,4920.75,4922.25,4920.5,4921.25,200.0,SYNTH-MES-A,1
2024-03-12 01:10:00+00:00,4921.25,4921.25,4919.5,4920.25,169.0,SYNTH-MES-A,1
2024-03-12 01:11:00+00:00,4920.25,4920.25,4920.0,4920.25,174.0,SYNTH-MES-A,1
2024-03-12 01:12:00+00:00,4920.25,4920.25,4919.25,4919.25,228.0,SYNTH-MES-A,1
2024-03-12 01:13:00+00:00,4919.25,4920.0,4918.5,4918.75,170.0,SYNTH-MES-A,1
2024-03-12 01:14:00+00:00,4918.75,4918.75,4917.75,4918.25,218.0,SYNTH-MES-A,1
2024-03-12 01:15:00+00:00,4918.25,4918.75,4918.0,4918.75,211.0,SYNTH-MES-A,1
2024-03-12 01:16:00+00:00,4918.75,4920.25,4918.75,4920.0,206.0,SYNTH-MES-A,1
2024-03-12 01:17:00+00:00,4920.0,4920.5,4919.75,4919.75,220.0,SYNTH-MES-A,1
2024-03-12 01:18:00+00:00,4919.75,4919.75,4919.25,4919.25,194.0,SYNTH-MES-A,1
2024-03-12 01:19:00+00:00,4919.25,4919.75,4918.75,4919.0,207.0,SYNTH-MES-A,1
2024-03-12 01:20:00+00:00,4919.0,4920.5,4918.75,4920.25,182.0,SYNTH-MES-A,1
2024-03-12 01:21:00+00:00,4920.25,4921.75,4920.0,4921.5,218.0,SYNTH-MES-A,1
2024-03-12 01:22:00+00:00,4921.5,4921.5,4920.25,4920.5,209.0,SYNTH-MES-A,1
2024-03-12 01:23:00+00:00,4920.5,4921.0,4919.75,4920.25,191.0,SYNTH-MES-A,1
2024-03-12 01:24:00+00:00,4920.25,4923.25,4920.0,4922.75,193.0,SYNTH-MES-A,1
2024-03-12 01:25:00+00:00,4922.75,4923.0,4922.0,4922.0,195.0,SYNTH-MES-A,1
2024-03-12 01:26:00+00:00,4922.0,4922.5,4921.5,4921.75,207.0,SYNTH-MES-A,1
2024-03-12 01:27:00+00:00,4921.75,4922.25,4920.5,4921.75,200.0,SYNTH-MES-A,1
2024-03-12 01:28:00+00:00,4921.75,4921.75,4920.5,4921.0,218.0,SYNTH-MES-A,1
2024-03-12 01:29:00+00:00,4921.0,4922.0,4921.0,4921.75,212.0,SYNTH-MES-A,1
2024-03-12 01:30:00+00:00,4921.75,4922.0,4921.25,4921.25,174.0,SYNTH-MES-A,1
2024-03-12 01:31:00+00:00,4921.25,4922.0,4920.75,4922.0,203.0,SYNTH-MES-A,1
2024-03-12 01:32:00+00:00,4922.0,4922.0,4921.75,4922.0,208.0,SYNTH-MES-A,1
2024-03-12 01:33:00+00:00,4922.0,4922.0,4921.25,4921.5,186.0,SYNTH-MES-A,1
2024-03-12 01:34:00+00:00,4921.5,4921.5,4921.25,4921.25,209.0,SYNTH-MES-A,1
2024-03-12 01:35:00+00:00,4921.25,4922.5,4921.0,4921.25,178.0,SYNTH-MES-A,1
2024-03-12 01:36:00+00:00,4921.25,4922.25,4921.25,4922.0,186.0,SYNTH-MES-A,1
2024-03-12 01:37:00+00:00,4922.0,4922.5,4921.5,4921.5,201.0,SYNTH-MES-A,1
2024-03-12 01:38:00+00:00,4921.5,4921.75,4920.25,4920.25,225.0,SYNTH-MES-A,1
2024-03-12 01:39:00+00:00,4920.25,4921.75,4920.0,4921.5,230.0,SYNTH-MES-A,1
2024-03-12 01:40:00+00:00,4921.5,4921.75,4921.5,4921.5,192.0,SYNTH-MES-A,1
2024-03-12 01:41:00+00:00,4921.5,4922.0,4920.5,4921.25,184.0,SYNTH-MES-A,1
2024-03-12 01:42:00+00:00,4921.25,4922.25,4921.0,4922.25,202.0,SYNTH-MES-A,1
2024-03-12 01:43:00+00:00,4922.25,4922.75,4921.75,4922.0,208.0,SYNTH-MES-A,1
2024-03-12 01:44:00+00:00,4922.0,4923.0,4922.0,4922.5,212.0,SYNTH-MES-A,1
2024-03-12 01:45:00+00:00,4922.5,4923.25,4921.75,4922.0,174.0,SYNTH-MES-A,1
2024-03-12 01:46:00+00:00,4922.0,4922.25,4921.75,4922.25,232.0,SYNTH-MES-A,1
2024-03-12 01:47:00+00:00,4922.25,4923.75,4922.0,4923.0,192.0,SYNTH-MES-A,1
2024-03-12 01:48:00+00:00,4923.0,4923.25,4922.75,4923.0,192.0,SYNTH-MES-A,1
2024-03-12 01:49:00+00:00,4923.0,4923.5,4922.75,4923.5,210.0,SYNTH-MES-A,1
2024-03-12 01:50:00+00:00,4923.5,4924.75,4923.5,4924.5,184.0,SYNTH-MES-A,1
2024-03-12 01:51:00+00:00,4924.5,4924.5,4923.5,4924.25,196.0,SYNTH-MES-A,1
2024-03-12 01:52:00+00:00,4924.25,4924.75,4924.0,4924.75,197.0,SYNTH-MES-A,1
2024-03-12 01:53:00+00:00,4924.75,4925.25,4924.5,4924.5,211.0,SYNTH-MES-A,1
2024-03-12 01:54:00+00:00,4924.5,4924.5,4924.25,4924.25,198.0,SYNTH-MES-A,1
2024-03-12 01:55:00+00:00,4924.25,4925.75,4924.0,4925.0,197.0,SYNTH-MES-A,1
2024-03-12 01:56:00+00:00,4925.0,4925.75,4925.0,4925.75,207.0,SYNTH-MES-A,1
2024-03-12 01:57:00+00:00,4925.75,4925.75,4924.75,4925.25,216.0,SYNTH-MES-A,1
2024-03-12 01:58:00+00:00,4925.25,4926.5,4924.5,4925.75,206.0,SYNTH-MES-A,1
2024-03-12 01:59:00+00:00,4925.75,4927.25,4925.25,4927.0,205.0,SYNTH-MES-A,1
2024-03-12 02:00:00+00:00,4927.0,4927.25,4925.25,4926.25,222.0,SYNTH-MES-A,1
2024-03-12 02:01:00+00:00,4926.25,4926.5,4925.75,4926.5,194.0,SYNTH-MES-A,1
2024-03-12 02:02:00+00:00,4926.5,4927.0,4926.5,4926.75,218.0,SYNTH-MES-A,1
2024-03-12 02:03:00+00:00,4926.75,4927.0,4925.5,4926.5,200.0,SYNTH-MES-A,1
2024-03-12 02:04:00+00:00,4926.5,4928.5,4926.5,4928.25,187.0,SYNTH-MES-A,1
2024-03-12 02:05:00+00:00,4928.25,4928.75,4928.0,4928.0,216.0,SYNTH-MES-A,1
2024-03-12 02:06:00+00:00,4928.0,4928.0,4927.75,4928.0,218.0,SYNTH-MES-A,1
2024-03-12 02:07:00+00:00,4928.0,4928.0,4928.0,4928.0,218.0,SYNTH-MES-A,1
2024-03-12 02:08:00+00:00,4928.0,4928.0,4927.5,4927.5,189.0,SYNTH-MES-A,1
2024-03-12 02:09:00+00:00,4927.5,4929.0,4927.25,4928.75,206.0,SYNTH-MES-A,1
2024-03-12 02:10:00+00:00,4928.75,4929.0,4928.75,4928.75,223.0,SYNTH-MES-A,1
2024-03-12 02:11:00+00:00,4928.75,4929.0,4928.0,4928.25,166.0,SYNTH-MES-A,1
2024-03-12 02:12:00+00:00,4928.25,4928.5,4927.25,4927.5,215.0,SYNTH-MES-A,1
2024-03-12 02:13:00+00:00,4927.5,4927.5,4926.75,4926.75,179.0,SYNTH-MES-A,1
2024-03-12 02:14:00+00:00,4926.75,4927.75,4926.5,4926.5,188.0,SYNTH-MES-A,1
2024-03-12 02:15:00+00:00,4926.5,4926.5,4926.25,4926.5,209.0,SYNTH-MES-A,1
2024-03-12 02:16:00+00:00,4926.5,4926.75,4926.25,4926.5,163.0,SYNTH-MES-A,1
2024-03-12 02:17:00+00:00,4926.5,4927.25,4926.25,4927.25,207.0,SYNTH-MES-A,1
2024-03-12 02:18:00+00:00,4927.25,4928.75,4926.75,4928.5,207.0,SYNTH-MES-A,1
2024-03-12 02:19:00+00:00,4928.5,4929.25,4928.5,4929.0,172.0,SYNTH-MES-A,1
2024-03-12 02:20:00+00:00,4929.0,4929.25,4927.75,4928.25,206.0,SYNTH-MES-A,1
2024-03-12 02:21:00+00:00,4928.25,4929.5,4928.0,4929.25,207.0,SYNTH-MES-A,1
2024-03-12 02:22:00+00:00,4929.25,4930.0,4929.25,4929.75,199.0,SYNTH-MES-A,1
2024-03-12 02:23:00+00:00,4929.75,4930.0,4929.0,4929.25,188.0,SYNTH-MES-A,1
2024-03-12 02:24:00+00:00,4929.25,4929.75,4928.5,4928.5,194.0,SYNTH-MES-A,1
2024-03-12 02:25:00+00:00,4928.5,4928.5,4928.25,4928.5,205.0,SYNTH-MES-A,1
2024-03-12 02:26:00+00:00,4928.5,4930.0,4927.5,4929.75,200.0,SYNTH-MES-A,1
2024-03-12 02:27:00+00:00,4929.75,4929.75,4929.25,4929.25,195.0,SYNTH-MES-A,1
2024-03-12 02:28:00+00:00,4929.25,4929.25,4929.0,4929.0,231.0,SYNTH-MES-A,1
2024-03-12 02:29:00+00:00,4929.0,4929.0,4928.75,4928.75,225.0,SYNTH-MES-A,1
2024-03-12 02:30:00+00:00,4928.75,4930.25,4928.25,4929.75,214.0,SYNTH-MES-A,1
2024-03-12 02:31:00+00:00,4929.75,4931.0,4928.75,4930.25,215.0,SYNTH-MES-A,1
2024-03-12 02:32:00+00:00,4930.25,4930.5,4929.25,4929.5,181.0,SYNTH-MES-A,1
2024-03-12 02:33:00+00:00,4929.5,4930.5,4929.5,4929.75,183.0,SYNTH-MES-A,1
2024-03-12 02:34:00+00:00,4929.75,4930.75,4929.5,4930.75,197.0,SYNTH-MES-A,1
2024-03-12 02:35:00+00:00,4930.75,4930.75,4930.25,4930.25,226.0,SYNTH-MES-A,1
2024-03-12 02:36:00+00:00,4930.25,4930.75,4930.0,4930.75,178.0,SYNTH-MES-A,1
2024-03-12 02:37:00+00:00,4930.75,4931.0,4929.75,4930.5,223.0,SYNTH-MES-A,1
2024-03-12 02:38:00+00:00,4930.5,4931.5,4930.25,4931.0,213.0,SYNTH-MES-A,1
2024-03-12 02:39:00+00:00,4931.0,4931.75,4930.75,4931.25,211.0,SYNTH-MES-A,1
2024-03-12 02:40:00+00:00,4931.25,4931.25,4929.0,4929.5,194.0,SYNTH-MES-A,1
2024-03-12 02:41:00+00:00,4929.5,4929.75,4929.5,4929.75,211.0,SYNTH-MES-A,1
2024-03-12 02:42:00+00:00,4929.75,4930.0,4929.0,4929.0,214.0,SYNTH-MES-A,1
2024-03-12 02:43:00+00:00,4929.0,4929.0,4929.0,4929.0,186.0,SYNTH-MES-A,1
2024-03-12 02:44:00+00:00,4929.0,4929.25,4928.75,4929.25,205.0,SYNTH-MES-A,1
2024-03-12 02:45:00+00:00,4929.25,4929.5,4926.5,4927.5,194.0,SYNTH-MES-A,1
2024-03-12 02:46:00+00:00,4927.5,4929.0,4927.5,4928.75,210.0,SYNTH-MES-A,1
2024-03-12 02:47:00+00:00,4928.75,4928.75,4927.5,4927.75,228.0,SYNTH-MES-A,1
2024-03-12 02:48:00+00:00,4927.75,4928.0,4927.75,4927.75,194.0,SYNTH-MES-A,1
2024-03-12 02:49:00+00:00,4927.75,4928.0,4927.0,4927.0,203.0,SYNTH-MES-A,1
2024-03-12 02:50:00+00:00,4927.0,4927.5,4926.75,4926.75,206.0,SYNTH-MES-A,1
2024-03-12 02:51:00+00:00,4926.75,4926.75,4925.0,4925.5,187.0,SYNTH-MES-A,1
2024-03-12 02:52:00+00:00,4925.5,4925.75,4925.25,4925.75,197.0,SYNTH-MES-A,1
2024-03-12 02:53:00+00:00,4925.75,4926.5,4925.5,4925.5,204.0,SYNTH-MES-A,1
2024-03-12 02:54:00+00:00,4925.5,4926.0,4925.5,4926.0,194.0,SYNTH-MES-A,1
2024-03-12 02:55:00+00:00,4926.0,4927.75,4926.0,4927.25,167.0,SYNTH-MES-A,1
2024-03-12 02:56:00+00:00,4927.25,4927.25,4926.75,4927.0,202.0,SYNTH-MES-A,1
2024-03-12 02:57:00+00:00,4927.0,4928.5,4926.25,4928.5,212.0,SYNTH-MES-A,1
2024-03-12 02:58:00+00:00,4928.5,4929.25,4927.5,4929.0,184.0,SYNTH-MES-A,1
2024-03-12 02:59:00+00:00,4929.0,4929.5,4928.25,4929.5,193.0,SYNTH-MES-A,1
2024-03-12 03:00:00+00:00,4929.5,4930.0,4927.25,4927.5,190.0,SYNTH-MES-A,1
2024-03-12 03:01:00+00:00,4927.5,4927.5,4926.75,4926.75,190.0,SYNTH-MES-A,1
2024-03-12 03:02:00+00:00,4926.75,4927.0,4926.25,4926.5,229.0,SYNTH-MES-A,1
2024-03-12 03:03:00+00:00,4926.5,4927.25,4925.5,4926.0,178.0,SYNTH-MES-A,1
2024-03-12 03:04:00+00:00,4926.0,4927.5,4926.0,4927.25,202.0,SYNTH-MES-A,1
2024-03-12 03:05:00+00:00,4927.25,4927.25,4926.25,4927.0,208.0,SYNTH-MES-A,1
2024-03-12 03:06:00+00:00,4927.0,4927.25,4927.0,4927.25,205.0,SYNTH-MES-A,1
2024-03-12 03:07:00+00:00,4927.25,4928.75,4927.0,4928.25,210.0,SYNTH-MES-A,1
2024-03-12 03:08:00+00:00,4928.25,4928.25,4928.0,4928.0,192.0,SYNTH-MES-A,1
2024-03-12 03:09:00+00:00,4928.0,4928.25,4927.75,4927.75,199.0,SYNTH-MES-A,1
2024-03-12 03:10:00+00:00,4927.75,4928.75,4927.75,4928.75,210.0,SYNTH-MES-A,1
2024-03-12 03:11:00+00:00,4928.75,4931.25,4928.75,4930.0,203.0,SYNTH-MES-A,1
2024-03-12 03:12:00+00:00,4930.0,4930.75,4929.75,4930.75,206.0,SYNTH-MES-A,1
2024-03-12 03:13:00+00:00,4930.75,4930.75,4929.5,4929.75,204.0,SYNTH-MES-A,1
2024-03-12 03:14:00+00:00,4929.75,4930.25,4929.75,4930.0,201.0,SYNTH-MES-A,1
2024-03-12 03:15:00+00:00,4930.0,4930.75,4929.5,4930.25,195.0,SYNTH-MES-A,1
2024-03-12 03:16:00+00:00,4930.25,4930.75,4929.75,4930.0,224.0,SYNTH-MES-A,1
2024-03-12 03:17:00+00:00,4930.0,4930.75,4929.75,4930.75,211.0,SYNTH-MES-A,1
2024-03-12 03:18:00+00:00,4930.75,4931.0,4929.75,4929.75,187.0,SYNTH-MES-A,1
2024-03-12 03:19:00+00:00,4929.75,4931.25,4929.75,4931.0,173.0,SYNTH-MES-A,1
2024-03-12 03:20:00+00:00,4931.0,4932.5,4930.5,4932.25,212.0,SYNTH-MES-A,1
2024-03-12 03:21:00+00:00,4932.25,4932.5,4932.25,4932.5,208.0,SYNTH-MES-A,1
2024-03-12 03:22:00+00:00,4932.5,4935.0,4932.25,4934.0,191.0,SYNTH-MES-A,1
2024-03-12 03:23:00+00:00,4934.0,4934.0,4933.75,4933.75,216.0,SYNTH-MES-A,1
2024-03-12 03:24:00+00:00,4933.75,4934.0,4933.5,4933.75,183.0,SYNTH-MES-A,1
2024-03-12 03:25:00+00:00,4933.75,4934.75,4933.25,4934.5,182.0,SYNTH-MES-A,1
2024-03-12 03:26:00+00:00,4934.5,4936.5,4934.0,4936.25,189.0,SYNTH-MES-A,1
2024-03-12 03:27:00+00:00,4936.25,4937.0,4935.25,4937.0,227.0,SYNTH-MES-A,1
2024-03-12 03:28:00+00:00,4937.0,4937.25,4936.75,4936.75,204.0,SYNTH-MES-A,1
2024-03-12 03:29:00+00:00,4936.75,4937.5,4935.75,4935.75,212.0,SYNTH-MES-A,1
2024-03-12 03:30:00+00:00,4935.75,4935.75,4935.5,4935.75,217.0,SYNTH-MES-A,1
2024-03-12 03:31:00+00:00,4935.75,4936.0,4935.75,4936.0,195.0,SYNTH-MES-A,1
2024-03-12 03:32:00+00:00,4936.0,4936.75,4934.25,4934.25,209.0,SYNTH-MES-A,1
2024-03-12 03:33:00+00:00,4934.25,4934.75,4933.0,4933.25,180.0,SYNTH-MES-A,1
2024-03-12 03:34:00+00:00,4933.25,4933.25,4931.75,4931.75,184.0,SYNTH-MES-A,1
2024-03-12 03:35:00+00:00,4931.75,4933.25,4931.75,4933.0,196.0,SYNTH-MES-A,1
2024-03-12 03:36:00+00:00,4933.0,4933.5,4932.75,4933.25,205.0,SYNTH-MES-A,1
2024-03-12 03:37:00+00:00,4933.25,4933.25,4932.0,4932.25,188.0,SYNTH-MES-A,1
2024-03-12 03:38:00+00:00,4932.25,4932.75,4932.0,4932.5,237.0,SYNTH-MES-A,1
2024-03-12 03:39:00+00:00,4932.5,4934.0,4931.25,4931.75,197.0,SYNTH-MES-A,1
2024-03-12 03:40:00+00:00,4931.75,4932.25,4931.75,4932.25,219.0,SYNTH-MES-A,1
2024-03-12 03:41:00+00:00,4932.25,4933.75,4932.25,4933.25,206.0,SYNTH-MES-A,1
2024-03-12 03:42:00+00:00,4933.25,4933.25,4932.5,4932.5,175.0,SYNTH-MES-A,1
2024-03-12 03:43:00+00:00,4932.5,4934.25,4932.5,4933.75,200.0,SYNTH-MES-A,1
2024-03-12 03:44:00+00:00,4933.75,4934.5,4932.75,4932.75,208.0,SYNTH-MES-A,1
2024-03-12 03:45:00+00:00,4932.75,4933.25,4932.5,4933.0,215.0,SYNTH-MES-A,1
2024-03-12 03:46:00+00:00,4933.0,4933.75,4932.75,4933.75,210.0,SYNTH-MES-A,1
2024-03-12 03:47:00+00:00,4933.75,4934.25,4933.75,4934.0,210.0,SYNTH-MES-A,1
2024-03-12 03:48:00+00:00,4934.0,4934.75,4933.75,4934.5,200.0,SYNTH-MES-A,1
2024-03-12 03:49:00+00:00,4934.5,4934.75,4934.0,4934.25,203.0,SYNTH-MES-A,1
2024-03-12 03:50:00+00:00,4934.25,4936.25,4934.0,4936.0,186.0,SYNTH-MES-A,1
2024-03-12 03:51:00+00:00,4936.0,4936.75,4935.5,4936.75,202.0,SYNTH-MES-A,1
2024-03-12 03:52:00+00:00,4936.75,4936.75,4935.25,4935.25,197.0,SYNTH-MES-A,1
2024-03-12 03:53:00+00:00,4935.25,4936.75,4935.0,4936.0,196.0,SYNTH-MES-A,1
2024-03-12 03:54:00+00:00,4936.0,4938.0,4936.0,4937.25,200.0,SYNTH-MES-A,1
2024-03-12 03:55:00+00:00,4937.25,4937.25,4936.75,4937.25,204.0,SYNTH-MES-A,1
2024-03-12 03:56:00+00:00,4937.25,4937.25,4937.25,4937.25,224.0,SYNTH-MES-A,1
2024-03-12 03:57:00+00:00,4937.25,4937.75,4937.25,4937.75,197.0,SYNTH-MES-A,1
2024-03-12 03:58:00+00:00,4937.75,4938.0,4937.5,4938.0,191.0,SYNTH-MES-A,1
2024-03-12 03:59:00+00:00,4938.0,4938.5,4936.75,4937.25,188.0,SYNTH-MES-A,1
2024-03-12 04:00:00+00:00,4937.25,4938.0,4936.75,4937.5,190.0,SYNTH-MES-A,1
2024-03-12 04:01:00+00:00,4937.5,4938.0,4937.25,4937.25,210.0,SYNTH-MES-A,1
2024-03-12 04:02:00+00:00,4937.25,4938.25,4937.0,4938.0,200.0,SYNTH-MES-A,1
2024-03-12 04:03:00+00:00,4938.0,4938.5,4938.0,4938.25,191.0,SYNTH-MES-A,1
2024-03-12 04:04:00+00:00,4938.25,4938.25,4937.0,4938.0,200.0,SYNTH-MES-A,1
2024-03-12 04:05:00+00:00,4938.0,4938.25,4937.5,4937.75,203.0,SYNTH-MES-A,1
2024-03-12 04:06:00+00:00,4937.75,4938.75,4937.0,4937.5,184.0,SYNTH-MES-A,1
2024-03-12 04:07:00+00:00,4937.5,4938.25,4937.0,4937.75,220.0,SYNTH-MES-A,1
2024-03-12 04:08:00+00:00,4937.75,4938.0,4936.75,4937.25,185.0,SYNTH-MES-A,1
2024-03-12 04:09:00+00:00,4937.25,4937.5,4936.75,4937.5,204.0,SYNTH-MES-A,1
2024-03-12 04:10:00+00:00,4937.5,4938.0,4936.75,4938.0,222.0,SYNTH-MES-A,1
2024-03-12 04:11:00+00:00,4938.0,4938.75,4936.75,4938.25,198.0,SYNTH-MES-A,1
2024-03-12 04:12:00+00:00,4938.25,4939.5,4937.25,4939.5,195.0,SYNTH-MES-A,1
2024-03-12 04:13:00+00:00,4939.5,4940.25,4939.25,4939.75,208.0,SYNTH-MES-A,1
2024-03-12 04:14:00+00:00,4939.75,4940.75,4939.75,4940.75,187.0,SYNTH-MES-A,1
2024-03-12 04:15:00+00:00,4940.75,4941.75,4940.0,4941.75,218.0,SYNTH-MES-A,1
2024-03-12 04:16:00+00:00,4941.75,4942.0,4940.0,4940.0,222.0,SYNTH-MES-A,1
2024-03-12 04:17:00+00:00,4940.0,4940.0,4939.5,4939.75,195.0,SYNTH-MES-A,1
2024-03-12 04:18:00+00:00,4939.75,4940.25,4939.5,4940.25,189.0,SYNTH-MES-A,1
2024-03-12 04:19:00+00:00,4940.25,4940.25,4938.0,4938.75,215.0,SYNTH-MES-A,1
2024-03-12 04:20:00+00:00,4938.75,4939.25,4938.25,4938.5,195.0,SYNTH-MES-A,1
2024-03-12 04:21:00+00:00,4938.5,4939.0,4937.25,4937.5,187.0,SYNTH-MES-A,1
2024-03-12 04:22:00+00:00,4937.5,4938.5,4936.75,4938.5,197.0,SYNTH-MES-A,1
2024-03-12 04:23:00+00:00,4938.5,4939.25,4937.75,4939.0,177.0,SYNTH-MES-A,1
2024-03-12 04:24:00+00:00,4939.0,4939.0,4938.5,4939.0,185.0,SYNTH-MES-A,1
2024-03-12 04:25:00+00:00,4939.0,4939.5,4939.0,4939.25,207.0,SYNTH-MES-A,1
2024-03-12 04:26:00+00:00,4939.25,4940.0,4939.0,4939.75,184.0,SYNTH-MES-A,1
2024-03-12 04:27:00+00:00,4939.75,4940.0,4938.5,4939.5,208.0,SYNTH-MES-A,1
2024-03-12 04:28:00+00:00,4939.5,4940.0,4939.5,4940.0,200.0,SYNTH-MES-A,1
2024-03-12 04:29:00+00:00,4940.0,4941.75,4940.0,4941.25,193.0,SYNTH-MES-A,1
2024-03-12 04:30:00+00:00,4941.25,4942.5,4941.0,4942.25,190.0,SYNTH-MES-A,1
2024-03-12 04:31:00+00:00,4942.25,4942.25,4941.5,4942.0,207.0,SYNTH-MES-A,1
2024-03-12 04:32:00+00:00,4942.0,4942.5,4941.75,4942.25,208.0,SYNTH-MES-A,1
2024-03-12 04:33:00+00:00,4942.25,4943.75,4942.25,4943.25,224.0,SYNTH-MES-A,1
2024-03-12 04:34:00+00:00,4943.25,4944.25,4943.25,4944.0,195.0,SYNTH-MES-A,1
2024-03-12 04:35:00+00:00,4944.0,4944.0,4943.0,4943.25,181.0,SYNTH-MES-A,1
2024-03-12 04:36:00+00:00,4943.25,4943.5,4942.75,4942.75,183.0,SYNTH-MES-A,1
2024-03-12 04:37:00+00:00,4942.75,4944.0,4942.75,4944.0,202.0,SYNTH-MES-A,1
2024-03-12 04:38:00+00:00,4944.0,4944.75,4944.0,4944.5,189.0,SYNTH-MES-A,1
2024-03-12 04:39:00+00:00,4944.5,4944.75,4944.25,4944.75,200.0,SYNTH-MES-A,1
2024-03-12 04:40:00+00:00,4944.75,4944.75,4944.5,4944.5,200.0,SYNTH-MES-A,1
2024-03-12 04:41:00+00:00,4944.5,4944.75,4943.5,4943.5,185.0,SYNTH-MES-A,1
2024-03-12 04:42:00+00:00,4943.5,4943.75,4942.5,4942.75,213.0,SYNTH-MES-A,1
2024-03-12 04:43:00+00:00,4942.75,4942.75,4942.75,4942.75,201.0,SYNTH-MES-A,1
2024-03-12 04:44:00+00:00,4942.75,4943.5,4942.75,4943.25,210.0,SYNTH-MES-A,1
2024-03-12 04:45:00+00:00,4943.25,4943.5,4943.0,4943.0,207.0,SYNTH-MES-A,1
2024-03-12 04:46:00+00:00,4943.0,4944.25,4942.5,4944.0,205.0,SYNTH-MES-A,1
2024-03-12 04:47:00+00:00,4944.0,4944.25,4943.75,4944.0,197.0,SYNTH-MES-A,1
2024-03-12 04:48:00+00:00,4944.0,4944.5,4943.75,4944.5,210.0,SYNTH-MES-A,1
2024-03-12 04:49:00+00:00,4944.5,4944.5,4943.5,4943.75,180.0,SYNTH-MES-A,1
2024-03-12 04:50:00+00:00,4943.75,4944.25,4943.75,4943.75,182.0,SYNTH-MES-A,1
2024-03-12 04:51:00+00:00,4943.75,4945.25,4942.5,4945.25,216.0,SYNTH-MES-A,1
2024-03-12 04:52:00+00:00,4945.25,4945.5,4944.75,4945.5,207.0,SYNTH-MES-A,1
2024-03-12 04:53:00+00:00,4945.5,4946.5,4945.0,4946.25,224.0,SYNTH-MES-A,1
2024-03-12 04:54:00+00:00,4946.25,4946.25,4946.0,4946.0,209.0,SYNTH-MES-A,1
2024-03-12 04:55:00+00:00,4946.0,4946.75,4944.75,4944.75,230.0,SYNTH-MES-A,1
2024-03-12 04:56:00+00:00,4944.75,4945.0,4943.75,4944.25,183.0,SYNTH-MES-A,1
2024-03-12 04:57:00+00:00,4944.25,4944.75,4944.0,4944.5,205.0,SYNTH-MES-A,1
2024-03-12 04:58:00+00:00,4944.5,4945.75,4944.25,4945.25,212.0,SYNTH-MES-A,1
2024-03-12 04:59:00+00:00,4945.25,4945.75,4944.25,4944.25,202.0,SYNTH-MES-A,1
2024-03-12 05:00:00+00:00,4944.25,4944.25,4944.0,4944.0,214.0,SYNTH-MES-A,1
2024-03-12 05:01:00+00:00,4944.0,4944.75,4943.5,4943.5,210.0,SYNTH-MES-A,1
2024-03-12 05:02:00+00:00,4943.5,4945.0,4943.25,4944.5,196.0,SYNTH-MES-A,1
2024-03-12 05:03:00+00:00,4944.5,4944.75,4942.75,4943.0,203.0,SYNTH-MES-A,1
2024-03-12 05:04:00+00:00,4943.0,4943.0,4942.75,4943.0,198.0,SYNTH-MES-A,1
2024-03-12 05:05:00+00:00,4943.0,4943.5,4943.0,4943.5,200.0,SYNTH-MES-A,1
2024-03-12 05:06:00+00:00,4943.5,4944.0,4943.25,4944.0,211.0,SYNTH-MES-A,1
2024-03-12 05:07:00+00:00,4944.0,4944.25,4942.5,4943.0,196.0,SYNTH-MES-A,1
2024-03-12 05:08:00+00:00,4943.0,4943.25,4943.0,4943.25,178.0,SYNTH-MES-A,1
2024-03-12 05:09:00+00:00,4943.25,4943.75,4942.0,4942.5,214.0,SYNTH-MES-A,1
2024-03-12 05:10:00+00:00,4942.5,4943.25,4942.25,4942.25,189.0,SYNTH-MES-A,1
2024-03-12 05:11:00+00:00,4942.25,4943.0,4942.25,4942.75,206.0,SYNTH-MES-A,1
2024-03-12 05:12:00+00:00,4942.75,4942.75,4942.5,4942.75,206.0,SYNTH-MES-A,1
2024-03-12 05:13:00+00:00,4942.75,4945.0,4942.5,4944.75,186.0,SYNTH-MES-A,1
2024-03-12 05:14:00+00:00,4944.75,4946.0,4944.75,4945.75,184.0,SYNTH-MES-A,1
2024-03-12 05:15:00+00:00,4945.75,4946.25,4945.25,4946.0,199.0,SYNTH-MES-A,1
2024-03-12 05:16:00+00:00,4946.0,4946.75,4945.75,4946.75,181.0,SYNTH-MES-A,1
2024-03-12 05:17:00+00:00,4946.75,4948.0,4946.5,4947.75,219.0,SYNTH-MES-A,1
2024-03-12 05:18:00+00:00,4947.75,4948.5,4947.75,4948.0,190.0,SYNTH-MES-A,1
2024-03-12 05:19:00+00:00,4948.0,4950.5,4947.75,4950.25,212.0,SYNTH-MES-A,1
2024-03-12 05:20:00+00:00,4950.25,4950.25,4949.5,4949.5,231.0,SYNTH-MES-A,1
2024-03-12 05:21:00+00:00,4949.5,4949.75,4949.25,4949.75,191.0,SYNTH-MES-A,1
2024-03-12 05:22:00+00:00,4949.75,4949.75,4949.75,4949.75,194.0,SYNTH-MES-A,1
2024-03-12 05:23:00+00:00,4949.75,4949.75,4948.75,4948.75,197.0,SYNTH-MES-A,1
2024-03-12 05:24:00+00:00,4948.75,4949.0,4947.5,4947.75,198.0,SYNTH-MES-A,1
2024-03-12 05:25:00+00:00,4947.75,4947.75,4947.0,4947.0,193.0,SYNTH-MES-A,1
2024-03-12 05:26:00+00:00,4947.0,4947.25,4946.25,4946.25,201.0,SYNTH-MES-A,1
2024-03-12 05:27:00+00:00,4946.25,4946.75,4946.0,4946.75,205.0,SYNTH-MES-A,1
2024-03-12 05:28:00+00:00,4946.75,4947.5,4946.5,4947.5,190.0,SYNTH-MES-A,1
2024-03-12 05:29:00+00:00,4947.5,4947.75,4947.25,4947.5,201.0,SYNTH-MES-A,1
2024-03-12 05:30:00+00:00,4947.5,4947.75,4946.0,4946.0,185.0,SYNTH-MES-A,1
2024-03-12 05:31:00+00:00,4946.0,4946.0,4945.25,4946.0,190.0,SYNTH-MES-A,1
2024-03-12 05:32:00+00:00,4946.0,4946.0,4945.5,4945.75,211.0,SYNTH-MES-A,1
2024-03-12 05:33:00+00:00,4945.75,4946.0,4944.5,4945.0,183.0,SYNTH-MES-A,1
2024-03-12 05:34:00+00:00,4945.0,4945.0,4944.5,4945.0,184.0,SYNTH-MES-A,1
2024-03-12 05:35:00+00:00,4945.0,4945.0,4943.25,4943.25,212.0,SYNTH-MES-A,1
2024-03-12 05:36:00+00:00,4943.25,4943.25,4943.25,4943.25,206.0,SYNTH-MES-A,1
2024-03-12 05:37:00+00:00,4943.25,4944.25,4941.75,4944.25,209.0,SYNTH-MES-A,1
2024-03-12 05:38:00+00:00,4944.25,4944.75,4944.25,4944.5,189.0,SYNTH-MES-A,1
2024-03-12 05:39:00+00:00,4944.5,4944.75,4944.0,4944.0,192.0,SYNTH-MES-A,1
2024-03-12 05:40:00+00:00,4944.0,4944.5,4943.5,4943.5,226.0,SYNTH-MES-A,1
2024-03-12 05:41:00+00:00,4943.5,4943.5,4942.75,4942.75,194.0,SYNTH-MES-A,1
2024-03-12 05:42:00+00:00,4942.75,4943.5,4942.75,4943.5,205.0,SYNTH-MES-A,1
2024-03-12 05:43:00+00:00,4943.5,4943.5,4942.75,4942.75,197.0,SYNTH-MES-A,1
2024-03-12 05:44:00+00:00,4942.75,4943.0,4942.75,4943.0,202.0,SYNTH-MES-A,1
2024-03-12 05:45:00+00:00,4943.0,4943.25,4942.75,4943.0,213.0,SYNTH-MES-A,1
2024-03-12 05:46:00+00:00,4943.0,4943.5,4943.0,4943.25,203.0,SYNTH-MES-A,1
2024-03-12 05:47:00+00:00,4943.25,4944.5,4943.0,4944.25,181.0,SYNTH-MES-A,1
2024-03-12 05:48:00+00:00,4944.25,4944.25,4942.75,4943.0,210.0,SYNTH-MES-A,1
2024-03-12 05:49:00+00:00,4943.0,4943.5,4942.0,4942.25,205.0,SYNTH-MES-A,1
2024-03-12 05:50:00+00:00,4942.25,4942.5,4941.5,4941.5,197.0,SYNTH-MES-A,1
2024-03-12 05:51:00+00:00,4941.5,4942.0,4941.25,4942.0,176.0,SYNTH-MES-A,1
2024-03-12 05:52:00+00:00,4942.0,4942.0,4940.5,4940.75,208.0,SYNTH-MES-A,1
2024-03-12 05:53:00+00:00,4940.75,4941.5,4939.5,4939.75,192.0,SYNTH-MES-A,1
2024-03-12 05:54:00+00:00,4939.75,4939.75,4938.75,4938.75,209.0,SYNTH-MES-A,1
2024-03-12 05:55:00+00:00,4938.75,4940.25,4938.5,4940.25,227.0,SYNTH-MES-A,1
2024-03-12 05:56:00+00:00,4940.25,4940.25,4938.0,4938.25,195.0,SYNTH-MES-A,1
2024-03-12 05:57:00+00:00,4938.25,4938.5,4938.25,4938.5,177.0,SYNTH-MES-A,1
2024-03-12 05:58:00+00:00,4938.5,4939.0,4938.25,4939.0,195.0,SYNTH-MES-A,1
2024-03-12 05:59:00+00:00,4939.0,4939.25,4938.5,4938.75,193.0,SYNTH-MES-A,1
2024-03-12 06:00:00+00:00,4938.75,4939.5,4938.5,4938.5,213.0,SYNTH-MES-A,1
2024-03-12 06:01:00+00:00,4938.5,4938.75,4937.75,4938.0,214.0,SYNTH-MES-A,1
2024-03-12 06:02:00+00:00,4938.0,4938.5,4938.0,4938.25,218.0,SYNTH-MES-A,1
2024-03-12 06:03:00+00:00,4938.25,4938.25,4938.25,4938.25,199.0,SYNTH-MES-A,1
2024-03-12 06:04:00+00:00,4938.25,4938.25,4937.25,4937.5,209.0,SYNTH-MES-A,1
2024-03-12 06:05:00+00:00,4937.5,4938.0,4937.25,4937.25,193.0,SYNTH-MES-A,1
2024-03-12 06:06:00+00:00,4937.25,4938.25,4937.0,4937.75,200.0,SYNTH-MES-A,1
2024-03-12 06:07:00+00:00,4937.75,4938.0,4936.0,4936.5,214.0,SYNTH-MES-A,1
2024-03-12 06:08:00+00:00,4936.5,4936.75,4936.0,4936.75,222.0,SYNTH-MES-A,1
2024-03-12 06:09:00+00:00,4936.75,4937.75,4936.5,4937.75,220.0,SYNTH-MES-A,1
2024-03-12 06:10:00+00:00,4937.75,4938.5,4937.0,4938.5,232.0,SYNTH-MES-A,1
2024-03-12 06:11:00+00:00,4938.5,4939.5,4938.5,4939.5,193.0,SYNTH-MES-A,1
2024-03-12 06:12:00+00:00,4939.5,4940.75,4938.75,4940.5,218.0,SYNTH-MES-A,1
2024-03-12 06:13:00+00:00,4940.5,4942.0,4940.25,4942.0,202.0,SYNTH-MES-A,1
2024-03-12 06:14:00+00:00,4942.0,4943.5,4941.75,4943.25,189.0,SYNTH-MES-A,1
2024-03-12 06:15:00+00:00,4943.25,4944.25,4943.0,4943.75,173.0,SYNTH-MES-A,1
2024-03-12 06:16:00+00:00,4943.75,4944.25,4942.5,4942.5,232.0,SYNTH-MES-A,1
2024-03-12 06:17:00+00:00,4942.5,4943.75,4941.75,4943.0,196.0,SYNTH-MES-A,1
2024-03-12 06:18:00+00:00,4943.0,4943.25,4942.25,4942.75,201.0,SYNTH-MES-A,1
2024-03-12 06:19:00+00:00,4942.75,4943.25,4942.5,4943.25,198.0,SYNTH-MES-A,1
2024-03-12 06:20:00+00:00,4943.25,4944.25,4942.5,4942.5,186.0,SYNTH-MES-A,1
2024-03-12 06:21:00+00:00,4942.5,4944.0,4942.25,4943.5,206.0,SYNTH-MES-A,1
2024-03-12 06:22:00+00:00,4943.5,4944.0,4943.0,4943.0,202.0,SYNTH-MES-A,1
2024-03-12 06:23:00+00:00,4943.0,4943.0,4942.25,4943.0,227.0,SYNTH-MES-A,1
2024-03-12 06:24:00+00:00,4943.0,4943.0,4942.5,4942.5,192.0,SYNTH-MES-A,1
2024-03-12 06:25:00+00:00,4942.5,4943.5,4942.25,4942.25,212.0,SYNTH-MES-A,1
2024-03-12 06:26:00+00:00,4942.25,4942.5,4940.75,4940.75,199.0,SYNTH-MES-A,1
2024-03-12 06:27:00+00:00,4940.75,4940.75,4940.5,4940.5,205.0,SYNTH-MES-A,1
2024-03-12 06:28:00+00:00,4940.5,4940.75,4940.5,4940.5,220.0,SYNTH-MES-A,1
2024-03-12 06:29:00+00:00,4940.5,4941.25,4940.5,4941.0,213.0,SYNTH-MES-A,1
2024-03-12 06:30:00+00:00,4941.0,4941.75,4941.0,4941.5,210.0,SYNTH-MES-A,1
2024-03-12 06:31:00+00:00,4941.5,4942.75,4940.75,4942.0,208.0,SYNTH-MES-A,1
2024-03-12 06:32:00+00:00,4942.0,4943.25,4941.75,4943.0,198.0,SYNTH-MES-A,1
2024-03-12 06:33:00+00:00,4943.0,4943.25,4942.75,4943.25,211.0,SYNTH-MES-A,1
2024-03-12 06:34:00+00:00,4943.25,4944.0,4943.25,4943.5,212.0,SYNTH-MES-A,1
2024-03-12 06:35:00+00:00,4943.5,4944.25,4943.5,4944.0,198.0,SYNTH-MES-A,1
2024-03-12 06:36:00+00:00,4944.0,4945.0,4943.75,4943.75,190.0,SYNTH-MES-A,1
2024-03-12 06:37:00+00:00,4943.75,4944.0,4943.0,4943.5,206.0,SYNTH-MES-A,1
2024-03-12 06:38:00+00:00,4943.5,4943.5,4941.25,4942.25,206.0,SYNTH-MES-A,1
2024-03-12 06:39:00+00:00,4942.25,4942.75,4942.0,4942.5,194.0,SYNTH-MES-A,1
2024-03-12 06:40:00+00:00,4942.5,4943.25,4942.25,4943.0,210.0,SYNTH-MES-A,1
2024-03-12 06:41:00+00:00,4943.0,4943.25,4943.0,4943.0,191.0,SYNTH-MES-A,1
2024-03-12 06:42:00+00:00,4943.0,4944.25,4943.0,4943.5,221.0,SYNTH-MES-A,1
2024-03-12 06:43:00+00:00,4943.5,4944.75,4943.5,4944.75,198.0,SYNTH-MES-A,1
2024-03-12 06:44:00+00:00,4944.75,4945.75,4944.25,4945.5,195.0,SYNTH-MES-A,1
2024-03-12 06:45:00+00:00,4945.5,4946.0,4945.25,4945.75,192.0,SYNTH-MES-A,1
2024-03-12 06:46:00+00:00,4945.75,4946.0,4944.5,4944.75,201.0,SYNTH-MES-A,1
2024-03-12 06:47:00+00:00,4944.75,4945.25,4944.5,4945.25,214.0,SYNTH-MES-A,1
2024-03-12 06:48:00+00:00,4945.25,4945.25,4943.0,4943.25,185.0,SYNTH-MES-A,1
2024-03-12 06:49:00+00:00,4943.25,4943.75,4943.0,4943.5,190.0,SYNTH-MES-A,1
2024-03-12 06:50:00+00:00,4943.5,4943.75,4943.25,4943.75,194.0,SYNTH-MES-A,1
2024-03-12 06:51:00+00:00,4943.75,4944.25,4943.25,4943.75,201.0,SYNTH-MES-A,1
2024-03-12 06:52:00+00:00,4943.75,4943.75,4943.25,4943.5,192.0,SYNTH-MES-A,1
2024-03-12 06:53:00+00:00,4943.5,4943.5,4943.0,4943.25,186.0,SYNTH-MES-A,1
2024-03-12 06:54:00+00:00,4943.25,4944.0,4942.5,4942.75,189.0,SYNTH-MES-A,1
2024-03-12 06:55:00+00:00,4942.75,4943.0,4942.0,4942.5,202.0,SYNTH-MES-A,1
2024-03-12 06:56:00+00:00,4942.5,4943.0,4941.75,4942.0,208.0,SYNTH-MES-A,1
2024-03-12 06:57:00+00:00,4942.0,4943.0,4942.0,4942.75,202.0,SYNTH-MES-A,1
2024-03-12 06:58:00+00:00,4942.75,4943.0,4942.25,4943.0,197.0,SYNTH-MES-A,1
2024-03-12 06:59:00+00:00,4943.0,4943.25,4942.75,4943.25,219.0,SYNTH-MES-A,1
2024-03-12 07:00:00+00:00,4943.25,4943.5,4943.0,4943.0,222.0,SYNTH-MES-A,1
2024-03-12 07:01:00+00:00,4943.0,4943.25,4942.5,4943.0,186.0,SYNTH-MES-A,1
2024-03-12 07:02:00+00:00,4943.0,4943.0,4942.75,4943.0,211.0,SYNTH-MES-A,1
2024-03-12 07:03:00+00:00,4943.0,4943.75,4942.5,4943.25,193.0,SYNTH-MES-A,1
2024-03-12 07:04:00+00:00,4943.25,4944.25,4943.0,4944.25,190.0,SYNTH-MES-A,1
2024-03-12 07:05:00+00:00,4944.25,4944.25,4944.0,4944.0,213.0,SYNTH-MES-A,1
2024-03-12 07:06:00+00:00,4944.0,4944.25,4943.0,4943.25,197.0,SYNTH-MES-A,1
2024-03-12 07:07:00+00:00,4943.25,4944.0,4942.5,4943.0,197.0,SYNTH-MES-A,1
2024-03-12 07:08:00+00:00,4943.0,4943.0,4942.25,4942.5,195.0,SYNTH-MES-A,1
2024-03-12 07:09:00+00:00,4942.5,4943.0,4942.25,4942.75,193.0,SYNTH-MES-A,1
2024-03-12 07:10:00+00:00,4942.75,4942.75,4941.25,4941.5,196.0,SYNTH-MES-A,1
2024-03-12 07:11:00+00:00,4941.5,4942.0,4941.25,4941.75,177.0,SYNTH-MES-A,1
2024-03-12 07:12:00+00:00,4941.75,4942.5,4941.0,4941.0,181.0,SYNTH-MES-A,1
2024-03-12 07:13:00+00:00,4941.0,4941.75,4940.75,4941.5,203.0,SYNTH-MES-A,1
2024-03-12 07:14:00+00:00,4941.5,4942.0,4941.25,4941.75,207.0,SYNTH-MES-A,1
2024-03-12 07:15:00+00:00,4941.75,4942.0,4941.0,4941.25,192.0,SYNTH-MES-A,1
2024-03-12 07:16:00+00:00,4941.25,4942.5,4941.0,4942.25,187.0,SYNTH-MES-A,1
2024-03-12 07:17:00+00:00,4942.25,4942.5,4941.5,4942.25,211.0,SYNTH-MES-A,1
2024-03-12 07:18:00+00:00,4942.25,4942.5,4942.0,4942.25,206.0,SYNTH-MES-A,1
2024-03-12 07:19:00+00:00,4942.25,4942.5,4942.0,4942.0,193.0,SYNTH-MES-A,1
2024-03-12 07:20:00+00:00,4942.0,4943.25,4941.5,4942.5,186.0,SYNTH-MES-A,1
2024-03-12 07:21:00+00:00,4942.5,4943.0,4941.25,4942.75,188.0,SYNTH-MES-A,1
2024-03-12 07:22:00+00:00,4942.75,4943.5,4942.5,4943.25,217.0,SYNTH-MES-A,1
2024-03-12 07:23:00+00:00,4943.25,4944.0,4943.25,4944.0,209.0,SYNTH-MES-A,1
2024-03-12 07:24:00+00:00,4944.0,4944.0,4942.75,4943.0,205.0,SYNTH-MES-A,1
2024-03-12 07:25:00+00:00,4943.0,4944.0,4942.25,4944.0,192.0,SYNTH-MES-A,1
2024-03-12 07:26:00+00:00,4944.0,4944.25,4944.0,4944.25,185.0,SYNTH-MES-A,1
2024-03-12 07:27:00+00:00,4944.25,4944.5,4944.0,4944.25,183.0,SYNTH-MES-A,1
2024-03-12 07:28:00+00:00,4944.25,4944.75,4943.75,4943.75,211.0,SYNTH-MES-A,1
2024-03-12 07:29:00+00:00,4943.75,4944.0,4942.25,4942.75,176.0,SYNTH-MES-A,1
2024-03-12 07:30:00+00:00,4942.75,4943.5,4942.5,4943.0,210.0,SYNTH-MES-A,1
2024-03-12 07:31:00+00:00,4943.0,4943.0,4942.25,4942.25,207.0,SYNTH-MES-A,1
2024-03-12 07:32:00+00:00,4942.25,4943.0,4942.25,4942.75,184.0,SYNTH-MES-A,1
2024-03-12 07:33:00+00:00,4942.75,4943.0,4942.5,4942.5,204.0,SYNTH-MES-A,1
2024-03-12 07:34:00+00:00,4942.5,4942.75,4942.25,4942.25,183.0,SYNTH-MES-A,1
2024-03-12 07:35:00+00:00,4942.25,4943.25,4942.0,4942.25,185.0,SYNTH-MES-A,1
2024-03-12 07:36:00+00:00,4942.25,4942.5,4941.0,4941.25,214.0,SYNTH-MES-A,1
2024-03-12 07:37:00+00:00,4941.25,4941.25,4940.5,4940.5,225.0,SYNTH-MES-A,1
2024-03-12 07:38:00+00:00,4940.5,4941.0,4940.0,4941.0,205.0,SYNTH-MES-A,1
2024-03-12 07:39:00+00:00,4941.0,4941.75,4940.5,4941.25,197.0,SYNTH-MES-A,1
2024-03-12 07:40:00+00:00,4941.25,4942.0,4941.25,4942.0,209.0,SYNTH-MES-A,1
2024-03-12 07:41:00+00:00,4942.0,4943.25,4942.0,4942.75,183.0,SYNTH-MES-A,1
2024-03-12 07:42:00+00:00,4942.75,4943.5,4942.5,4943.25,226.0,SYNTH-MES-A,1
2024-03-12 07:43:00+00:00,4943.25,4943.25,4942.25,4942.5,209.0,SYNTH-MES-A,1
2024-03-12 07:44:00+00:00,4942.5,4943.5,4941.25,4941.5,208.0,SYNTH-MES-A,1
2024-03-12 07:45:00+00:00,4941.5,4941.75,4941.25,4941.25,198.0,SYNTH-MES-A,1
2024-03-12 07:46:00+00:00,4941.25,4941.5,4941.0,4941.5,207.0,SYNTH-MES-A,1
2024-03-12 07:47:00+00:00,4941.5,4941.5,4939.75,4940.25,200.0,SYNTH-MES-A,1
2024-03-12 07:48:00+00:00,4940.25,4941.25,4939.25,4941.25,194.0,SYNTH-MES-A,1
2024-03-12 07:49:00+00:00,4941.25,4941.25,4940.75,4941.0,203.0,SYNTH-MES-A,1
2024-03-12 07:50:00+00:00,4941.0,4942.0,4941.0,4941.25,215.0,SYNTH-MES-A,1
2024-03-12 07:51:00+00:00,4941.25,4941.25,4941.25,4941.25,221.0,SYNTH-MES-A,1
2024-03-12 07:52:00+00:00,4941.25,4941.75,4939.75,4940.5,192.0,SYNTH-MES-A,1
2024-03-12 07:53:00+00:00,4940.5,4940.5,4940.5,4940.5,201.0,SYNTH-MES-A,1
2024-03-12 07:54:00+00:00,4940.5,4941.25,4940.25,4940.25,221.0,SYNTH-MES-A,1
2024-03-12 07:55:00+00:00,4940.25,4941.0,4940.0,4940.75,194.0,SYNTH-MES-A,1
2024-03-12 07:56:00+00:00,4940.75,4941.25,4940.25,4941.0,202.0,SYNTH-MES-A,1
2024-03-12 07:57:00+00:00,4941.0,4941.0,4940.75,4940.75,221.0,SYNTH-MES-A,1
2024-03-12 07:58:00+00:00,4940.75,4941.0,4940.25,4940.25,219.0,SYNTH-MES-A,1
2024-03-12 07:59:00+00:00,4940.25,4940.25,4939.5,4939.5,186.0,SYNTH-MES-A,1
2024-03-12 08:00:00+00:00,4939.5,4940.25,4939.5,4940.25,212.0,SYNTH-MES-A,1
2024-03-12 08:01:00+00:00,4940.25,4941.0,4940.25,4941.0,194.0,SYNTH-MES-A,1
2024-03-12 08:02:00+00:00,4941.0,4941.0,4940.75,4941.0,204.0,SYNTH-MES-A,1
2024-03-12 08:03:00+00:00,4941.0,4941.75,4940.75,4941.25,208.0,SYNTH-MES-A,1
2024-03-12 08:04:00+00:00,4941.25,4941.25,4940.75,4941.0,205.0,SYNTH-MES-A,1
2024-03-12 08:05:00+00:00,4941.0,4941.5,4941.0,4941.5,216.0,SYNTH-MES-A,1
2024-03-12 08:06:00+00:00,4941.5,4941.75,4941.0,4941.25,185.0,SYNTH-MES-A,1
2024-03-12 08:07:00+00:00,4941.25,4942.0,4941.25,4941.75,203.0,SYNTH-MES-A,1
2024-03-12 08:08:00+00:00,4941.75,4944.0,4941.5,4943.75,211.0,SYNTH-MES-A,1
2024-03-12 08:09:00+00:00,4943.75,4944.25,4943.0,4943.25,228.0,SYNTH-MES-A,1
2024-03-12 08:10:00+00:00,4943.25,4943.75,4943.0,4943.5,210.0,SYNTH-MES-A,1
2024-03-12 08:11:00+00:00,4943.5,4944.75,4942.5,4944.5,197.0,SYNTH-MES-A,1
2024-03-12 08:12:00+00:00,4944.5,4944.5,4944.0,4944.25,228.0,SYNTH-MES-A,1
2024-03-12 08:13:00+00:00,4944.25,4944.25,4943.75,4944.25,211.0,SYNTH-MES-A,1
2024-03-12 08:14:00+00:00,4944.25,4944.5,4944.0,4944.5,214.0,SYNTH-MES-A,1
2024-03-12 08:15:00+00:00,4944.5,4946.0,4944.25,4945.75,188.0,SYNTH-MES-A,1
2024-03-12 08:16:00+00:00,4945.75,4946.0,4944.5,4945.0,184.0,SYNTH-MES-A,1
2024-03-12 08:17:00+00:00,4945.0,4945.5,4944.0,4944.0,201.0,SYNTH-MES-A,1
2024-03-12 08:18:00+00:00,4944.0,4944.0,4943.75,4943.75,194.0,SYNTH-MES-A,1
2024-03-12 08:19:00+00:00,4943.75,4945.0,4943.5,4944.75,207.0,SYNTH-MES-A,1
2024-03-12 08:20:00+00:00,4944.75,4945.25,4943.25,4943.5,202.0,SYNTH-MES-A,1
2024-03-12 08:21:00+00:00,4943.5,4943.75,4943.25,4943.25,216.0,SYNTH-MES-A,1
2024-03-12 08:22:00+00:00,4943.25,4944.75,4943.25,4944.75,201.0,SYNTH-MES-A,1
2024-03-12 08:23:00+00:00,4944.75,4945.25,4944.5,4945.25,184.0,SYNTH-MES-A,1
2024-03-12 08:24:00+00:00,4945.25,4945.5,4945.25,4945.5,194.0,SYNTH-MES-A,1
2024-03-12 08:25:00+00:00,4945.5,4945.75,4944.5,4944.75,194.0,SYNTH-MES-A,1
2024-03-12 08:26:00+00:00,4944.75,4944.75,4944.5,4944.5,184.0,SYNTH-MES-A,1
2024-03-12 08:27:00+00:00,4944.5,4946.5,4944.0,4946.5,192.0,SYNTH-MES-A,1
2024-03-12 08:28:00+00:00,4946.5,4947.75,4946.5,4947.0,197.0,SYNTH-MES-A,1
2024-03-12 08:29:00+00:00,4947.0,4948.25,4946.25,4946.5,212.0,SYNTH-MES-A,1
2024-03-12 08:30:00+00:00,4946.5,4946.75,4946.0,4946.0,192.0,SYNTH-MES-A,1
2024-03-12 08:31:00+00:00,4946.0,4947.5,4946.0,4947.25,174.0,SYNTH-MES-A,1
2024-03-12 08:32:00+00:00,4947.25,4947.75,4947.0,4947.5,204.0,SYNTH-MES-A,1
2024-03-12 08:33:00+00:00,4947.5,4948.25,4947.0,4948.25,208.0,SYNTH-MES-A,1
2024-03-12 08:34:00+00:00,4948.25,4948.25,4947.25,4947.25,183.0,SYNTH-MES-A,1
2024-03-12 08:35:00+00:00,4947.25,4947.5,4947.0,4947.0,195.0,SYNTH-MES-A,1
2024-03-12 08:36:00+00:00,4947.0,4947.0,4946.0,4946.25,201.0,SYNTH-MES-A,1
2024-03-12 08:37:00+00:00,4946.25,4947.5,4946.25,4947.5,207.0,SYNTH-MES-A,1
2024-03-12 08:38:00+00:00,4947.5,4948.0,4947.5,4947.75,216.0,SYNTH-MES-A,1
2024-03-12 08:39:00+00:00,4947.75,4948.0,4947.75,4948.0,206.0,SYNTH-MES-A,1
2024-03-12 08:40:00+00:00,4948.0,4948.0,4947.25,4947.25,194.0,SYNTH-MES-A,1
2024-03-12 08:41:00+00:00,4947.25,4947.5,4947.25,4947.25,211.0,SYNTH-MES-A,1
2024-03-12 08:42:00+00:00,4947.25,4947.5,4947.0,4947.5,191.0,SYNTH-MES-A,1
2024-03-12 08:43:00+00:00,4947.5,4947.75,4947.25,4947.25,204.0,SYNTH-MES-A,1
2024-03-12 08:44:00+00:00,4947.25,4948.75,4947.25,4948.5,172.0,SYNTH-MES-A,1
2024-03-12 08:45:00+00:00,4948.5,4948.75,4947.0,4947.75,221.0,SYNTH-MES-A,1
2024-03-12 08:46:00+00:00,4947.75,4949.0,4947.75,4948.5,209.0,SYNTH-MES-A,1
2024-03-12 08:47:00+00:00,4948.5,4948.5,4948.0,4948.5,211.0,SYNTH-MES-A,1
2024-03-12 08:48:00+00:00,4948.5,4949.0,4948.25,4948.75,196.0,SYNTH-MES-A,1
2024-03-12 08:49:00+00:00,4948.75,4949.5,4948.75,4949.0,193.0,SYNTH-MES-A,1
2024-03-12 08:50:00+00:00,4949.0,4949.0,4946.75,4947.0,165.0,SYNTH-MES-A,1
2024-03-12 08:51:00+00:00,4947.0,4947.25,4947.0,4947.25,209.0,SYNTH-MES-A,1
2024-03-12 08:52:00+00:00,4947.25,4947.5,4946.0,4946.0,199.0,SYNTH-MES-A,1
2024-03-12 08:53:00+00:00,4946.0,4946.25,4945.25,4946.25,199.0,SYNTH-MES-A,1
2024-03-12 08:54:00+00:00,4946.25,4947.25,4946.25,4946.75,202.0,SYNTH-MES-A,1
2024-03-12 08:55:00+00:00,4946.75,4946.75,4946.5,4946.75,187.0,SYNTH-MES-A,1
2024-03-12 08:56:00+00:00,4946.75,4947.5,4946.75,4947.5,200.0,SYNTH-MES-A,1
2024-03-12 08:57:00+00:00,4947.5,4948.0,4947.5,4948.0,215.0,SYNTH-MES-A,1
2024-03-12 08:58:00+00:00,4948.0,4948.0,4947.5,4947.75,187.0,SYNTH-MES-A,1
2024-03-12 08:59:00+00:00,4947.75,4948.25,4947.5,4947.75,184.0,SYNTH-MES-A,1
2024-03-12 09:00:00+00:00,4947.75,4949.25,4947.75,4949.0,200.0,SYNTH-MES-A,1
2024-03-12 09:01:00+00:00,4949.0,4949.5,4948.25,4948.25,208.0,SYNTH-MES-A,1
2024-03-12 09:02:00+00:00,4948.25,4949.75,4948.0,4949.5,235.0,SYNTH-MES-A,1
2024-03-12 09:03:00+00:00,4949.5,4949.75,4949.25,4949.5,204.0,SYNTH-MES-A,1
2024-03-12 09:04:00+00:00,4949.5,4950.5,4948.75,4950.0,206.0,SYNTH-MES-A,1
2024-03-12 09:05:00+00:00,4950.0,4950.0,4949.75,4949.75,195.0,SYNTH-MES-A,1
2024-03-12 09:06:00+00:00,4949.75,4949.75,4948.5,4948.75,195.0,SYNTH-MES-A,1
2024-03-12 09:07:00+00:00,4948.75,4950.0,4947.75,4948.5,185.0,SYNTH-MES-A,1
2024-03-12 09:08:00+00:00,4948.5,4948.75,4947.75,4948.0,210.0,SYNTH-MES-A,1
2024-03-12 09:09:00+00:00,4948.0,4949.0,4948.0,4948.5,207.0,SYNTH-MES-A,1
2024-03-12 09:10:00+00:00,4948.5,4949.25,4948.5,4949.0,199.0,SYNTH-MES-A,1
2024-03-12 09:11:00+00:00,4949.0,4949.0,4947.75,4948.5,180.0,SYNTH-MES-A,1
2024-03-12 09:12:00+00:00,4948.5,4948.5,4948.5,4948.5,221.0,SYNTH-MES-A,1
2024-03-12 09:13:00+00:00,4948.5,4948.75,4947.25,4947.25,199.0,SYNTH-MES-A,1
2024-03-12 09:14:00+00:00,4947.25,4947.75,4947.0,4947.0,184.0,SYNTH-MES-A,1
2024-03-12 09:15:00+00:00,4947.0,4947.5,4946.25,4946.75,181.0,SYNTH-MES-A,1
2024-03-12 09:16:00+00:00,4946.75,4946.75,4945.0,4945.25,199.0,SYNTH-MES-A,1
2024-03-12 09:17:00+00:00,4945.25,4946.75,4945.25,4946.25,209.0,SYNTH-MES-A,1
2024-03-12 09:18:00+00:00,4946.25,4946.75,4945.0,4945.5,197.0,SYNTH-MES-A,1
2024-03-12 09:19:00+00:00,4945.5,4946.0,4945.5,4945.75,195.0,SYNTH-MES-A,1
2024-03-12 09:20:00+00:00,4945.75,4945.75,4945.25,4945.5,187.0,SYNTH-MES-A,1
2024-03-12 09:21:00+00:00,4945.5,4946.0,4944.75,4946.0,214.0,SYNTH-MES-A,1
2024-03-12 09:22:00+00:00,4946.0,4946.0,4945.25,4945.5,192.0,SYNTH-MES-A,1
2024-03-12 09:23:00+00:00,4945.5,4946.5,4945.5,4946.0,210.0,SYNTH-MES-A,1
2024-03-12 09:24:00+00:00,4946.0,4946.5,4945.75,4945.75,211.0,SYNTH-MES-A,1
2024-03-12 09:25:00+00:00,4945.75,4945.75,4945.0,4945.0,202.0,SYNTH-MES-A,1
2024-03-12 09:26:00+00:00,4945.0,4945.5,4945.0,4945.25,223.0,SYNTH-MES-A,1
2024-03-12 09:27:00+00:00,4945.25,4946.75,4944.25,4946.25,202.0,SYNTH-MES-A,1
2024-03-12 09:28:00+00:00,4946.25,4946.25,4945.25,4945.5,187.0,SYNTH-MES-A,1
2024-03-12 09:29:00+00:00,4945.5,4946.0,4945.25,4946.0,211.0,SYNTH-MES-A,1
2024-03-12 09:30:00+00:00,4946.0,4947.0,4945.75,4947.0,220.0,SYNTH-MES-A,1
2024-03-12 09:31:00+00:00,4947.0,4948.0,4947.0,4947.75,195.0,SYNTH-MES-A,1
2024-03-12 09:32:00+00:00,4947.75,4948.0,4947.5,4948.0,195.0,SYNTH-MES-A,1
2024-03-12 09:33:00+00:00,4948.0,4948.75,4948.0,4948.25,221.0,SYNTH-MES-A,1
2024-03-12 09:34:00+00:00,4948.25,4948.25,4947.75,4947.75,198.0,SYNTH-MES-A,1
2024-03-12 09:35:00+00:00,4947.75,4949.0,4946.75,4948.5,172.0,SYNTH-MES-A,1
2024-03-12 09:36:00+00:00,4948.5,4950.25,4948.0,4949.0,186.0,SYNTH-MES-A,1
2024-03-12 09:37:00+00:00,4949.0,4949.75,4948.5,4949.5,183.0,SYNTH-MES-A,1
2024-03-12 09:38:00+00:00,4949.5,4950.25,4949.5,4950.0,206.0,SYNTH-MES-A,1
2024-03-12 09:39:00+00:00,4950.0,4950.25,4949.25,4949.25,200.0,SYNTH-MES-A,1
2024-03-12 09:40:00+00:00,4949.25,4949.25,4948.75,4949.0,198.0,SYNTH-MES-A,1
2024-03-12 09:41:00+00:00,4949.0,4949.5,4947.25,4947.25,198.0,SYNTH-MES-A,1
2024-03-12 09:42:00+00:00,4947.25,4947.25,4946.75,4947.0,223.0,SYNTH-MES-A,1
2024-03-12 09:43:00+00:00,4947.0,4947.0,4945.5,4945.75,218.0,SYNTH-MES-A,1
2024-03-12 09:44:00+00:00,4945.75,4946.0,4945.0,4945.0,189.0,SYNTH-MES-A,1
2024-03-12 09:45:00+00:00,4945.0,4945.25,4944.75,4944.75,216.0,SYNTH-MES-A,1
2024-03-12 09:46:00+00:00,4944.75,4945.75,4944.0,4945.5,199.0,SYNTH-MES-A,1
2024-03-12 09:47:00+00:00,4945.5,4945.5,4944.5,4944.75,193.0,SYNTH-MES-A,1
2024-03-12 09:48:00+00:00,4944.75,4945.0,4944.0,4944.25,203.0,SYNTH-MES-A,1
2024-03-12 09:49:00+00:00,4944.25,4946.5,4943.75,4946.5,213.0,SYNTH-MES-A,1
2024-03-12 09:50:00+00:00,4946.5,4946.75,4945.5,4945.5,202.0,SYNTH-MES-A,1
2024-03-12 09:51:00+00:00,4945.5,4945.75,4944.75,4944.75,211.0,SYNTH-MES-A,1
2024-03-12 09:52:00+00:00,4944.75,4946.25,4944.75,4946.25,195.0,SYNTH-MES-A,1
2024-03-12 09:53:00+00:00,4946.25,4947.25,4946.0,4946.25,209.0,SYNTH-MES-A,1
2024-03-12 09:54:00+00:00,4946.25,4946.75,4945.25,4945.25,192.0,SYNTH-MES-A,1
2024-03-12 09:55:00+00:00,4945.25,4945.75,4944.5,4944.75,191.0,SYNTH-MES-A,1
2024-03-12 09:56:00+00:00,4944.75,4946.25,4944.5,4946.25,192.0,SYNTH-MES-A,1
2024-03-12 09:57:00+00:00,4946.25,4946.25,4944.75,4945.0,227.0,SYNTH-MES-A,1
2024-03-12 09:58:00+00:00,4945.0,4945.25,4945.0,4945.0,174.0,SYNTH-MES-A,1
2024-03-12 09:59:00+00:00,4945.0,4946.25,4944.75,4946.0,211.0,SYNTH-MES-A,1
2024-03-12 10:00:00+00:00,4946.0,4947.5,4946.0,4946.5,205.0,SYNTH-MES-A,1
2024-03-12 10:01:00+00:00,4946.5,4947.75,4945.75,4947.5,195.0,SYNTH-MES-A,1
2024-03-12 10:02:00+00:00,4947.5,4948.75,4947.5,4948.5,224.0,SYNTH-MES-A,1
2024-03-12 10:03:00+00:00,4948.5,4948.75,4948.0,4948.25,183.0,SYNTH-MES-A,1
2024-03-12 10:04:00+00:00,4948.25,4949.25,4947.75,4948.0,181.0,SYNTH-MES-A,1
2024-03-12 10:05:00+00:00,4948.0,4948.5,4947.75,4948.25,229.0,SYNTH-MES-A,1
2024-03-12 10:06:00+00:00,4948.25,4948.75,4947.75,4948.0,205.0,SYNTH-MES-A,1
2024-03-12 10:07:00+00:00,4948.0,4948.0,4947.25,4947.25,195.0,SYNTH-MES-A,1
2024-03-12 10:08:00+00:00,4947.25,4947.5,4946.75,4947.5,219.0,SYNTH-MES-A,1
2024-03-12 10:09:00+00:00,4947.5,4947.75,4947.25,4947.75,213.0,SYNTH-MES-A,1
2024-03-12 10:10:00+00:00,4947.75,4949.5,4947.75,4949.5,211.0,SYNTH-MES-A,1
2024-03-12 10:11:00+00:00,4949.5,4951.0,4948.75,4950.75,212.0,SYNTH-MES-A,1
2024-03-12 10:12:00+00:00,4950.75,4952.0,4950.25,4952.0,194.0,SYNTH-MES-A,1
2024-03-12 10:13:00+00:00,4952.0,4952.25,4951.0,4951.0,194.0,SYNTH-MES-A,1
2024-03-12 10:14:00+00:00,4951.0,4951.25,4949.0,4949.0,207.0,SYNTH-MES-A,1
2024-03-12 10:15:00+00:00,4949.0,4949.75,4949.0,4949.75,205.0,SYNTH-MES-A,1
2024-03-12 10:16:00+00:00,4949.75,4951.75,4949.25,4951.75,203.0,SYNTH-MES-A,1
2024-03-12 10:17:00+00:00,4951.75,4951.75,4951.0,4951.75,208.0,SYNTH-MES-A,1
2024-03-12 10:18:00+00:00,4951.75,4953.0,4951.0,4952.5,222.0,SYNTH-MES-A,1
2024-03-12 10:19:00+00:00,4952.5,4953.25,4951.75,4953.0,215.0,SYNTH-MES-A,1
2024-03-12 10:20:00+00:00,4953.0,4954.0,4953.0,4953.5,199.0,SYNTH-MES-A,1
2024-03-12 10:21:00+00:00,4953.5,4954.0,4953.25,4954.0,211.0,SYNTH-MES-A,1
2024-03-12 10:22:00+00:00,4954.0,4954.25,4953.5,4953.75,237.0,SYNTH-MES-A,1
2024-03-12 10:23:00+00:00,4953.75,4954.0,4953.0,4953.25,182.0,SYNTH-MES-A,1
2024-03-12 10:24:00+00:00,4953.25,4953.25,4952.5,4952.75,197.0,SYNTH-MES-A,1
2024-03-12 10:25:00+00:00,4952.75,4953.25,4952.0,4953.0,194.0,SYNTH-MES-A,1
2024-03-12 10:26:00+00:00,4953.0,4953.5,4953.0,4953.0,201.0,SYNTH-MES-A,1
2024-03-12 10:27:00+00:00,4953.0,4953.5,4952.0,4952.5,191.0,SYNTH-MES-A,1
2024-03-12 10:28:00+00:00,4952.5,4952.5,4951.5,4951.75,196.0,SYNTH-MES-A,1
2024-03-12 10:29:00+00:00,4951.75,4951.75,4950.75,4950.75,199.0,SYNTH-MES-A,1
2024-03-12 10:30:00+00:00,4950.75,4951.0,4950.5,4951.0,218.0,SYNTH-MES-A,1
2024-03-12 10:31:00+00:00,4951.0,4952.75,4950.75,4951.5,174.0,SYNTH-MES-A,1
2024-03-12 10:32:00+00:00,4951.5,4952.5,4951.5,4952.0,199.0,SYNTH-MES-A,1
2024-03-12 10:33:00+00:00,4952.0,4952.25,4951.0,4951.25,199.0,SYNTH-MES-A,1
2024-03-12 10:34:00+00:00,4951.25,4952.25,4951.25,4952.0,200.0,SYNTH-MES-A,1
2024-03-12 10:35:00+00:00,4952.0,4953.25,4952.0,4952.75,195.0,SYNTH-MES-A,1
2024-03-12 10:36:00+00:00,4952.75,4953.25,4950.75,4951.25,184.0,SYNTH-MES-A,1
2024-03-12 10:37:00+00:00,4951.25,4951.25,4950.5,4950.75,206.0,SYNTH-MES-A,1
2024-03-12 10:38:00+00:00,4950.75,4951.25,4950.0,4950.25,180.0,SYNTH-MES-A,1
2024-03-12 10:39:00+00:00,4950.25,4950.5,4949.25,4949.25,209.0,SYNTH-MES-A,1
2024-03-12 10:40:00+00:00,4949.25,4949.75,4949.25,4949.5,198.0,SYNTH-MES-A,1
2024-03-12 10:41:00+00:00,4949.5,4949.5,4949.25,4949.5,204.0,SYNTH-MES-A,1
2024-03-12 10:42:00+00:00,4949.5,4950.0,4949.5,4949.5,197.0,SYNTH-MES-A,1
2024-03-12 10:43:00+00:00,4949.5,4949.75,4949.5,4949.5,222.0,SYNTH-MES-A,1
2024-03-12 10:44:00+00:00,4949.5,4951.0,4949.0,4951.0,205.0,SYNTH-MES-A,1
2024-03-12 10:45:00+00:00,4951.0,4951.25,4950.25,4950.25,193.0,SYNTH-MES-A,1
2024-03-12 10:46:00+00:00,4950.25,4951.75,4949.5,4951.5,184.0,SYNTH-MES-A,1
2024-03-12 10:47:00+00:00,4951.5,4951.5,4950.75,4951.0,197.0,SYNTH-MES-A,1
2024-03-12 10:48:00+00:00,4951.0,4951.25,4951.0,4951.0,204.0,SYNTH-MES-A,1
2024-03-12 10:49:00+00:00,4951.0,4951.25,4950.75,4951.25,196.0,SYNTH-MES-A,1
2024-03-12 10:50:00+00:00,4951.25,4951.75,4950.75,4951.5,193.0,SYNTH-MES-A,1
2024-03-12 10:51:00+00:00,4951.5,4952.25,4951.5,4952.0,220.0,SYNTH-MES-A,1
2024-03-12 10:52:00+00:00,4952.0,4952.0,4951.25,4951.5,231.0,SYNTH-MES-A,1
2024-03-12 10:53:00+00:00,4951.5,4952.0,4950.25,4950.75,195.0,SYNTH-MES-A,1
2024-03-12 10:54:00+00:00,4950.75,4951.25,4950.25,4950.75,214.0,SYNTH-MES-A,1
2024-03-12 10:55:00+00:00,4950.75,4952.0,4950.75,4951.75,204.0,SYNTH-MES-A,1
2024-03-12 10:56:00+00:00,4951.75,4952.0,4951.25,4951.5,185.0,SYNTH-MES-A,1
2024-03-12 10:57:00+00:00,4951.5,4952.25,4951.5,4951.75,222.0,SYNTH-MES-A,1
2024-03-12 10:58:00+00:00,4951.75,4952.0,4950.75,4951.0,191.0,SYNTH-MES-A,1
2024-03-12 10:59:00+00:00,4951.0,4951.0,4951.0,4951.0,249.0,SYNTH-MES-A,1
2024-03-12 11:00:00+00:00,4951.0,4951.5,4950.75,4951.25,200.0,SYNTH-MES-A,1
2024-03-12 11:01:00+00:00,4951.25,4951.5,4950.0,4950.25,207.0,SYNTH-MES-A,1
2024-03-12 11:02:00+00:00,4950.25,4950.75,4949.75,4949.75,217.0,SYNTH-MES-A,1
2024-03-12 11:03:00+00:00,4949.75,4950.0,4949.25,4949.25,202.0,SYNTH-MES-A,1
2024-03-12 11:04:00+00:00,4949.25,4949.75,4949.0,4949.75,209.0,SYNTH-MES-A,1
2024-03-12 11:05:00+00:00,4949.75,4950.0,4949.5,4950.0,203.0,SYNTH-MES-A,1
2024-03-12 11:06:00+00:00,4950.0,4951.75,4950.0,4951.25,190.0,SYNTH-MES-A,1
2024-03-12 11:07:00+00:00,4951.25,4951.25,4950.5,4950.5,180.0,SYNTH-MES-A,1
2024-03-12 11:08:00+00:00,4950.5,4950.75,4949.5,4949.75,215.0,SYNTH-MES-A,1
2024-03-12 11:09:00+00:00,4949.75,4950.5,4949.75,4950.25,215.0,SYNTH-MES-A,1
2024-03-12 11:10:00+00:00,4950.25,4951.0,4948.5,4949.0,187.0,SYNTH-MES-A,1
2024-03-12 11:11:00+00:00,4949.0,4949.25,4948.0,4948.25,185.0,SYNTH-MES-A,1
2024-03-12 11:12:00+00:00,4948.25,4949.0,4948.25,4948.75,205.0,SYNTH-MES-A,1
2024-03-12 11:13:00+00:00,4948.75,4949.25,4946.75,4947.0,202.0,SYNTH-MES-A,1
2024-03-12 11:14:00+00:00,4947.0,4947.0,4946.75,4947.0,209.0,SYNTH-MES-A,1
2024-03-12 11:15:00+00:00,4947.0,4947.25,4946.75,4947.25,205.0,SYNTH-MES-A,1
2024-03-12 11:16:00+00:00,4947.25,4948.0,4946.75,4947.75,188.0,SYNTH-MES-A,1
2024-03-12 11:17:00+00:00,4947.75,4948.75,4947.75,4948.75,215.0,SYNTH-MES-A,1
2024-03-12 11:18:00+00:00,4948.75,4948.75,4947.0,4948.25,158.0,SYNTH-MES-A,1
2024-03-12 11:19:00+00:00,4948.25,4949.5,4948.0,4949.5,181.0,SYNTH-MES-A,1
2024-03-12 11:20:00+00:00,4949.5,4951.5,4948.5,4951.0,196.0,SYNTH-MES-A,1
2024-03-12 11:21:00+00:00,4951.0,4951.25,4951.0,4951.25,182.0,SYNTH-MES-A,1
2024-03-12 11:22:00+00:00,4951.25,4951.5,4951.0,4951.25,178.0,SYNTH-MES-A,1
2024-03-12 11:23:00+00:00,4951.25,4951.25,4950.5,4950.5,196.0,SYNTH-MES-A,1
2024-03-12 11:24:00+00:00,4950.5,4951.0,4950.5,4950.75,191.0,SYNTH-MES-A,1
2024-03-12 11:25:00+00:00,4950.75,4951.75,4950.75,4951.75,204.0,SYNTH-MES-A,1
2024-03-12 11:26:00+00:00,4951.75,4952.25,4951.5,4952.0,200.0,SYNTH-MES-A,1
2024-03-12 11:27:00+00:00,4952.0,4952.5,4951.0,4951.25,177.0,SYNTH-MES-A,1
2024-03-12 11:28:00+00:00,4951.25,4951.25,4951.0,4951.0,188.0,SYNTH-MES-A,1
2024-03-12 11:29:00+00:00,4951.0,4951.25,4950.25,4950.25,200.0,SYNTH-MES-A,1
2024-03-12 11:30:00+00:00,4950.25,4950.5,4950.25,4950.25,191.0,SYNTH-MES-A,1
2024-03-12 11:31:00+00:00,4950.25,4950.5,4949.75,4949.75,198.0,SYNTH-MES-A,1
2024-03-12 11:32:00+00:00,4949.75,4951.25,4949.75,4951.25,207.0,SYNTH-MES-A,1
2024-03-12 11:33:00+00:00,4951.25,4952.75,4950.25,4952.0,174.0,SYNTH-MES-A,1
2024-03-12 11:34:00+00:00,4952.0,4952.25,4951.0,4952.25,179.0,SYNTH-MES-A,1
2024-03-12 11:35:00+00:00,4952.25,4952.75,4952.0,4952.5,192.0,SYNTH-MES-A,1
2024-03-12 11:36:00+00:00,4952.5,4954.5,4952.5,4953.75,179.0,SYNTH-MES-A,1
2024-03-12 11:37:00+00:00,4953.75,4954.75,4953.5,4953.75,196.0,SYNTH-MES-A,1
2024-03-12 11:38:00+00:00,4953.75,4953.75,4953.0,4953.25,193.0,SYNTH-MES-A,1
2024-03-12 11:39:00+00:00,4953.25,4953.75,4953.25,4953.75,201.0,SYNTH-MES-A,1
2024-03-12 11:40:00+00:00,4953.75,4954.0,4953.25,4954.0,204.0,SYNTH-MES-A,1
2024-03-12 11:41:00+00:00,4954.0,4954.75,4953.75,4954.5,198.0,SYNTH-MES-A,1
2024-03-12 11:42:00+00:00,4954.5,4955.0,4954.0,4954.25,193.0,SYNTH-MES-A,1
2024-03-12 11:43:00+00:00,4954.25,4955.0,4953.0,4953.0,200.0,SYNTH-MES-A,1
2024-03-12 11:44:00+00:00,4953.0,4953.5,4952.75,4953.0,198.0,SYNTH-MES-A,1
2024-03-12 11:45:00+00:00,4953.0,4954.0,4952.75,4952.75,205.0,SYNTH-MES-A,1
2024-03-12 11:46:00+00:00,4952.75,4953.0,4952.5,4953.0,197.0,SYNTH-MES-A,1
2024-03-12 11:47:00+00:00,4953.0,4953.5,4953.0,4953.25,207.0,SYNTH-MES-A,1
2024-03-12 11:48:00+00:00,4953.25,4953.75,4952.25,4952.25,209.0,SYNTH-MES-A,1
2024-03-12 11:49:00+00:00,4952.25,4954.5,4951.75,4954.0,205.0,SYNTH-MES-A,1
2024-03-12 11:50:00+00:00,4954.0,4954.0,4952.75,4953.0,199.0,SYNTH-MES-A,1
2024-03-12 11:51:00+00:00,4953.0,4953.25,4952.5,4953.25,198.0,SYNTH-MES-A,1
2024-03-12 11:52:00+00:00,4953.25,4953.75,4952.5,4952.5,200.0,SYNTH-MES-A,1
2024-03-12 11:53:00+00:00,4952.5,4952.5,4952.5,4952.5,223.0,SYNTH-MES-A,1
2024-03-12 11:54:00+00:00,4952.5,4952.5,4951.5,4951.75,199.0,SYNTH-MES-A,1
2024-03-12 11:55:00+00:00,4951.75,4952.25,4951.75,4951.75,196.0,SYNTH-MES-A,1
2024-03-12 11:56:00+00:00,4951.75,4952.5,4951.75,4952.5,219.0,SYNTH-MES-A,1
2024-03-12 11:57:00+00:00,4952.5,4952.5,4952.5,4952.5,193.0,SYNTH-MES-A,1
2024-03-12 11:58:00+00:00,4952.5,4954.0,4951.75,4953.75,200.0,SYNTH-MES-A,1
2024-03-12 11:59:00+00:00,4953.75,4954.25,4953.75,4954.0,176.0,SYNTH-MES-A,1
2024-03-12 12:00:00+00:00,4954.0,4954.0,4954.0,4954.0,200.0,SYNTH-MES-A,1
2024-03-12 12:01:00+00:00,4954.0,4954.75,4953.5,4954.5,185.0,SYNTH-MES-A,1
2024-03-12 12:02:00+00:00,4954.5,4954.5,4954.5,4954.5,215.0,SYNTH-MES-A,1
2024-03-12 12:03:00+00:00,4954.5,4956.25,4954.25,4956.0,215.0,SYNTH-MES-A,1
2024-03-12 12:04:00+00:00,4956.0,4956.5,4954.5,4954.75,178.0,SYNTH-MES-A,1
2024-03-12 12:05:00+00:00,4954.75,4956.25,4954.75,4955.75,188.0,SYNTH-MES-A,1
2024-03-12 12:06:00+00:00,4955.75,4956.0,4955.25,4956.0,200.0,SYNTH-MES-A,1
2024-03-12 12:07:00+00:00,4956.0,4957.0,4955.75,4956.5,205.0,SYNTH-MES-A,1
2024-03-12 12:08:00+00:00,4956.5,4956.75,4955.0,4955.5,206.0,SYNTH-MES-A,1
2024-03-12 12:09:00+00:00,4955.5,4958.5,4955.25,4957.25,181.0,SYNTH-MES-A,1
2024-03-12 12:10:00+00:00,4957.25,4957.75,4957.25,4957.75,218.0,SYNTH-MES-A,1
2024-03-12 12:11:00+00:00,4957.75,4958.0,4957.5,4957.75,200.0,SYNTH-MES-A,1
2024-03-12 12:12:00+00:00,4957.75,4957.75,4957.75,4957.75,218.0,SYNTH-MES-A,1
2024-03-12 12:13:00+00:00,4957.75,4958.25,4957.25,4958.0,193.0,SYNTH-MES-A,1
2024-03-12 12:14:00+00:00,4958.0,4958.5,4958.0,4958.5,181.0,SYNTH-MES-A,1
2024-03-12 12:15:00+00:00,4958.5,4958.75,4957.25,4957.25,190.0,SYNTH-MES-A,1
2024-03-12 12:16:00+00:00,4957.25,4958.5,4957.0,4958.25,204.0,SYNTH-MES-A,1
2024-03-12 12:17:00+00:00,4958.25,4958.5,4958.0,4958.25,204.0,SYNTH-MES-A,1
2024-03-12 12:18:00+00:00,4958.25,4958.75,4957.75,4958.0,206.0,SYNTH-MES-A,1
2024-03-12 12:19:00+00:00,4958.0,4958.0,4957.25,4957.25,198.0,SYNTH-MES-A,1
2024-03-12 12:20:00+00:00,4957.25,4958.0,4957.25,4958.0,209.0,SYNTH-MES-A,1
2024-03-12 12:21:00+00:00,4958.0,4958.0,4957.5,4957.75,196.0,SYNTH-MES-A,1
2024-03-12 12:22:00+00:00,4957.75,4957.75,4956.75,4957.25,220.0,SYNTH-MES-A,1
2024-03-12 12:23:00+00:00,4957.25,4958.75,4956.75,4958.25,212.0,SYNTH-MES-A,1
2024-03-12 12:24:00+00:00,4958.25,4958.25,4957.75,4958.25,183.0,SYNTH-MES-A,1
2024-03-12 12:25:00+00:00,4958.25,4958.5,4957.5,4957.5,208.0,SYNTH-MES-A,1
2024-03-12 12:26:00+00:00,4957.5,4958.0,4957.25,4957.25,209.0,SYNTH-MES-A,1
2024-03-12 12:27:00+00:00,4957.25,4957.25,4955.5,4956.0,193.0,SYNTH-MES-A,1
2024-03-12 12:28:00+00:00,4956.0,4956.0,4955.25,4955.75,187.0,SYNTH-MES-A,1
2024-03-12 12:29:00+00:00,4955.75,4955.75,4954.75,4955.0,189.0,SYNTH-MES-A,1
2024-03-12 12:30:00+00:00,4955.0,4955.5,4954.75,4955.0,201.0,SYNTH-MES-A,1
2024-03-12 12:31:00+00:00,4955.0,4956.0,4953.75,4954.25,196.0,SYNTH-MES-A,1
2024-03-12 12:32:00+00:00,4954.25,4954.25,4953.75,4954.0,204.0,SYNTH-MES-A,1
2024-03-12 12:33:00+00:00,4954.0,4956.25,4953.75,4956.0,207.0,SYNTH-MES-A,1
2024-03-12 12:34:00+00:00,4956.0,4956.5,4956.0,4956.0,182.0,SYNTH-MES-A,1
2024-03-12 12:35:00+00:00,4956.0,4956.0,4956.0,4956.0,196.0,SYNTH-MES-A,1
2024-03-12 12:36:00+00:00,4956.0,4956.75,4955.75,4956.5,208.0,SYNTH-MES-A,1
2024-03-12 12:37:00+00:00,4956.5,4957.5,4956.0,4957.5,228.0,SYNTH-MES-A,1
2024-03-12 12:38:00+00:00,4957.5,4957.5,4957.0,4957.25,189.0,SYNTH-MES-A,1
2024-03-12 12:39:00+00:00,4957.25,4957.75,4957.0,4957.5,217.0,SYNTH-MES-A,1
2024-03-12 12:40:00+00:00,4957.5,4958.25,4957.5,4957.5,223.0,SYNTH-MES-A,1
2024-03-12 12:41:00+00:00,4957.5,4957.5,4956.0,4956.0,187.0,SYNTH-MES-A,1
2024-03-12 12:42:00+00:00,4956.0,4956.25,4954.75,4955.0,207.0,SYNTH-MES-A,1
2024-03-12 12:43:00+00:00,4955.0,4955.25,4953.5,4954.0,189.0,SYNTH-MES-A,1
2024-03-12 12:44:00+00:00,4954.0,4954.25,4953.0,4953.0,222.0,SYNTH-MES-A,1
2024-03-12 12:45:00+00:00,4953.0,4953.25,4952.25,4952.5,208.0,SYNTH-MES-A,1
2024-03-12 12:46:00+00:00,4952.5,4952.75,4952.0,4952.0,190.0,SYNTH-MES-A,1
2024-03-12 12:47:00+00:00,4952.0,4953.75,4952.0,4953.5,190.0,SYNTH-MES-A,1
2024-03-12 12:48:00+00:00,4953.5,4954.5,4953.25,4954.25,203.0,SYNTH-MES-A,1
2024-03-12 12:49:00+00:00,4954.25,4955.5,4954.0,4955.25,209.0,SYNTH-MES-A,1
2024-03-12 12:50:00+00:00,4955.25,4957.0,4955.0,4957.0,208.0,SYNTH-MES-A,1
2024-03-12 12:51:00+00:00,4957.0,4957.0,4956.75,4956.75,187.0,SYNTH-MES-A,1
2024-03-12 12:52:00+00:00,4956.75,4957.5,4956.0,4956.5,197.0,SYNTH-MES-A,1
2024-03-12 12:53:00+00:00,4956.5,4956.5,4955.75,4956.0,204.0,SYNTH-MES-A,1
2024-03-12 12:54:00+00:00,4956.0,4956.5,4956.0,4956.25,211.0,SYNTH-MES-A,1
2024-03-12 12:55:00+00:00,4956.25,4956.75,4956.0,4956.75,194.0,SYNTH-MES-A,1
2024-03-12 12:56:00+00:00,4956.75,4957.0,4956.0,4956.25,193.0,SYNTH-MES-A,1
2024-03-12 12:57:00+00:00,4956.25,4956.5,4955.75,4956.25,210.0,SYNTH-MES-A,1
2024-03-12 12:58:00+00:00,4956.25,4956.5,4956.25,4956.5,200.0,SYNTH-MES-A,1
2024-03-12 12:59:00+00:00,4956.5,4956.5,4956.0,4956.0,196.0,SYNTH-MES-A,1
2024-03-12 13:00:00+00:00,4956.0,4956.5,4955.5,4955.75,201.0,SYNTH-MES-A,1
2024-03-12 13:01:00+00:00,4955.75,4956.25,4955.25,4956.25,201.0,SYNTH-MES-A,1
2024-03-12 13:02:00+00:00,4956.25,4956.75,4956.0,4956.25,169.0,SYNTH-MES-A,1
2024-03-12 13:03:00+00:00,4956.25,4957.25,4956.25,4957.25,187.0,SYNTH-MES-A,1
2024-03-12 13:04:00+00:00,4957.25,4957.25,4956.0,4957.0,240.0,SYNTH-MES-A,1
2024-03-12 13:05:00+00:00,4957.0,4958.0,4956.75,4957.75,184.0,SYNTH-MES-A,1
2024-03-12 13:06:00+00:00,4957.75,4958.75,4957.75,4958.5,189.0,SYNTH-MES-A,1
2024-03-12 13:07:00+00:00,4958.5,4959.0,4955.75,4956.75,202.0,SYNTH-MES-A,1
2024-03-12 13:08:00+00:00,4956.75,4956.75,4956.5,4956.5,210.0,SYNTH-MES-A,1
2024-03-12 13:09:00+00:00,4956.5,4957.25,4956.5,4957.0,199.0,SYNTH-MES-A,1
2024-03-12 13:10:00+00:00,4957.0,4957.0,4956.75,4957.0,194.0,SYNTH-MES-A,1
2024-03-12 13:11:00+00:00,4957.0,4957.25,4955.75,4957.25,204.0,SYNTH-MES-A,1
2024-03-12 13:12:00+00:00,4957.25,4957.75,4957.0,4957.75,210.0,SYNTH-MES-A,1
2024-03-12 13:13:00+00:00,4957.75,4960.75,4957.75,4958.75,201.0,SYNTH-MES-A,1
2024-03-12 13:14:00+00:00,4958.75,4959.0,4956.75,4956.75,196.0,SYNTH-MES-A,1
2024-03-12 13:15:00+00:00,4956.75,4957.5,4956.75,4957.5,204.0,SYNTH-MES-A,1
2024-03-12 13:16:00+00:00,4957.5,4957.5,4957.5,4957.5,212.0,SYNTH-MES-A,1
2024-03-12 13:17:00+00:00,4957.5,4958.0,4955.75,4955.75,190.0,SYNTH-MES-A,1
2024-03-12 13:18:00+00:00,4955.75,4956.5,4955.25,4956.25,217.0,SYNTH-MES-A,1
2024-03-12 13:19:00+00:00,4956.25,4957.5,4956.0,4957.25,203.0,SYNTH-MES-A,1
2024-03-12 13:20:00+00:00,4957.25,4957.5,4955.5,4955.75,183.0,SYNTH-MES-A,1
2024-03-12 13:21:00+00:00,4955.75,4956.25,4955.5,4956.25,199.0,SYNTH-MES-A,1
2024-03-12 13:22:00+00:00,4956.25,4958.25,4956.25,4957.75,202.0,SYNTH-MES-A,1
2024-03-12 13:23:00+00:00,4957.75,4958.75,4957.0,4958.75,210.0,SYNTH-MES-A,1
2024-03-12 13:24:00+00:00,4958.75,4959.5,4958.75,4959.25,181.0,SYNTH-MES-A,1
2024-03-12 13:25:00+00:00,4959.25,4959.25,4959.0,4959.25,199.0,SYNTH-MES-A,1
2024-03-12 13:26:00+00:00,4959.25,4960.0,4958.75,4960.0,195.0,SYNTH-MES-A,1
2024-03-12 13:27:00+00:00,4960.0,4960.25,4959.75,4959.75,214.0,SYNTH-MES-A,1
2024-03-12 13:28:00+00:00,4959.75,4960.25,4959.25,4959.5,228.0,SYNTH-MES-A,1
2024-03-12 13:29:00+00:00,4959.5,4960.25,4959.5,4959.75,201.0,SYNTH-MES-A,1
2024-03-12 13:30:00+00:00,4959.75,4961.25,4959.5,4961.0,904.0,SYNTH-MES-A,1
2024-03-12 13:31:00+00:00,4961.0,4964.25,4960.75,4963.5,925.0,SYNTH-MES-A,1
2024-03-12 13:32:00+00:00,4963.5,4963.75,4961.75,4962.25,879.0,SYNTH-MES-A,1
2024-03-12 13:33:00+00:00,4962.25,4962.25,4961.0,4961.75,844.0,SYNTH-MES-A,1
2024-03-12 13:34:00+00:00,4961.75,4962.25,4960.25,4960.5,913.0,SYNTH-MES-A,1
2024-03-12 13:35:00+00:00,4960.5,4961.0,4958.75,4959.75,870.0,SYNTH-MES-A,1
2024-03-12 13:36:00+00:00,4959.75,4960.0,4956.75,4957.5,850.0,SYNTH-MES-A,1
2024-03-12 13:37:00+00:00,4957.5,4959.25,4957.5,4959.0,884.0,SYNTH-MES-A,1
2024-03-12 13:38:00+00:00,4959.0,4960.25,4958.25,4960.0,875.0,SYNTH-MES-A,1
2024-03-12 13:39:00+00:00,4960.0,4960.0,4958.5,4958.75,897.0,SYNTH-MES-A,1
2024-03-12 13:40:00+00:00,4958.75,4959.0,4958.75,4958.75,908.0,SYNTH-MES-A,1
2024-03-12 13:41:00+00:00,4958.75,4959.75,4958.5,4959.5,889.0,SYNTH-MES-A,1
2024-03-12 13:42:00+00:00,4959.5,4960.5,4958.0,4958.5,899.0,SYNTH-MES-A,1
2024-03-12 13:43:00+00:00,4958.5,4960.25,4957.75,4960.0,937.0,SYNTH-MES-A,1
2024-03-12 13:44:00+00:00,4960.0,4963.25,4959.25,4963.25,940.0,SYNTH-MES-A,1
2024-03-12 13:45:00+00:00,4963.25,4964.25,4962.5,4962.5,832.0,SYNTH-MES-A,1
2024-03-12 13:46:00+00:00,4962.5,4963.25,4960.75,4960.75,930.0,SYNTH-MES-A,1
2024-03-12 13:47:00+00:00,4960.75,4961.25,4958.5,4959.0,908.0,SYNTH-MES-A,1
2024-03-12 13:48:00+00:00,4959.0,4961.0,4958.75,4960.75,905.0,SYNTH-MES-A,1
2024-03-12 13:49:00+00:00,4960.75,4961.25,4959.0,4959.25,1013.0,SYNTH-MES-A,1
2024-03-12 13:50:00+00:00,4959.25,4959.75,4956.5,4959.75,916.0,SYNTH-MES-A,1
2024-03-12 13:51:00+00:00,4959.75,4960.25,4958.0,4958.5,833.0,SYNTH-MES-A,1
2024-03-12 13:52:00+00:00,4958.5,4958.75,4957.0,4957.75,912.0,SYNTH-MES-A,1
2024-03-12 13:53:00+00:00,4957.75,4958.75,4957.5,4958.75,859.0,SYNTH-MES-A,1
2024-03-12 13:54:00+00:00,4958.75,4959.0,4957.0,4957.5,905.0,SYNTH-MES-A,1
2024-03-12 13:55:00+00:00,4957.5,4959.25,4956.75,4959.0,903.0,SYNTH-MES-A,1
2024-03-12 13:56:00+00:00,4959.0,4959.5,4958.0,4959.5,928.0,SYNTH-MES-A,1
2024-03-12 13:57:00+00:00,4959.5,4962.0,4958.75,4961.5,917.0,SYNTH-MES-A,1
2024-03-12 13:58:00+00:00,4961.5,4962.75,4959.5,4962.5,866.0,SYNTH-MES-A,1
2024-03-12 13:59:00+00:00,4962.5,4962.75,4960.5,4962.0,886.0,SYNTH-MES-A,1
2024-03-12 14:00:00+00:00,4962.0,4962.5,4961.25,4961.25,935.0,SYNTH-MES-A,1
2024-03-12 14:01:00+00:00,4961.25,4962.25,4961.0,4962.0,904.0,SYNTH-MES-A,1
2024-03-12 14:02:00+00:00,4962.0,4962.5,4959.25,4959.75,923.0,SYNTH-MES-A,1
2024-03-12 14:03:00+00:00,4959.75,4960.25,4958.25,4958.75,858.0,SYNTH-MES-A,1
2024-03-12 14:04:00+00:00,4958.75,4960.25,4957.0,4957.0,883.0,SYNTH-MES-A,1
2024-03-12 14:05:00+00:00,4957.0,4957.25,4956.0,4957.0,922.0,SYNTH-MES-A,1
2024-03-12 14:06:00+00:00,4957.0,4958.25,4956.75,4958.0,897.0,SYNTH-MES-A,1
2024-03-12 14:07:00+00:00,4958.0,4960.0,4957.25,4959.25,929.0,SYNTH-MES-A,1
2024-03-12 14:08:00+00:00,4959.25,4960.75,4959.25,4960.25,855.0,SYNTH-MES-A,1
2024-03-12 14:09:00+00:00,4960.25,4963.0,4960.25,4962.75,888.0,SYNTH-MES-A,1
2024-03-12 14:10:00+00:00,4962.75,4963.0,4962.25,4962.5,913.0,SYNTH-MES-A,1
2024-03-12 14:11:00+00:00,4962.5,4962.75,4960.5,4961.75,896.0,SYNTH-MES-A,1
2024-03-12 14:12:00+00:00,4961.75,4963.5,4961.5,4963.25,912.0,SYNTH-MES-A,1
2024-03-12 14:13:00+00:00,4963.25,4963.5,4963.0,4963.0,956.0,SYNTH-MES-A,1
2024-03-12 14:14:00+00:00,4963.0,4968.0,4962.75,4967.0,901.0,SYNTH-MES-A,1
2024-03-12 14:15:00+00:00,4967.0,4967.25,4966.75,4966.75,807.0,SYNTH-MES-A,1
2024-03-12 14:16:00+00:00,4966.75,4967.0,4964.5,4965.75,858.0,SYNTH-MES-A,1
2024-03-12 14:17:00+00:00,4965.75,4966.75,4964.75,4966.5,890.0,SYNTH-MES-A,1
2024-03-12 14:18:00+00:00,4966.5,4966.5,4965.75,4966.5,953.0,SYNTH-MES-A,1
2024-03-12 14:19:00+00:00,4966.5,4966.75,4966.25,4966.5,892.0,SYNTH-MES-A,1
2024-03-12 14:20:00+00:00,4966.5,4967.75,4965.5,4965.75,902.0,SYNTH-MES-A,1
2024-03-12 14:21:00+00:00,4965.75,4966.0,4963.25,4963.25,917.0,SYNTH-MES-A,1
2024-03-12 14:22:00+00:00,4963.25,4964.0,4962.5,4962.5,878.0,SYNTH-MES-A,1
2024-03-12 14:23:00+00:00,4962.5,4963.25,4961.75,4963.0,862.0,SYNTH-MES-A,1
2024-03-12 14:24:00+00:00,4963.0,4963.0,4960.25,4960.75,885.0,SYNTH-MES-A,1
2024-03-12 14:25:00+00:00,4960.75,4961.0,4960.75,4961.0,911.0,SYNTH-MES-A,1
2024-03-12 14:26:00+00:00,4961.0,4962.75,4960.5,4962.75,863.0,SYNTH-MES-A,1
2024-03-12 14:27:00+00:00,4962.75,4963.0,4961.0,4961.75,903.0,SYNTH-MES-A,1
2024-03-12 14:28:00+00:00,4961.75,4963.0,4959.25,4959.5,867.0,SYNTH-MES-A,1
2024-03-12 14:29:00+00:00,4959.5,4960.0,4956.5,4958.5,915.0,SYNTH-MES-A,1
2024-03-12 14:30:00+00:00,4958.5,4960.0,4958.25,4959.5,931.0,SYNTH-MES-A,1
2024-03-12 14:31:00+00:00,4959.5,4961.75,4959.25,4961.0,917.0,SYNTH-MES-A,1
2024-03-12 14:32:00+00:00,4961.0,4961.5,4960.0,4960.25,915.0,SYNTH-MES-A,1
2024-03-12 14:33:00+00:00,4960.25,4960.5,4959.25,4959.75,911.0,SYNTH-MES-A,1
2024-03-12 14:34:00+00:00,4959.75,4960.5,4959.25,4959.5,906.0,SYNTH-MES-A,1
2024-03-12 14:35:00+00:00,4959.5,4959.75,4958.0,4958.25,906.0,SYNTH-MES-A,1
2024-03-12 14:36:00+00:00,4958.25,4959.0,4957.75,4959.0,868.0,SYNTH-MES-A,1
2024-03-12 14:37:00+00:00,4959.0,4959.25,4958.5,4959.0,908.0,SYNTH-MES-A,1
2024-03-12 14:38:00+00:00,4959.0,4961.0,4958.0,4960.0,904.0,SYNTH-MES-A,1
2024-03-12 14:39:00+00:00,4960.0,4960.0,4957.5,4957.5,878.0,SYNTH-MES-A,1
2024-03-12 14:40:00+00:00,4957.5,4957.75,4954.25,4955.0,867.0,SYNTH-MES-A,1
2024-03-12 14:41:00+00:00,4955.0,4958.25,4954.75,4957.0,897.0,SYNTH-MES-A,1
2024-03-12 14:42:00+00:00,4957.0,4958.75,4956.25,4958.5,838.0,SYNTH-MES-A,1
2024-03-12 14:43:00+00:00,4958.5,4960.0,4958.5,4959.75,951.0,SYNTH-MES-A,1
2024-03-12 14:44:00+00:00,4959.75,4962.0,4959.25,4961.75,932.0,SYNTH-MES-A,1
2024-03-12 14:45:00+00:00,4961.75,4963.0,4961.5,4961.5,819.0,SYNTH-MES-A,1
2024-03-12 14:46:00+00:00,4961.5,4962.5,4961.25,4961.75,918.0,SYNTH-MES-A,1
2024-03-12 14:47:00+00:00,4961.75,4962.0,4958.0,4958.0,860.0,SYNTH-MES-A,1
2024-03-12 14:48:00+00:00,4958.0,4958.75,4957.5,4958.25,915.0,SYNTH-MES-A,1
2024-03-12 14:49:00+00:00,4958.25,4958.75,4958.0,4958.5,938.0,SYNTH-MES-A,1
2024-03-12 14:50:00+00:00,4958.5,4961.5,4958.25,4961.25,922.0,SYNTH-MES-A,1
2024-03-12 14:51:00+00:00,4961.25,4961.5,4961.25,4961.5,889.0,SYNTH-MES-A,1
2024-03-12 14:52:00+00:00,4961.5,4962.25,4961.0,4961.25,921.0,SYNTH-MES-A,1
2024-03-12 14:53:00+00:00,4961.25,4963.0,4961.0,4962.5,879.0,SYNTH-MES-A,1
2024-03-12 14:54:00+00:00,4962.5,4962.5,4961.5,4961.75,876.0,SYNTH-MES-A,1
2024-03-12 14:55:00+00:00,4961.75,4962.0,4960.0,4960.5,948.0,SYNTH-MES-A,1
2024-03-12 14:56:00+00:00,4960.5,4960.5,4958.5,4959.75,881.0,SYNTH-MES-A,1
2024-03-12 14:57:00+00:00,4959.75,4960.0,4959.0,4959.0,913.0,SYNTH-MES-A,1
2024-03-12 14:58:00+00:00,4959.0,4959.75,4958.0,4959.5,895.0,SYNTH-MES-A,1
2024-03-12 14:59:00+00:00,4959.5,4959.5,4956.25,4957.5,928.0,SYNTH-MES-A,1
2024-03-12 15:00:00+00:00,4957.5,4959.5,4957.0,4958.75,929.0,SYNTH-MES-A,1
2024-03-12 15:01:00+00:00,4958.75,4959.0,4957.5,4957.75,869.0,SYNTH-MES-A,1
2024-03-12 15:02:00+00:00,4957.75,4961.25,4957.75,4960.5,982.0,SYNTH-MES-A,1
2024-03-12 15:03:00+00:00,4960.5,4962.25,4957.5,4958.0,881.0,SYNTH-MES-A,1
2024-03-12 15:04:00+00:00,4958.0,4958.5,4957.0,4957.5,873.0,SYNTH-MES-A,1
2024-03-12 15:05:00+00:00,4957.5,4957.75,4955.5,4955.5,880.0,SYNTH-MES-A,1
2024-03-12 15:06:00+00:00,4955.5,4958.25,4954.5,4958.0,888.0,SYNTH-MES-A,1
2024-03-12 15:07:00+00:00,4958.0,4958.5,4957.75,4958.25,899.0,SYNTH-MES-A,1
2024-03-12 15:08:00+00:00,4958.25,4958.25,4956.0,4956.25,925.0,SYNTH-MES-A,1
2024-03-12 15:09:00+00:00,4956.25,4956.5,4953.75,4955.0,905.0,SYNTH-MES-A,1
2024-03-12 15:10:00+00:00,4955.0,4955.25,4954.5,4955.0,983.0,SYNTH-MES-A,1
2024-03-12 15:11:00+00:00,4955.0,4955.75,4955.0,4955.5,911.0,SYNTH-MES-A,1
2024-03-12 15:12:00+00:00,4955.5,4956.5,4955.0,4955.25,909.0,SYNTH-MES-A,1
2024-03-12 15:13:00+00:00,4955.25,4956.25,4954.0,4955.5,884.0,SYNTH-MES-A,1
2024-03-12 15:14:00+00:00,4955.5,4957.75,4955.25,4956.25,914.0,SYNTH-MES-A,1
2024-03-12 15:15:00+00:00,4956.25,4956.25,4952.0,4954.0,876.0,SYNTH-MES-A,1
2024-03-12 15:16:00+00:00,4954.0,4956.25,4953.75,4954.5,919.0,SYNTH-MES-A,1
2024-03-12 15:17:00+00:00,4954.5,4955.0,4953.75,4953.75,861.0,SYNTH-MES-A,1
2024-03-12 15:18:00+00:00,4953.75,4956.0,4952.25,4955.5,904.0,SYNTH-MES-A,1
2024-03-12 15:19:00+00:00,4955.5,4956.0,4951.75,4953.75,877.0,SYNTH-MES-A,1
2024-03-12 15:20:00+00:00,4953.75,4955.5,4952.25,4952.5,906.0,SYNTH-MES-A,1
2024-03-12 15:21:00+00:00,4952.5,4953.75,4949.5,4950.25,917.0,SYNTH-MES-A,1
2024-03-12 15:22:00+00:00,4950.25,4952.25,4949.5,4952.0,922.0,SYNTH-MES-A,1
2024-03-12 15:23:00+00:00,4952.0,4952.0,4952.0,4952.0,862.0,SYNTH-MES-A,1
2024-03-12 15:24:00+00:00,4952.0,4953.25,4952.0,4952.75,901.0,SYNTH-MES-A,1
2024-03-12 15:25:00+00:00,4952.75,4953.75,4950.25,4951.25,898.0,SYNTH-MES-A,1
2024-03-12 15:26:00+00:00,4951.25,4952.0,4948.75,4949.5,895.0,SYNTH-MES-A,1
2024-03-12 15:27:00+00:00,4949.5,4953.25,4948.5,4952.5,908.0,SYNTH-MES-A,1
2024-03-12 15:28:00+00:00,4952.5,4954.0,4952.25,4952.25,868.0,SYNTH-MES-A,1
2024-03-12 15:29:00+00:00,4952.25,4952.25,4950.25,4950.75,898.0,SYNTH-MES-A,1
2024-03-12 15:30:00+00:00,4950.75,4952.25,4950.75,4952.0,912.0,SYNTH-MES-A,1
2024-03-12 15:31:00+00:00,4952.0,4953.0,4951.75,4952.75,949.0,SYNTH-MES-A,1
2024-03-12 15:32:00+00:00,4952.75,4953.5,4947.25,4950.0,935.0,SYNTH-MES-A,1
2024-03-12 15:33:00+00:00,4950.0,4951.5,4948.25,4949.5,885.0,SYNTH-MES-A,1
2024-03-12 15:34:00+00:00,4949.5,4949.75,4947.75,4948.25,858.0,SYNTH-MES-A,1
2024-03-12 15:35:00+00:00,4948.25,4949.75,4947.25,4949.5,915.0,SYNTH-MES-A,1
2024-03-12 15:36:00+00:00,4949.5,4950.25,4946.5,4948.0,876.0,SYNTH-MES-A,1
2024-03-12 15:37:00+00:00,4948.0,4950.0,4944.75,4945.0,930.0,SYNTH-MES-A,1
2024-03-12 15:38:00+00:00,4945.0,4946.0,4944.5,4944.75,901.0,SYNTH-MES-A,1
2024-03-12 15:39:00+00:00,4944.75,4946.75,4944.5,4946.25,916.0,SYNTH-MES-A,1
2024-03-12 15:40:00+00:00,4946.25,4946.25,4941.0,4943.0,868.0,SYNTH-MES-A,1
2024-03-12 15:41:00+00:00,4943.0,4943.75,4942.5,4942.5,927.0,SYNTH-MES-A,1
2024-03-12 15:42:00+00:00,4942.5,4943.0,4942.0,4942.75,886.0,SYNTH-MES-A,1
2024-03-12 15:43:00+00:00,4942.75,4945.5,4942.0,4945.25,859.0,SYNTH-MES-A,1
2024-03-12 15:44:00+00:00,4945.25,4947.25,4944.75,4946.75,962.0,SYNTH-MES-A,1
2024-03-12 15:45:00+00:00,4946.75,4947.25,4946.0,4947.0,868.0,SYNTH-MES-A,1
2024-03-12 15:46:00+00:00,4947.0,4949.0,4946.75,4948.75,896.0,SYNTH-MES-A,1
2024-03-12 15:47:00+00:00,4948.75,4950.0,4948.0,4949.75,889.0,SYNTH-MES-A,1
2024-03-12 15:48:00+00:00,4949.75,4951.0,4949.5,4951.0,898.0,SYNTH-MES-A,1
2024-03-12 15:49:00+00:00,4951.0,4952.75,4950.75,4951.25,890.0,SYNTH-MES-A,1
2024-03-12 15:50:00+00:00,4951.25,4952.25,4951.0,4951.0,890.0,SYNTH-MES-A,1
2024-03-12 15:51:00+00:00,4951.0,4951.25,4948.75,4949.75,914.0,SYNTH-MES-A,1
2024-03-12 15:52:00+00:00,4949.75,4950.0,4947.75,4947.75,862.0,SYNTH-MES-A,1
2024-03-12 15:53:00+00:00,4947.75,4951.75,4947.25,4950.75,879.0,SYNTH-MES-A,1
2024-03-12 15:54:00+00:00,4950.75,4951.5,4948.75,4948.75,851.0,SYNTH-MES-A,1
2024-03-12 15:55:00+00:00,4948.75,4950.0,4947.75,4949.0,910.0,SYNTH-MES-A,1
2024-03-12 15:56:00+00:00,4949.0,4951.0,4949.0,4950.75,904.0,SYNTH-MES-A,1
2024-03-12 15:57:00+00:00,4950.75,4952.25,4950.5,4952.25,894.0,SYNTH-MES-A,1
2024-03-12 15:58:00+00:00,4952.25,4952.25,4949.25,4949.75,870.0,SYNTH-MES-A,1
2024-03-12 15:59:00+00:00,4949.75,4950.5,4947.75,4949.0,882.0,SYNTH-MES-A,1
2024-03-12 16:00:00+00:00,4949.0,4949.75,4946.25,4946.5,891.0,SYNTH-MES-A,1
2024-03-12 16:01:00+00:00,4946.5,4947.0,4946.0,4946.25,891.0,SYNTH-MES-A,1
2024-03-12 16:02:00+00:00,4946.25,4946.75,4946.0,4946.25,884.0,SYNTH-MES-A,1
2024-03-12 16:03:00+00:00,4946.25,4948.75,4946.25,4947.75,890.0,SYNTH-MES-A,1
2024-03-12 16:04:00+00:00,4947.75,4948.0,4946.5,4946.5,894.0,SYNTH-MES-A,1
2024-03-12 16:05:00+00:00,4946.5,4948.25,4946.5,4947.5,892.0,SYNTH-MES-A,1
2024-03-12 16:06:00+00:00,4947.5,4949.25,4947.25,4949.0,924.0,SYNTH-MES-A,1
2024-03-12 16:07:00+00:00,4949.0,4952.5,4948.5,4948.5,824.0,SYNTH-MES-A,1
2024-03-12 16:08:00+00:00,4948.5,4949.5,4946.5,4949.5,854.0,SYNTH-MES-A,1
2024-03-12 16:09:00+00:00,4949.5,4949.5,4947.75,4948.75,918.0,SYNTH-MES-A,1
2024-03-12 16:10:00+00:00,4948.75,4948.75,4947.75,4948.5,868.0,SYNTH-MES-A,1
2024-03-12 16:11:00+00:00,4948.5,4949.5,4947.25,4947.25,902.0,SYNTH-MES-A,1
2024-03-12 16:12:00+00:00,4947.25,4947.75,4946.75,4947.5,887.0,SYNTH-MES-A,1
2024-03-12 16:13:00+00:00,4947.5,4947.5,4946.75,4946.75,924.0,SYNTH-MES-A,1
2024-03-12 16:14:00+00:00,4946.75,4950.25,4946.5,4947.75,929.0,SYNTH-MES-A,1
2024-03-12 16:15:00+00:00,4947.75,4950.5,4947.25,4950.25,838.0,SYNTH-MES-A,1
2024-03-12 16:16:00+00:00,4950.25,4952.25,4950.0,4952.25,915.0,SYNTH-MES-A,1
2024-03-12 16:17:00+00:00,4952.25,4952.5,4948.75,4951.5,973.0,SYNTH-MES-A,1
2024-03-12 16:18:00+00:00,4951.5,4952.5,4948.75,4950.75,951.0,SYNTH-MES-A,1
2024-03-12 16:19:00+00:00,4950.75,4952.5,4949.75,4952.0,916.0,SYNTH-MES-A,1
2024-03-12 16:20:00+00:00,4952.0,4952.75,4951.0,4951.25,913.0,SYNTH-MES-A,1
2024-03-12 16:21:00+00:00,4951.25,4953.25,4950.5,4952.5,865.0,SYNTH-MES-A,1
2024-03-12 16:22:00+00:00,4952.5,4953.75,4951.5,4953.5,863.0,SYNTH-MES-A,1
2024-03-12 16:23:00+00:00,4953.5,4953.5,4953.25,4953.5,845.0,SYNTH-MES-A,1
2024-03-12 16:24:00+00:00,4953.5,4955.5,4953.25,4955.0,924.0,SYNTH-MES-A,1
2024-03-12 16:25:00+00:00,4955.0,4955.75,4951.75,4952.5,857.0,SYNTH-MES-A,1
2024-03-12 16:26:00+00:00,4952.5,4952.75,4951.0,4951.25,861.0,SYNTH-MES-A,1
2024-03-12 16:27:00+00:00,4951.25,4952.5,4951.25,4952.25,940.0,SYNTH-MES-A,1
2024-03-12 16:28:00+00:00,4952.25,4953.0,4950.75,4951.0,875.0,SYNTH-MES-A,1
2024-03-12 16:29:00+00:00,4951.0,4951.0,4948.25,4948.5,891.0,SYNTH-MES-A,1
2024-03-12 16:30:00+00:00,4948.5,4952.25,4948.25,4952.0,892.0,SYNTH-MES-A,1
2024-03-12 16:31:00+00:00,4952.0,4952.25,4952.0,4952.25,937.0,SYNTH-MES-A,1
2024-03-12 16:32:00+00:00,4952.25,4957.25,4952.0,4955.25,889.0,SYNTH-MES-A,1
2024-03-12 16:33:00+00:00,4955.25,4956.25,4952.25,4953.0,925.0,SYNTH-MES-A,1
2024-03-12 16:34:00+00:00,4953.0,4955.0,4952.0,4954.5,936.0,SYNTH-MES-A,1
2024-03-12 16:35:00+00:00,4954.5,4954.75,4954.0,4954.75,899.0,SYNTH-MES-A,1
2024-03-12 16:36:00+00:00,4954.75,4956.25,4954.75,4956.0,998.0,SYNTH-MES-A,1
2024-03-12 16:37:00+00:00,4956.0,4956.0,4955.5,4955.5,899.0,SYNTH-MES-A,1
2024-03-12 16:38:00+00:00,4955.5,4958.25,4950.5,4951.75,867.0,SYNTH-MES-A,1
2024-03-12 16:39:00+00:00,4951.75,4951.75,4949.5,4949.75,905.0,SYNTH-MES-A,1
2024-03-12 16:40:00+00:00,4949.75,4950.0,4948.25,4948.25,886.0,SYNTH-MES-A,1
2024-03-12 16:41:00+00:00,4948.25,4950.0,4947.75,4949.25,938.0,SYNTH-MES-A,1
2024-03-12 16:42:00+00:00,4949.25,4951.0,4948.25,4950.75,874.0,SYNTH-MES-A,1
2024-03-12 16:43:00+00:00,4950.75,4951.25,4950.75,4950.75,867.0,SYNTH-MES-A,1
2024-03-12 16:44:00+00:00,4950.75,4951.75,4949.25,4951.25,866.0,SYNTH-MES-A,1
2024-03-12 16:45:00+00:00,4951.25,4953.25,4951.0,4952.5,931.0,SYNTH-MES-A,1
2024-03-12 16:46:00+00:00,4952.5,4952.75,4951.0,4951.25,908.0,SYNTH-MES-A,1
2024-03-12 16:47:00+00:00,4951.25,4954.75,4950.0,4954.5,866.0,SYNTH-MES-A,1
2024-03-12 16:48:00+00:00,4954.5,4955.25,4953.0,4953.5,914.0,SYNTH-MES-A,1
2024-03-12 16:49:00+00:00,4953.5,4955.5,4952.5,4955.5,889.0,SYNTH-MES-A,1
2024-03-12 16:50:00+00:00,4955.5,4958.0,4954.75,4957.25,876.0,SYNTH-MES-A,1
2024-03-12 16:51:00+00:00,4957.25,4959.5,4956.75,4959.0,876.0,SYNTH-MES-A,1
2024-03-12 16:52:00+00:00,4959.0,4959.25,4954.25,4955.75,899.0,SYNTH-MES-A,1
2024-03-12 16:53:00+00:00,4955.75,4956.5,4955.5,4956.5,851.0,SYNTH-MES-A,1
2024-03-12 16:54:00+00:00,4956.5,4957.0,4956.25,4956.75,901.0,SYNTH-MES-A,1
2024-03-12 16:55:00+00:00,4956.75,4959.25,4956.25,4959.0,918.0,SYNTH-MES-A,1
2024-03-12 16:56:00+00:00,4959.0,4962.25,4958.75,4962.0,877.0,SYNTH-MES-A,1
2024-03-12 16:57:00+00:00,4962.0,4962.5,4958.5,4959.5,885.0,SYNTH-MES-A,1
2024-03-12 16:58:00+00:00,4959.5,4960.25,4959.25,4959.75,873.0,SYNTH-MES-A,1
2024-03-12 16:59:00+00:00,4959.75,4960.0,4958.0,4958.0,930.0,SYNTH-MES-A,1
2024-03-12 17:00:00+00:00,4958.0,4959.25,4957.75,4958.75,940.0,SYNTH-MES-A,1
2024-03-12 17:01:00+00:00,4958.75,4958.75,4957.25,4957.75,882.0,SYNTH-MES-A,1
2024-03-12 17:02:00+00:00,4957.75,4958.0,4956.75,4957.5,978.0,SYNTH-MES-A,1
2024-03-12 17:03:00+00:00,4957.5,4958.75,4956.25,4958.25,999.0,SYNTH-MES-A,1
2024-03-12 17:04:00+00:00,4958.25,4960.5,4957.25,4960.0,909.0,SYNTH-MES-A,1
2024-03-12 17:05:00+00:00,4960.0,4960.5,4956.5,4956.75,844.0,SYNTH-MES-A,1
2024-03-12 17:06:00+00:00,4956.75,4958.25,4956.5,4957.75,942.0,SYNTH-MES-A,1
2024-03-12 17:07:00+00:00,4957.75,4957.75,4955.5,4956.0,899.0,SYNTH-MES-A,1
2024-03-12 17:08:00+00:00,4956.0,4956.0,4954.0,4954.0,896.0,SYNTH-MES-A,1
2024-03-12 17:09:00+00:00,4954.0,4954.25,4952.75,4953.0,951.0,SYNTH-MES-A,1
2024-03-12 17:10:00+00:00,4953.0,4953.75,4953.0,4953.25,887.0,SYNTH-MES-A,1
2024-03-12 17:11:00+00:00,4953.25,4954.25,4952.75,4953.5,905.0,SYNTH-MES-A,1
2024-03-12 17:12:00+00:00,4953.5,4954.0,4952.5,4953.25,926.0,SYNTH-MES-A,1
2024-03-12 17:13:00+00:00,4953.25,4953.5,4952.25,4952.75,866.0,SYNTH-MES-A,1
2024-03-12 17:14:00+00:00,4952.75,4953.5,4952.25,4953.25,902.0,SYNTH-MES-A,1
2024-03-12 17:15:00+00:00,4953.25,4954.25,4952.5,4953.0,859.0,SYNTH-MES-A,1
2024-03-12 17:16:00+00:00,4953.0,4953.75,4952.0,4953.5,888.0,SYNTH-MES-A,1
2024-03-12 17:17:00+00:00,4953.5,4955.5,4952.75,4954.25,925.0,SYNTH-MES-A,1
2024-03-12 17:18:00+00:00,4954.25,4956.0,4954.25,4955.0,889.0,SYNTH-MES-A,1
2024-03-12 17:19:00+00:00,4955.0,4957.25,4954.5,4957.25,914.0,SYNTH-MES-A,1
2024-03-12 17:20:00+00:00,4957.25,4958.5,4956.25,4958.5,876.0,SYNTH-MES-A,1
2024-03-12 17:21:00+00:00,4958.5,4960.75,4958.25,4960.25,888.0,SYNTH-MES-A,1
2024-03-12 17:22:00+00:00,4960.25,4962.5,4959.25,4959.5,916.0,SYNTH-MES-A,1
2024-03-12 17:23:00+00:00,4959.5,4960.5,4959.25,4960.0,842.0,SYNTH-MES-A,1
2024-03-12 17:24:00+00:00,4960.0,4962.0,4959.75,4961.0,844.0,SYNTH-MES-A,1
2024-03-12 17:25:00+00:00,4961.0,4961.25,4958.75,4959.5,852.0,SYNTH-MES-A,1
2024-03-12 17:26:00+00:00,4959.5,4960.75,4959.5,4960.25,940.0,SYNTH-MES-A,1
2024-03-12 17:27:00+00:00,4960.25,4964.5,4960.0,4963.0,892.0,SYNTH-MES-A,1
2024-03-12 17:28:00+00:00,4963.0,4963.75,4961.0,4961.25,904.0,SYNTH-MES-A,1
2024-03-12 17:29:00+00:00,4961.25,4962.75,4960.25,4960.75,876.0,SYNTH-MES-A,1
2024-03-12 17:30:00+00:00,4960.75,4963.75,4960.25,4963.25,859.0,SYNTH-MES-A,1
2024-03-12 17:31:00+00:00,4963.25,4965.75,4962.75,4965.75,915.0,SYNTH-MES-A,1
2024-03-12 17:32:00+00:00,4965.75,4967.75,4963.25,4967.25,894.0,SYNTH-MES-A,1
2024-03-12 17:33:00+00:00,4967.25,4967.5,4967.0,4967.25,919.0,SYNTH-MES-A,1
2024-03-12 17:34:00+00:00,4967.25,4967.5,4966.25,4966.5,934.0,SYNTH-MES-A,1
2024-03-12 17:35:00+00:00,4966.5,4966.5,4964.25,4965.25,862.0,SYNTH-MES-A,1
2024-03-12 17:36:00+00:00,4965.25,4965.75,4964.25,4964.5,883.0,SYNTH-MES-A,1
2024-03-12 17:37:00+00:00,4964.5,4964.75,4963.0,4963.75,914.0,SYNTH-MES-A,1
2024-03-12 17:38:00+00:00,4963.75,4966.25,4962.5,4966.0,894.0,SYNTH-MES-A,1
2024-03-12 17:39:00+00:00,4966.0,4967.5,4965.5,4965.5,868.0,SYNTH-MES-A,1
2024-03-12 17:40:00+00:00,4965.5,4968.25,4965.0,4968.0,897.0,SYNTH-MES-A,1
2024-03-12 17:41:00+00:00,4968.0,4971.0,4967.75,4970.0,899.0,SYNTH-MES-A,1
2024-03-12 17:42:00+00:00,4970.0,4970.25,4968.0,4968.5,902.0,SYNTH-MES-A,1
2024-03-12 17:43:00+00:00,4968.5,4969.5,4968.5,4968.75,903.0,SYNTH-MES-A,1
2024-03-12 17:44:00+00:00,4968.75,4970.5,4967.0,4967.75,888.0,SYNTH-MES-A,1
2024-03-12 17:45:00+00:00,4967.75,4968.5,4967.25,4968.0,891.0,SYNTH-MES-A,1
2024-03-12 17:46:00+00:00,4968.0,4971.75,4966.75,4971.0,951.0,SYNTH-MES-A,1
2024-03-12 17:47:00+00:00,4971.0,4971.0,4969.25,4969.25,925.0,SYNTH-MES-A,1
2024-03-12 17:48:00+00:00,4969.25,4970.5,4968.25,4970.25,851.0,SYNTH-MES-A,1
2024-03-12 17:49:00+00:00,4970.25,4970.5,4968.5,4968.75,910.0,SYNTH-MES-A,1
2024-03-12 17:50:00+00:00,4968.75,4969.25,4967.0,4967.25,914.0,SYNTH-MES-A,1
2024-03-12 17:51:00+00:00,4967.25,4968.0,4966.5,4967.25,888.0,SYNTH-MES-A,1
2024-03-12 17:52:00+00:00,4967.25,4970.0,4964.0,4965.0,920.0,SYNTH-MES-A,1
2024-03-12 17:53:00+00:00,4965.0,4966.0,4964.75,4966.0,931.0,SYNTH-MES-A,1
2024-03-12 17:54:00+00:00,4966.0,4968.25,4966.0,4967.75,859.0,SYNTH-MES-A,1
2024-03-12 17:55:00+00:00,4967.75,4972.5,4967.25,4970.75,907.0,SYNTH-MES-A,1
2024-03-12 17:56:00+00:00,4970.75,4972.75,4970.5,4972.0,879.0,SYNTH-MES-A,1
2024-03-12 17:57:00+00:00,4972.0,4973.25,4970.5,4971.0,882.0,SYNTH-MES-A,1
2024-03-12 17:58:00+00:00,4971.0,4971.5,4968.5,4969.5,923.0,SYNTH-MES-A,1
2024-03-12 17:59:00+00:00,4969.5,4969.75,4967.25,4968.5,869.0,SYNTH-MES-A,1
2024-03-12 18:00:00+00:00,4968.5,4970.0,4968.0,4970.0,900.0,SYNTH-MES-A,1
2024-03-12 18:01:00+00:00,4970.0,4970.0,4967.25,4969.0,979.0,SYNTH-MES-A,1
2024-03-12 18:02:00+00:00,4969.0,4970.25,4968.5,4970.25,881.0,SYNTH-MES-A,1
2024-03-12 18:03:00+00:00,4970.25,4971.0,4968.75,4970.75,869.0,SYNTH-MES-A,1
2024-03-12 18:04:00+00:00,4970.75,4974.25,4970.25,4971.5,961.0,SYNTH-MES-A,1
2024-03-12 18:05:00+00:00,4971.5,4971.5,4971.0,4971.25,886.0,SYNTH-MES-A,1
2024-03-12 18:06:00+00:00,4971.25,4974.25,4971.0,4973.25,918.0,SYNTH-MES-A,1
2024-03-12 18:07:00+00:00,4973.25,4974.0,4972.75,4974.0,909.0,SYNTH-MES-A,1
2024-03-12 18:08:00+00:00,4974.0,4977.0,4973.75,4976.0,926.0,SYNTH-MES-A,1
2024-03-12 18:09:00+00:00,4976.0,4976.5,4973.75,4974.75,945.0,SYNTH-MES-A,1
2024-03-12 18:10:00+00:00,4974.75,4975.5,4970.75,4971.0,911.0,SYNTH-MES-A,1
2024-03-12 18:11:00+00:00,4971.0,4974.0,4971.0,4973.75,852.0,SYNTH-MES-A,1
2024-03-12 18:12:00+00:00,4973.75,4975.0,4973.5,4974.75,895.0,SYNTH-MES-A,1
2024-03-12 18:13:00+00:00,4974.75,4976.5,4974.0,4976.0,918.0,SYNTH-MES-A,1
2024-03-12 18:14:00+00:00,4976.0,4976.75,4974.5,4974.5,880.0,SYNTH-MES-A,1
2024-03-12 18:15:00+00:00,4974.5,4974.75,4971.75,4972.25,876.0,SYNTH-MES-A,1
2024-03-12 18:16:00+00:00,4972.25,4972.25,4971.25,4971.75,922.0,SYNTH-MES-A,1
2024-03-12 18:17:00+00:00,4971.75,4972.5,4971.25,4972.5,834.0,SYNTH-MES-A,1
2024-03-12 18:18:00+00:00,4972.5,4974.0,4968.75,4969.75,872.0,SYNTH-MES-A,1
2024-03-12 18:19:00+00:00,4969.75,4971.5,4969.25,4970.5,928.0,SYNTH-MES-A,1
2024-03-12 18:20:00+00:00,4970.5,4972.25,4969.75,4972.0,948.0,SYNTH-MES-A,1
2024-03-12 18:21:00+00:00,4972.0,4974.75,4972.0,4974.5,877.0,SYNTH-MES-A,1
2024-03-12 18:22:00+00:00,4974.5,4975.75,4974.5,4975.25,898.0,SYNTH-MES-A,1
2024-03-12 18:23:00+00:00,4975.25,4975.75,4975.0,4975.75,902.0,SYNTH-MES-A,1
2024-03-12 18:24:00+00:00,4975.75,4977.75,4975.75,4976.5,922.0,SYNTH-MES-A,1
2024-03-12 18:25:00+00:00,4976.5,4977.0,4975.5,4975.75,876.0,SYNTH-MES-A,1
2024-03-12 18:26:00+00:00,4975.75,4976.0,4975.5,4975.75,919.0,SYNTH-MES-A,1
2024-03-12 18:27:00+00:00,4975.75,4977.25,4973.0,4974.75,936.0,SYNTH-MES-A,1
2024-03-12 18:28:00+00:00,4974.75,4974.75,4973.75,4974.25,904.0,SYNTH-MES-A,1
2024-03-12 18:29:00+00:00,4974.25,4975.25,4974.0,4974.0,908.0,SYNTH-MES-A,1
2024-03-12 18:30:00+00:00,4974.0,4977.5,4973.0,4977.25,952.0,SYNTH-MES-A,1
2024-03-12 18:31:00+00:00,4977.25,4977.25,4976.5,4976.5,907.0,SYNTH-MES-A,1
2024-03-12 18:32:00+00:00,4976.5,4977.5,4975.75,4977.0,881.0,SYNTH-MES-A,1
2024-03-12 18:33:00+00:00,4977.0,4978.0,4976.75,4978.0,880.0,SYNTH-MES-A,1
2024-03-12 18:34:00+00:00,4978.0,4978.75,4974.0,4974.75,880.0,SYNTH-MES-A,1
2024-03-12 18:35:00+00:00,4974.75,4978.25,4974.5,4977.25,850.0,SYNTH-MES-A,1
2024-03-12 18:36:00+00:00,4977.25,4977.5,4977.0,4977.25,909.0,SYNTH-MES-A,1
2024-03-12 18:37:00+00:00,4977.25,4977.25,4974.75,4976.25,888.0,SYNTH-MES-A,1
2024-03-12 18:38:00+00:00,4976.25,4976.5,4975.0,4975.0,852.0,SYNTH-MES-A,1
2024-03-12 18:39:00+00:00,4975.0,4977.0,4973.75,4977.0,912.0,SYNTH-MES-A,1
2024-03-12 18:40:00+00:00,4977.0,4977.75,4976.75,4977.25,917.0,SYNTH-MES-A,1
2024-03-12 18:41:00+00:00,4977.25,4978.75,4976.25,4978.0,909.0,SYNTH-MES-A,1
2024-03-12 18:42:00+00:00,4978.0,4978.25,4976.75,4976.75,845.0,SYNTH-MES-A,1
2024-03-12 18:43:00+00:00,4976.75,4978.5,4976.5,4978.25,895.0,SYNTH-MES-A,1
2024-03-12 18:44:00+00:00,4978.25,4978.25,4978.0,4978.25,910.0,SYNTH-MES-A,1
2024-03-12 18:45:00+00:00,4978.25,4978.25,4976.5,4976.75,946.0,SYNTH-MES-A,1
2024-03-12 18:46:00+00:00,4976.75,4977.25,4976.0,4977.0,905.0,SYNTH-MES-A,1
2024-03-12 18:47:00+00:00,4977.0,4979.5,4975.0,4978.0,900.0,SYNTH-MES-A,1
2024-03-12 18:48:00+00:00,4978.0,4981.0,4977.25,4980.25,910.0,SYNTH-MES-A,1
2024-03-12 18:49:00+00:00,4980.25,4980.5,4978.25,4978.75,902.0,SYNTH-MES-A,1
2024-03-12 18:50:00+00:00,4978.75,4979.25,4978.0,4979.0,847.0,SYNTH-MES-A,1
2024-03-12 18:51:00+00:00,4979.0,4979.5,4974.25,4976.0,883.0,SYNTH-MES-A,1
2024-03-12 18:52:00+00:00,4976.0,4977.0,4975.0,4975.25,897.0,SYNTH-MES-A,1
2024-03-12 18:53:00+00:00,4975.25,4977.75,4974.25,4977.75,889.0,SYNTH-MES-A,1
2024-03-12 18:54:00+00:00,4977.75,4978.25,4977.0,4977.25,901.0,SYNTH-MES-A,1
2024-03-12 18:55:00+00:00,4977.25,4977.5,4976.75,4977.5,915.0,SYNTH-MES-A,1
2024-03-12 18:56:00+00:00,4977.5,4979.75,4976.25,4979.5,911.0,SYNTH-MES-A,1
2024-03-12 18:57:00+00:00,4979.5,4979.5,4977.75,4978.0,922.0,SYNTH-MES-A,1
2024-03-12 18:58:00+00:00,4978.0,4980.5,4977.75,4980.0,946.0,SYNTH-MES-A,1
2024-03-12 18:59:00+00:00,4980.0,4981.0,4979.25,4979.5,897.0,SYNTH-MES-A,1
2024-03-12 19:00:00+00:00,4979.5,4980.25,4979.25,4979.75,937.0,SYNTH-MES-A,1
2024-03-12 19:01:00+00:00,4979.75,4980.0,4979.75,4979.75,866.0,SYNTH-MES-A,1
2024-03-12 19:02:00+00:00,4979.75,4980.5,4978.25,4978.25,875.0,SYNTH-MES-A,1
2024-03-12 19:03:00+00:00,4978.25,4979.0,4978.0,4978.25,943.0,SYNTH-MES-A,1
2024-03-12 19:04:00+00:00,4978.25,4978.75,4977.5,4977.5,937.0,SYNTH-MES-A,1
2024-03-12 19:05:00+00:00,4977.5,4978.25,4975.75,4977.75,938.0,SYNTH-MES-A,1
2024-03-12 19:06:00+00:00,4977.75,4979.75,4977.0,4979.0,885.0,SYNTH-MES-A,1
2024-03-12 19:07:00+00:00,4979.0,4979.75,4977.0,4977.0,898.0,SYNTH-MES-A,1
2024-03-12 19:08:00+00:00,4977.0,4977.25,4974.75,4975.0,915.0,SYNTH-MES-A,1
2024-03-12 19:09:00+00:00,4975.0,4976.25,4970.75,4971.25,886.0,SYNTH-MES-A,1
2024-03-12 19:10:00+00:00,4971.25,4971.25,4969.0,4969.5,882.0,SYNTH-MES-A,1
2024-03-12 19:11:00+00:00,4969.5,4970.0,4967.25,4968.0,881.0,SYNTH-MES-A,1
2024-03-12 19:12:00+00:00,4968.0,4970.25,4967.75,4970.0,863.0,SYNTH-MES-A,1
2024-03-12 19:13:00+00:00,4970.0,4970.75,4967.5,4968.25,951.0,SYNTH-MES-A,1
2024-03-12 19:14:00+00:00,4968.25,4970.75,4968.0,4969.75,889.0,SYNTH-MES-A,1
2024-03-12 19:15:00+00:00,4969.75,4969.75,4967.75,4968.25,878.0,SYNTH-MES-A,1
2024-03-12 19:16:00+00:00,4968.25,4970.5,4967.75,4970.0,935.0,SYNTH-MES-A,1
2024-03-12 19:17:00+00:00,4970.0,4971.25,4969.75,4970.75,918.0,SYNTH-MES-A,1
2024-03-12 19:18:00+00:00,4970.75,4973.25,4970.5,4972.75,915.0,SYNTH-MES-A,1
2024-03-12 19:19:00+00:00,4972.75,4973.0,4971.25,4971.5,914.0,SYNTH-MES-A,1
2024-03-12 19:20:00+00:00,4971.5,4973.5,4971.25,4971.75,900.0,SYNTH-MES-A,1
2024-03-12 19:21:00+00:00,4971.75,4975.75,4971.75,4975.25,893.0,SYNTH-MES-A,1
2024-03-12 19:22:00+00:00,4975.25,4978.0,4974.5,4974.75,872.0,SYNTH-MES-A,1
2024-03-12 19:23:00+00:00,4974.75,4976.75,4974.25,4976.0,933.0,SYNTH-MES-A,1
2024-03-12 19:24:00+00:00,4976.0,4976.25,4970.25,4972.0,873.0,SYNTH-MES-A,1
2024-03-12 19:25:00+00:00,4972.0,4975.0,4971.75,4974.75,918.0,SYNTH-MES-A,1
2024-03-12 19:26:00+00:00,4974.75,4975.25,4972.0,4974.0,905.0,SYNTH-MES-A,1
2024-03-12 19:27:00+00:00,4974.0,4974.25,4972.5,4973.0,929.0,SYNTH-MES-A,1
2024-03-12 19:28:00+00:00,4973.0,4973.75,4971.5,4972.0,904.0,SYNTH-MES-A,1
2024-03-12 19:29:00+00:00,4972.0,4972.0,4971.25,4971.5,903.0,SYNTH-MES-A,1
2024-03-12 19:30:00+00:00,4971.5,4972.25,4970.5,4970.75,862.0,SYNTH-MES-A,1
2024-03-12 19:31:00+00:00,4970.75,4971.0,4968.75,4969.5,858.0,SYNTH-MES-A,1
2024-03-12 19:32:00+00:00,4969.5,4970.75,4968.0,4968.5,926.0,SYNTH-MES-A,1
2024-03-12 19:33:00+00:00,4968.5,4969.0,4967.0,4968.0,906.0,SYNTH-MES-A,1
2024-03-12 19:34:00+00:00,4968.0,4968.75,4966.5,4966.5,913.0,SYNTH-MES-A,1
2024-03-12 19:35:00+00:00,4966.5,4969.25,4966.0,4969.0,864.0,SYNTH-MES-A,1
2024-03-12 19:36:00+00:00,4969.0,4969.25,4966.0,4966.0,904.0,SYNTH-MES-A,1
2024-03-12 19:37:00+00:00,4966.0,4966.5,4964.5,4965.0,890.0,SYNTH-MES-A,1
2024-03-12 19:38:00+00:00,4965.0,4965.75,4964.5,4964.75,904.0,SYNTH-MES-A,1
2024-03-12 19:39:00+00:00,4964.75,4967.25,4963.0,4963.25,948.0,SYNTH-MES-A,1
2024-03-12 19:40:00+00:00,4963.25,4963.5,4962.5,4963.25,890.0,SYNTH-MES-A,1
2024-03-12 19:41:00+00:00,4963.25,4964.5,4962.5,4963.75,898.0,SYNTH-MES-A,1
2024-03-12 19:42:00+00:00,4963.75,4964.25,4963.75,4963.75,897.0,SYNTH-MES-A,1
2024-03-12 19:43:00+00:00,4963.75,4964.0,4962.0,4962.25,897.0,SYNTH-MES-A,1
2024-03-12 19:44:00+00:00,4962.25,4962.25,4960.25,4960.5,926.0,SYNTH-MES-A,1
2024-03-12 19:45:00+00:00,4960.5,4961.25,4959.5,4960.75,894.0,SYNTH-MES-A,1
2024-03-12 19:46:00+00:00,4960.75,4961.75,4959.5,4961.0,847.0,SYNTH-MES-A,1
2024-03-12 19:47:00+00:00,4961.0,4962.0,4960.75,4961.0,873.0,SYNTH-MES-A,1
2024-03-12 19:48:00+00:00,4961.0,4963.25,4959.75,4963.0,851.0,SYNTH-MES-A,1
2024-03-12 19:49:00+00:00,4963.0,4963.0,4957.5,4959.5,885.0,SYNTH-MES-A,1
2024-03-12 19:50:00+00:00,4959.5,4959.75,4957.0,4957.0,907.0,SYNTH-MES-A,1
2024-03-12 19:51:00+00:00,4957.0,4958.5,4956.0,4958.25,968.0,SYNTH-MES-A,1
2024-03-12 19:52:00+00:00,4958.25,4959.25,4957.5,4958.75,944.0,SYNTH-MES-A,1
2024-03-12 19:53:00+00:00,4958.75,4960.5,4958.5,4960.0,874.0,SYNTH-MES-A,1
2024-03-12 19:54:00+00:00,4960.0,4960.25,4958.0,4958.5,906.0,SYNTH-MES-A,1
2024-03-12 19:55:00+00:00,4958.5,4960.0,4957.0,4959.5,947.0,SYNTH-MES-A,1
2024-03-12 19:56:00+00:00,4959.5,4960.75,4959.25,4960.5,857.0,SYNTH-MES-A,1
2024-03-12 19:57:00+00:00,4960.5,4960.5,4960.0,4960.25,856.0,SYNTH-MES-A,1
2024-03-12 19:58:00+00:00,4960.25,4961.25,4958.0,4958.5,914.0,SYNTH-MES-A,1
2024-03-12 19:59:00+00:00,4958.5,4960.5,4958.25,4959.75,932.0,SYNTH-MES-A,1
2024-03-12 20:00:00+00:00,4959.75,4959.75,4958.75,4959.0,197.0,SYNTH-MES-A,1
2024-03-12 20:01:00+00:00,4959.0,4960.0,4958.75,4959.25,190.0,SYNTH-MES-A,1
2024-03-12 20:02:00+00:00,4959.25,4959.5,4958.5,4958.5,199.0,SYNTH-MES-A,1
2024-03-12 20:03:00+00:00,4958.5,4958.75,4958.5,4958.75,212.0,SYNTH-MES-A,1
2024-03-12 20:04:00+00:00,4958.75,4959.25,4957.25,4957.25,205.0,SYNTH-MES-A,1
2024-03-12 20:05:00+00:00,4957.25,4957.25,4956.25,4956.75,204.0,SYNTH-MES-A,1
2024-03-12 20:06:00+00:00,4956.75,4958.25,4956.75,4957.5,221.0,SYNTH-MES-A,1
2024-03-12 20:07:00+00:00,4957.5,4959.25,4957.5,4959.0,214.0,SYNTH-MES-A,1
2024-03-12 20:08:00+00:00,4959.0,4960.75,4957.75,4958.75,206.0,SYNTH-MES-A,1
2024-03-12 20:09:00+00:00,4958.75,4959.25,4957.5,4958.25,205.0,SYNTH-MES-A,1
2024-03-12 20:10:00+00:00,4958.25,4958.5,4957.0,4957.25,218.0,SYNTH-MES-A,1
2024-03-12 20:11:00+00:00,4957.25,4957.75,4956.5,4956.75,207.0,SYNTH-MES-A,1
2024-03-12 20:12:00+00:00,4956.75,4957.5,4956.5,4957.5,216.0,SYNTH-MES-A,1
2024-03-12 20:13:00+00:00,4957.5,4957.5,4955.25,4955.25,194.0,SYNTH-MES-A,1
2024-03-12 20:14:00+00:00,4955.25,4955.5,4953.75,4954.25,210.0,SYNTH-MES-A,1
2024-03-12 20:15:00+00:00,4954.25,4954.75,4953.75,4954.75,200.0,SYNTH-MES-A,1
2024-03-12 20:16:00+00:00,4954.75,4954.75,4951.75,4952.0,210.0,SYNTH-MES-A,1
2024-03-12 20:17:00+00:00,4952.0,4953.75,4951.25,4951.25,188.0,SYNTH-MES-A,1
2024-03-12 20:18:00+00:00,4951.25,4951.5,4951.0,4951.0,207.0,SYNTH-MES-A,1
2024-03-12 20:19:00+00:00,4951.0,4951.25,4950.5,4950.75,230.0,SYNTH-MES-A,1
2024-03-12 20:20:00+00:00,4950.75,4951.75,4950.25,4951.5,209.0,SYNTH-MES-A,1
2024-03-12 20:21:00+00:00,4951.5,4952.25,4951.25,4952.25,198.0,SYNTH-MES-A,1
2024-03-12 20:22:00+00:00,4952.25,4952.75,4951.25,4952.0,212.0,SYNTH-MES-A,1
2024-03-12 20:23:00+00:00,4952.0,4953.0,4951.75,4952.75,196.0,SYNTH-MES-A,1
2024-03-12 20:24:00+00:00,4952.75,4952.75,4951.5,4951.75,218.0,SYNTH-MES-A,1
2024-03-12 20:25:00+00:00,4951.75,4952.5,4951.0,4952.5,204.0,SYNTH-MES-A,1
2024-03-12 20:26:00+00:00,4952.5,4952.5,4951.0,4951.25,221.0,SYNTH-MES-A,1
2024-03-12 20:27:00+00:00,4951.25,4952.25,4950.25,4952.25,223.0,SYNTH-MES-A,1
2024-03-12 20:28:00+00:00,4952.25,4952.75,4952.0,4952.25,215.0,SYNTH-MES-A,1
2024-03-12 20:29:00+00:00,4952.25,4952.75,4951.75,4952.5,192.0,SYNTH-MES-A,1
2024-03-12 20:30:00+00:00,4952.5,4952.75,4952.25,4952.5,210.0,SYNTH-MES-A,1
2024-03-12 20:31:00+00:00,4952.5,4952.75,4952.25,4952.5,192.0,SYNTH-MES-A,1
2024-03-12 20:32:00+00:00,4952.5,4954.0,4952.5,4953.25,185.0,SYNTH-MES-A,1
2024-03-12 20:33:00+00:00,4953.25,4953.75,4953.25,4953.5,225.0,SYNTH-MES-A,1
2024-03-12 20:34:00+00:00,4953.5,4953.5,4952.5,4952.75,213.0,SYNTH-MES-A,1
2024-03-12 20:35:00+00:00,4952.75,4953.0,4952.5,4953.0,187.0,SYNTH-MES-A,1
2024-03-12 20:36:00+00:00,4953.0,4953.75,4952.75,4953.5,178.0,SYNTH-MES-A,1
2024-03-12 20:37:00+00:00,4953.5,4954.0,4953.5,4954.0,201.0,SYNTH-MES-A,1
2024-03-12 20:38:00+00:00,4954.0,4955.25,4954.0,4955.0,200.0,SYNTH-MES-A,1
2024-03-12 20:39:00+00:00,4955.0,4955.5,4954.75,4955.25,200.0,SYNTH-MES-A,1
2024-03-12 20:40:00+00:00,4955.25,4955.25,4955.0,4955.0,194.0,SYNTH-MES-A,1
2024-03-12 20:41:00+00:00,4955.0,4955.0,4955.0,4955.0,216.0,SYNTH-MES-A,1
2024-03-12 20:42:00+00:00,4955.0,4955.25,4954.0,4954.25,198.0,SYNTH-MES-A,1
2024-03-12 20:43:00+00:00,4954.25,4955.25,4954.25,4955.0,223.0,SYNTH-MES-A,1
2024-03-12 20:44:00+00:00,4955.0,4956.0,4954.75,4955.75,215.0,SYNTH-MES-A,1
2024-03-12 20:45:00+00:00,4955.75,4956.5,4955.75,4956.25,217.0,SYNTH-MES-A,1
2024-03-12 20:46:00+00:00,4956.25,4957.0,4955.5,4956.25,194.0,SYNTH-MES-A,1
2024-03-12 20:47:00+00:00,4956.25,4956.75,4955.75,4956.75,208.0,SYNTH-MES-A,1
2024-03-12 20:48:00+00:00,4956.75,4957.5,4955.0,4955.25,200.0,SYNTH-MES-A,1
2024-03-12 20:49:00+00:00,4955.25,4956.25,4955.0,4956.25,193.0,SYNTH-MES-A,1
2024-03-12 20:50:00+00:00,4956.25,4956.5,4956.0,4956.5,183.0,SYNTH-MES-A,1
2024-03-12 20:51:00+00:00,4956.5,4956.5,4956.5,4956.5,190.0,SYNTH-MES-A,1
2024-03-12 20:52:00+00:00,4956.5,4957.5,4956.25,4957.0,212.0,SYNTH-MES-A,1
2024-03-12 20:53:00+00:00,4957.0,4958.0,4956.75,4958.0,203.0,SYNTH-MES-A,1
2024-03-12 20:54:00+00:00,4958.0,4958.75,4958.0,4958.75,204.0,SYNTH-MES-A,1
2024-03-12 20:55:00+00:00,4958.75,4958.75,4958.0,4958.25,223.0,SYNTH-MES-A,1
2024-03-12 20:56:00+00:00,4958.25,4959.0,4958.25,4958.75,175.0,SYNTH-MES-A,1
2024-03-12 20:57:00+00:00,4958.75,4959.75,4958.0,4959.5,190.0,SYNTH-MES-A,1
2024-03-12 20:58:00+00:00,4959.5,4960.25,4959.25,4960.25,208.0,SYNTH-MES-A,1
2024-03-12 20:59:00+00:00,4960.25,4960.75,4960.25,4960.75,212.0,SYNTH-MES-A,1
2024-03-12 22:00:00+00:00,4960.75,4960.75,4960.25,4960.5,183.0,SYNTH-MES-A,1
2024-03-12 22:01:00+00:00,4960.5,4960.75,4959.5,4959.75,224.0,SYNTH-MES-A,1
2024-03-12 22:02:00+00:00,4959.75,4960.0,4959.5,4960.0,226.0,SYNTH-MES-A,1
2024-03-12 22:03:00+00:00,4960.0,4960.75,4960.0,4960.0,201.0,SYNTH-MES-A,1
2024-03-12 22:04:00+00:00,4960.0,4961.0,4959.5,4960.0,201.0,SYNTH-MES-A,1
2024-03-12 22:05:00+00:00,4960.0,4961.0,4960.0,4960.75,190.0,SYNTH-MES-A,1
2024-03-12 22:06:00+00:00,4960.75,4961.0,4960.5,4960.75,207.0,SYNTH-MES-A,1
2024-03-12 22:07:00+00:00,4960.75,4960.75,4960.75,4960.75,187.0,SYNTH-MES-A,1
2024-03-12 22:08:00+00:00,4960.75,4960.75,4959.25,4959.75,184.0,SYNTH-MES-A,1
2024-03-12 22:09:00+00:00,4959.75,4960.0,4959.0,4959.0,184.0,SYNTH-MES-A,1
2024-03-12 22:10:00+00:00,4959.0,4959.75,4959.0,4959.75,200.0,SYNTH-MES-A,1
2024-03-12 22:11:00+00:00,4959.75,4960.25,4959.5,4960.25,205.0,SYNTH-MES-A,1
2024-03-12 22:12:00+00:00,4960.25,4960.25,4959.75,4959.75,184.0,SYNTH-MES-A,1
2024-03-12 22:13:00+00:00,4959.75,4960.0,4959.25,4960.0,188.0,SYNTH-MES-A,1
2024-03-12 22:14:00+00:00,4960.0,4960.0,4959.75,4959.75,195.0,SYNTH-MES-A,1
2024-03-12 22:15:00+00:00,4959.75,4960.0,4959.75,4959.75,215.0,SYNTH-MES-A,1
2024-03-12 22:16:00+00:00,4959.75,4961.75,4959.5,4960.5,188.0,SYNTH-MES-A,1
2024-03-12 22:17:00+00:00,4960.5,4961.25,4960.5,4960.75,212.0,SYNTH-MES-A,1
2024-03-12 22:18:00+00:00,4960.75,4961.0,4960.5,4960.75,166.0,SYNTH-MES-A,1
2024-03-12 22:19:00+00:00,4960.75,4961.0,4960.5,4961.0,178.0,SYNTH-MES-A,1
2024-03-12 22:20:00+00:00,4961.0,4961.5,4961.0,4961.0,208.0,SYNTH-MES-A,1
2024-03-12 22:21:00+00:00,4961.0,4961.5,4960.0,4960.5,191.0,SYNTH-MES-A,1
2024-03-12 22:22:00+00:00,4960.5,4961.0,4960.25,4960.75,192.0,SYNTH-MES-A,1
2024-03-12 22:23:00+00:00,4960.75,4961.25,4960.25,4961.0,220.0,SYNTH-MES-A,1
2024-03-12 22:24:00+00:00,4961.0,4961.75,4961.0,4961.5,205.0,SYNTH-MES-A,1
2024-03-12 22:25:00+00:00,4961.5,4962.25,4961.0,4961.75,201.0,SYNTH-MES-A,1
2024-03-12 22:26:00+00:00,4961.75,4961.75,4960.0,4961.25,203.0,SYNTH-MES-A,1
2024-03-12 22:27:00+00:00,4961.25,4962.5,4961.0,4962.25,195.0,SYNTH-MES-A,1
2024-03-12 22:28:00+00:00,4962.25,4962.75,4961.0,4961.25,193.0,SYNTH-MES-A,1
2024-03-12 22:29:00+00:00,4961.25,4961.25,4960.25,4961.0,193.0,SYNTH-MES-A,1
2024-03-12 22:30:00+00:00,4961.0,4962.5,4961.0,4961.5,202.0,SYNTH-MES-A,1
2024-03-12 22:31:00+00:00,4961.5,4961.5,4960.75,4960.75,213.0,SYNTH-MES-A,1
2024-03-12 22:32:00+00:00,4960.75,4960.75,4959.25,4960.0,208.0,SYNTH-MES-A,1
2024-03-12 22:33:00+00:00,4960.0,4960.25,4959.75,4959.75,209.0,SYNTH-MES-A,1
2024-03-12 22:34:00+00:00,4959.75,4960.75,4959.25,4960.75,214.0,SYNTH-MES-A,1
2024-03-12 22:35:00+00:00,4960.75,4962.75,4960.0,4962.25,188.0,SYNTH-MES-A,1
2024-03-12 22:36:00+00:00,4962.25,4963.5,4961.75,4962.5,226.0,SYNTH-MES-A,1
2024-03-12 22:37:00+00:00,4962.5,4962.75,4962.5,4962.5,192.0,SYNTH-MES-A,1
2024-03-12 22:38:00+00:00,4962.5,4962.75,4961.0,4961.0,186.0,SYNTH-MES-A,1
2024-03-12 22:39:00+00:00,4961.0,4961.25,4960.0,4960.0,201.0,SYNTH-MES-A,1
2024-03-12 22:40:00+00:00,4960.0,4960.25,4959.25,4959.75,184.0,SYNTH-MES-A,1
2024-03-12 22:41:00+00:00,4959.75,4961.0,4959.75,4960.25,192.0,SYNTH-MES-A,1
2024-03-12 22:42:00+00:00,4960.25,4961.0,4960.0,4961.0,218.0,SYNTH-MES-A,1
2024-03-12 22:43:00+00:00,4961.0,4961.5,4960.75,4961.5,209.0,SYNTH-MES-A,1
2024-03-12 22:44:00+00:00,4961.5,4962.5,4961.5,4961.75,204.0,SYNTH-MES-A,1
2024-03-12 22:45:00+00:00,4961.75,4962.25,4961.5,4962.0,175.0,SYNTH-MES-A,1
2024-03-12 22:46:00+00:00,4962.0,4962.75,4961.5,4962.5,178.0,SYNTH-MES-A,1
2024-03-12 22:47:00+00:00,4962.5,4963.0,4962.5,4962.75,181.0,SYNTH-MES-A,1
2024-03-12 22:48:00+00:00,4962.75,4963.75,4962.5,4963.75,223.0,SYNTH-MES-A,1
2024-03-12 22:49:00+00:00,4963.75,4964.0,4963.5,4964.0,197.0,SYNTH-MES-A,1
2024-03-12 22:50:00+00:00,4964.0,4964.25,4963.75,4963.75,197.0,SYNTH-MES-A,1
2024-03-12 22:51:00+00:00,4963.75,4966.0,4963.5,4966.0,189.0,SYNTH-MES-A,1
2024-03-12 22:52:00+00:00,4966.0,4966.5,4966.0,4966.5,185.0,SYNTH-MES-A,1
2024-03-12 22:53:00+00:00,4966.5,4966.5,4966.5,4966.5,180.0,SYNTH-MES-A,1
2024-03-12 22:54:00+00:00,4966.5,4967.0,4966.0,4966.25,195.0,SYNTH-MES-A,1
2024-03-12 22:55:00+00:00,4966.25,4966.5,4966.25,4966.25,187.0,SYNTH-MES-A,1
2024-03-12 22:56:00+00:00,4966.25,4966.25,4965.5,4965.5,208.0,SYNTH-MES-A,1
2024-03-12 22:57:00+00:00,4965.5,4965.75,4964.25,4964.5,213.0,SYNTH-MES-A,1
2024-03-12 22:58:00+00:00,4964.5,4965.25,4964.5,4965.0,217.0,SYNTH-MES-A,1
2024-03-12 22:59:00+00:00,4965.0,4965.5,4965.0,4965.5,200.0,SYNTH-MES-A,1
2024-03-12 23:00:00+00:00,4965.5,4965.75,4965.0,4965.25,204.0,SYNTH-MES-A,1
2024-03-12 23:01:00+00:00,4965.25,4965.75,4964.75,4965.0,208.0,SYNTH-MES-A,1
2024-03-12 23:02:00+00:00,4965.0,4965.25,4965.0,4965.0,191.0,SYNTH-MES-A,1
2024-03-12 23:03:00+00:00,4965.0,4965.75,4964.75,4965.75,195.0,SYNTH-MES-A,1
2024-03-12 23:04:00+00:00,4965.75,4966.0,4965.25,4965.5,208.0,SYNTH-MES-A,1
2024-03-12 23:05:00+00:00,4965.5,4967.0,4965.5,4966.5,216.0,SYNTH-MES-A,1
2024-03-12 23:06:00+00:00,4966.5,4968.25,4965.5,4967.75,196.0,SYNTH-MES-A,1
2024-03-12 23:07:00+00:00,4967.75,4968.75,4966.5,4968.5,205.0,SYNTH-MES-A,1
2024-03-12 23:08:00+00:00,4968.5,4969.0,4968.0,4968.0,209.0,SYNTH-MES-A,1
2024-03-12 23:09:00+00:00,4968.0,4968.0,4967.25,4967.75,179.0,SYNTH-MES-A,1
2024-03-12 23:10:00+00:00,4967.75,4969.5,4967.75,4968.25,209.0,SYNTH-MES-A,1
2024-03-12 23:11:00+00:00,4968.25,4968.5,4967.75,4967.75,192.0,SYNTH-MES-A,1
2024-03-12 23:12:00+00:00,4967.75,4969.0,4967.75,4969.0,215.0,SYNTH-MES-A,1
2024-03-12 23:13:00+00:00,4969.0,4969.0,4969.0,4969.0,194.0,SYNTH-MES-A,1
2024-03-12 23:14:00+00:00,4969.0,4969.5,4968.25,4969.25,192.0,SYNTH-MES-A,1
2024-03-12 23:15:00+00:00,4969.25,4970.5,4968.75,4970.25,213.0,SYNTH-MES-A,1
2024-03-12 23:16:00+00:00,4970.25,4970.5,4970.0,4970.0,203.0,SYNTH-MES-A,1
2024-03-12 23:17:00+00:00,4970.0,4970.0,4969.5,4970.0,178.0,SYNTH-MES-A,1
2024-03-12 23:18:00+00:00,4970.0,4970.0,4969.75,4970.0,215.0,SYNTH-MES-A,1
2024-03-12 23:19:00+00:00,4970.0,4970.5,4969.25,4970.5,191.0,SYNTH-MES-A,1
2024-03-12 23:20:00+00:00,4970.5,4971.25,4970.25,4971.25,191.0,SYNTH-MES-A,1
2024-03-12 23:21:00+00:00,4971.25,4971.25,4970.5,4970.75,198.0,SYNTH-MES-A,1
2024-03-12 23:22:00+00:00,4970.75,4971.25,4970.0,4970.25,208.0,SYNTH-MES-A,1
2024-03-12 23:23:00+00:00,4970.25,4970.5,4970.25,4970.25,191.0,SYNTH-MES-A,1
2024-03-12 23:24:00+00:00,4970.25,4971.25,4970.0,4971.0,197.0,SYNTH-MES-A,1
2024-03-12 23:25:00+00:00,4971.0,4971.0,4970.25,4970.5,227.0,SYNTH-MES-A,1
2024-03-12 23:26:00+00:00,4970.5,4970.75,4970.5,4970.5,179.0,SYNTH-MES-A,1
2024-03-12 23:27:00+00:00,4970.5,4971.75,4970.5,4971.75,214.0,SYNTH-MES-A,1
2024-03-12 23:28:00+00:00,4971.75,4973.25,4971.0,4971.25,210.0,SYNTH-MES-A,1
2024-03-12 23:29:00+00:00,4971.25,4971.75,4971.25,4971.5,207.0,SYNTH-MES-A,1
2024-03-12 23:30:00+00:00,4971.5,4971.5,4970.5,4970.5,183.0,SYNTH-MES-A,1
2024-03-12 23:31:00+00:00,4970.5,4971.0,4970.25,4971.0,211.0,SYNTH-MES-A,1
2024-03-12 23:32:00+00:00,4971.0,4971.0,4970.5,4970.5,214.0,SYNTH-MES-A,1
2024-03-12 23:33:00+00:00,4970.5,4970.5,4970.0,4970.0,177.0,SYNTH-MES-A,1
2024-03-12 23:34:00+00:00,4970.0,4970.0,4969.5,4969.75,191.0,SYNTH-MES-A,1
2024-03-12 23:35:00+00:00,4969.75,4970.75,4969.5,4970.5,248.0,SYNTH-MES-A,1
2024-03-12 23:36:00+00:00,4970.5,4970.75,4970.0,4970.0,169.0,SYNTH-MES-A,1
2024-03-12 23:37:00+00:00,4970.0,4971.25,4969.5,4971.25,225.0,SYNTH-MES-A,1
2024-03-12 23:38:00+00:00,4971.25,4971.5,4970.25,4970.5,188.0,SYNTH-MES-A,1
2024-03-12 23:39:00+00:00,4970.5,4971.0,4970.5,4970.75,206.0,SYNTH-MES-A,1
2024-03-12 23:40:00+00:00,4970.75,4971.0,4970.25,4970.25,215.0,SYNTH-MES-A,1
2024-03-12 23:41:00+00:00,4970.25,4971.5,4970.0,4971.0,203.0,SYNTH-MES-A,1
2024-03-12 23:42:00+00:00,4971.0,4972.25,4970.75,4972.25,190.0,SYNTH-MES-A,1
2024-03-12 23:43:00+00:00,4972.25,4972.5,4971.5,4972.25,191.0,SYNTH-MES-A,1
2024-03-12 23:44:00+00:00,4972.25,4972.25,4971.75,4971.75,227.0,SYNTH-MES-A,1
2024-03-12 23:45:00+00:00,4971.75,4972.25,4971.25,4972.25,184.0,SYNTH-MES-A,1
2024-03-12 23:46:00+00:00,4972.25,4972.5,4972.0,4972.25,212.0,SYNTH-MES-A,1
2024-03-12 23:47:00+00:00,4972.25,4972.25,4970.75,4971.0,220.0,SYNTH-MES-A,1
2024-03-12 23:48:00+00:00,4971.0,4971.25,4971.0,4971.0,198.0,SYNTH-MES-A,1
2024-03-12 23:49:00+00:00,4971.0,4972.75,4970.75,4971.75,219.0,SYNTH-MES-A,1
2024-03-12 23:50:00+00:00,4971.75,4972.25,4971.25,4972.0,180.0,SYNTH-MES-A,1
2024-03-12 23:51:00+00:00,4972.0,4972.25,4971.5,4971.75,184.0,SYNTH-MES-A,1
2024-03-12 23:52:00+00:00,4971.75,4972.0,4971.25,4971.75,205.0,SYNTH-MES-A,1
2024-03-12 23:53:00+00:00,4971.75,4974.75,4971.75,4974.0,189.0,SYNTH-MES-A,1
2024-03-12 23:54:00+00:00,4974.0,4974.0,4973.5,4973.75,187.0,SYNTH-MES-A,1
2024-03-12 23:55:00+00:00,4973.75,4974.5,4973.75,4974.5,182.0,SYNTH-MES-A,1
2024-03-12 23:56:00+00:00,4974.5,4974.75,4974.25,4974.5,213.0,SYNTH-MES-A,1
2024-03-12 23:57:00+00:00,4974.5,4974.75,4973.75,4974.0,202.0,SYNTH-MES-A,1
2024-03-12 23:58:00+00:00,4974.0,4974.0,4973.5,4974.0,202.0,SYNTH-MES-A,1
2024-03-12 23:59:00+00:00,4974.0,4974.25,4973.25,4973.5,186.0,SYNTH-MES-A,1
2024-03-13 00:00:00+00:00,4973.5,4973.5,4973.0,4973.0,227.0,SYNTH-MES-A,1
2024-03-13 00:01:00+00:00,4973.0,4974.75,4971.75,4974.75,190.0,SYNTH-MES-A,1
2024-03-13 00:02:00+00:00,4974.75,4975.0,4974.75,4974.75,209.0,SYNTH-MES-A,1
2024-03-13 00:03:00+00:00,4974.75,4975.0,4973.75,4974.5,203.0,SYNTH-MES-A,1
2024-03-13 00:04:00+00:00,4974.5,4974.5,4973.75,4973.75,218.0,SYNTH-MES-A,1
2024-03-13 00:05:00+00:00,4973.75,4975.5,4973.75,4975.0,207.0,SYNTH-MES-A,1
2024-03-13 00:06:00+00:00,4975.0,4975.25,4974.25,4974.5,184.0,SYNTH-MES-A,1
2024-03-13 00:07:00+00:00,4974.5,4974.5,4972.5,4973.0,187.0,SYNTH-MES-A,1
2024-03-13 00:08:00+00:00,4973.0,4973.0,4973.0,4973.0,192.0,SYNTH-MES-A,1
2024-03-13 00:09:00+00:00,4973.0,4973.25,4972.25,4972.5,197.0,SYNTH-MES-A,1
2024-03-13 00:10:00+00:00,4972.5,4973.5,4972.5,4972.75,159.0,SYNTH-MES-A,1
2024-03-13 00:11:00+00:00,4972.75,4972.75,4972.5,4972.75,175.0,SYNTH-MES-A,1
2024-03-13 00:12:00+00:00,4972.75,4973.0,4972.25,4972.5,187.0,SYNTH-MES-A,1
2024-03-13 00:13:00+00:00,4972.5,4973.0,4971.75,4972.5,222.0,SYNTH-MES-A,1
2024-03-13 00:14:00+00:00,4972.5,4972.75,4972.5,4972.75,197.0,SYNTH-MES-A,1
2024-03-13 00:15:00+00:00,4972.75,4973.25,4972.75,4973.0,227.0,SYNTH-MES-A,1
2024-03-13 00:16:00+00:00,4973.0,4973.0,4972.25,4972.75,219.0,SYNTH-MES-A,1
2024-03-13 00:17:00+00:00,4972.75,4972.75,4971.5,4972.0,196.0,SYNTH-MES-A,1
2024-03-13 00:18:00+00:00,4972.0,4972.5,4971.25,4972.5,214.0,SYNTH-MES-A,1
2024-03-13 00:19:00+00:00,4972.5,4972.5,4971.5,4971.5,201.0,SYNTH-MES-A,1
2024-03-13 00:20:00+00:00,4971.5,4971.75,4970.75,4971.0,211.0,SYNTH-MES-A,1
2024-03-13 00:21:00+00:00,4971.0,4972.25,4970.75,4972.0,220.0,SYNTH-MES-A,1
2024-03-13 00:22:00+00:00,4972.0,4972.0,4971.5,4971.5,208.0,SYNTH-MES-A,1
2024-03-13 00:23:00+00:00,4971.5,4973.0,4971.5,4972.0,224.0,SYNTH-MES-A,1
2024-03-13 00:24:00+00:00,4972.0,4972.25,4971.75,4971.75,225.0,SYNTH-MES-A,1
2024-03-13 00:25:00+00:00,4971.75,4972.0,4970.5,4971.0,205.0,SYNTH-MES-A,1
2024-03-13 00:26:00+00:00,4971.0,4971.25,4970.5,4971.25,214.0,SYNTH-MES-A,1
2024-03-13 00:27:00+00:00,4971.25,4971.5,4970.0,4970.5,203.0,SYNTH-MES-A,1
2024-03-13 00:28:00+00:00,4970.5,4970.75,4970.0,4970.0,186.0,SYNTH-MES-A,1
2024-03-13 00:29:00+00:00,4970.0,4970.25,4969.5,4969.75,210.0,SYNTH-MES-A,1
2024-03-13 00:30:00+00:00,4969.75,4970.5,4969.5,4970.25,210.0,SYNTH-MES-A,1
2024-03-13 00:31:00+00:00,4970.25,4972.0,4969.5,4971.5,206.0,SYNTH-MES-A,1
2024-03-13 00:32:00+00:00,4971.5,4972.0,4970.25,4970.75,203.0,SYNTH-MES-A,1
2024-03-13 00:33:00+00:00,4970.75,4971.25,4970.25,4970.5,193.0,SYNTH-MES-A,1
2024-03-13 00:34:00+00:00,4970.5,4971.25,4970.25,4970.75,220.0,SYNTH-MES-A,1
2024-03-13 00:35:00+00:00,4970.75,4971.75,4970.75,4971.5,200.0,SYNTH-MES-A,1
2024-03-13 00:36:00+00:00,4971.5,4973.0,4971.5,4972.0,202.0,SYNTH-MES-A,1
2024-03-13 00:37:00+00:00,4972.0,4972.25,4971.75,4972.25,181.0,SYNTH-MES-A,1
2024-03-13 00:38:00+00:00,4972.25,4973.0,4969.75,4969.75,192.0,SYNTH-MES-A,1
2024-03-13 00:39:00+00:00,4969.75,4970.0,4968.75,4969.0,205.0,SYNTH-MES-A,1
2024-03-13 00:40:00+00:00,4969.0,4969.75,4968.5,4968.5,199.0,SYNTH-MES-A,1
2024-03-13 00:41:00+00:00,4968.5,4969.75,4968.5,4969.75,194.0,SYNTH-MES-A,1
2024-03-13 00:42:00+00:00,4969.75,4969.75,4969.75,4969.75,209.0,SYNTH-MES-A,1
2024-03-13 00:43:00+00:00,4969.75,4971.25,4969.5,4971.25,198.0,SYNTH-MES-A,1
2024-03-13 00:44:00+00:00,4971.25,4971.75,4971.0,4971.75,201.0,SYNTH-MES-A,1
2024-03-13 00:45:00+00:00,4971.75,4972.25,4971.5,4972.25,213.0,SYNTH-MES-A,1
2024-03-13 00:46:00+00:00,4972.25,4972.75,4972.25,4972.75,198.0,SYNTH-MES-A,1
2024-03-13 00:47:00+00:00,4972.75,4972.75,4971.5,4971.75,198.0,SYNTH-MES-A,1
2024-03-13 00:48:00+00:00,4971.75,4971.75,4971.0,4971.25,207.0,SYNTH-MES-A,1
2024-03-13 00:49:00+00:00,4971.25,4972.0,4969.0,4969.75,185.0,SYNTH-MES-A,1
2024-03-13 00:50:00+00:00,4969.75,4970.0,4969.0,4969.75,206.0,SYNTH-MES-A,1
2024-03-13 00:51:00+00:00,4969.75,4970.5,4969.5,4970.5,203.0,SYNTH-MES-A,1
2024-03-13 00:52:00+00:00,4970.5,4970.75,4969.5,4969.5,182.0,SYNTH-MES-A,1
2024-03-13 00:53:00+00:00,4969.5,4969.75,4969.0,4969.0,187.0,SYNTH-MES-A,1
2024-03-13 00:54:00+00:00,4969.0,4969.0,4968.75,4968.75,207.0,SYNTH-MES-A,1
2024-03-13 00:55:00+00:00,4968.75,4969.0,4968.75,4969.0,215.0,SYNTH-MES-A,1
2024-03-13 00:56:00+00:00,4969.0,4970.5,4968.75,4970.25,178.0,SYNTH-MES-A,1
2024-03-13 00:57:00+00:00,4970.25,4970.75,4970.25,4970.75,206.0,SYNTH-MES-A,1
2024-03-13 00:58:00+00:00,4970.75,4971.75,4970.75,4971.25,224.0,SYNTH-MES-A,1
2024-03-13 00:59:00+00:00,4971.25,4971.25,4971.25,4971.25,196.0,SYNTH-MES-A,1
2024-03-13 01:00:00+00:00,4971.25,4973.0,4971.25,4972.0,177.0,SYNTH-MES-A,1
2024-03-13 01:01:00+00:00,4972.0,4972.0,4971.5,4972.0,211.0,SYNTH-MES-A,1
2024-03-13 01:02:00+00:00,4972.0,4972.25,4971.0,4971.0,179.0,SYNTH-MES-A,1
2024-03-13 01:03:00+00:00,4971.0,4971.25,4971.0,4971.0,231.0,SYNTH-MES-A,1
2024-03-13 01:04:00+00:00,4971.0,4971.25,4970.25,4970.5,209.0,SYNTH-MES-A,1
2024-03-13 01:05:00+00:00,4970.5,4970.75,4970.25,4970.75,171.0,SYNTH-MES-A,1
2024-03-13 01:06:00+00:00,4970.75,4971.75,4970.5,4971.75,196.0,SYNTH-MES-A,1
2024-03-13 01:07:00+00:00,4971.75,4972.0,4970.25,4971.0,219.0,SYNTH-MES-A,1
2024-03-13 01:08:00+00:00,4971.0,4971.0,4971.0,4971.0,196.0,SYNTH-MES-A,1
2024-03-13 01:09:00+00:00,4971.0,4971.25,4970.75,4970.75,178.0,SYNTH-MES-A,1
2024-03-13 01:10:00+00:00,4970.75,4971.0,4970.25,4970.5,183.0,SYNTH-MES-A,1
2024-03-13 01:11:00+00:00,4970.5,4970.5,4969.25,4969.5,205.0,SYNTH-MES-A,1
2024-03-13 01:12:00+00:00,4969.5,4970.25,4968.75,4969.75,197.0,SYNTH-MES-A,1
2024-03-13 01:13:00+00:00,4969.75,4969.75,4969.75,4969.75,200.0,SYNTH-MES-A,1
2024-03-13 01:14:00+00:00,4969.75,4970.0,4969.75,4969.75,205.0,SYNTH-MES-A,1
2024-03-13 01:15:00+00:00,4969.75,4970.0,4969.75,4970.0,205.0,SYNTH-MES-A,1
2024-03-13 01:16:00+00:00,4970.0,4970.75,4969.75,4970.5,190.0,SYNTH-MES-A,1
2024-03-13 01:17:00+00:00,4970.5,4972.5,4970.25,4972.25,213.0,SYNTH-MES-A,1
2024-03-13 01:18:00+00:00,4972.25,4973.5,4971.5,4973.25,224.0,SYNTH-MES-A,1
2024-03-13 01:19:00+00:00,4973.25,4973.75,4972.5,4973.75,197.0,SYNTH-MES-A,1
2024-03-13 01:20:00+00:00,4973.75,4975.25,4972.75,4973.0,209.0,SYNTH-MES-A,1
2024-03-13 01:21:00+00:00,4973.0,4973.0,4972.25,4972.5,195.0,SYNTH-MES-A,1
2024-03-13 01:22:00+00:00,4972.5,4972.5,4971.75,4971.75,188.0,SYNTH-MES-A,1
2024-03-13 01:23:00+00:00,4971.75,4973.0,4971.75,4972.5,166.0,SYNTH-MES-A,1
2024-03-13 01:24:00+00:00,4972.5,4973.0,4972.0,4973.0,186.0,SYNTH-MES-A,1
2024-03-13 01:25:00+00:00,4973.0,4973.75,4972.5,4973.5,181.0,SYNTH-MES-A,1
2024-03-13 01:26:00+00:00,4973.5,4974.25,4973.25,4974.25,206.0,SYNTH-MES-A,1
2024-03-13 01:27:00+00:00,4974.25,4975.75,4973.75,4975.25,195.0,SYNTH-MES-A,1
2024-03-13 01:28:00+00:00,4975.25,4975.25,4974.5,4974.75,188.0,SYNTH-MES-A,1
2024-03-13 01:29:00+00:00,4974.75,4976.5,4974.75,4976.0,181.0,SYNTH-MES-A,1
2024-03-13 01:30:00+00:00,4976.0,4976.25,4973.75,4974.5,177.0,SYNTH-MES-A,1
2024-03-13 01:31:00+00:00,4974.5,4974.75,4972.5,4973.0,164.0,SYNTH-MES-A,1
2024-03-13 01:32:00+00:00,4973.0,4973.5,4972.25,4972.25,196.0,SYNTH-MES-A,1
2024-03-13 01:33:00+00:00,4972.25,4975.75,4972.0,4973.75,186.0,SYNTH-MES-A,1
2024-03-13 01:34:00+00:00,4973.75,4974.5,4973.25,4974.5,184.0,SYNTH-MES-A,1
2024-03-13 01:35:00+00:00,4974.5,4975.5,4974.5,4974.75,195.0,SYNTH-MES-A,1
2024-03-13 01:36:00+00:00,4974.75,4975.0,4974.75,4975.0,192.0,SYNTH-MES-A,1
2024-03-13 01:37:00+00:00,4975.0,4975.25,4974.75,4975.0,218.0,SYNTH-MES-A,1
2024-03-13 01:38:00+00:00,4975.0,4976.0,4974.75,4975.75,213.0,SYNTH-MES-A,1
2024-03-13 01:39:00+00:00,4975.75,4976.0,4975.5,4976.0,172.0,SYNTH-MES-A,1
2024-03-13 01:40:00+00:00,4976.0,4976.5,4976.0,4976.25,182.0,SYNTH-MES-A,1
2024-03-13 01:41:00+00:00,4976.25,4976.25,4976.0,4976.0,187.0,SYNTH-MES-A,1
2024-03-13 01:42:00+00:00,4976.0,4976.5,4975.75,4976.25,198.0,SYNTH-MES-A,1
2024-03-13 01:43:00+00:00,4976.25,4976.5,4976.0,4976.5,200.0,SYNTH-MES-A,1
2024-03-13 01:44:00+00:00,4976.5,4976.5,4974.75,4976.25,216.0,SYNTH-MES-A,1
2024-03-13 01:45:00+00:00,4976.25,4976.5,4975.25,4975.75,161.0,SYNTH-MES-A,1
2024-03-13 01:46:00+00:00,4975.75,4976.0,4975.75,4975.75,176.0,SYNTH-MES-A,1
2024-03-13 01:47:00+00:00,4975.75,4976.25,4975.75,4976.25,179.0,SYNTH-MES-A,1
2024-03-13 01:48:00+00:00,4976.25,4976.25,4975.0,4975.5,205.0,SYNTH-MES-A,1
2024-03-13 01:49:00+00:00,4975.5,4975.75,4975.5,4975.5,203.0,SYNTH-MES-A,1
2024-03-13 01:50:00+00:00,4975.5,4975.75,4975.0,4975.0,192.0,SYNTH-MES-A,1
2024-03-13 01:51:00+00:00,4975.0,4975.0,4972.75,4973.5,181.0,SYNTH-MES-A,1
2024-03-13 01:52:00+00:00,4973.5,4975.25,4973.5,4975.0,211.0,SYNTH-MES-A,1
2024-03-13 01:53:00+00:00,4975.0,4975.0,4973.5,4973.5,200.0,SYNTH-MES-A,1
2024-03-13 01:54:00+00:00,4973.5,4973.75,4973.25,4973.5,202.0,SYNTH-MES-A,1
2024-03-13 01:55:00+00:00,4973.5,4974.25,4973.25,4974.0,211.0,SYNTH-MES-A,1
2024-03-13 01:56:00+00:00,4974.0,4975.0,4973.5,4974.75,189.0,SYNTH-MES-A,1
2024-03-13 01:57:00+00:00,4974.75,4975.0,4974.0,4974.0,208.0,SYNTH-MES-A,1
2024-03-13 01:58:00+00:00,4974.0,4975.25,4974.0,4975.0,211.0,SYNTH-MES-A,1
2024-03-13 01:59:00+00:00,4975.0,4976.0,4975.0,4975.5,199.0,SYNTH-MES-A,1
2024-03-13 02:00:00+00:00,4975.5,4975.75,4975.25,4975.25,201.0,SYNTH-MES-A,1
2024-03-13 02:01:00+00:00,4975.25,4975.25,4974.25,4974.5,210.0,SYNTH-MES-A,1
2024-03-13 02:02:00+00:00,4974.5,4974.75,4973.75,4974.25,204.0,SYNTH-MES-A,1
2024-03-13 02:03:00+00:00,4974.25,4974.75,4974.25,4974.75,187.0,SYNTH-MES-A,1
2024-03-13 02:04:00+00:00,4974.75,4975.5,4974.75,4975.5,189.0,SYNTH-MES-A,1
2024-03-13 02:05:00+00:00,4975.5,4976.0,4975.0,4975.25,179.0,SYNTH-MES-A,1
2024-03-13 02:06:00+00:00,4975.25,4976.0,4975.0,4975.75,201.0,SYNTH-MES-A,1
2024-03-13 02:07:00+00:00,4975.75,4977.0,4975.75,4976.25,195.0,SYNTH-MES-A,1
2024-03-13 02:08:00+00:00,4976.25,4976.75,4976.0,4976.25,188.0,SYNTH-MES-A,1
2024-03-13 02:09:00+00:00,4976.25,4976.25,4974.5,4975.75,212.0,SYNTH-MES-A,1
2024-03-13 02:10:00+00:00,4975.75,4975.75,4975.75,4975.75,193.0,SYNTH-MES-A,1
2024-03-13 02:11:00+00:00,4975.75,4976.25,4973.25,4973.75,197.0,SYNTH-MES-A,1
2024-03-13 02:12:00+00:00,4973.75,4974.5,4973.5,4974.0,185.0,SYNTH-MES-A,1
2024-03-13 02:13:00+00:00,4974.0,4974.25,4972.5,4974.25,168.0,SYNTH-MES-A,1
2024-03-13 02:14:00+00:00,4974.25,4975.0,4974.25,4974.75,204.0,SYNTH-MES-A,1
2024-03-13 02:15:00+00:00,4974.75,4975.0,4974.75,4974.75,208.0,SYNTH-MES-A,1
2024-03-13 02:16:00+00:00,4974.75,4974.75,4973.25,4973.5,195.0,SYNTH-MES-A,1
2024-03-13 02:17:00+00:00,4973.5,4973.75,4973.25,4973.25,222.0,SYNTH-MES-A,1
2024-03-13 02:18:00+00:00,4973.25,4973.5,4973.0,4973.5,199.0,SYNTH-MES-A,1
2024-03-13 02:19:00+00:00,4973.5,4973.5,4972.25,4972.5,191.0,SYNTH-MES-A,1
2024-03-13 02:20:00+00:00,4972.5,4973.25,4972.5,4973.25,207.0,SYNTH-MES-A,1
2024-03-13 02:21:00+00:00,4973.25,4974.0,4973.0,4973.5,193.0,SYNTH-MES-A,1
2024-03-13 02:22:00+00:00,4973.5,4973.5,4973.25,4973.5,198.0,SYNTH-MES-A,1
2024-03-13 02:23:00+00:00,4973.5,4973.5,4973.5,4973.5,190.0,SYNTH-MES-A,1
2024-03-13 02:24:00+00:00,4973.5,4973.5,4973.5,4973.5,200.0,SYNTH-MES-A,1
2024-03-13 02:25:00+00:00,4973.5,4974.0,4973.5,4974.0,189.0,SYNTH-MES-A,1
2024-03-13 02:26:00+00:00,4974.0,4974.25,4973.5,4973.75,194.0,SYNTH-MES-A,1
2024-03-13 02:27:00+00:00,4973.75,4974.0,4973.75,4974.0,192.0,SYNTH-MES-A,1
2024-03-13 02:28:00+00:00,4974.0,4974.75,4973.75,4974.5,193.0,SYNTH-MES-A,1
2024-03-13 02:29:00+00:00,4974.5,4975.5,4972.25,4972.5,197.0,SYNTH-MES-A,1
2024-03-13 02:30:00+00:00,4972.5,4973.25,4972.5,4973.0,223.0,SYNTH-MES-A,1
2024-03-13 02:31:00+00:00,4973.0,4973.0,4972.5,4972.75,188.0,SYNTH-MES-A,1
2024-03-13 02:32:00+00:00,4972.75,4973.25,4972.25,4972.5,201.0,SYNTH-MES-A,1
2024-03-13 02:33:00+00:00,4972.5,4972.5,4971.75,4971.75,187.0,SYNTH-MES-A,1
2024-03-13 02:34:00+00:00,4971.75,4972.25,4970.5,4971.5,206.0,SYNTH-MES-A,1
2024-03-13 02:35:00+00:00,4971.5,4972.0,4971.0,4971.25,193.0,SYNTH-MES-A,1
2024-03-13 02:36:00+00:00,4971.25,4971.25,4970.75,4971.0,186.0,SYNTH-MES-A,1
2024-03-13 02:37:00+00:00,4971.0,4971.25,4970.5,4971.0,209.0,SYNTH-MES-A,1
2024-03-13 02:38:00+00:00,4971.0,4972.0,4970.5,4971.25,177.0,SYNTH-MES-A,1
2024-03-13 02:39:00+00:00,4971.25,4971.25,4970.0,4970.0,199.0,SYNTH-MES-A,1
2024-03-13 02:40:00+00:00,4970.0,4970.5,4968.5,4969.0,198.0,SYNTH-MES-A,1
2024-03-13 02:41:00+00:00,4969.0,4969.25,4968.5,4968.75,219.0,SYNTH-MES-A,1
2024-03-13 02:42:00+00:00,4968.75,4969.5,4968.25,4969.25,212.0,SYNTH-MES-A,1
2024-03-13 02:43:00+00:00,4969.25,4969.5,4968.5,4969.25,222.0,SYNTH-MES-A,1
2024-03-13 02:44:00+00:00,4969.25,4969.5,4968.5,4968.5,214.0,SYNTH-MES-A,1
2024-03-13 02:45:00+00:00,4968.5,4969.0,4968.25,4968.5,201.0,SYNTH-MES-A,1
2024-03-13 02:46:00+00:00,4968.5,4968.75,4967.0,4967.5,202.0,SYNTH-MES-A,1
2024-03-13 02:47:00+00:00,4967.5,4968.25,4967.25,4968.0,211.0,SYNTH-MES-A,1
2024-03-13 02:48:00+00:00,4968.0,4968.75,4967.25,4968.75,204.0,SYNTH-MES-A,1
2024-03-13 02:49:00+00:00,4968.75,4969.5,4967.25,4967.5,206.0,SYNTH-MES-A,1
2024-03-13 02:50:00+00:00,4967.5,4967.75,4966.5,4967.0,195.0,SYNTH-MES-A,1
2024-03-13 02:51:00+00:00,4967.0,4967.75,4967.0,4967.5,208.0,SYNTH-MES-A,1
2024-03-13 02:52:00+00:00,4967.5,4967.75,4966.0,4966.5,193.0,SYNTH-MES-A,1
2024-03-13 02:53:00+00:00,4966.5,4967.0,4965.5,4966.25,242.0,SYNTH-MES-A,1
2024-03-13 02:54:00+00:00,4966.25,4966.75,4966.25,4966.25,207.0,SYNTH-MES-A,1
2024-03-13 02:55:00+00:00,4966.25,4966.75,4965.5,4965.5,182.0,SYNTH-MES-A,1
2024-03-13 02:56:00+00:00,4965.5,4966.5,4965.5,4965.75,208.0,SYNTH-MES-A,1
2024-03-13 02:57:00+00:00,4965.75,4966.25,4965.5,4965.5,189.0,SYNTH-MES-A,1
2024-03-13 02:58:00+00:00,4965.5,4967.75,4965.5,4967.5,186.0,SYNTH-MES-A,1
2024-03-13 02:59:00+00:00,4967.5,4968.25,4967.0,4967.75,217.0,SYNTH-MES-A,1
2024-03-13 03:00:00+00:00,4967.75,4968.5,4967.75,4968.5,209.0,SYNTH-MES-A,1
2024-03-13 03:01:00+00:00,4968.5,4968.75,4967.25,4967.5,172.0,SYNTH-MES-A,1
2024-03-13 03:02:00+00:00,4967.5,4969.5,4966.5,4969.5,213.0,SYNTH-MES-A,1
2024-03-13 03:03:00+00:00,4969.5,4970.5,4969.25,4970.0,191.0,SYNTH-MES-A,1
2024-03-13 03:04:00+00:00,4970.0,4970.75,4969.25,4970.5,216.0,SYNTH-MES-A,1
2024-03-13 03:05:00+00:00,4970.5,4971.25,4970.25,4971.25,203.0,SYNTH-MES-A,1
2024-03-13 03:06:00+00:00,4971.25,4971.75,4971.0,4971.0,173.0,SYNTH-MES-A,1
2024-03-13 03:07:00+00:00,4971.0,4971.25,4970.5,4971.0,199.0,SYNTH-MES-A,1
2024-03-13 03:08:00+00:00,4971.0,4971.5,4970.5,4970.75,208.0,SYNTH-MES-A,1
2024-03-13 03:09:00+00:00,4970.75,4971.75,4970.75,4971.5,185.0,SYNTH-MES-A,1
2024-03-13 03:10:00+00:00,4971.5,4971.75,4970.5,4970.75,206.0,SYNTH-MES-A,1
2024-03-13 03:11:00+00:00,4970.75,4971.0,4970.5,4970.5,205.0,SYNTH-MES-A,1
2024-03-13 03:12:00+00:00,4970.5,4972.0,4970.25,4971.75,179.0,SYNTH-MES-A,1
2024-03-13 03:13:00+00:00,4971.75,4972.5,4971.5,4971.75,194.0,SYNTH-MES-A,1
2024-03-13 03:14:00+00:00,4971.75,4971.75,4971.25,4971.25,186.0,SYNTH-MES-A,1
2024-03-13 03:15:00+00:00,4971.25,4972.5,4971.0,4972.5,208.0,SYNTH-MES-A,1
2024-03-13 03:16:00+00:00,4972.5,4973.0,4972.5,4972.75,199.0,SYNTH-MES-A,1
2024-03-13 03:17:00+00:00,4972.75,4973.0,4971.5,4971.5,200.0,SYNTH-MES-A,1
2024-03-13 03:18:00+00:00,4971.5,4971.75,4970.25,4970.75,206.0,SYNTH-MES-A,1
2024-03-13 03:19:00+00:00,4970.75,4972.0,4970.25,4971.75,204.0,SYNTH-MES-A,1
2024-03-13 03:20:00+00:00,4971.75,4972.5,4971.0,4972.0,203.0,SYNTH-MES-A,1
2024-03-13 03:21:00+00:00,4972.0,4972.0,4971.5,4971.75,202.0,SYNTH-MES-A,1
2024-03-13 03:22:00+00:00,4971.75,4971.75,4971.5,4971.75,221.0,SYNTH-MES-A,1
2024-03-13 03:23:00+00:00,4971.75,4972.25,4971.5,4972.25,191.0,SYNTH-MES-A,1
2024-03-13 03:24:00+00:00,4972.25,4972.75,4971.5,4972.25,212.0,SYNTH-MES-A,1
2024-03-13 03:25:00+00:00,4972.25,4972.25,4971.25,4971.5,210.0,SYNTH-MES-A,1
2024-03-13 03:26:00+00:00,4971.5,4972.0,4971.5,4971.75,206.0,SYNTH-MES-A,1
2024-03-13 03:27:00+00:00,4971.75,4972.5,4971.25,4971.25,192.0,SYNTH-MES-A,1
2024-03-13 03:28:00+00:00,4971.25,4972.5,4971.0,4972.5,190.0,SYNTH-MES-A,1
2024-03-13 03:29:00+00:00,4972.5,4973.75,4972.5,4973.5,176.0,SYNTH-MES-A,1
2024-03-13 03:30:00+00:00,4973.5,4974.25,4973.25,4974.25,197.0,SYNTH-MES-A,1
2024-03-13 03:31:00+00:00,4974.25,4974.75,4974.25,4974.75,196.0,SYNTH-MES-A,1
2024-03-13 03:32:00+00:00,4974.75,4974.75,4974.0,4974.25,219.0,SYNTH-MES-A,1
2024-03-13 03:33:00+00:00,4974.25,4974.25,4973.5,4973.5,206.0,SYNTH-MES-A,1
2024-03-13 03:34:00+00:00,4973.5,4974.5,4973.5,4974.5,213.0,SYNTH-MES-A,1
2024-03-13 03:35:00+00:00,4974.5,4974.5,4974.0,4974.25,182.0,SYNTH-MES-A,1
2024-03-13 03:36:00+00:00,4974.25,4974.75,4974.25,4974.75,237.0,SYNTH-MES-A,1
2024-03-13 03:37:00+00:00,4974.75,4975.0,4973.25,4973.5,214.0,SYNTH-MES-A,1
2024-03-13 03:38:00+00:00,4973.5,4973.5,4973.0,4973.25,226.0,SYNTH-MES-A,1
2024-03-13 03:39:00+00:00,4973.25,4973.5,4972.5,4972.5,179.0,SYNTH-MES-A,1
2024-03-13 03:40:00+00:00,4972.5,4972.75,4972.25,4972.25,201.0,SYNTH-MES-A,1
2024-03-13 03:41:00+00:00,4972.25,4973.5,4972.25,4973.0,209.0,SYNTH-MES-A,1
2024-03-13 03:42:00+00:00,4973.0,4974.0,4972.75,4974.0,189.0,SYNTH-MES-A,1
2024-03-13 03:43:00+00:00,4974.0,4974.0,4973.0,4973.25,187.0,SYNTH-MES-A,1
2024-03-13 03:44:00+00:00,4973.25,4973.75,4973.0,4973.75,211.0,SYNTH-MES-A,1
2024-03-13 03:45:00+00:00,4973.75,4975.0,4973.25,4974.75,184.0,SYNTH-MES-A,1
2024-03-13 03:46:00+00:00,4974.75,4976.25,4974.5,4975.25,189.0,SYNTH-MES-A,1
2024-03-13 03:47:00+00:00,4975.25,4975.5,4975.0,4975.25,187.0,SYNTH-MES-A,1
2024-03-13 03:48:00+00:00,4975.25,4975.5,4974.0,4974.5,196.0,SYNTH-MES-A,1
2024-03-13 03:49:00+00:00,4974.5,4975.25,4974.25,4975.25,201.0,SYNTH-MES-A,1
2024-03-13 03:50:00+00:00,4975.25,4976.25,4975.0,4976.25,244.0,SYNTH-MES-A,1
2024-03-13 03:51:00+00:00,4976.25,4976.5,4976.0,4976.0,197.0,SYNTH-MES-A,1
2024-03-13 03:52:00+00:00,4976.0,4976.5,4975.75,4976.5,199.0,SYNTH-MES-A,1
2024-03-13 03:53:00+00:00,4976.5,4976.75,4976.0,4976.25,187.0,SYNTH-MES-A,1
2024-03-13 03:54:00+00:00,4976.25,4976.5,4975.25,4975.75,190.0,SYNTH-MES-A,1
2024-03-13 03:55:00+00:00,4975.75,4976.0,4975.5,4975.75,215.0,SYNTH-MES-A,1
2024-03-13 03:56:00+00:00,4975.75,4976.25,4975.5,4976.25,190.0,SYNTH-MES-A,1
2024-03-13 03:57:00+00:00,4976.25,4976.25,4975.0,4975.25,202.0,SYNTH-MES-A,1
2024-03-13 03:58:00+00:00,4975.25,4976.5,4975.25,4976.25,195.0,SYNTH-MES-A,1
2024-03-13 03:59:00+00:00,4976.25,4976.5,4975.5,4975.75,186.0,SYNTH-MES-A,1
2024-03-13 04:00:00+00:00,4975.75,4976.25,4974.25,4975.25,206.0,SYNTH-MES-A,1
2024-03-13 04:01:00+00:00,4975.25,4975.25,4974.5,4974.5,208.0,SYNTH-MES-A,1
2024-03-13 04:02:00+00:00,4974.5,4974.5,4973.75,4974.0,214.0,SYNTH-MES-A,1
2024-03-13 04:03:00+00:00,4974.0,4975.0,4973.5,4974.75,180.0,SYNTH-MES-A,1
2024-03-13 04:04:00+00:00,4974.75,4975.75,4974.75,4975.5,207.0,SYNTH-MES-A,1
2024-03-13 04:05:00+00:00,4975.5,4975.5,4975.25,4975.25,200.0,SYNTH-MES-A,1
2024-03-13 04:06:00+00:00,4975.25,4975.25,4974.5,4974.5,212.0,SYNTH-MES-A,1
2024-03-13 04:07:00+00:00,4974.5,4975.0,4973.5,4974.0,220.0,SYNTH-MES-A,1
2024-03-13 04:08:00+00:00,4974.0,4974.25,4973.5,4973.75,181.0,SYNTH-MES-A,1
2024-03-13 04:09:00+00:00,4973.75,4974.5,4973.0,4974.25,204.0,SYNTH-MES-A,1
2024-03-13 04:10:00+00:00,4974.25,4974.25,4973.75,4974.0,196.0,SYNTH-MES-A,1
2024-03-13 04:11:00+00:00,4974.0,4975.25,4973.75,4975.25,214.0,SYNTH-MES-A,1
2024-03-13 04:12:00+00:00,4975.25,4975.75,4975.0,4975.75,179.0,SYNTH-MES-A,1
2024-03-13 04:13:00+00:00,4975.75,4978.5,4975.5,4977.75,188.0,SYNTH-MES-A,1
2024-03-13 04:14:00+00:00,4977.75,4978.5,4977.75,4978.0,194.0,SYNTH-MES-A,1
2024-03-13 04:15:00+00:00,4978.0,4978.5,4978.0,4978.25,207.0,SYNTH-MES-A,1
2024-03-13 04:16:00+00:00,4978.25,4978.25,4977.75,4977.75,179.0,SYNTH-MES-A,1
2024-03-13 04:17:00+00:00,4977.75,4980.0,4977.5,4979.0,207.0,SYNTH-MES-A,1
2024-03-13 04:18:00+00:00,4979.0,4979.0,4978.5,4978.5,189.0,SYNTH-MES-A,1
2024-03-13 04:19:00+00:00,4978.5,4979.25,4978.5,4979.25,201.0,SYNTH-MES-A,1
2024-03-13 04:20:00+00:00,4979.25,4979.25,4977.75,4978.25,205.0,SYNTH-MES-A,1
2024-03-13 04:21:00+00:00,4978.25,4978.75,4977.75,4978.5,184.0,SYNTH-MES-A,1
2024-03-13 04:22:00+00:00,4978.5,4981.0,4978.25,4980.25,183.0,SYNTH-MES-A,1
2024-03-13 04:23:00+00:00,4980.25,4981.25,4980.0,4980.75,190.0,SYNTH-MES-A,1
2024-03-13 04:24:00+00:00,4980.75,4980.75,4978.25,4979.0,189.0,SYNTH-MES-A,1
2024-03-13 04:25:00+00:00,4979.0,4980.5,4978.5,4980.5,190.0,SYNTH-MES-A,1
2024-03-13 04:26:00+00:00,4980.5,4981.0,4980.25,4981.0,218.0,SYNTH-MES-A,1
2024-03-13 04:27:00+00:00,4981.0,4982.0,4980.75,4981.75,183.0,SYNTH-MES-A,1
2024-03-13 04:28:00+00:00,4981.75,4982.25,4980.75,4980.75,206.0,SYNTH-MES-A,1
2024-03-13 04:29:00+00:00,4980.75,4981.5,4980.0,4980.0,185.0,SYNTH-MES-A,1
2024-03-13 04:30:00+00:00,4980.0,4980.75,4979.5,4980.75,195.0,SYNTH-MES-A,1
2024-03-13 04:31:00+00:00,4980.75,4983.0,4980.75,4982.75,219.0,SYNTH-MES-A,1
2024-03-13 04:32:00+00:00,4982.75,4984.5,4982.75,4983.75,191.0,SYNTH-MES-A,1
2024-03-13 04:33:00+00:00,4983.75,4983.75,4982.25,4982.75,220.0,SYNTH-MES-A,1
2024-03-13 04:34:00+00:00,4982.75,4984.25,4982.75,4983.75,224.0,SYNTH-MES-A,1
2024-03-13 04:35:00+00:00,4983.75,4984.25,4983.75,4984.25,184.0,SYNTH-MES-A,1
2024-03-13 04:36:00+00:00,4984.25,4984.5,4984.0,4984.25,185.0,SYNTH-MES-A,1
2024-03-13 04:37:00+00:00,4984.25,4984.5,4984.0,4984.25,197.0,SYNTH-MES-A,1
2024-03-13 04:38:00+00:00,4984.25,4984.5,4984.25,4984.5,195.0,SYNTH-MES-A,1
2024-03-13 04:39:00+00:00,4984.5,4984.75,4983.0,4983.75,179.0,SYNTH-MES-A,1
2024-03-13 04:40:00+00:00,4983.75,4984.0,4982.75,4982.75,198.0,SYNTH-MES-A,1
2024-03-13 04:41:00+00:00,4982.75,4983.0,4981.5,4981.75,185.0,SYNTH-MES-A,1
2024-03-13 04:42:00+00:00,4981.75,4981.75,4981.75,4981.75,199.0,SYNTH-MES-A,1
2024-03-13 04:43:00+00:00,4981.75,4982.5,4981.75,4982.25,208.0,SYNTH-MES-A,1
2024-03-13 04:44:00+00:00,4982.25,4982.25,4980.75,4981.0,193.0,SYNTH-MES-A,1
2024-03-13 04:45:00+00:00,4981.0,4981.75,4980.5,4981.5,196.0,SYNTH-MES-A,1
2024-03-13 04:46:00+00:00,4981.5,4981.75,4981.25,4981.25,221.0,SYNTH-MES-A,1
2024-03-13 04:47:00+00:00,4981.25,4982.0,4981.0,4981.0,208.0,SYNTH-MES-A,1
2024-03-13 04:48:00+00:00,4981.0,4981.25,4980.25,4980.25,179.0,SYNTH-MES-A,1
2024-03-13 04:49:00+00:00,4980.25,4980.75,4980.25,4980.25,200.0,SYNTH-MES-A,1
2024-03-13 04:50:00+00:00,4980.25,4980.5,4979.0,4980.0,172.0,SYNTH-MES-A,1
2024-03-13 04:51:00+00:00,4980.0,4981.0,4979.75,4980.75,194.0,SYNTH-MES-A,1
2024-03-13 04:52:00+00:00,4980.75,4982.25,4980.75,4982.0,206.0,SYNTH-MES-A,1
2024-03-13 04:53:00+00:00,4982.0,4982.0,4981.25,4981.5,183.0,SYNTH-MES-A,1
2024-03-13 04:54:00+00:00,4981.5,4981.75,4980.75,4981.0,197.0,SYNTH-MES-A,1
2024-03-13 04:55:00+00:00,4981.0,4981.75,4980.5,4981.5,184.0,SYNTH-MES-A,1
2024-03-13 04:56:00+00:00,4981.5,4982.0,4981.0,4981.25,202.0,SYNTH-MES-A,1
2024-03-13 04:57:00+00:00,4981.25,4981.75,4981.0,4981.75,206.0,SYNTH-MES-A,1
2024-03-13 04:58:00+00:00,4981.75,4981.75,4980.75,4981.0,221.0,SYNTH-MES-A,1
2024-03-13 04:59:00+00:00,4981.0,4981.5,4980.75,4981.25,210.0,SYNTH-MES-A,1
2024-03-13 05:00:00+00:00,4981.25,4981.5,4981.0,4981.0,184.0,SYNTH-MES-A,1
2024-03-13 05:01:00+00:00,4981.0,4982.0,4981.0,4981.25,167.0,SYNTH-MES-A,1
2024-03-13 05:02:00+00:00,4981.25,4981.25,4980.75,4981.0,197.0,SYNTH-MES-A,1
2024-03-13 05:03:00+00:00,4981.0,4981.5,4979.5,4979.75,167.0,SYNTH-MES-A,1
2024-03-13 05:04:00+00:00,4979.75,4980.0,4979.5,4980.0,197.0,SYNTH-MES-A,1
2024-03-13 05:05:00+00:00,4980.0,4980.75,4979.25,4980.75,203.0,SYNTH-MES-A,1
2024-03-13 05:06:00+00:00,4980.75,4981.0,4980.5,4980.5,197.0,SYNTH-MES-A,1
2024-03-13 05:07:00+00:00,4980.5,4981.5,4980.25,4981.25,174.0,SYNTH-MES-A,1
2024-03-13 05:08:00+00:00,4981.25,4983.5,4981.0,4983.5,168.0,SYNTH-MES-A,1
2024-03-13 05:09:00+00:00,4983.5,4983.75,4983.0,4983.25,211.0,SYNTH-MES-A,1
2024-03-13 05:10:00+00:00,4983.25,4983.25,4983.0,4983.0,198.0,SYNTH-MES-A,1
2024-03-13 05:11:00+00:00,4983.0,4983.25,4982.75,4982.75,200.0,SYNTH-MES-A,1
2024-03-13 05:12:00+00:00,4982.75,4982.75,4980.75,4980.75,193.0,SYNTH-MES-A,1
2024-03-13 05:13:00+00:00,4980.75,4982.0,4980.5,4980.5,214.0,SYNTH-MES-A,1
2024-03-13 05:14:00+00:00,4980.5,4980.5,4979.5,4979.75,197.0,SYNTH-MES-A,1
2024-03-13 05:15:00+00:00,4979.75,4979.75,4978.5,4979.0,212.0,SYNTH-MES-A,1
2024-03-13 05:16:00+00:00,4979.0,4979.0,4978.25,4978.5,225.0,SYNTH-MES-A,1
2024-03-13 05:17:00+00:00,4978.5,4978.75,4978.0,4978.0,194.0,SYNTH-MES-A,1
2024-03-13 05:18:00+00:00,4978.0,4978.0,4977.5,4977.5,182.0,SYNTH-MES-A,1
2024-03-13 05:19:00+00:00,4977.5,4978.0,4976.5,4977.75,191.0,SYNTH-MES-A,1
2024-03-13 05:20:00+00:00,4977.75,4977.75,4977.25,4977.25,197.0,SYNTH-MES-A,1
2024-03-13 05:21:00+00:00,4977.25,4978.0,4977.25,4977.75,203.0,SYNTH-MES-A,1
2024-03-13 05:22:00+00:00,4977.75,4977.75,4977.5,4977.75,190.0,SYNTH-MES-A,1
2024-03-13 05:23:00+00:00,4977.75,4977.75,4977.5,4977.5,216.0,SYNTH-MES-A,1
2024-03-13 05:24:00+00:00,4977.5,4977.75,4976.75,4976.75,178.0,SYNTH-MES-A,1
2024-03-13 05:25:00+00:00,4976.75,4976.75,4976.75,4976.75,202.0,SYNTH-MES-A,1
2024-03-13 05:26:00+00:00,4976.75,4977.25,4976.75,4977.0,220.0,SYNTH-MES-A,1
2024-03-13 05:27:00+00:00,4977.0,4978.25,4977.0,4977.25,217.0,SYNTH-MES-A,1
2024-03-13 05:28:00+00:00,4977.25,4978.0,4977.0,4977.5,198.0,SYNTH-MES-A,1
2024-03-13 05:29:00+00:00,4977.5,4978.0,4976.75,4976.75,192.0,SYNTH-MES-A,1
2024-03-13 05:30:00+00:00,4976.75,4977.0,4976.75,4977.0,212.0,SYNTH-MES-A,1
2024-03-13 05:31:00+00:00,4977.0,4977.0,4975.75,4976.0,198.0,SYNTH-MES-A,1
2024-03-13 05:32:00+00:00,4976.0,4977.25,4975.5,4976.75,192.0,SYNTH-MES-A,1
2024-03-13 05:33:00+00:00,4976.75,4978.0,4976.5,4977.75,188.0,SYNTH-MES-A,1
2024-03-13 05:34:00+00:00,4977.75,4978.25,4977.0,4977.5,201.0,SYNTH-MES-A,1
2024-03-13 05:35:00+00:00,4977.5,4977.5,4976.25,4977.0,198.0,SYNTH-MES-A,1
2024-03-13 05:36:00+00:00,4977.0,4977.0,4975.5,4975.5,201.0,SYNTH-MES-A,1
2024-03-13 05:37:00+00:00,4975.5,4975.75,4974.25,4974.5,183.0,SYNTH-MES-A,1
2024-03-13 05:38:00+00:00,4974.5,4974.75,4974.0,4974.0,217.0,SYNTH-MES-A,1
2024-03-13 05:39:00+00:00,4974.0,4974.0,4972.75,4973.5,202.0,SYNTH-MES-A,1
2024-03-13 05:40:00+00:00,4973.5,4973.75,4973.25,4973.25,176.0,SYNTH-MES-A,1
2024-03-13 05:41:00+00:00,4973.25,4974.0,4973.25,4973.75,186.0,SYNTH-MES-A,1
2024-03-13 05:42:00+00:00,4973.75,4973.75,4973.5,4973.75,195.0,SYNTH-MES-A,1
2024-03-13 05:43:00+00:00,4973.75,4974.0,4973.25,4974.0,197.0,SYNTH-MES-A,1
2024-03-13 05:44:00+00:00,4974.0,4974.75,4973.75,4974.25,181.0,SYNTH-MES-A,1
2024-03-13 05:45:00+00:00,4974.25,4975.0,4974.0,4974.75,217.0,SYNTH-MES-A,1
2024-03-13 05:46:00+00:00,4974.75,4974.75,4973.0,4973.25,199.0,SYNTH-MES-A,1
2024-03-13 05:47:00+00:00,4973.25,4973.5,4972.75,4973.5,229.0,SYNTH-MES-A,1
2024-03-13 05:48:00+00:00,4973.5,4973.75,4973.5,4973.75,197.0,SYNTH-MES-A,1
2024-03-13 05:49:00+00:00,4973.75,4974.75,4973.75,4974.5,187.0,SYNTH-MES-A,1
2024-03-13 05:50:00+00:00,4974.5,4974.75,4973.25,4973.5,193.0,SYNTH-MES-A,1
2024-03-13 05:51:00+00:00,4973.5,4973.75,4972.5,4973.0,186.0,SYNTH-MES-A,1
2024-03-13 05:52:00+00:00,4973.0,4973.0,4972.25,4972.25,184.0,SYNTH-MES-A,1
2024-03-13 05:53:00+00:00,4972.25,4972.25,4972.25,4972.25,197.0,SYNTH-MES-A,1
2024-03-13 05:54:00+00:00,4972.25,4972.5,4972.0,4972.0,200.0,SYNTH-MES-A,1
2024-03-13 05:55:00+00:00,4972.0,4972.5,4972.0,4972.25,201.0,SYNTH-MES-A,1
2024-03-13 05:56:00+00:00,4972.25,4972.75,4972.0,4972.25,201.0,SYNTH-MES-A,1
2024-03-13 05:57:00+00:00,4972.25,4972.75,4971.0,4971.25,204.0,SYNTH-MES-A,1
2024-03-13 05:58:00+00:00,4971.25,4972.5,4971.0,4972.0,210.0,SYNTH-MES-A,1
2024-03-13 05:59:00+00:00,4972.0,4973.25,4971.75,4972.5,191.0,SYNTH-MES-A,1
2024-03-13 06:00:00+00:00,4972.5,4973.25,4972.25,4973.25,204.0,SYNTH-MES-A,1
2024-03-13 06:01:00+00:00,4973.25,4973.25,4972.0,4972.5,195.0,SYNTH-MES-A,1
2024-03-13 06:02:00+00:00,4972.5,4973.25,4972.25,4973.0,204.0,SYNTH-MES-A,1
2024-03-13 06:03:00+00:00,4973.0,4973.5,4972.5,4973.0,217.0,SYNTH-MES-A,1
2024-03-13 06:04:00+00:00,4973.0,4973.0,4971.75,4972.0,201.0,SYNTH-MES-A,1
2024-03-13 06:05:00+00:00,4972.0,4973.75,4972.0,4973.5,186.0,SYNTH-MES-A,1
2024-03-13 06:06:00+00:00,4973.5,4974.0,4973.25,4974.0,197.0,SYNTH-MES-A,1
2024-03-13 06:07:00+00:00,4974.0,4975.0,4974.0,4974.5,227.0,SYNTH-MES-A,1
2024-03-13 06:08:00+00:00,4974.5,4975.75,4974.25,4975.5,188.0,SYNTH-MES-A,1
2024-03-13 06:09:00+00:00,4975.5,4976.0,4974.0,4974.5,217.0,SYNTH-MES-A,1
2024-03-13 06:10:00+00:00,4974.5,4975.25,4973.5,4973.5,206.0,SYNTH-MES-A,1
2024-03-13 06:11:00+00:00,4973.5,4973.75,4972.5,4972.75,196.0,SYNTH-MES-A,1
2024-03-13 06:12:00+00:00,4972.75,4973.25,4972.75,4973.0,190.0,SYNTH-MES-A,1
2024-03-13 06:13:00+00:00,4973.0,4973.75,4972.5,4973.5,189.0,SYNTH-MES-A,1
2024-03-13 06:14:00+00:00,4973.5,4974.5,4973.5,4974.5,181.0,SYNTH-MES-A,1
2024-03-13 06:15:00+00:00,4974.5,4975.0,4974.25,4974.25,197.0,SYNTH-MES-A,1
2024-03-13 06:16:00+00:00,4974.25,4974.75,4973.75,4974.5,208.0,SYNTH-MES-A,1
2024-03-13 06:17:00+00:00,4974.5,4976.0,4974.25,4975.5,186.0,SYNTH-MES-A,1
2024-03-13 06:18:00+00:00,4975.5,4976.25,4975.0,4975.75,192.0,SYNTH-MES-A,1
2024-03-13 06:19:00+00:00,4975.75,4976.5,4975.75,4976.0,182.0,SYNTH-MES-A,1
2024-03-13 06:20:00+00:00,4976.0,4976.5,4976.0,4976.25,205.0,SYNTH-MES-A,1
2024-03-13 06:21:00+00:00,4976.25,4976.5,4976.0,4976.25,200.0,SYNTH-MES-A,1
2024-03-13 06:22:00+00:00,4976.25,4977.0,4976.25,4976.75,186.0,SYNTH-MES-A,1
2024-03-13 06:23:00+00:00,4976.75,4976.75,4976.25,4976.5,194.0,SYNTH-MES-A,1
2024-03-13 06:24:00+00:00,4976.5,4978.0,4976.25,4977.75,170.0,SYNTH-MES-A,1
2024-03-13 06:25:00+00:00,4977.75,4979.0,4977.25,4978.75,187.0,SYNTH-MES-A,1
2024-03-13 06:26:00+00:00,4978.75,4979.0,4978.0,4978.25,189.0,SYNTH-MES-A,1
2024-03-13 06:27:00+00:00,4978.25,4978.25,4977.75,4978.0,207.0,SYNTH-MES-A,1
2024-03-13 06:28:00+00:00,4978.0,4979.0,4977.75,4978.75,207.0,SYNTH-MES-A,1
2024-03-13 06:29:00+00:00,4978.75,4979.0,4978.5,4978.5,200.0,SYNTH-MES-A,1
2024-03-13 06:30:00+00:00,4978.5,4979.0,4978.25,4978.5,222.0,SYNTH-MES-A,1
2024-03-13 06:31:00+00:00,4978.5,4979.25,4978.0,4979.0,203.0,SYNTH-MES-A,1
2024-03-13 06:32:00+00:00,4979.0,4979.25,4977.5,4977.5,222.0,SYNTH-MES-A,1
2024-03-13 06:33:00+00:00,4977.5,4977.75,4977.0,4977.0,190.0,SYNTH-MES-A,1
2024-03-13 06:34:00+00:00,4977.0,4977.0,4976.25,4976.5,223.0,SYNTH-MES-A,1
2024-03-13 06:35:00+00:00,4976.5,4976.5,4975.0,4975.0,172.0,SYNTH-MES-A,1
2024-03-13 06:36:00+00:00,4975.0,4975.25,4974.25,4974.5,222.0,SYNTH-MES-A,1
2024-03-13 06:37:00+00:00,4974.5,4974.5,4973.0,4973.5,207.0,SYNTH-MES-A,1
2024-03-13 06:38:00+00:00,4973.5,4973.75,4972.75,4972.75,194.0,SYNTH-MES-A,1
2024-03-13 06:39:00+00:00,4972.75,4973.25,4971.75,4972.0,205.0,SYNTH-MES-A,1
2024-03-13 06:40:00+00:00,4972.0,4972.5,4971.75,4972.25,206.0,SYNTH-MES-A,1
2024-03-13 06:41:00+00:00,4972.25,4972.5,4972.25,4972.5,212.0,SYNTH-MES-A,1
2024-03-13 06:42:00+00:00,4972.5,4974.0,4972.25,4973.75,198.0,SYNTH-MES-A,1
2024-03-13 06:43:00+00:00,4973.75,4973.75,4971.75,4972.75,202.0,SYNTH-MES-A,1
2024-03-13 06:44:00+00:00,4972.75,4973.75,4972.25,4973.5,192.0,SYNTH-MES-A,1
2024-03-13 06:45:00+00:00,4973.5,4974.0,4973.25,4973.25,198.0,SYNTH-MES-A,1
2024-03-13 06:46:00+00:00,4973.25,4975.75,4973.0,4975.5,212.0,SYNTH-MES-A,1
2024-03-13 06:47:00+00:00,4975.5,4976.25,4975.0,4975.25,183.0,SYNTH-MES-A,1
2024-03-13 06:48:00+00:00,4975.25,4975.25,4973.5,4973.5,209.0,SYNTH-MES-A,1
2024-03-13 06:49:00+00:00,4973.5,4973.5,4973.25,4973.25,203.0,SYNTH-MES-A,1
2024-03-13 06:50:00+00:00,4973.25,4973.75,4973.0,4973.25,218.0,SYNTH-MES-A,1
2024-03-13 06:51:00+00:00,4973.25,4974.0,4973.25,4973.75,204.0,SYNTH-MES-A,1
2024-03-13 06:52:00+00:00,4973.75,4974.75,4973.5,4974.25,178.0,SYNTH-MES-A,1
2024-03-13 06:53:00+00:00,4974.25,4974.25,4973.75,4974.25,209.0,SYNTH-MES-A,1
2024-03-13 06:54:00+00:00,4974.25,4974.25,4973.0,4973.5,224.0,SYNTH-MES-A,1
2024-03-13 06:55:00+00:00,4973.5,4974.5,4973.5,4974.5,186.0,SYNTH-MES-A,1
2024-03-13 06:56:00+00:00,4974.5,4974.75,4974.25,4974.75,193.0,SYNTH-MES-A,1
2024-03-13 06:57:00+00:00,4974.75,4975.25,4974.5,4975.25,218.0,SYNTH-MES-A,1
2024-03-13 06:58:00+00:00,4975.25,4976.5,4975.0,4975.75,213.0,SYNTH-MES-A,1
2024-03-13 06:59:00+00:00,4975.75,4976.0,4975.25,4975.5,213.0,SYNTH-MES-A,1
2024-03-13 07:00:00+00:00,4975.5,4976.0,4975.25,4976.0,201.0,SYNTH-MES-A,1
2024-03-13 07:01:00+00:00,4976.0,4976.25,4975.75,4975.75,194.0,SYNTH-MES-A,1
2024-03-13 07:02:00+00:00,4975.75,4976.25,4975.75,4976.25,195.0,SYNTH-MES-A,1
2024-03-13 07:03:00+00:00,4976.25,4976.5,4975.75,4976.0,171.0,SYNTH-MES-A,1
2024-03-13 07:04:00+00:00,4976.0,4976.0,4975.0,4975.75,223.0,SYNTH-MES-A,1
2024-03-13 07:05:00+00:00,4975.75,4976.0,4974.25,4974.25,180.0,SYNTH-MES-A,1
2024-03-13 07:06:00+00:00,4974.25,4974.75,4973.0,4973.25,208.0,SYNTH-MES-A,1
2024-03-13 07:07:00+00:00,4973.25,4973.5,4973.0,4973.5,202.0,SYNTH-MES-A,1
2024-03-13 07:08:00+00:00,4973.5,4975.0,4973.5,4975.0,221.0,SYNTH-MES-A,1
2024-03-13 07:09:00+00:00,4975.0,4975.25,4975.0,4975.25,191.0,SYNTH-MES-A,1
2024-03-13 07:10:00+00:00,4975.25,4978.0,4975.0,4976.5,194.0,SYNTH-MES-A,1
2024-03-13 07:11:00+00:00,4976.5,4977.25,4976.25,4977.0,208.0,SYNTH-MES-A,1
2024-03-13 07:12:00+00:00,4977.0,4977.0,4976.0,4976.25,186.0,SYNTH-MES-A,1
2024-03-13 07:13:00+00:00,4976.25,4976.75,4976.0,4976.25,205.0,SYNTH-MES-A,1
2024-03-13 07:14:00+00:00,4976.25,4977.5,4976.0,4977.5,208.0,SYNTH-MES-A,1
2024-03-13 07:15:00+00:00,4977.5,4977.5,4977.0,4977.25,197.0,SYNTH-MES-A,1
2024-03-13 07:16:00+00:00,4977.25,4977.25,4976.25,4976.75,177.0,SYNTH-MES-A,1
2024-03-13 07:17:00+00:00,4976.75,4977.0,4975.75,4975.75,202.0,SYNTH-MES-A,1
2024-03-13 07:18:00+00:00,4975.75,4977.0,4975.75,4976.75,201.0,SYNTH-MES-A,1
2024-03-13 07:19:00+00:00,4976.75,4977.0,4976.0,4977.0,208.0,SYNTH-MES-A,1
2024-03-13 07:20:00+00:00,4977.0,4977.25,4976.5,4976.75,211.0,SYNTH-MES-A,1
2024-03-13 07:21:00+00:00,4976.75,4977.0,4976.5,4976.75,194.0,SYNTH-MES-A,1
2024-03-13 07:22:00+00:00,4976.75,4976.75,4976.25,4976.25,209.0,SYNTH-MES-A,1
2024-03-13 07:23:00+00:00,4976.25,4977.0,4976.25,4977.0,199.0,SYNTH-MES-A,1
2024-03-13 07:24:00+00:00,4977.0,4978.0,4977.0,4977.5,196.0,SYNTH-MES-A,1
2024-03-13 07:25:00+00:00,4977.5,4977.75,4976.0,4976.0,198.0,SYNTH-MES-A,1
2024-03-13 07:26:00+00:00,4976.0,4977.5,4975.75,4977.25,200.0,SYNTH-MES-A,1
2024-03-13 07:27:00+00:00,4977.25,4977.25,4976.25,4976.75,188.0,SYNTH-MES-A,1
2024-03-13 07:28:00+00:00,4976.75,4977.0,4976.0,4976.25,184.0,SYNTH-MES-A,1
2024-03-13 07:29:00+00:00,4976.25,4976.5,4974.5,4975.25,212.0,SYNTH-MES-A,1
2024-03-13 07:30:00+00:00,4975.25,4975.75,4974.25,4974.5,195.0,SYNTH-MES-A,1
2024-03-13 07:31:00+00:00,4974.5,4975.75,4974.5,4975.5,194.0,SYNTH-MES-A,1
2024-03-13 07:32:00+00:00,4975.5,4975.75,4975.25,4975.75,197.0,SYNTH-MES-A,1
2024-03-13 07:33:00+00:00,4975.75,4976.5,4974.0,4975.0,217.0,SYNTH-MES-A,1
2024-03-13 07:34:00+00:00,4975.0,4976.0,4974.5,4975.75,225.0,SYNTH-MES-A,1
2024-03-13 07:35:00+00:00,4975.75,4976.5,4975.75,4976.25,197.0,SYNTH-MES-A,1
2024-03-13 07:36:00+00:00,4976.25,4977.25,4976.25,4977.0,185.0,SYNTH-MES-A,1
2024-03-13 07:37:00+00:00,4977.0,4977.75,4977.0,4977.5,188.0,SYNTH-MES-A,1
2024-03-13 07:38:00+00:00,4977.5,4978.5,4976.75,4978.25,212.0,SYNTH-MES-A,1
2024-03-13 07:39:00+00:00,4978.25,4978.75,4977.75,4977.75,204.0,SYNTH-MES-A,1
2024-03-13 07:40:00+00:00,4977.75,4978.25,4977.75,4978.25,186.0,SYNTH-MES-A,1
2024-03-13 07:41:00+00:00,4978.25,4978.5,4978.0,4978.0,182.0,SYNTH-MES-A,1
2024-03-13 07:42:00+00:00,4978.0,4978.75,4978.0,4978.5,209.0,SYNTH-MES-A,1
2024-03-13 07:43:00+00:00,4978.5,4978.5,4978.0,4978.25,186.0,SYNTH-MES-A,1
2024-03-13 07:44:00+00:00,4978.25,4978.5,4977.75,4978.25,201.0,SYNTH-MES-A,1
2024-03-13 07:45:00+00:00,4978.25,4978.5,4976.0,4977.0,182.0,SYNTH-MES-A,1
2024-03-13 07:46:00+00:00,4977.0,4978.25,4975.75,4976.0,197.0,SYNTH-MES-A,1
2024-03-13 07:47:00+00:00,4976.0,4976.5,4975.0,4976.25,205.0,SYNTH-MES-A,1
2024-03-13 07:48:00+00:00,4976.25,4976.75,4975.75,4976.25,178.0,SYNTH-MES-A,1
2024-03-13 07:49:00+00:00,4976.25,4976.75,4975.75,4976.5,188.0,SYNTH-MES-A,1
2024-03-13 07:50:00+00:00,4976.5,4976.75,4976.25,4976.5,204.0,SYNTH-MES-A,1
2024-03-13 07:51:00+00:00,4976.5,4977.25,4976.0,4976.5,190.0,SYNTH-MES-A,1
2024-03-13 07:52:00+00:00,4976.5,4977.0,4976.0,4976.25,211.0,SYNTH-MES-A,1
2024-03-13 07:53:00+00:00,4976.25,4977.0,4975.5,4976.75,209.0,SYNTH-MES-A,1
2024-03-13 07:54:00+00:00,4976.75,4977.0,4976.0,4976.0,190.0,SYNTH-MES-A,1
2024-03-13 07:55:00+00:00,4976.0,4976.25,4975.75,4976.25,188.0,SYNTH-MES-A,1
2024-03-13 07:56:00+00:00,4976.25,4977.5,4976.25,4977.5,200.0,SYNTH-MES-A,1
2024-03-13 07:57:00+00:00,4977.5,4978.25,4977.25,4978.25,211.0,SYNTH-MES-A,1
2024-03-13 07:58:00+00:00,4978.25,4979.25,4978.0,4978.5,213.0,SYNTH-MES-A,1
2024-03-13 07:59:00+00:00,4978.5,4978.75,4977.75,4978.0,210.0,SYNTH-MES-A,1
2024-03-13 08:00:00+00:00,4978.0,4978.75,4978.0,4978.5,200.0,SYNTH-MES-A,1
2024-03-13 08:01:00+00:00,4978.5,4979.25,4978.5,4978.75,196.0,SYNTH-MES-A,1
2024-03-13 08:02:00+00:00,4978.75,4979.5,4978.5,4979.25,199.0,SYNTH-MES-A,1
2024-03-13 08:03:00+00:00,4979.25,4980.0,4978.75,4978.75,211.0,SYNTH-MES-A,1
2024-03-13 08:04:00+00:00,4978.75,4978.75,4977.0,4977.25,198.0,SYNTH-MES-A,1
2024-03-13 08:05:00+00:00,4977.25,4977.25,4976.75,4977.0,198.0,SYNTH-MES-A,1
2024-03-13 08:06:00+00:00,4977.0,4977.25,4975.75,4976.0,204.0,SYNTH-MES-A,1
2024-03-13 08:07:00+00:00,4976.0,4976.25,4975.75,4976.25,179.0,SYNTH-MES-A,1
2024-03-13 08:08:00+00:00,4976.25,4976.25,4976.0,4976.0,211.0,SYNTH-MES-A,1
2024-03-13 08:09:00+00:00,4976.0,4977.0,4975.75,4976.75,197.0,SYNTH-MES-A,1
2024-03-13 08:10:00+00:00,4976.75,4977.25,4976.5,4977.25,201.0,SYNTH-MES-A,1
2024-03-13 08:11:00+00:00,4977.25,4977.5,4976.75,4977.0,224.0,SYNTH-MES-A,1
2024-03-13 08:12:00+00:00,4977.0,4977.0,4977.0,4977.0,208.0,SYNTH-MES-A,1
2024-03-13 08:13:00+00:00,4977.0,4978.0,4976.75,4977.0,187.0,SYNTH-MES-A,1
2024-03-13 08:14:00+00:00,4977.0,4977.0,4975.25,4975.75,214.0,SYNTH-MES-A,1
2024-03-13 08:15:00+00:00,4975.75,4976.0,4975.75,4976.0,201.0,SYNTH-MES-A,1
2024-03-13 08:16:00+00:00,4976.0,4976.0,4976.0,4976.0,231.0,SYNTH-MES-A,1
2024-03-13 08:17:00+00:00,4976.0,4978.0,4975.5,4978.0,200.0,SYNTH-MES-A,1
2024-03-13 08:18:00+00:00,4978.0,4978.25,4977.25,4977.5,202.0,SYNTH-MES-A,1
2024-03-13 08:19:00+00:00,4977.5,4977.5,4976.0,4976.5,177.0,SYNTH-MES-A,1
2024-03-13 08:20:00+00:00,4976.5,4976.5,4975.0,4975.5,182.0,SYNTH-MES-A,1
2024-03-13 08:21:00+00:00,4975.5,4976.0,4975.25,4975.75,208.0,SYNTH-MES-A,1
2024-03-13 08:22:00+00:00,4975.75,4976.0,4975.25,4975.5,202.0,SYNTH-MES-A,1
2024-03-13 08:23:00+00:00,4975.5,4976.25,4975.0,4975.75,203.0,SYNTH-MES-A,1
2024-03-13 08:24:00+00:00,4975.75,4976.0,4975.25,4975.5,188.0,SYNTH-MES-A,1
2024-03-13 08:25:00+00:00,4975.5,4976.5,4975.25,4976.0,182.0,SYNTH-MES-A,1
2024-03-13 08:26:00+00:00,4976.0,4976.5,4975.75,4976.25,185.0,SYNTH-MES-A,1
2024-03-13 08:27:00+00:00,4976.25,4977.5,4976.0,4977.25,201.0,SYNTH-MES-A,1
2024-03-13 08:28:00+00:00,4977.25,4977.25,4976.5,4976.75,183.0,SYNTH-MES-A,1
2024-03-13 08:29:00+00:00,4976.75,4977.25,4976.75,4977.25,191.0,SYNTH-MES-A,1
2024-03-13 08:30:00+00:00,4977.25,4977.5,4976.5,4976.75,200.0,SYNTH-MES-A,1
2024-03-13 08:31:00+00:00,4976.75,4977.0,4976.75,4976.75,184.0,SYNTH-MES-A,1
2024-03-13 08:32:00+00:00,4976.75,4977.5,4976.75,4977.0,220.0,SYNTH-MES-A,1
2024-03-13 08:33:00+00:00,4977.0,4977.75,4976.75,4976.75,216.0,SYNTH-MES-A,1
2024-03-13 08:34:00+00:00,4976.75,4977.0,4975.25,4975.75,210.0,SYNTH-MES-A,1
2024-03-13 08:35:00+00:00,4975.75,4977.0,4975.5,4977.0,210.0,SYNTH-MES-A,1
2024-03-13 08:36:00+00:00,4977.0,4977.0,4976.75,4977.0,210.0,SYNTH-MES-A,1
2024-03-13 08:37:00+00:00,4977.0,4977.0,4975.0,4975.25,210.0,SYNTH-MES-A,1
2024-03-13 08:38:00+00:00,4975.25,4976.0,4973.75,4974.25,197.0,SYNTH-MES-A,1
2024-03-13 08:39:00+00:00,4974.25,4974.75,4973.25,4974.0,201.0,SYNTH-MES-A,1
2024-03-13 08:40:00+00:00,4974.0,4974.5,4973.25,4973.5,188.0,SYNTH-MES-A,1
2024-03-13 08:41:00+00:00,4973.5,4973.75,4973.5,4973.5,205.0,SYNTH-MES-A,1
2024-03-13 08:42:00+00:00,4973.5,4974.25,4973.5,4974.25,192.0,SYNTH-MES-A,1
2024-03-13 08:43:00+00:00,4974.25,4974.5,4973.25,4973.5,211.0,SYNTH-MES-A,1
2024-03-13 08:44:00+00:00,4973.5,4973.75,4973.5,4973.5,216.0,SYNTH-MES-A,1
2024-03-13 08:45:00+00:00,4973.5,4973.5,4972.75,4973.0,210.0,SYNTH-MES-A,1
2024-03-13 08:46:00+00:00,4973.0,4973.5,4972.5,4973.5,210.0,SYNTH-MES-A,1
2024-03-13 08:47:00+00:00,4973.5,4973.5,4972.75,4973.0,197.0,SYNTH-MES-A,1
2024-03-13 08:48:00+00:00,4973.0,4974.0,4972.75,4974.0,193.0,SYNTH-MES-A,1
2024-03-13 08:49:00+00:00,4974.0,4974.0,4973.25,4973.5,206.0,SYNTH-MES-A,1
2024-03-13 08:50:00+00:00,4973.5,4974.5,4973.25,4974.0,199.0,SYNTH-MES-A,1
2024-03-13 08:51:00+00:00,4974.0,4974.25,4973.5,4973.75,199.0,SYNTH-MES-A,1
2024-03-13 08:52:00+00:00,4973.75,4974.0,4973.25,4973.5,218.0,SYNTH-MES-A,1
2024-03-13 08:53:00+00:00,4973.5,4973.5,4972.25,4972.75,191.0,SYNTH-MES-A,1
2024-03-13 08:54:00+00:00,4972.75,4973.25,4972.5,4972.5,183.0,SYNTH-MES-A,1
2024-03-13 08:55:00+00:00,4972.5,4972.5,4971.5,4971.75,201.0,SYNTH-MES-A,1
2024-03-13 08:56:00+00:00,4971.75,4972.5,4971.0,4971.5,205.0,SYNTH-MES-A,1
2024-03-13 08:57:00+00:00,4971.5,4972.75,4971.5,4972.5,203.0,SYNTH-MES-A,1
2024-03-13 08:58:00+00:00,4972.5,4973.25,4972.25,4972.25,211.0,SYNTH-MES-A,1
2024-03-13 08:59:00+00:00,4972.25,4972.25,4971.0,4971.0,185.0,SYNTH-MES-A,1
2024-03-13 09:00:00+00:00,4971.0,4971.25,4970.0,4970.0,203.0,SYNTH-MES-A,1
2024-03-13 09:01:00+00:00,4970.0,4970.5,4968.5,4968.5,189.0,SYNTH-MES-A,1
2024-03-13 09:02:00+00:00,4968.5,4968.5,4968.25,4968.25,206.0,SYNTH-MES-A,1
2024-03-13 09:03:00+00:00,4968.25,4968.5,4967.75,4967.75,192.0,SYNTH-MES-A,1
2024-03-13 09:04:00+00:00,4967.75,4969.25,4967.5,4968.5,196.0,SYNTH-MES-A,1
2024-03-13 09:05:00+00:00,4968.5,4968.75,4968.0,4968.5,192.0,SYNTH-MES-A,1
2024-03-13 09:06:00+00:00,4968.5,4969.0,4967.0,4967.25,204.0,SYNTH-MES-A,1
2024-03-13 09:07:00+00:00,4967.25,4969.0,4967.0,4968.25,199.0,SYNTH-MES-A,1
2024-03-13 09:08:00+00:00,4968.25,4968.25,4968.0,4968.0,193.0,SYNTH-MES-A,1
2024-03-13 09:09:00+00:00,4968.0,4968.25,4967.5,4968.25,194.0,SYNTH-MES-A,1
2024-03-13 09:10:00+00:00,4968.25,4968.25,4967.5,4968.0,199.0,SYNTH-MES-A,1
2024-03-13 09:11:00+00:00,4968.0,4968.0,4966.75,4967.5,197.0,SYNTH-MES-A,1
2024-03-13 09:12:00+00:00,4967.5,4967.5,4966.5,4966.5,198.0,SYNTH-MES-A,1
2024-03-13 09:13:00+00:00,4966.5,4966.75,4965.75,4966.25,202.0,SYNTH-MES-A,1
2024-03-13 09:14:00+00:00,4966.25,4967.25,4966.25,4967.0,202.0,SYNTH-MES-A,1
2024-03-13 09:15:00+00:00,4967.0,4967.0,4966.0,4966.0,195.0,SYNTH-MES-A,1
2024-03-13 09:16:00+00:00,4966.0,4966.5,4965.5,4966.25,207.0,SYNTH-MES-A,1
2024-03-13 09:17:00+00:00,4966.25,4966.5,4965.75,4966.0,195.0,SYNTH-MES-A,1
2024-03-13 09:18:00+00:00,4966.0,4966.75,4966.0,4966.25,186.0,SYNTH-MES-A,1
2024-03-13 09:19:00+00:00,4966.25,4966.5,4966.0,4966.5,219.0,SYNTH-MES-A,1
2024-03-13 09:20:00+00:00,4966.5,4967.25,4965.5,4966.0,207.0,SYNTH-MES-A,1
2024-03-13 09:21:00+00:00,4966.0,4966.75,4965.5,4966.5,223.0,SYNTH-MES-A,1
2024-03-13 09:22:00+00:00,4966.5,4967.0,4966.5,4966.75,186.0,SYNTH-MES-A,1
2024-03-13 09:23:00+00:00,4966.75,4967.0,4966.75,4966.75,192.0,SYNTH-MES-A,1
2024-03-13 09:24:00+00:00,4966.75,4967.0,4966.25,4967.0,185.0,SYNTH-MES-A,1
2024-03-13 09:25:00+00:00,4967.0,4967.5,4965.75,4965.75,211.0,SYNTH-MES-A,1
2024-03-13 09:26:00+00:00,4965.75,4966.0,4965.5,4966.0,208.0,SYNTH-MES-A,1
2024-03-13 09:27:00+00:00,4966.0,4966.5,4965.5,4966.5,196.0,SYNTH-MES-A,1
2024-03-13 09:28:00+00:00,4966.5,4966.75,4965.75,4966.0,184.0,SYNTH-MES-A,1
2024-03-13 09:29:00+00:00,4966.0,4967.75,4965.75,4967.5,196.0,SYNTH-MES-A,1
2024-03-13 09:30:00+00:00,4967.5,4967.75,4967.25,4967.75,194.0,SYNTH-MES-A,1
2024-03-13 09:31:00+00:00,4967.75,4968.0,4967.75,4967.75,196.0,SYNTH-MES-A,1
2024-03-13 09:32:00+00:00,4967.75,4968.0,4967.0,4967.25,186.0,SYNTH-MES-A,1
2024-03-13 09:33:00+00:00,4967.25,4967.5,4967.0,4967.0,209.0,SYNTH-MES-A,1
2024-03-13 09:34:00+00:00,4967.0,4967.0,4966.25,4966.25,206.0,SYNTH-MES-A,1
2024-03-13 09:35:00+00:00,4966.25,4966.5,4965.5,4965.5,191.0,SYNTH-MES-A,1
2024-03-13 09:36:00+00:00,4965.5,4965.75,4965.25,4965.5,193.0,SYNTH-MES-A,1
2024-03-13 09:37:00+00:00,4965.5,4965.75,4965.5,4965.5,189.0,SYNTH-MES-A,1
2024-03-13 09:38:00+00:00,4965.5,4965.5,4964.75,4964.75,204.0,SYNTH-MES-A,1
2024-03-13 09:39:00+00:00,4964.75,4965.5,4964.5,4964.5,193.0,SYNTH-MES-A,1
2024-03-13 09:40:00+00:00,4964.5,4965.5,4964.5,4965.25,215.0,SYNTH-MES-A,1
2024-03-13 09:41:00+00:00,4965.25,4965.75,4964.5,4964.75,192.0,SYNTH-MES-A,1
2024-03-13 09:42:00+00:00,4964.75,4965.0,4964.75,4965.0,222.0,SYNTH-MES-A,1
2024-03-13 09:43:00+00:00,4965.0,4965.0,4964.25,4964.25,198.0,SYNTH-MES-A,1
2024-03-13 09:44:00+00:00,4964.25,4965.0,4964.0,4964.75,222.0,SYNTH-MES-A,1
2024-03-13 09:45:00+00:00,4964.75,4964.75,4964.25,4964.75,190.0,SYNTH-MES-A,1
2024-03-13 09:46:00+00:00,4964.75,4967.0,4964.75,4966.5,188.0,SYNTH-MES-A,1
2024-03-13 09:47:00+00:00,4966.5,4966.5,4966.5,4966.5,200.0,SYNTH-MES-A,1
2024-03-13 09:48:00+00:00,4966.5,4967.0,4966.25,4966.25,205.0,SYNTH-MES-A,1
2024-03-13 09:49:00+00:00,4966.25,4966.25,4966.0,4966.0,216.0,SYNTH-MES-A,1
2024-03-13 09:50:00+00:00,4966.0,4966.0,4965.25,4965.5,212.0,SYNTH-MES-A,1
2024-03-13 09:51:00+00:00,4965.5,4966.5,4965.25,4966.0,202.0,SYNTH-MES-A,1
2024-03-13 09:52:00+00:00,4966.0,4966.25,4965.25,4966.25,200.0,SYNTH-MES-A,1
2024-03-13 09:53:00+00:00,4966.25,4968.25,4966.0,4968.0,189.0,SYNTH-MES-A,1
2024-03-13 09:54:00+00:00,4968.0,4968.75,4966.0,4966.25,220.0,SYNTH-MES-A,1
2024-03-13 09:55:00+00:00,4966.25,4966.25,4966.0,4966.0,202.0,SYNTH-MES-A,1
2024-03-13 09:56:00+00:00,4966.0,4966.75,4964.75,4965.25,182.0,SYNTH-MES-A,1
2024-03-13 09:57:00+00:00,4965.25,4965.5,4965.0,4965.0,173.0,SYNTH-MES-A,1
2024-03-13 09:58:00+00:00,4965.0,4966.0,4964.25,4966.0,186.0,SYNTH-MES-A,1
2024-03-13 09:59:00+00:00,4966.0,4966.25,4965.5,4965.5,193.0,SYNTH-MES-A,1
2024-03-13 10:00:00+00:00,4965.5,4965.75,4965.0,4965.25,194.0,SYNTH-MES-A,1
2024-03-13 10:01:00+00:00,4965.25,4965.5,4963.75,4964.5,215.0,SYNTH-MES-A,1
2024-03-13 10:02:00+00:00,4964.5,4966.0,4964.25,4965.75,192.0,SYNTH-MES-A,1
2024-03-13 10:03:00+00:00,4965.75,4967.25,4965.75,4966.5,173.0,SYNTH-MES-A,1
2024-03-13 10:04:00+00:00,4966.5,4966.75,4965.75,4966.0,209.0,SYNTH-MES-A,1
2024-03-13 10:05:00+00:00,4966.0,4966.25,4965.0,4966.0,246.0,SYNTH-MES-A,1
2024-03-13 10:06:00+00:00,4966.0,4966.75,4966.0,4966.25,197.0,SYNTH-MES-A,1
2024-03-13 10:07:00+00:00,4966.25,4967.25,4966.0,4967.0,229.0,SYNTH-MES-A,1
2024-03-13 10:08:00+00:00,4967.0,4967.25,4967.0,4967.25,209.0,SYNTH-MES-A,1
2024-03-13 10:09:00+00:00,4967.25,4967.5,4966.5,4966.75,186.0,SYNTH-MES-A,1
2024-03-13 10:10:00+00:00,4966.75,4967.0,4965.5,4966.25,194.0,SYNTH-MES-A,1
2024-03-13 10:11:00+00:00,4966.25,4966.5,4965.75,4966.0,184.0,SYNTH-MES-A,1
2024-03-13 10:12:00+00:00,4966.0,4966.0,4965.25,4965.75,204.0,SYNTH-MES-A,1
2024-03-13 10:13:00+00:00,4965.75,4966.5,4965.75,4965.75,189.0,SYNTH-MES-A,1
2024-03-13 10:14:00+00:00,4965.75,4966.0,4965.5,4965.75,212.0,SYNTH-MES-A,1
2024-03-13 10:15:00+00:00,4965.75,4967.0,4965.5,4966.75,186.0,SYNTH-MES-A,1
2024-03-13 10:16:00+00:00,4966.75,4967.75,4966.75,4967.25,184.0,SYNTH-MES-A,1
2024-03-13 10:17:00+00:00,4967.25,4967.5,4966.25,4967.25,200.0,SYNTH-MES-A,1
2024-03-13 10:18:00+00:00,4967.25,4967.25,4966.75,4966.75,194.0,SYNTH-MES-A,1
2024-03-13 10:19:00+00:00,4966.75,4966.75,4964.75,4966.0,196.0,SYNTH-MES-A,1
2024-03-13 10:20:00+00:00,4966.0,4966.5,4966.0,4966.25,197.0,SYNTH-MES-A,1
2024-03-13 10:21:00+00:00,4966.25,4966.25,4965.75,4966.0,226.0,SYNTH-MES-A,1
2024-03-13 10:22:00+00:00,4966.0,4966.5,4965.75,4966.25,201.0,SYNTH-MES-A,1
2024-03-13 10:23:00+00:00,4966.25,4966.25,4966.0,4966.0,192.0,SYNTH-MES-A,1
2024-03-13 10:24:00+00:00,4966.0,4966.25,4965.75,4966.0,207.0,SYNTH-MES-A,1
2024-03-13 10:25:00+00:00,4966.0,4966.0,4965.25,4965.25,184.0,SYNTH-MES-A,1
2024-03-13 10:26:00+00:00,4965.25,4965.5,4964.0,4965.25,209.0,SYNTH-MES-A,1
2024-03-13 10:27:00+00:00,4965.25,4965.5,4964.75,4965.0,205.0,SYNTH-MES-A,1
2024-03-13 10:28:00+00:00,4965.0,4965.0,4965.0,4965.0,183.0,SYNTH-MES-A,1
2024-03-13 10:29:00+00:00,4965.0,4965.75,4964.75,4965.25,179.0,SYNTH-MES-A,1
2024-03-13 10:30:00+00:00,4965.25,4965.25,4964.25,4964.25,208.0,SYNTH-MES-A,1
2024-03-13 10:31:00+00:00,4964.25,4965.25,4963.75,4964.75,199.0,SYNTH-MES-A,1
2024-03-13 10:32:00+00:00,4964.75,4965.25,4964.0,4964.75,189.0,SYNTH-MES-A,1
2024-03-13 10:33:00+00:00,4964.75,4966.0,4964.75,4965.75,196.0,SYNTH-MES-A,1
2024-03-13 10:34:00+00:00,4965.75,4966.5,4965.5,4966.25,215.0,SYNTH-MES-A,1
2024-03-13 10:35:00+00:00,4966.25,4966.75,4965.0,4965.25,203.0,SYNTH-MES-A,1
2024-03-13 10:36:00+00:00,4965.25,4965.25,4964.25,4964.5,224.0,SYNTH-MES-A,1
2024-03-13 10:37:00+00:00,4964.5,4966.0,4964.5,4966.0,206.0,SYNTH-MES-A,1
2024-03-13 10:38:00+00:00,4966.0,4967.25,4966.0,4966.75,218.0,SYNTH-MES-A,1
2024-03-13 10:39:00+00:00,4966.75,4967.0,4965.25,4965.5,183.0,SYNTH-MES-A,1
2024-03-13 10:40:00+00:00,4965.5,4966.0,4965.25,4965.5,211.0,SYNTH-MES-A,1
2024-03-13 10:41:00+00:00,4965.5,4966.25,4965.5,4965.5,225.0,SYNTH-MES-A,1
2024-03-13 10:42:00+00:00,4965.5,4965.5,4964.75,4965.0,201.0,SYNTH-MES-A,1
2024-03-13 10:43:00+00:00,4965.0,4965.75,4964.75,4965.75,222.0,SYNTH-MES-A,1
2024-03-13 10:44:00+00:00,4965.75,4966.25,4965.5,4966.25,191.0,SYNTH-MES-A,1
2024-03-13 10:45:00+00:00,4966.25,4966.5,4965.5,4966.0,216.0,SYNTH-MES-A,1
2024-03-13 10:46:00+00:00,4966.0,4967.0,4966.0,4966.0,205.0,SYNTH-MES-A,1
2024-03-13 10:47:00+00:00,4966.0,4966.5,4965.75,4966.25,219.0,SYNTH-MES-A,1
2024-03-13 10:48:00+00:00,4966.25,4966.25,4965.5,4965.75,186.0,SYNTH-MES-A,1
2024-03-13 10:49:00+00:00,4965.75,4965.75,4965.5,4965.75,218.0,SYNTH-MES-A,1
2024-03-13 10:50:00+00:00,4965.75,4967.25,4965.5,4966.5,199.0,SYNTH-MES-A,1
2024-03-13 10:51:00+00:00,4966.5,4967.0,4966.5,4967.0,215.0,SYNTH-MES-A,1
2024-03-13 10:52:00+00:00,4967.0,4967.0,4966.75,4966.75,186.0,SYNTH-MES-A,1
2024-03-13 10:53:00+00:00,4966.75,4967.25,4965.5,4965.75,214.0,SYNTH-MES-A,1
2024-03-13 10:54:00+00:00,4965.75,4966.25,4965.5,4965.75,209.0,SYNTH-MES-A,1
2024-03-13 10:55:00+00:00,4965.75,4966.75,4965.75,4965.75,199.0,SYNTH-MES-A,1
2024-03-13 10:56:00+00:00,4965.75,4966.25,4965.75,4966.0,179.0,SYNTH-MES-A,1
2024-03-13 10:57:00+00:00,4966.0,4967.0,4965.75,4966.75,226.0,SYNTH-MES-A,1
2024-03-13 10:58:00+00:00,4966.75,4967.0,4966.75,4966.75,227.0,SYNTH-MES-A,1
2024-03-13 10:59:00+00:00,4966.75,4967.5,4966.25,4966.75,183.0,SYNTH-MES-A,1
2024-03-13 11:00:00+00:00,4966.75,4967.0,4965.25,4965.5,228.0,SYNTH-MES-A,1
2024-03-13 11:01:00+00:00,4965.5,4965.75,4965.5,4965.75,217.0,SYNTH-MES-A,1
2024-03-13 11:02:00+00:00,4965.75,4965.75,4964.75,4965.5,175.0,SYNTH-MES-A,1
2024-03-13 11:03:00+00:00,4965.5,4965.75,4963.0,4963.25,195.0,SYNTH-MES-A,1
2024-03-13 11:04:00+00:00,4963.25,4963.25,4963.0,4963.25,226.0,SYNTH-MES-A,1
2024-03-13 11:05:00+00:00,4963.25,4963.5,4962.25,4962.5,189.0,SYNTH-MES-A,1
2024-03-13 11:06:00+00:00,4962.5,4963.75,4962.0,4963.5,211.0,SYNTH-MES-A,1
2024-03-13 11:07:00+00:00,4963.5,4964.0,4963.0,4964.0,212.0,SYNTH-MES-A,1
2024-03-13 11:08:00+00:00,4964.0,4965.25,4963.75,4965.0,170.0,SYNTH-MES-A,1
2024-03-13 11:09:00+00:00,4965.0,4965.0,4965.0,4965.0,195.0,SYNTH-MES-A,1
2024-03-13 11:10:00+00:00,4965.0,4966.0,4965.0,4965.5,193.0,SYNTH-MES-A,1
2024-03-13 11:11:00+00:00,4965.5,4965.75,4965.0,4965.25,207.0,SYNTH-MES-A,1
2024-03-13 11:12:00+00:00,4965.25,4965.25,4965.0,4965.0,188.0,SYNTH-MES-A,1
2024-03-13 11:13:00+00:00,4965.0,4965.0,4964.0,4964.25,187.0,SYNTH-MES-A,1
2024-03-13 11:14:00+00:00,4964.25,4964.5,4963.5,4963.5,203.0,SYNTH-MES-A,1
2024-03-13 11:15:00+00:00,4963.5,4963.5,4962.75,4962.75,203.0,SYNTH-MES-A,1
2024-03-13 11:16:00+00:00,4962.75,4963.5,4959.75,4960.75,200.0,SYNTH-MES-A,1
2024-03-13 11:17:00+00:00,4960.75,4963.0,4960.75,4962.25,177.0,SYNTH-MES-A,1
2024-03-13 11:18:00+00:00,4962.25,4963.5,4961.5,4963.0,211.0,SYNTH-MES-A,1
2024-03-13 11:19:00+00:00,4963.0,4963.25,4962.25,4962.5,196.0,SYNTH-MES-A,1
2024-03-13 11:20:00+00:00,4962.5,4964.25,4961.5,4964.0,202.0,SYNTH-MES-A,1
2024-03-13 11:21:00+00:00,4964.0,4964.0,4963.75,4963.75,210.0,SYNTH-MES-A,1
2024-03-13 11:22:00+00:00,4963.75,4963.75,4963.25,4963.25,207.0,SYNTH-MES-A,1
2024-03-13 11:23:00+00:00,4963.25,4963.5,4962.75,4962.75,213.0,SYNTH-MES-A,1
2024-03-13 11:24:00+00:00,4962.75,4962.75,4961.75,4962.25,213.0,SYNTH-MES-A,1
2024-03-13 11:25:00+00:00,4962.25,4962.25,4961.0,4961.0,208.0,SYNTH-MES-A,1
2024-03-13 11:26:00+00:00,4961.0,4961.0,4960.75,4961.0,217.0,SYNTH-MES-A,1
2024-03-13 11:27:00+00:00,4961.0,4961.5,4960.75,4961.25,225.0,SYNTH-MES-A,1
2024-03-13 11:28:00+00:00,4961.25,4963.25,4961.25,4962.75,199.0,SYNTH-MES-A,1
2024-03-13 11:29:00+00:00,4962.75,4962.75,4961.75,4962.5,178.0,SYNTH-MES-A,1
2024-03-13 11:30:00+00:00,4962.5,4962.75,4961.5,4961.75,212.0,SYNTH-MES-A,1
2024-03-13 11:31:00+00:00,4961.75,4962.0,4961.25,4961.25,220.0,SYNTH-MES-A,1
2024-03-13 11:32:00+00:00,4961.25,4962.75,4961.25,4962.5,185.0,SYNTH-MES-A,1
2024-03-13 11:33:00+00:00,4962.5,4964.0,4961.75,4963.25,190.0,SYNTH-MES-A,1
2024-03-13 11:34:00+00:00,4963.25,4964.25,4963.0,4964.25,206.0,SYNTH-MES-A,1
2024-03-13 11:35:00+00:00,4964.25,4964.5,4963.0,4963.75,195.0,SYNTH-MES-A,1
2024-03-13 11:36:00+00:00,4963.75,4965.0,4963.25,4964.0,197.0,SYNTH-MES-A,1
2024-03-13 11:37:00+00:00,4964.0,4965.0,4963.0,4963.25,205.0,SYNTH-MES-A,1
2024-03-13 11:38:00+00:00,4963.25,4965.75,4962.75,4964.25,185.0,SYNTH-MES-A,1
2024-03-13 11:39:00+00:00,4964.25,4964.5,4963.75,4963.75,175.0,SYNTH-MES-A,1
2024-03-13 11:40:00+00:00,4963.75,4964.0,4963.5,4963.75,191.0,SYNTH-MES-A,1
2024-03-13 11:41:00+00:00,4963.75,4964.0,4963.5,4963.75,202.0,SYNTH-MES-A,1
2024-03-13 11:42:00+00:00,4963.75,4963.75,4961.5,4962.0,200.0,SYNTH-MES-A,1
2024-03-13 11:43:00+00:00,4962.0,4962.5,4962.0,4962.0,204.0,SYNTH-MES-A,1
2024-03-13 11:44:00+00:00,4962.0,4962.75,4961.5,4962.75,187.0,SYNTH-MES-A,1
2024-03-13 11:45:00+00:00,4962.75,4963.75,4962.75,4963.75,169.0,SYNTH-MES-A,1
2024-03-13 11:46:00+00:00,4963.75,4964.5,4962.75,4962.75,204.0,SYNTH-MES-A,1
2024-03-13 11:47:00+00:00,4962.75,4962.75,4962.0,4962.25,200.0,SYNTH-MES-A,1
2024-03-13 11:48:00+00:00,4962.25,4962.25,4961.5,4961.5,214.0,SYNTH-MES-A,1
2024-03-13 11:49:00+00:00,4961.5,4961.5,4959.0,4959.0,197.0,SYNTH-MES-A,1
2024-03-13 11:50:00+00:00,4959.0,4960.75,4958.5,4960.5,217.0,SYNTH-MES-A,1
2024-03-13 11:51:00+00:00,4960.5,4960.5,4959.25,4959.5,220.0,SYNTH-MES-A,1
2024-03-13 11:52:00+00:00,4959.5,4961.5,4959.5,4960.75,207.0,SYNTH-MES-A,1
2024-03-13 11:53:00+00:00,4960.75,4961.5,4960.0,4961.5,212.0,SYNTH-MES-A,1
2024-03-13 11:54:00+00:00,4961.5,4961.75,4959.5,4959.5,226.0,SYNTH-MES-A,1
2024-03-13 11:55:00+00:00,4959.5,4960.25,4959.5,4960.0,180.0,SYNTH-MES-A,1
2024-03-13 11:56:00+00:00,4960.0,4960.25,4959.75,4960.0,207.0,SYNTH-MES-A,1
2024-03-13 11:57:00+00:00,4960.0,4960.75,4960.0,4960.75,204.0,SYNTH-MES-A,1
2024-03-13 11:58:00+00:00,4960.75,4961.5,4960.75,4961.25,197.0,SYNTH-MES-A,1
2024-03-13 11:59:00+00:00,4961.25,4962.25,4961.25,4961.75,188.0,SYNTH-MES-A,1
2024-03-13 12:00:00+00:00,4961.75,4962.0,4961.25,4961.5,221.0,SYNTH-MES-A,1
2024-03-13 12:01:00+00:00,4961.5,4961.5,4961.25,4961.25,209.0,SYNTH-MES-A,1
2024-03-13 12:02:00+00:00,4961.25,4961.5,4960.75,4960.75,214.0,SYNTH-MES-A,1
2024-03-13 12:03:00+00:00,4960.75,4961.0,4959.5,4959.5,178.0,SYNTH-MES-A,1
2024-03-13 12:04:00+00:00,4959.5,4959.75,4959.0,4959.25,185.0,SYNTH-MES-A,1
2024-03-13 12:05:00+00:00,4959.25,4959.75,4959.0,4959.75,213.0,SYNTH-MES-A,1
2024-03-13 12:06:00+00:00,4959.75,4960.25,4959.75,4960.0,188.0,SYNTH-MES-A,1
2024-03-13 12:07:00+00:00,4960.0,4960.25,4959.0,4959.25,222.0,SYNTH-MES-A,1
2024-03-13 12:08:00+00:00,4959.25,4959.5,4958.25,4958.75,208.0,SYNTH-MES-A,1
2024-03-13 12:09:00+00:00,4958.75,4959.0,4958.0,4958.0,189.0,SYNTH-MES-A,1
2024-03-13 12:10:00+00:00,4958.0,4958.25,4957.25,4957.5,207.0,SYNTH-MES-A,1
2024-03-13 12:11:00+00:00,4957.5,4957.75,4957.5,4957.75,220.0,SYNTH-MES-A,1
2024-03-13 12:12:00+00:00,4957.75,4958.75,4957.75,4958.25,228.0,SYNTH-MES-A,1
2024-03-13 12:13:00+00:00,4958.25,4958.25,4957.75,4957.75,220.0,SYNTH-MES-A,1
2024-03-13 12:14:00+00:00,4957.75,4958.25,4957.5,4957.75,219.0,SYNTH-MES-A,1
2024-03-13 12:15:00+00:00,4957.75,4958.75,4957.5,4958.5,206.0,SYNTH-MES-A,1
2024-03-13 12:16:00+00:00,4958.5,4958.5,4957.75,4958.5,182.0,SYNTH-MES-A,1
2024-03-13 12:17:00+00:00,4958.5,4959.25,4958.5,4959.0,199.0,SYNTH-MES-A,1
2024-03-13 12:18:00+00:00,4959.0,4959.0,4958.75,4958.75,215.0,SYNTH-MES-A,1
2024-03-13 12:19:00+00:00,4958.75,4959.0,4958.0,4958.25,210.0,SYNTH-MES-A,1
2024-03-13 12:20:00+00:00,4958.25,4958.5,4958.0,4958.25,222.0,SYNTH-MES-A,1
2024-03-13 12:21:00+00:00,4958.25,4958.25,4957.25,4957.5,228.0,SYNTH-MES-A,1
2024-03-13 12:22:00+00:00,4957.5,4958.5,4957.0,4957.0,191.0,SYNTH-MES-A,1
2024-03-13 12:23:00+00:00,4957.0,4958.25,4956.5,4956.75,199.0,SYNTH-MES-A,1
2024-03-13 12:24:00+00:00,4956.75,4957.5,4956.25,4957.5,209.0,SYNTH-MES-A,1
2024-03-13 12:25:00+00:00,4957.5,4958.0,4956.75,4957.75,202.0,SYNTH-MES-A,1
2024-03-13 12:26:00+00:00,4957.75,4958.5,4957.0,4957.5,202.0,SYNTH-MES-A,1
2024-03-13 12:27:00+00:00,4957.5,4957.5,4956.25,4956.5,221.0,SYNTH-MES-A,1
2024-03-13 12:28:00+00:00,4956.5,4956.75,4956.5,4956.75,194.0,SYNTH-MES-A,1
2024-03-13 12:29:00+00:00,4956.75,4957.0,4956.75,4957.0,186.0,SYNTH-MES-A,1
2024-03-13 12:30:00+00:00,4957.0,4957.25,4956.0,4956.0,176.0,SYNTH-MES-A,1
2024-03-13 12:31:00+00:00,4956.0,4956.75,4956.0,4956.25,208.0,SYNTH-MES-A,1
2024-03-13 12:32:00+00:00,4956.25,4956.25,4955.25,4956.0,197.0,SYNTH-MES-A,1
2024-03-13 12:33:00+00:00,4956.0,4956.0,4955.25,4955.75,188.0,SYNTH-MES-A,1
2024-03-13 12:34:00+00:00,4955.75,4955.75,4955.5,4955.5,211.0,SYNTH-MES-A,1
2024-03-13 12:35:00+00:00,4955.5,4955.75,4955.5,4955.5,206.0,SYNTH-MES-A,1
2024-03-13 12:36:00+00:00,4955.5,4955.75,4954.25,4954.25,206.0,SYNTH-MES-A,1
2024-03-13 12:37:00+00:00,4954.25,4955.25,4954.25,4954.5,214.0,SYNTH-MES-A,1
2024-03-13 12:38:00+00:00,4954.5,4954.75,4953.75,4954.0,228.0,SYNTH-MES-A,1
2024-03-13 12:39:00+00:00,4954.0,4955.0,4953.75,4954.75,207.0,SYNTH-MES-A,1
2024-03-13 12:40:00+00:00,4954.75,4955.25,4954.0,4955.0,186.0,SYNTH-MES-A,1
2024-03-13 12:41:00+00:00,4955.0,4955.25,4954.5,4954.75,213.0,SYNTH-MES-A,1
2024-03-13 12:42:00+00:00,4954.75,4954.75,4954.5,4954.5,213.0,SYNTH-MES-A,1
2024-03-13 12:43:00+00:00,4954.5,4954.5,4954.25,4954.5,223.0,SYNTH-MES-A,1
2024-03-13 12:44:00+00:00,4954.5,4954.5,4953.5,4953.75,198.0,SYNTH-MES-A,1
2024-03-13 12:45:00+00:00,4953.75,4953.75,4953.0,4953.0,195.0,SYNTH-MES-A,1
2024-03-13 12:46:00+00:00,4953.0,4953.75,4952.5,4953.25,200.0,SYNTH-MES-A,1
2024-03-13 12:47:00+00:00,4953.25,4953.75,4953.25,4953.25,212.0,SYNTH-MES-A,1
2024-03-13 12:48:00+00:00,4953.25,4953.5,4953.25,4953.25,212.0,SYNTH-MES-A,1
2024-03-13 12:49:00+00:00,4953.25,4953.5,4952.5,4953.0,186.0,SYNTH-MES-A,1
2024-03-13 12:50:00+00:00,4953.0,4954.0,4952.25,4953.75,214.0,SYNTH-MES-A,1
2024-03-13 12:51:00+00:00,4953.75,4953.75,4952.5,4953.0,201.0,SYNTH-MES-A,1
2024-03-13 12:52:00+00:00,4953.0,4953.5,4952.25,4952.25,188.0,SYNTH-MES-A,1
2024-03-13 12:53:00+00:00,4952.25,4952.25,4951.75,4952.0,218.0,SYNTH-MES-A,1
2024-03-13 12:54:00+00:00,4952.0,4952.5,4951.75,4952.25,199.0,SYNTH-MES-A,1
2024-03-13 12:55:00+00:00,4952.25,4953.0,4951.25,4951.25,189.0,SYNTH-MES-A,1
2024-03-13 12:56:00+00:00,4951.25,4951.5,4950.5,4950.5,195.0,SYNTH-MES-A,1
2024-03-13 12:57:00+00:00,4950.5,4950.5,4949.5,4949.5,212.0,SYNTH-MES-A,1
2024-03-13 12:58:00+00:00,4949.5,4950.0,4948.25,4949.25,210.0,SYNTH-MES-A,1
2024-03-13 12:59:00+00:00,4949.25,4950.0,4949.25,4949.75,189.0,SYNTH-MES-A,1
2024-03-13 13:00:00+00:00,4949.75,4950.0,4948.0,4948.75,182.0,SYNTH-MES-A,1
2024-03-13 13:01:00+00:00,4948.75,4949.0,4948.0,4948.75,203.0,SYNTH-MES-A,1
2024-03-13 13:02:00+00:00,4948.75,4948.75,4948.75,4948.75,209.0,SYNTH-MES-A,1
2024-03-13 13:03:00+00:00,4948.75,4948.75,4948.5,4948.5,181.0,SYNTH-MES-A,1
2024-03-13 13:04:00+00:00,4948.5,4948.75,4947.5,4947.5,182.0,SYNTH-MES-A,1
2024-03-13 13:05:00+00:00,4947.5,4948.0,4947.5,4948.0,212.0,SYNTH-MES-A,1
2024-03-13 13:06:00+00:00,4948.0,4948.75,4947.5,4948.25,194.0,SYNTH-MES-A,1
2024-03-13 13:07:00+00:00,4948.25,4948.75,4946.75,4947.0,205.0,SYNTH-MES-A,1
2024-03-13 13:08:00+00:00,4947.0,4947.0,4945.75,4946.0,178.0,SYNTH-MES-A,1
2024-03-13 13:09:00+00:00,4946.0,4946.0,4945.25,4945.5,213.0,SYNTH-MES-A,1
2024-03-13 13:10:00+00:00,4945.5,4945.5,4944.75,4944.75,217.0,SYNTH-MES-A,1
2024-03-13 13:11:00+00:00,4944.75,4946.75,4944.5,4946.25,198.0,SYNTH-MES-A,1
2024-03-13 13:12:00+00:00,4946.25,4946.5,4946.25,4946.5,170.0,SYNTH-MES-A,1
2024-03-13 13:13:00+00:00,4946.5,4947.5,4946.0,4947.25,199.0,SYNTH-MES-A,1
2024-03-13 13:14:00+00:00,4947.25,4948.0,4947.0,4947.75,211.0,SYNTH-MES-A,1
2024-03-13 13:15:00+00:00,4947.75,4949.75,4947.75,4949.5,192.0,SYNTH-MES-A,1
2024-03-13 13:16:00+00:00,4949.5,4950.75,4949.0,4950.0,202.0,SYNTH-MES-A,1
2024-03-13 13:17:00+00:00,4950.0,4950.75,4949.75,4950.5,229.0,SYNTH-MES-A,1
2024-03-13 13:18:00+00:00,4950.5,4950.75,4950.25,4950.25,198.0,SYNTH-MES-A,1
2024-03-13 13:19:00+00:00,4950.25,4950.75,4949.0,4949.0,220.0,SYNTH-MES-A,1
2024-03-13 13:20:00+00:00,4949.0,4949.0,4948.5,4948.75,201.0,SYNTH-MES-A,1
2024-03-13 13:21:00+00:00,4948.75,4948.75,4948.75,4948.75,198.0,SYNTH-MES-A,1
2024-03-13 13:22:00+00:00,4948.75,4949.0,4947.0,4947.0,203.0,SYNTH-MES-A,1
2024-03-13 13:23:00+00:00,4947.0,4947.0,4946.5,4947.0,185.0,SYNTH-MES-A,1
2024-03-13 13:24:00+00:00,4947.0,4947.5,4946.75,4947.5,194.0,SYNTH-MES-A,1
2024-03-13 13:25:00+00:00,4947.5,4947.5,4946.5,4946.75,201.0,SYNTH-MES-A,1
2024-03-13 13:26:00+00:00,4946.75,4947.5,4946.25,4947.25,190.0,SYNTH-MES-A,1
2024-03-13 13:27:00+00:00,4947.25,4949.0,4947.0,4947.0,210.0,SYNTH-MES-A,1
2024-03-13 13:28:00+00:00,4947.0,4947.0,4946.75,4947.0,212.0,SYNTH-MES-A,1
2024-03-13 13:29:00+00:00,4947.0,4947.5,4946.5,4946.5,229.0,SYNTH-MES-A,1
2024-03-13 13:30:00+00:00,4946.5,4948.75,4946.5,4947.5,890.0,SYNTH-MES-A,1
2024-03-13 13:31:00+00:00,4947.5,4947.5,4946.25,4947.5,913.0,SYNTH-MES-A,1
2024-03-13 13:32:00+00:00,4947.5,4948.0,4946.25,4947.25,928.0,SYNTH-MES-A,1
2024-03-13 13:33:00+00:00,4947.25,4948.25,4946.75,4948.0,894.0,SYNTH-MES-A,1
2024-03-13 13:34:00+00:00,4948.0,4948.5,4945.75,4946.75,891.0,SYNTH-MES-A,1
2024-03-13 13:35:00+00:00,4946.75,4948.0,4946.75,4947.75,894.0,SYNTH-MES-A,1
2024-03-13 13:36:00+00:00,4947.75,4949.5,4947.25,4949.25,890.0,SYNTH-MES-A,1
2024-03-13 13:37:00+00:00,4949.25,4949.75,4949.0,4949.75,920.0,SYNTH-MES-A,1
2024-03-13 13:38:00+00:00,4949.75,4951.0,4949.75,4950.75,919.0,SYNTH-MES-A,1
2024-03-13 13:39:00+00:00,4950.75,4950.75,4950.5,4950.75,933.0,SYNTH-MES-A,1
2024-03-13 13:40:00+00:00,4950.75,4951.75,4950.25,4951.0,941.0,SYNTH-MES-A,1
2024-03-13 13:41:00+00:00,4951.0,4952.5,4949.25,4949.5,930.0,SYNTH-MES-A,1
2024-03-13 13:42:00+00:00,4949.5,4949.75,4946.25,4946.25,884.0,SYNTH-MES-A,1
2024-03-13 13:43:00+00:00,4946.25,4947.0,4945.75,4946.5,889.0,SYNTH-MES-A,1
2024-03-13 13:44:00+00:00,4946.5,4949.0,4946.5,4948.0,943.0,SYNTH-MES-A,1
2024-03-13 13:45:00+00:00,4948.0,4949.5,4946.25,4947.0,913.0,SYNTH-MES-A,1
2024-03-13 13:46:00+00:00,4947.0,4948.0,4947.0,4947.0,893.0,SYNTH-MES-A,1
2024-03-13 13:47:00+00:00,4947.0,4949.5,4947.0,4947.5,894.0,SYNTH-MES-A,1
2024-03-13 13:48:00+00:00,4947.5,4948.75,4946.0,4946.5,905.0,SYNTH-MES-A,1
2024-03-13 13:49:00+00:00,4946.5,4947.0,4944.25,4946.0,925.0,SYNTH-MES-A,1
2024-03-13 13:50:00+00:00,4946.0,4946.0,4943.75,4944.5,912.0,SYNTH-MES-A,1
2024-03-13 13:51:00+00:00,4944.5,4944.75,4943.0,4943.5,943.0,SYNTH-MES-A,1
2024-03-13 13:52:00+00:00,4943.5,4944.0,4941.5,4942.25,875.0,SYNTH-MES-A,1
2024-03-13 13:53:00+00:00,4942.25,4942.5,4941.0,4941.0,907.0,SYNTH-MES-A,1
2024-03-13 13:54:00+00:00,4941.0,4943.5,4940.75,4942.75,935.0,SYNTH-MES-A,1
2024-03-13 13:55:00+00:00,4942.75,4943.5,4940.25,4941.0,927.0,SYNTH-MES-A,1
2024-03-13 13:56:00+00:00,4941.0,4941.75,4941.0,4941.5,918.0,SYNTH-MES-A,1
2024-03-13 13:57:00+00:00,4941.5,4944.0,4941.25,4943.75,912.0,SYNTH-MES-A,1
2024-03-13 13:58:00+00:00,4943.75,4944.0,4942.75,4943.25,881.0,SYNTH-MES-A,1
2024-03-13 13:59:00+00:00,4943.25,4944.75,4941.75,4942.25,882.0,SYNTH-MES-A,1
2024-03-13 14:00:00+00:00,4942.25,4942.75,4940.5,4941.0,890.0,SYNTH-MES-A,1
2024-03-13 14:01:00+00:00,4941.0,4942.5,4939.25,4942.0,877.0,SYNTH-MES-A,1
2024-03-13 14:02:00+00:00,4942.0,4942.75,4941.0,4942.25,901.0,SYNTH-MES-A,1
2024-03-13 14:03:00+00:00,4942.25,4942.25,4942.25,4942.25,894.0,SYNTH-MES-A,1
2024-03-13 14:04:00+00:00,4942.25,4944.75,4941.75,4943.5,854.0,SYNTH-MES-A,1
2024-03-13 14:05:00+00:00,4943.5,4943.5,4942.25,4942.75,918.0,SYNTH-MES-A,1
2024-03-13 14:06:00+00:00,4942.75,4943.75,4942.5,4943.25,892.0,SYNTH-MES-A,1
2024-03-13 14:07:00+00:00,4943.25,4944.25,4943.0,4944.25,872.0,SYNTH-MES-A,1
2024-03-13 14:08:00+00:00,4944.25,4945.25,4944.0,4944.75,911.0,SYNTH-MES-A,1
2024-03-13 14:09:00+00:00,4944.75,4947.25,4944.5,4944.75,971.0,SYNTH-MES-A,1
2024-03-13 14:10:00+00:00,4944.75,4947.25,4944.5,4947.0,883.0,SYNTH-MES-A,1
2024-03-13 14:11:00+00:00,4947.0,4947.5,4945.0,4947.5,875.0,SYNTH-MES-A,1
2024-03-13 14:12:00+00:00,4947.5,4947.75,4947.0,4947.0,895.0,SYNTH-MES-A,1
2024-03-13 14:13:00+00:00,4947.0,4947.5,4944.5,4944.75,904.0,SYNTH-MES-A,1
2024-03-13 14:14:00+00:00,4944.75,4945.25,4941.5,4941.75,883.0,SYNTH-MES-A,1
2024-03-13 14:15:00+00:00,4941.75,4944.75,4941.5,4944.25,907.0,SYNTH-MES-A,1
2024-03-13 14:16:00+00:00,4944.25,4947.5,4943.5,4947.0,887.0,SYNTH-MES-A,1
2024-03-13 14:17:00+00:00,4947.0,4947.75,4946.5,4947.25,916.0,SYNTH-MES-A,1
2024-03-13 14:18:00+00:00,4947.25,4947.5,4946.25,4946.5,932.0,SYNTH-MES-A,1
2024-03-13 14:19:00+00:00,4946.5,4948.25,4946.25,4946.5,906.0,SYNTH-MES-A,1
2024-03-13 14:20:00+00:00,4946.5,4949.25,4946.0,4948.75,875.0,SYNTH-MES-A,1
2024-03-13 14:21:00+00:00,4948.75,4951.25,4948.75,4948.75,872.0,SYNTH-MES-A,1
2024-03-13 14:22:00+00:00,4948.75,4948.75,4947.75,4947.75,897.0,SYNTH-MES-A,1
2024-03-13 14:23:00+00:00,4947.75,4948.5,4947.0,4948.25,906.0,SYNTH-MES-A,1
2024-03-13 14:24:00+00:00,4948.25,4950.75,4948.0,4950.75,885.0,SYNTH-MES-A,1
2024-03-13 14:25:00+00:00,4950.75,4952.5,4950.5,4951.0,890.0,SYNTH-MES-A,1
2024-03-13 14:26:00+00:00,4951.0,4951.0,4949.25,4949.5,905.0,SYNTH-MES-A,1
2024-03-13 14:27:00+00:00,4949.5,4950.0,4948.5,4949.75,858.0,SYNTH-MES-A,1
2024-03-13 14:28:00+00:00,4949.75,4950.25,4949.25,4949.25,945.0,SYNTH-MES-A,1
2024-03-13 14:29:00+00:00,4949.25,4949.5,4948.25,4948.75,958.0,SYNTH-MES-A,1
2024-03-13 14:30:00+00:00,4948.75,4951.0,4948.75,4950.5,975.0,SYNTH-MES-A,1
2024-03-13 14:31:00+00:00,4950.5,4951.0,4950.25,4950.75,861.0,SYNTH-MES-A,1
2024-03-13 14:32:00+00:00,4950.75,4950.75,4950.5,4950.5,862.0,SYNTH-MES-A,1
2024-03-13 14:33:00+00:00,4950.5,4952.5,4949.75,4952.0,907.0,SYNTH-MES-A,1
2024-03-13 14:34:00+00:00,4952.0,4953.0,4951.75,4952.75,997.0,SYNTH-MES-A,1
2024-03-13 14:35:00+00:00,4952.75,4954.0,4951.75,4953.5,936.0,SYNTH-MES-A,1
2024-03-13 14:36:00+00:00,4953.5,4954.0,4951.75,4952.25,833.0,SYNTH-MES-A,1
2024-03-13 14:37:00+00:00,4952.25,4952.5,4951.0,4951.75,925.0,SYNTH-MES-A,1
2024-03-13 14:38:00+00:00,4951.75,4952.0,4949.75,4950.0,903.0,SYNTH-MES-A,1
2024-03-13 14:39:00+00:00,4950.0,4950.25,4949.0,4949.75,896.0,SYNTH-MES-A,1
2024-03-13 14:40:00+00:00,4949.75,4951.5,4949.0,4950.75,894.0,SYNTH-MES-A,1
2024-03-13 14:41:00+00:00,4950.75,4951.25,4950.0,4951.25,879.0,SYNTH-MES-A,1
2024-03-13 14:42:00+00:00,4951.25,4952.75,4951.25,4951.25,952.0,SYNTH-MES-A,1
2024-03-13 14:43:00+00:00,4951.25,4953.75,4951.0,4952.5,895.0,SYNTH-MES-A,1
2024-03-13 14:44:00+00:00,4952.5,4956.25,4952.25,4956.25,939.0,SYNTH-MES-A,1
2024-03-13 14:45:00+00:00,4956.25,4956.5,4955.0,4955.25,935.0,SYNTH-MES-A,1
2024-03-13 14:46:00+00:00,4955.25,4958.0,4952.0,4958.0,973.0,SYNTH-MES-A,1
2024-03-13 14:47:00+00:00,4958.0,4958.75,4956.75,4958.25,948.0,SYNTH-MES-A,1
2024-03-13 14:48:00+00:00,4958.25,4958.75,4956.0,4956.75,898.0,SYNTH-MES-A,1
2024-03-13 14:49:00+00:00,4956.75,4958.25,4956.5,4957.75,881.0,SYNTH-MES-A,1
2024-03-13 14:50:00+00:00,4957.75,4960.0,4957.5,4958.75,894.0,SYNTH-MES-A,1
2024-03-13 14:51:00+00:00,4958.75,4961.0,4958.25,4960.75,890.0,SYNTH-MES-A,1
2024-03-13 14:52:00+00:00,4960.75,4961.25,4959.75,4960.0,926.0,SYNTH-MES-A,1
2024-03-13 14:53:00+00:00,4960.0,4961.5,4959.25,4959.25,889.0,SYNTH-MES-A,1
2024-03-13 14:54:00+00:00,4959.25,4960.0,4958.25,4958.5,909.0,SYNTH-MES-A,1
2024-03-13 14:55:00+00:00,4958.5,4958.75,4956.75,4957.5,892.0,SYNTH-MES-A,1
2024-03-13 14:56:00+00:00,4957.5,4957.75,4956.25,4956.25,913.0,SYNTH-MES-A,1
2024-03-13 14:57:00+00:00,4956.25,4956.75,4956.0,4956.25,845.0,SYNTH-MES-A,1
2024-03-13 14:58:00+00:00,4956.25,4957.75,4953.75,4955.0,854.0,SYNTH-MES-A,1
2024-03-13 14:59:00+00:00,4955.0,4955.5,4954.5,4955.0,831.0,SYNTH-MES-A,1
2024-03-13 15:00:00+00:00,4955.0,4955.25,4955.0,4955.0,945.0,SYNTH-MES-A,1
2024-03-13 15:01:00+00:00,4955.0,4956.25,4954.5,4955.75,900.0,SYNTH-MES-A,1
2024-03-13 15:02:00+00:00,4955.75,4955.75,4954.75,4955.5,927.0,SYNTH-MES-A,1
2024-03-13 15:03:00+00:00,4955.5,4955.5,4951.0,4953.5,877.0,SYNTH-MES-A,1
2024-03-13 15:04:00+00:00,4953.5,4954.75,4953.5,4954.25,939.0,SYNTH-MES-A,1
2024-03-13 15:05:00+00:00,4954.25,4955.75,4954.25,4955.75,831.0,SYNTH-MES-A,1
2024-03-13 15:06:00+00:00,4955.75,4956.75,4955.25,4956.75,861.0,SYNTH-MES-A,1
2024-03-13 15:07:00+00:00,4956.75,4960.75,4956.5,4960.5,876.0,SYNTH-MES-A,1
2024-03-13 15:08:00+00:00,4960.5,4963.0,4960.25,4962.5,922.0,SYNTH-MES-A,1
2024-03-13 15:09:00+00:00,4962.5,4965.75,4959.5,4960.75,914.0,SYNTH-MES-A,1
2024-03-13 15:10:00+00:00,4960.75,4963.0,4960.5,4962.0,918.0,SYNTH-MES-A,1
2024-03-13 15:11:00+00:00,4962.0,4962.75,4961.5,4962.75,894.0,SYNTH-MES-A,1
2024-03-13 15:12:00+00:00,4962.75,4966.5,4962.75,4966.0,891.0,SYNTH-MES-A,1
2024-03-13 15:13:00+00:00,4966.0,4968.75,4965.75,4968.25,898.0,SYNTH-MES-A,1
2024-03-13 15:14:00+00:00,4968.25,4968.5,4965.5,4966.25,921.0,SYNTH-MES-A,1
2024-03-13 15:15:00+00:00,4966.25,4966.5,4966.25,4966.5,889.0,SYNTH-MES-A,1
2024-03-13 15:16:00+00:00,4966.5,4966.75,4965.75,4966.5,889.0,SYNTH-MES-A,1
2024-03-13 15:17:00+00:00,4966.5,4966.75,4965.0,4965.5,903.0,SYNTH-MES-A,1
2024-03-13 15:18:00+00:00,4965.5,4966.25,4962.5,4966.0,914.0,SYNTH-MES-A,1
2024-03-13 15:19:00+00:00,4966.0,4966.25,4962.5,4963.5,860.0,SYNTH-MES-A,1
2024-03-13 15:20:00+00:00,4963.5,4964.25,4963.5,4964.0,883.0,SYNTH-MES-A,1
2024-03-13 15:21:00+00:00,4964.0,4964.25,4962.5,4964.0,897.0,SYNTH-MES-A,1
2024-03-13 15:22:00+00:00,4964.0,4965.0,4963.0,4963.25,911.0,SYNTH-MES-A,1
2024-03-13 15:23:00+00:00,4963.25,4963.5,4961.25,4962.75,913.0,SYNTH-MES-A,1
2024-03-13 15:24:00+00:00,4962.75,4963.25,4961.75,4963.25,857.0,SYNTH-MES-A,1
2024-03-13 15:25:00+00:00,4963.25,4963.5,4960.75,4962.5,930.0,SYNTH-MES-A,1
2024-03-13 15:26:00+00:00,4962.5,4964.5,4962.0,4964.5,910.0,SYNTH-MES-A,1
2024-03-13 15:27:00+00:00,4964.5,4968.5,4964.5,4968.25,878.0,SYNTH-MES-A,1
2024-03-13 15:28:00+00:00,4968.25,4968.5,4967.25,4967.5,911.0,SYNTH-MES-A,1
2024-03-13 15:29:00+00:00,4967.5,4969.5,4966.75,4969.25,849.0,SYNTH-MES-A,1
2024-03-13 15:30:00+00:00,4969.25,4969.5,4968.5,4969.25,909.0,SYNTH-MES-A,1
2024-03-13 15:31:00+00:00,4969.25,4969.25,4968.25,4968.75,908.0,SYNTH-MES-A,1
2024-03-13 15:32:00+00:00,4968.75,4969.25,4966.5,4966.5,910.0,SYNTH-MES-A,1
2024-03-13 15:33:00+00:00,4966.5,4967.5,4964.25,4967.5,886.0,SYNTH-MES-A,1
2024-03-13 15:34:00+00:00,4967.5,4967.75,4965.75,4967.5,959.0,SYNTH-MES-A,1
2024-03-13 15:35:00+00:00,4967.5,4967.5,4964.75,4965.0,922.0,SYNTH-MES-A,1
2024-03-13 15:36:00+00:00,4965.0,4966.5,4964.75,4964.75,894.0,SYNTH-MES-A,1
2024-03-13 15:37:00+00:00,4964.75,4965.25,4964.25,4965.25,879.0,SYNTH-MES-A,1
2024-03-13 15:38:00+00:00,4965.25,4967.0,4964.25,4966.75,936.0,SYNTH-MES-A,1
2024-03-13 15:39:00+00:00,4966.75,4968.0,4966.75,4966.75,922.0,SYNTH-MES-A,1
2024-03-13 15:40:00+00:00,4966.75,4967.0,4964.75,4965.25,868.0,SYNTH-MES-A,1
2024-03-13 15:41:00+00:00,4965.25,4967.5,4965.25,4967.25,880.0,SYNTH-MES-A,1
2024-03-13 15:42:00+00:00,4967.25,4968.5,4966.5,4966.75,902.0,SYNTH-MES-A,1
2024-03-13 15:43:00+00:00,4966.75,4967.5,4965.75,4966.25,937.0,SYNTH-MES-A,1
2024-03-13 15:44:00+00:00,4966.25,4968.25,4964.0,4965.75,871.0,SYNTH-MES-A,1
2024-03-13 15:45:00+00:00,4965.75,4966.5,4964.75,4965.5,902.0,SYNTH-MES-A,1
2024-03-13 15:46:00+00:00,4965.5,4965.5,4963.25,4964.25,887.0,SYNTH-MES-A,1
2024-03-13 15:47:00+00:00,4964.25,4965.75,4964.25,4965.5,871.0,SYNTH-MES-A,1
2024-03-13 15:48:00+00:00,4965.5,4966.5,4964.75,4966.5,862.0,SYNTH-MES-A,1
2024-03-13 15:49:00+00:00,4966.5,4966.5,4964.25,4964.25,928.0,SYNTH-MES-A,1
2024-03-13 15:50:00+00:00,4964.25,4964.75,4964.25,4964.5,888.0,SYNTH-MES-A,1
2024-03-13 15:51:00+00:00,4964.5,4966.0,4964.5,4965.5,918.0,SYNTH-MES-A,1
2024-03-13 15:52:00+00:00,4965.5,4966.25,4965.25,4966.0,886.0,SYNTH-MES-A,1
2024-03-13 15:53:00+00:00,4966.0,4967.25,4965.0,4965.25,878.0,SYNTH-MES-A,1
2024-03-13 15:54:00+00:00,4965.25,4966.25,4963.25,4965.5,867.0,SYNTH-MES-A,1
2024-03-13 15:55:00+00:00,4965.5,4966.75,4965.5,4966.25,854.0,SYNTH-MES-A,1
2024-03-13 15:56:00+00:00,4966.25,4970.25,4965.75,4970.0,941.0,SYNTH-MES-A,1
2024-03-13 15:57:00+00:00,4970.0,4971.75,4969.5,4971.0,872.0,SYNTH-MES-A,1
2024-03-13 15:58:00+00:00,4971.0,4972.5,4970.75,4972.25,865.0,SYNTH-MES-A,1
2024-03-13 15:59:00+00:00,4972.25,4973.75,4971.75,4973.5,899.0,SYNTH-MES-A,1
2024-03-13 16:00:00+00:00,4973.5,4974.0,4972.5,4972.75,892.0,SYNTH-MES-A,1
2024-03-13 16:01:00+00:00,4972.75,4973.75,4972.0,4973.75,892.0,SYNTH-MES-A,1
2024-03-13 16:02:00+00:00,4973.75,4975.25,4973.0,4975.25,856.0,SYNTH-MES-A,1
2024-03-13 16:03:00+00:00,4975.25,4976.75,4974.5,4976.5,909.0,SYNTH-MES-A,1
2024-03-13 16:04:00+00:00,4976.5,4976.75,4975.75,4976.0,888.0,SYNTH-MES-A,1
2024-03-13 16:05:00+00:00,4976.0,4980.25,4976.0,4978.75,899.0,SYNTH-MES-A,1
2024-03-13 16:06:00+00:00,4978.75,4978.75,4978.25,4978.25,933.0,SYNTH-MES-A,1
2024-03-13 16:07:00+00:00,4978.25,4978.75,4975.5,4976.0,927.0,SYNTH-MES-A,1
2024-03-13 16:08:00+00:00,4976.0,4977.75,4975.0,4975.0,887.0,SYNTH-MES-A,1
2024-03-13 16:09:00+00:00,4975.0,4975.75,4973.25,4974.0,860.0,SYNTH-MES-A,1
2024-03-13 16:10:00+00:00,4974.0,4975.25,4973.75,4975.0,1009.0,SYNTH-MES-A,1
2024-03-13 16:11:00+00:00,4975.0,4976.0,4974.25,4974.25,910.0,SYNTH-MES-A,1
2024-03-13 16:12:00+00:00,4974.25,4974.25,4971.75,4974.25,877.0,SYNTH-MES-A,1
2024-03-13 16:13:00+00:00,4974.25,4976.25,4973.5,4974.75,838.0,SYNTH-MES-A,1
2024-03-13 16:14:00+00:00,4974.75,4976.75,4974.5,4975.5,892.0,SYNTH-MES-A,1
2024-03-13 16:15:00+00:00,4975.5,4975.5,4974.5,4974.75,988.0,SYNTH-MES-A,1
2024-03-13 16:16:00+00:00,4974.75,4975.25,4973.5,4974.0,933.0,SYNTH-MES-A,1
2024-03-13 16:17:00+00:00,4974.0,4975.25,4973.25,4973.5,977.0,SYNTH-MES-A,1
2024-03-13 16:18:00+00:00,4973.5,4974.25,4973.5,4974.0,856.0,SYNTH-MES-A,1
2024-03-13 16:19:00+00:00,4974.0,4974.5,4972.75,4973.25,903.0,SYNTH-MES-A,1
2024-03-13 16:20:00+00:00,4973.25,4974.0,4970.0,4970.25,904.0,SYNTH-MES-A,1
2024-03-13 16:21:00+00:00,4970.25,4972.5,4970.25,4972.25,921.0,SYNTH-MES-A,1
2024-03-13 16:22:00+00:00,4972.25,4972.75,4972.0,4972.25,906.0,SYNTH-MES-A,1
2024-03-13 16:23:00+00:00,4972.25,4972.75,4971.5,4972.0,887.0,SYNTH-MES-A,1
2024-03-13 16:24:00+00:00,4972.0,4972.75,4967.5,4969.25,929.0,SYNTH-MES-A,1
2024-03-13 16:25:00+00:00,4969.25,4970.0,4969.25,4969.5,901.0,SYNTH-MES-A,1
2024-03-13 16:26:00+00:00,4969.5,4971.0,4968.75,4970.25,951.0,SYNTH-MES-A,1
2024-03-13 16:27:00+00:00,4970.25,4972.75,4970.25,4972.25,890.0,SYNTH-MES-A,1
2024-03-13 16:28:00+00:00,4972.25,4973.25,4970.75,4973.0,858.0,SYNTH-MES-A,1
2024-03-13 16:29:00+00:00,4973.0,4973.75,4970.5,4970.5,904.0,SYNTH-MES-A,1
2024-03-13 16:30:00+00:00,4970.5,4970.75,4969.0,4969.75,888.0,SYNTH-MES-A,1
2024-03-13 16:31:00+00:00,4969.75,4971.75,4969.25,4971.5,883.0,SYNTH-MES-A,1
2024-03-13 16:32:00+00:00,4971.5,4973.0,4971.0,4972.0,903.0,SYNTH-MES-A,1
2024-03-13 16:33:00+00:00,4972.0,4972.75,4972.0,4972.5,895.0,SYNTH-MES-A,1
2024-03-13 16:34:00+00:00,4972.5,4974.0,4970.75,4970.75,911.0,SYNTH-MES-A,1
2024-03-13 16:35:00+00:00,4970.75,4972.25,4970.5,4971.5,894.0,SYNTH-MES-A,1
2024-03-13 16:36:00+00:00,4971.5,4971.75,4970.5,4970.75,862.0,SYNTH-MES-A,1
2024-03-13 16:37:00+00:00,4970.75,4971.75,4967.75,4969.5,918.0,SYNTH-MES-A,1
2024-03-13 16:38:00+00:00,4969.5,4971.0,4969.5,4970.5,918.0,SYNTH-MES-A,1
2024-03-13 16:39:00+00:00,4970.5,4973.5,4970.25,4973.5,865.0,SYNTH-MES-A,1
2024-03-13 16:40:00+00:00,4973.5,4974.5,4973.0,4974.0,922.0,SYNTH-MES-A,1
2024-03-13 16:41:00+00:00,4974.0,4974.0,4972.0,4973.0,899.0,SYNTH-MES-A,1
2024-03-13 16:42:00+00:00,4973.0,4973.25,4971.0,4972.25,930.0,SYNTH-MES-A,1
2024-03-13 16:43:00+00:00,4972.25,4973.5,4972.25,4973.25,864.0,SYNTH-MES-A,1
2024-03-13 16:44:00+00:00,4973.25,4973.25,4973.25,4973.25,889.0,SYNTH-MES-A,1
2024-03-13 16:45:00+00:00,4973.25,4973.5,4972.5,4972.5,960.0,SYNTH-MES-A,1
2024-03-13 16:46:00+00:00,4972.5,4972.75,4970.5,4970.5,848.0,SYNTH-MES-A,1
2024-03-13 16:47:00+00:00,4970.5,4970.75,4969.75,4970.75,910.0,SYNTH-MES-A,1
2024-03-13 16:48:00+00:00,4970.75,4971.5,4967.25,4967.25,887.0,SYNTH-MES-A,1
2024-03-13 16:49:00+00:00,4967.25,4968.0,4967.25,4967.75,916.0,SYNTH-MES-A,1
2024-03-13 16:50:00+00:00,4967.75,4968.0,4963.0,4966.5,905.0,SYNTH-MES-A,1
2024-03-13 16:51:00+00:00,4966.5,4967.75,4966.25,4967.75,896.0,SYNTH-MES-A,1
2024-03-13 16:52:00+00:00,4967.75,4968.75,4966.25,4966.75,870.0,SYNTH-MES-A,1
2024-03-13 16:53:00+00:00,4966.75,4967.75,4965.75,4966.0,946.0,SYNTH-MES-A,1
2024-03-13 16:54:00+00:00,4966.0,4967.5,4964.75,4966.75,906.0,SYNTH-MES-A,1
2024-03-13 16:55:00+00:00,4966.75,4968.5,4965.75,4968.25,960.0,SYNTH-MES-A,1
2024-03-13 16:56:00+00:00,4968.25,4969.5,4967.75,4967.75,882.0,SYNTH-MES-A,1
2024-03-13 16:57:00+00:00,4967.75,4968.5,4967.25,4967.75,908.0,SYNTH-MES-A,1
2024-03-13 16:58:00+00:00,4967.75,4968.5,4966.25,4966.75,941.0,SYNTH-MES-A,1
2024-03-13 16:59:00+00:00,4966.75,4967.25,4964.5,4965.25,899.0,SYNTH-MES-A,1
2024-03-13 17:00:00+00:00,4965.25,4966.5,4965.25,4965.75,930.0,SYNTH-MES-A,1
2024-03-13 17:01:00+00:00,4965.75,4966.0,4964.75,4965.5,885.0,SYNTH-MES-A,1
2024-03-13 17:02:00+00:00,4965.5,4969.75,4963.5,4967.75,859.0,SYNTH-MES-A,1
2024-03-13 17:03:00+00:00,4967.75,4969.5,4967.75,4969.5,922.0,SYNTH-MES-A,1
2024-03-13 17:04:00+00:00,4969.5,4974.25,4968.0,4971.75,889.0,SYNTH-MES-A,1
2024-03-13 17:05:00+00:00,4971.75,4972.75,4971.25,4972.75,900.0,SYNTH-MES-A,1
2024-03-13 17:06:00+00:00,4972.75,4973.5,4971.25,4972.25,870.0,SYNTH-MES-A,1
2024-03-13 17:07:00+00:00,4972.25,4973.5,4972.0,4972.75,918.0,SYNTH-MES-A,1
2024-03-13 17:08:00+00:00,4972.75,4975.0,4970.25,4970.25,843.0,SYNTH-MES-A,1
2024-03-13 17:09:00+00:00,4970.25,4971.5,4968.25,4968.5,936.0,SYNTH-MES-A,1
2024-03-13 17:10:00+00:00,4968.5,4969.5,4968.5,4969.0,901.0,SYNTH-MES-A,1
2024-03-13 17:11:00+00:00,4969.0,4970.5,4968.75,4969.5,945.0,SYNTH-MES-A,1
2024-03-13 17:12:00+00:00,4969.5,4971.0,4968.5,4968.75,829.0,SYNTH-MES-A,1
2024-03-13 17:13:00+00:00,4968.75,4968.75,4962.5,4966.25,895.0,SYNTH-MES-A,1
2024-03-13 17:14:00+00:00,4966.25,4966.25,4966.0,4966.25,919.0,SYNTH-MES-A,1
2024-03-13 17:15:00+00:00,4966.25,4968.5,4965.5,4968.25,896.0,SYNTH-MES-A,1
2024-03-13 17:16:00+00:00,4968.25,4970.5,4966.75,4969.75,874.0,SYNTH-MES-A,1
2024-03-13 17:17:00+00:00,4969.75,4970.0,4967.75,4968.25,877.0,SYNTH-MES-A,1
2024-03-13 17:18:00+00:00,4968.25,4971.75,4968.25,4971.25,931.0,SYNTH-MES-A,1
2024-03-13 17:19:00+00:00,4971.25,4973.0,4971.0,4972.75,882.0,SYNTH-MES-A,1
2024-03-13 17:20:00+00:00,4972.75,4972.75,4971.25,4971.5,903.0,SYNTH-MES-A,1
2024-03-13 17:21:00+00:00,4971.5,4974.25,4971.25,4973.25,923.0,SYNTH-MES-A,1
2024-03-13 17:22:00+00:00,4973.25,4974.25,4972.75,4973.75,935.0,SYNTH-MES-A,1
2024-03-13 17:23:00+00:00,4973.75,4975.5,4973.5,4974.75,871.0,SYNTH-MES-A,1
2024-03-13 17:24:00+00:00,4974.75,4976.75,4974.5,4976.75,885.0,SYNTH-MES-A,1
2024-03-13 17:25:00+00:00,4976.75,4976.75,4976.0,4976.5,922.0,SYNTH-MES-A,1
2024-03-13 17:26:00+00:00,4976.5,4977.25,4975.0,4976.75,889.0,SYNTH-MES-A,1
2024-03-13 17:27:00+00:00,4976.75,4976.75,4974.5,4975.5,884.0,SYNTH-MES-A,1
2024-03-13 17:28:00+00:00,4975.5,4976.25,4974.5,4975.25,906.0,SYNTH-MES-A,1
2024-03-13 17:29:00+00:00,4975.25,4976.25,4975.25,4976.0,915.0,SYNTH-MES-A,1
2024-03-13 17:30:00+00:00,4976.0,4979.75,4975.75,4979.75,904.0,SYNTH-MES-A,1
2024-03-13 17:31:00+00:00,4979.75,4981.75,4979.5,4981.25,932.0,SYNTH-MES-A,1
2024-03-13 17:32:00+00:00,4981.25,4982.0,4979.75,4980.0,869.0,SYNTH-MES-A,1
2024-03-13 17:33:00+00:00,4980.0,4981.0,4979.25,4980.75,935.0,SYNTH-MES-A,1
2024-03-13 17:34:00+00:00,4980.75,4981.75,4980.25,4981.75,870.0,SYNTH-MES-A,1
2024-03-13 17:35:00+00:00,4981.75,4984.0,4981.75,4983.0,889.0,SYNTH-MES-A,1
2024-03-13 17:36:00+00:00,4983.0,4985.0,4982.5,4984.5,905.0,SYNTH-MES-A,1
2024-03-13 17:37:00+00:00,4984.5,4986.0,4984.5,4985.5,918.0,SYNTH-MES-A,1
2024-03-13 17:38:00+00:00,4985.5,4987.0,4984.5,4986.5,888.0,SYNTH-MES-A,1
2024-03-13 17:39:00+00:00,4986.5,4987.5,4985.5,4986.0,949.0,SYNTH-MES-A,1
2024-03-13 17:40:00+00:00,4986.0,4988.0,4985.0,4987.25,930.0,SYNTH-MES-A,1
2024-03-13 17:41:00+00:00,4987.25,4989.0,4987.0,4988.5,876.0,SYNTH-MES-A,1
2024-03-13 17:42:00+00:00,4988.5,4991.5,4988.5,4991.5,913.0,SYNTH-MES-A,1
2024-03-13 17:43:00+00:00,4991.5,4992.75,4988.25,4988.5,926.0,SYNTH-MES-A,1
2024-03-13 17:44:00+00:00,4988.5,4989.5,4988.25,4989.5,890.0,SYNTH-MES-A,1
2024-03-13 17:45:00+00:00,4989.5,4990.25,4987.25,4988.75,887.0,SYNTH-MES-A,1
2024-03-13 17:46:00+00:00,4988.75,4988.75,4987.5,4988.0,977.0,SYNTH-MES-A,1
2024-03-13 17:47:00+00:00,4988.0,4988.25,4985.5,4985.75,949.0,SYNTH-MES-A,1
2024-03-13 17:48:00+00:00,4985.75,4987.75,4985.5,4987.5,882.0,SYNTH-MES-A,1
2024-03-13 17:49:00+00:00,4987.5,4987.75,4987.0,4987.75,892.0,SYNTH-MES-A,1
2024-03-13 17:50:00+00:00,4987.75,4988.5,4987.5,4988.0,871.0,SYNTH-MES-A,1
2024-03-13 17:51:00+00:00,4988.0,4988.25,4985.75,4986.75,952.0,SYNTH-MES-A,1
2024-03-13 17:52:00+00:00,4986.75,4987.0,4985.75,4986.0,931.0,SYNTH-MES-A,1
2024-03-13 17:53:00+00:00,4986.0,4986.25,4982.75,4984.0,900.0,SYNTH-MES-A,1
2024-03-13 17:54:00+00:00,4984.0,4984.25,4982.0,4982.25,906.0,SYNTH-MES-A,1
2024-03-13 17:55:00+00:00,4982.25,4982.5,4981.75,4982.0,957.0,SYNTH-MES-A,1
2024-03-13 17:56:00+00:00,4982.0,4984.25,4981.75,4984.25,910.0,SYNTH-MES-A,1
2024-03-13 17:57:00+00:00,4984.25,4985.5,4982.75,4982.75,955.0,SYNTH-MES-A,1
2024-03-13 17:58:00+00:00,4982.75,4982.75,4981.5,4982.25,911.0,SYNTH-MES-A,1
2024-03-13 17:59:00+00:00,4982.25,4985.5,4982.25,4984.75,930.0,SYNTH-MES-A,1
2024-03-13 18:00:00+00:00,4984.75,4985.25,4983.0,4983.75,918.0,SYNTH-MES-A,1
2024-03-13 18:01:00+00:00,4983.75,4984.0,4981.5,4981.75,907.0,SYNTH-MES-A,1
2024-03-13 18:02:00+00:00,4981.75,4982.75,4979.25,4981.25,914.0,SYNTH-MES-A,1
2024-03-13 18:03:00+00:00,4981.25,4981.75,4981.25,4981.75,894.0,SYNTH-MES-A,1
2024-03-13 18:04:00+00:00,4981.75,4982.5,4981.25,4981.25,968.0,SYNTH-MES-A,1
2024-03-13 18:05:00+00:00,4981.25,4983.75,4980.25,4980.75,894.0,SYNTH-MES-A,1
2024-03-13 18:06:00+00:00,4980.75,4981.25,4979.75,4980.5,917.0,SYNTH-MES-A,1
2024-03-13 18:07:00+00:00,4980.5,4980.5,4979.75,4980.25,921.0,SYNTH-MES-A,1
2024-03-13 18:08:00+00:00,4980.25,4980.75,4979.25,4980.0,929.0,SYNTH-MES-A,1
2024-03-13 18:09:00+00:00,4980.0,4984.5,4978.25,4984.5,883.0,SYNTH-MES-A,1
2024-03-13 18:10:00+00:00,4984.5,4984.75,4982.75,4984.0,888.0,SYNTH-MES-A,1
2024-03-13 18:11:00+00:00,4984.0,4987.25,4983.5,4985.75,903.0,SYNTH-MES-A,1
2024-03-13 18:12:00+00:00,4985.75,4986.25,4984.5,4984.5,951.0,SYNTH-MES-A,1
2024-03-13 18:13:00+00:00,4984.5,4984.75,4982.0,4983.25,940.0,SYNTH-MES-A,1
2024-03-13 18:14:00+00:00,4983.25,4984.25,4983.25,4984.25,906.0,SYNTH-MES-A,1
2024-03-13 18:15:00+00:00,4984.25,4986.75,4983.5,4986.75,879.0,SYNTH-MES-A,1
2024-03-13 18:16:00+00:00,4986.75,4987.0,4983.5,4985.0,946.0,SYNTH-MES-A,1
2024-03-13 18:17:00+00:00,4985.0,4988.5,4983.25,4985.5,936.0,SYNTH-MES-A,1
2024-03-13 18:18:00+00:00,4985.5,4987.5,4983.75,4986.75,888.0,SYNTH-MES-A,1
2024-03-13 18:19:00+00:00,4986.75,4988.75,4986.0,4986.25,912.0,SYNTH-MES-A,1
2024-03-13 18:20:00+00:00,4986.25,4989.25,4985.25,4986.25,921.0,SYNTH-MES-A,1
2024-03-13 18:21:00+00:00,4986.25,4986.5,4985.25,4986.5,904.0,SYNTH-MES-A,1
2024-03-13 18:22:00+00:00,4986.5,4988.0,4985.75,4987.75,937.0,SYNTH-MES-A,1
2024-03-13 18:23:00+00:00,4987.75,4987.75,4987.25,4987.5,851.0,SYNTH-MES-A,1
2024-03-13 18:24:00+00:00,4987.5,4990.0,4986.25,4989.0,841.0,SYNTH-MES-A,1
2024-03-13 18:25:00+00:00,4989.0,4991.0,4989.0,4989.0,895.0,SYNTH-MES-A,1
2024-03-13 18:26:00+00:00,4989.0,4989.25,4988.5,4988.75,918.0,SYNTH-MES-A,1
2024-03-13 18:27:00+00:00,4988.75,4989.25,4988.0,4988.5,893.0,SYNTH-MES-A,1
2024-03-13 18:28:00+00:00,4988.5,4989.25,4988.5,4989.0,840.0,SYNTH-MES-A,1
2024-03-13 18:29:00+00:00,4989.0,4989.75,4987.75,4987.75,944.0,SYNTH-MES-A,1
2024-03-13 18:30:00+00:00,4987.75,4988.0,4987.25,4987.5,859.0,SYNTH-MES-A,1
2024-03-13 18:31:00+00:00,4987.5,4991.25,4986.5,4990.5,846.0,SYNTH-MES-A,1
2024-03-13 18:32:00+00:00,4990.5,4992.25,4990.25,4991.5,913.0,SYNTH-MES-A,1
2024-03-13 18:33:00+00:00,4991.5,4993.25,4990.5,4993.0,887.0,SYNTH-MES-A,1
2024-03-13 18:34:00+00:00,4993.0,4993.75,4991.75,4992.25,868.0,SYNTH-MES-A,1
2024-03-13 18:35:00+00:00,4992.25,4993.5,4988.75,4989.25,909.0,SYNTH-MES-A,1
2024-03-13 18:36:00+00:00,4989.25,4989.75,4987.25,4987.75,878.0,SYNTH-MES-A,1
2024-03-13 18:37:00+00:00,4987.75,4987.75,4986.0,4986.0,887.0,SYNTH-MES-A,1
2024-03-13 18:38:00+00:00,4986.0,4987.0,4985.25,4985.5,921.0,SYNTH-MES-A,1
2024-03-13 18:39:00+00:00,4985.5,4986.25,4983.75,4984.75,911.0,SYNTH-MES-A,1
2024-03-13 18:40:00+00:00,4984.75,4985.25,4982.25,4983.0,923.0,SYNTH-MES-A,1
2024-03-13 18:41:00+00:00,4983.0,4986.0,4982.75,4985.75,856.0,SYNTH-MES-A,1
2024-03-13 18:42:00+00:00,4985.75,4986.0,4984.25,4985.25,861.0,SYNTH-MES-A,1
2024-03-13 18:43:00+00:00,4985.25,4985.5,4982.25,4985.0,889.0,SYNTH-MES-A,1
2024-03-13 18:44:00+00:00,4985.0,4986.25,4985.0,4986.0,917.0,SYNTH-MES-A,1
2024-03-13 18:45:00+00:00,4986.0,4986.5,4984.0,4984.75,922.0,SYNTH-MES-A,1
2024-03-13 18:46:00+00:00,4984.75,4986.5,4983.5,4984.0,887.0,SYNTH-MES-A,1
2024-03-13 18:47:00+00:00,4984.0,4984.0,4981.0,4982.0,880.0,SYNTH-MES-A,1
2024-03-13 18:48:00+00:00,4982.0,4982.75,4982.0,4982.75,877.0,SYNTH-MES-A,1
2024-03-13 18:49:00+00:00,4982.75,4982.75,4980.0,4980.25,906.0,SYNTH-MES-A,1
2024-03-13 18:50:00+00:00,4980.25,4981.0,4977.75,4978.5,910.0,SYNTH-MES-A,1
2024-03-13 18:51:00+00:00,4978.5,4979.75,4976.5,4979.25,923.0,SYNTH-MES-A,1
2024-03-13 18:52:00+00:00,4979.25,4980.25,4974.25,4975.5,919.0,SYNTH-MES-A,1
2024-03-13 18:53:00+00:00,4975.5,4975.5,4974.25,4974.25,862.0,SYNTH-MES-A,1
2024-03-13 18:54:00+00:00,4974.25,4974.5,4972.5,4974.0,899.0,SYNTH-MES-A,1
2024-03-13 18:55:00+00:00,4974.0,4978.0,4971.5,4978.0,843.0,SYNTH-MES-A,1
2024-03-13 18:56:00+00:00,4978.0,4981.25,4977.75,4980.0,870.0,SYNTH-MES-A,1
2024-03-13 18:57:00+00:00,4980.0,4981.75,4979.5,4981.5,857.0,SYNTH-MES-A,1
2024-03-13 18:58:00+00:00,4981.5,4981.5,4979.5,4979.5,925.0,SYNTH-MES-A,1
2024-03-13 18:59:00+00:00,4979.5,4979.5,4978.75,4979.0,906.0,SYNTH-MES-A,1
2024-03-13 19:00:00+00:00,4979.0,4981.25,4978.75,4980.75,888.0,SYNTH-MES-A,1
2024-03-13 19:01:00+00:00,4980.75,4981.5,4977.75,4978.75,908.0,SYNTH-MES-A,1
2024-03-13 19:02:00+00:00,4978.75,4978.75,4976.75,4978.25,934.0,SYNTH-MES-A,1
2024-03-13 19:03:00+00:00,4978.25,4978.5,4975.0,4975.25,871.0,SYNTH-MES-A,1
2024-03-13 19:04:00+00:00,4975.25,4975.75,4974.25,4974.25,887.0,SYNTH-MES-A,1
2024-03-13 19:05:00+00:00,4974.25,4974.75,4972.0,4972.75,903.0,SYNTH-MES-A,1
2024-03-13 19:06:00+00:00,4972.75,4973.0,4972.0,4972.25,953.0,SYNTH-MES-A,1
2024-03-13 19:07:00+00:00,4972.25,4972.75,4971.25,4972.5,885.0,SYNTH-MES-A,1
2024-03-13 19:08:00+00:00,4972.5,4974.25,4971.75,4972.0,911.0,SYNTH-MES-A,1
2024-03-13 19:09:00+00:00,4972.0,4972.25,4969.0,4969.25,922.0,SYNTH-MES-A,1
2024-03-13 19:10:00+00:00,4969.25,4969.5,4968.75,4969.25,842.0,SYNTH-MES-A,1
2024-03-13 19:11:00+00:00,4969.25,4970.75,4969.25,4970.5,915.0,SYNTH-MES-A,1
2024-03-13 19:12:00+00:00,4970.5,4971.0,4969.25,4970.25,895.0,SYNTH-MES-A,1
2024-03-13 19:13:00+00:00,4970.25,4970.5,4968.75,4970.5,858.0,SYNTH-MES-A,1
2024-03-13 19:14:00+00:00,4970.5,4971.0,4968.5,4968.5,938.0,SYNTH-MES-A,1
2024-03-13 19:15:00+00:00,4968.5,4968.5,4968.5,4968.5,952.0,SYNTH-MES-A,1
2024-03-13 19:16:00+00:00,4968.5,4969.25,4966.25,4967.25,893.0,SYNTH-MES-A,1
2024-03-13 19:17:00+00:00,4967.25,4969.75,4967.0,4968.5,905.0,SYNTH-MES-A,1
2024-03-13 19:18:00+00:00,4968.5,4971.25,4967.0,4969.5,891.0,SYNTH-MES-A,1
2024-03-13 19:19:00+00:00,4969.5,4970.0,4969.5,4970.0,933.0,SYNTH-MES-A,1
2024-03-13 19:20:00+00:00,4970.0,4970.0,4969.0,4969.25,898.0,SYNTH-MES-A,1
2024-03-13 19:21:00+00:00,4969.25,4970.25,4967.0,4967.25,936.0,SYNTH-MES-A,1
2024-03-13 19:22:00+00:00,4967.25,4967.25,4964.75,4964.75,890.0,SYNTH-MES-A,1
2024-03-13 19:23:00+00:00,4964.75,4966.25,4963.75,4965.5,924.0,SYNTH-MES-A,1
2024-03-13 19:24:00+00:00,4965.5,4965.75,4964.0,4964.5,930.0,SYNTH-MES-A,1
2024-03-13 19:25:00+00:00,4964.5,4965.5,4960.75,4960.75,908.0,SYNTH-MES-A,1
2024-03-13 19:26:00+00:00,4960.75,4961.25,4959.5,4960.0,893.0,SYNTH-MES-A,1
2024-03-13 19:27:00+00:00,4960.0,4960.75,4959.0,4959.5,890.0,SYNTH-MES-A,1
2024-03-13 19:28:00+00:00,4959.5,4960.0,4958.25,4959.25,887.0,SYNTH-MES-A,1
2024-03-13 19:29:00+00:00,4959.25,4959.25,4958.0,4958.25,891.0,SYNTH-MES-A,1
2024-03-13 19:30:00+00:00,4958.25,4958.5,4956.25,4956.25,911.0,SYNTH-MES-A,1
2024-03-13 19:31:00+00:00,4956.25,4957.5,4956.25,4957.25,931.0,SYNTH-MES-A,1
2024-03-13 19:32:00+00:00,4957.25,4958.75,4956.75,4958.0,892.0,SYNTH-MES-A,1
2024-03-13 19:33:00+00:00,4958.0,4960.0,4957.5,4959.5,891.0,SYNTH-MES-A,1
2024-03-13 19:34:00+00:00,4959.5,4960.0,4959.0,4959.25,862.0,SYNTH-MES-A,1
2024-03-13 19:35:00+00:00,4959.25,4962.25,4958.75,4961.0,870.0,SYNTH-MES-A,1
2024-03-13 19:36:00+00:00,4961.0,4961.5,4957.5,4958.25,920.0,SYNTH-MES-A,1
2024-03-13 19:37:00+00:00,4958.25,4962.25,4958.0,4961.25,886.0,SYNTH-MES-A,1
2024-03-13 19:38:00+00:00,4961.25,4961.25,4958.0,4958.75,893.0,SYNTH-MES-A,1
2024-03-13 19:39:00+00:00,4958.75,4960.0,4958.25,4958.5,956.0,SYNTH-MES-A,1
2024-03-13 19:40:00+00:00,4958.5,4960.0,4958.25,4960.0,906.0,SYNTH-MES-A,1
2024-03-13 19:41:00+00:00,4960.0,4960.75,4957.5,4958.0,906.0,SYNTH-MES-A,1
2024-03-13 19:42:00+00:00,4958.0,4961.75,4956.25,4960.5,864.0,SYNTH-MES-A,1
2024-03-13 19:43:00+00:00,4960.5,4961.25,4957.75,4959.25,907.0,SYNTH-MES-A,1
2024-03-13 19:44:00+00:00,4959.25,4959.75,4957.25,4958.5,886.0,SYNTH-MES-A,1
2024-03-13 19:45:00+00:00,4958.5,4959.25,4956.5,4956.5,922.0,SYNTH-MES-A,1
2024-03-13 19:46:00+00:00,4956.5,4957.0,4956.25,4956.25,853.0,SYNTH-MES-A,1
2024-03-13 19:47:00+00:00,4956.25,4958.5,4955.5,4958.5,875.0,SYNTH-MES-A,1
2024-03-13 19:48:00+00:00,4958.5,4958.5,4955.0,4955.0,909.0,SYNTH-MES-A,1
2024-03-13 19:49:00+00:00,4955.0,4955.0,4954.0,4954.25,922.0,SYNTH-MES-A,1
2024-03-13 19:50:00+00:00,4954.25,4955.0,4953.75,4955.0,899.0,SYNTH-MES-A,1
2024-03-13 19:51:00+00:00,4955.0,4955.25,4954.5,4955.0,900.0,SYNTH-MES-A,1
2024-03-13 19:52:00+00:00,4955.0,4955.25,4951.5,4952.0,894.0,SYNTH-MES-A,1
2024-03-13 19:53:00+00:00,4952.0,4953.5,4951.25,4953.25,920.0,SYNTH-MES-A,1
2024-03-13 19:54:00+00:00,4953.25,4954.75,4952.25,4953.75,899.0,SYNTH-MES-A,1
2024-03-13 19:55:00+00:00,4953.75,4955.75,4953.25,4955.0,899.0,SYNTH-MES-A,1
2024-03-13 19:56:00+00:00,4955.0,4957.5,4954.25,4957.0,872.0,SYNTH-MES-A,1
2024-03-13 19:57:00+00:00,4957.0,4958.5,4955.0,4955.0,920.0,SYNTH-MES-A,1
2024-03-13 19:58:00+00:00,4955.0,4955.5,4954.75,4955.0,853.0,SYNTH-MES-A,1
2024-03-13 19:59:00+00:00,4955.0,4956.25,4953.25,4956.25,912.0,SYNTH-MES-A,1
2024-03-13 20:00:00+00:00,4956.25,4956.5,4955.25,4955.75,204.0,SYNTH-MES-A,1
2024-03-13 20:01:00+00:00,4955.75,4956.75,4955.75,4956.75,203.0,SYNTH-MES-A,1
2024-03-13 20:02:00+00:00,4956.75,4957.5,4956.5,4957.25,219.0,SYNTH-MES-A,1
2024-03-13 20:03:00+00:00,4957.25,4958.5,4957.25,4958.5,204.0,SYNTH-MES-A,1
2024-03-13 20:04:00+00:00,4958.5,4959.25,4958.25,4959.0,204.0,SYNTH-MES-A,1
2024-03-13 20:05:00+00:00,4959.0,4959.25,4957.5,4957.75,209.0,SYNTH-MES-A,1
2024-03-13 20:06:00+00:00,4957.75,4958.25,4957.75,4958.0,209.0,SYNTH-MES-A,1
2024-03-13 20:07:00+00:00,4958.0,4958.0,4957.5,4958.0,171.0,SYNTH-MES-A,1
2024-03-13 20:08:00+00:00,4958.0,4959.25,4958.0,4959.25,193.0,SYNTH-MES-A,1
2024-03-13 20:09:00+00:00,4959.25,4959.75,4956.75,4958.0,169.0,SYNTH-MES-A,1
2024-03-13 20:10:00+00:00,4958.0,4958.75,4957.75,4958.75,231.0,SYNTH-MES-A,1
2024-03-13 20:11:00+00:00,4958.75,4958.75,4956.75,4957.0,254.0,SYNTH-MES-A,1
2024-03-13 20:12:00+00:00,4957.0,4957.25,4957.0,4957.25,208.0,SYNTH-MES-A,1
2024-03-13 20:13:00+00:00,4957.25,4957.75,4956.0,4956.25,219.0,SYNTH-MES-A,1
2024-03-13 20:14:00+00:00,4956.25,4958.0,4956.0,4957.25,193.0,SYNTH-MES-A,1
2024-03-13 20:15:00+00:00,4957.25,4957.25,4956.25,4956.75,219.0,SYNTH-MES-A,1
2024-03-13 20:16:00+00:00,4956.75,4957.5,4956.75,4957.5,216.0,SYNTH-MES-A,1
2024-03-13 20:17:00+00:00,4957.5,4958.0,4957.5,4958.0,212.0,SYNTH-MES-A,1
2024-03-13 20:18:00+00:00,4958.0,4959.5,4957.75,4959.25,199.0,SYNTH-MES-A,1
2024-03-13 20:19:00+00:00,4959.25,4959.25,4958.75,4959.0,236.0,SYNTH-MES-A,1
2024-03-13 20:20:00+00:00,4959.0,4959.5,4958.5,4958.5,166.0,SYNTH-MES-A,1
2024-03-13 20:21:00+00:00,4958.5,4958.75,4957.5,4957.5,205.0,SYNTH-MES-A,1
2024-03-13 20:22:00+00:00,4957.5,4958.5,4957.25,4958.0,189.0,SYNTH-MES-A,1
2024-03-13 20:23:00+00:00,4958.0,4959.0,4957.75,4958.75,192.0,SYNTH-MES-A,1
2024-03-13 20:24:00+00:00,4958.75,4959.0,4957.5,4957.5,205.0,SYNTH-MES-A,1
2024-03-13 20:25:00+00:00,4957.5,4958.5,4957.25,4958.25,184.0,SYNTH-MES-A,1
2024-03-13 20:26:00+00:00,4958.25,4958.75,4956.75,4957.0,195.0,SYNTH-MES-A,1
2024-03-13 20:27:00+00:00,4957.0,4958.25,4956.75,4958.25,203.0,SYNTH-MES-A,1
2024-03-13 20:28:00+00:00,4958.25,4958.25,4956.75,4956.75,195.0,SYNTH-MES-A,1
2024-03-13 20:29:00+00:00,4956.75,4956.75,4956.25,4956.5,217.0,SYNTH-MES-A,1
2024-03-13 20:30:00+00:00,4956.5,4957.5,4956.0,4957.25,178.0,SYNTH-MES-A,1
2024-03-13 20:31:00+00:00,4957.25,4957.5,4957.0,4957.25,192.0,SYNTH-MES-A,1
2024-03-13 20:32:00+00:00,4957.25,4957.25,4955.25,4955.75,205.0,SYNTH-MES-A,1
2024-03-13 20:33:00+00:00,4955.75,4955.75,4955.25,4955.25,198.0,SYNTH-MES-A,1
2024-03-13 20:34:00+00:00,4955.25,4956.25,4955.25,4956.25,201.0,SYNTH-MES-A,1
2024-03-13 20:35:00+00:00,4956.25,4956.75,4955.5,4956.0,189.0,SYNTH-MES-A,1
2024-03-13 20:36:00+00:00,4956.0,4956.25,4955.0,4955.25,179.0,SYNTH-MES-A,1
2024-03-13 20:37:00+00:00,4955.25,4955.25,4955.0,4955.0,169.0,SYNTH-MES-A,1
2024-03-13 20:38:00+00:00,4955.0,4955.75,4955.0,4955.0,211.0,SYNTH-MES-A,1
2024-03-13 20:39:00+00:00,4955.0,4956.0,4955.0,4955.75,202.0,SYNTH-MES-A,1
2024-03-13 20:40:00+00:00,4955.75,4955.75,4955.0,4955.0,203.0,SYNTH-MES-A,1
2024-03-13 20:41:00+00:00,4955.0,4955.25,4954.75,4955.0,203.0,SYNTH-MES-A,1
2024-03-13 20:42:00+00:00,4955.0,4955.0,4954.75,4954.75,214.0,SYNTH-MES-A,1
2024-03-13 20:43:00+00:00,4954.75,4955.0,4954.75,4955.0,203.0,SYNTH-MES-A,1
2024-03-13 20:44:00+00:00,4955.0,4955.5,4955.0,4955.5,208.0,SYNTH-MES-A,1
2024-03-13 20:45:00+00:00,4955.5,4956.25,4955.25,4955.75,214.0,SYNTH-MES-A,1
2024-03-13 20:46:00+00:00,4955.75,4955.75,4954.75,4954.75,205.0,SYNTH-MES-A,1
2024-03-13 20:47:00+00:00,4954.75,4954.75,4954.0,4954.0,190.0,SYNTH-MES-A,1
2024-03-13 20:48:00+00:00,4954.0,4954.25,4953.5,4953.5,204.0,SYNTH-MES-A,1
2024-03-13 20:49:00+00:00,4953.5,4954.0,4952.25,4952.75,197.0,SYNTH-MES-A,1
2024-03-13 20:50:00+00:00,4952.75,4954.0,4952.25,4953.25,221.0,SYNTH-MES-A,1
2024-03-13 20:51:00+00:00,4953.25,4953.25,4952.5,4952.5,219.0,SYNTH-MES-A,1
2024-03-13 20:52:00+00:00,4952.5,4954.25,4952.5,4953.75,219.0,SYNTH-MES-A,1
2024-03-13 20:53:00+00:00,4953.75,4953.75,4953.25,4953.25,210.0,SYNTH-MES-A,1
2024-03-13 20:54:00+00:00,4953.25,4953.75,4952.75,4953.0,220.0,SYNTH-MES-A,1
2024-03-13 20:55:00+00:00,4953.0,4953.0,4952.0,4952.0,183.0,SYNTH-MES-A,1
2024-03-13 20:56:00+00:00,4952.0,4953.0,4951.75,4952.5,198.0,SYNTH-MES-A,1
2024-03-13 20:57:00+00:00,4952.5,4954.0,4952.25,4953.25,206.0,SYNTH-MES-A,1
2024-03-13 20:58:00+00:00,4953.25,4953.25,4952.75,4952.75,203.0,SYNTH-MES-A,1
2024-03-13 20:59:00+00:00,4952.75,4953.25,4952.0,4952.5,204.0,SYNTH-MES-A,1
2024-03-13 22:00:00+00:00,4952.5,4952.5,4951.5,4952.0,211.0,SYNTH-MES-A,1
2024-03-13 22:01:00+00:00,4952.0,4952.0,4951.25,4951.75,206.0,SYNTH-MES-A,1
2024-03-13 22:02:00+00:00,4951.75,4952.5,4951.75,4952.5,164.0,SYNTH-MES-A,1
2024-03-13 22:03:00+00:00,4952.5,4953.0,4952.0,4953.0,188.0,SYNTH-MES-A,1
2024-03-13 22:04:00+00:00,4953.0,4953.25,4952.75,4953.25,207.0,SYNTH-MES-A,1
2024-03-13 22:05:00+00:00,4953.25,4954.0,4952.0,4954.0,205.0,SYNTH-MES-A,1
2024-03-13 22:06:00+00:00,4954.0,4954.25,4953.75,4953.75,189.0,SYNTH-MES-A,1
2024-03-13 22:07:00+00:00,4953.75,4953.75,4953.0,4953.25,196.0,SYNTH-MES-A,1
2024-03-13 22:08:00+00:00,4953.25,4953.75,4953.25,4953.75,197.0,SYNTH-MES-A,1
2024-03-13 22:09:00+00:00,4953.75,4953.75,4952.75,4953.25,198.0,SYNTH-MES-A,1
2024-03-13 22:10:00+00:00,4953.25,4953.5,4953.0,4953.25,195.0,SYNTH-MES-A,1
2024-03-13 22:11:00+00:00,4953.25,4953.5,4952.0,4952.0,206.0,SYNTH-MES-A,1
2024-03-13 22:12:00+00:00,4952.0,4952.75,4952.0,4952.75,164.0,SYNTH-MES-A,1
2024-03-13 22:13:00+00:00,4952.75,4953.75,4951.75,4953.25,214.0,SYNTH-MES-A,1
2024-03-13 22:14:00+00:00,4953.25,4953.75,4952.0,4953.5,213.0,SYNTH-MES-A,1
2024-03-13 22:15:00+00:00,4953.5,4954.75,4953.0,4954.25,205.0,SYNTH-MES-A,1
2024-03-13 22:16:00+00:00,4954.25,4956.0,4954.25,4955.25,172.0,SYNTH-MES-A,1
2024-03-13 22:17:00+00:00,4955.25,4955.25,4954.5,4954.75,206.0,SYNTH-MES-A,1
2024-03-13 22:18:00+00:00,4954.75,4955.75,4954.5,4955.5,211.0,SYNTH-MES-A,1
2024-03-13 22:19:00+00:00,4955.5,4955.75,4954.25,4954.25,197.0,SYNTH-MES-A,1
2024-03-13 22:20:00+00:00,4954.25,4954.25,4953.0,4954.25,197.0,SYNTH-MES-A,1
2024-03-13 22:21:00+00:00,4954.25,4955.0,4954.0,4955.0,209.0,SYNTH-MES-A,1
2024-03-13 22:22:00+00:00,4955.0,4955.5,4954.75,4955.25,203.0,SYNTH-MES-A,1
2024-03-13 22:23:00+00:00,4955.25,4955.5,4954.25,4954.25,181.0,SYNTH-MES-A,1
2024-03-13 22:24:00+00:00,4954.25,4955.0,4954.25,4954.75,208.0,SYNTH-MES-A,1
2024-03-13 22:25:00+00:00,4954.75,4954.75,4954.0,4954.25,213.0,SYNTH-MES-A,1
2024-03-13 22:26:00+00:00,4954.25,4955.25,4954.0,4954.75,185.0,SYNTH-MES-A,1
2024-03-13 22:27:00+00:00,4954.75,4955.0,4954.25,4954.75,208.0,SYNTH-MES-A,1
2024-03-13 22:28:00+00:00,4954.75,4955.0,4954.5,4955.0,216.0,SYNTH-MES-A,1
2024-03-13 22:29:00+00:00,4955.0,4955.25,4954.75,4954.75,219.0,SYNTH-MES-A,1
2024-03-13 22:30:00+00:00,4954.75,4955.5,4954.25,4955.25,204.0,SYNTH-MES-A,1
2024-03-13 22:31:00+00:00,4955.25,4955.5,4954.75,4955.25,223.0,SYNTH-MES-A,1
2024-03-13 22:32:00+00:00,4955.25,4955.25,4954.5,4955.0,203.0,SYNTH-MES-A,1
2024-03-13 22:33:00+00:00,4955.0,4956.0,4954.75,4955.5,238.0,SYNTH-MES-A,1
2024-03-13 22:34:00+00:00,4955.5,4957.5,4955.25,4957.0,229.0,SYNTH-MES-A,1
2024-03-13 22:35:00+00:00,4957.0,4957.0,4956.5,4956.5,189.0,SYNTH-MES-A,1
2024-03-13 22:36:00+00:00,4956.5,4957.25,4956.5,4957.0,200.0,SYNTH-MES-A,1
2024-03-13 22:37:00+00:00,4957.0,4957.0,4956.0,4956.0,184.0,SYNTH-MES-A,1
2024-03-13 22:38:00+00:00,4956.0,4956.75,4956.0,4956.5,200.0,SYNTH-MES-A,1
2024-03-13 22:39:00+00:00,4956.5,4958.0,4956.5,4957.5,205.0,SYNTH-MES-A,1
2024-03-13 22:40:00+00:00,4957.5,4957.75,4957.25,4957.75,209.0,SYNTH-MES-A,1
2024-03-13 22:41:00+00:00,4957.75,4957.75,4957.0,4957.5,181.0,SYNTH-MES-A,1
2024-03-13 22:42:00+00:00,4957.5,4957.75,4955.5,4955.75,185.0,SYNTH-MES-A,1
2024-03-13 22:43:00+00:00,4955.75,4956.0,4954.75,4954.75,210.0,SYNTH-MES-A,1
2024-03-13 22:44:00+00:00,4954.75,4956.0,4954.0,4955.75,174.0,SYNTH-MES-A,1
2024-03-13 22:45:00+00:00,4955.75,4956.25,4955.0,4955.0,187.0,SYNTH-MES-A,1
2024-03-13 22:46:00+00:00,4955.0,4955.0,4954.25,4955.0,210.0,SYNTH-MES-A,1
2024-03-13 22:47:00+00:00,4955.0,4955.25,4955.0,4955.25,189.0,SYNTH-MES-A,1
2024-03-13 22:48:00+00:00,4955.25,4955.75,4954.5,4955.5,205.0,SYNTH-MES-A,1
2024-03-13 22:49:00+00:00,4955.5,4956.0,4955.25,4955.25,199.0,SYNTH-MES-A,1
2024-03-13 22:50:00+00:00,4955.25,4955.75,4955.0,4955.5,181.0,SYNTH-MES-A,1
2024-03-13 22:51:00+00:00,4955.5,4956.0,4955.25,4955.75,201.0,SYNTH-MES-A,1
2024-03-13 22:52:00+00:00,4955.75,4956.0,4955.75,4956.0,166.0,SYNTH-MES-A,1
2024-03-13 22:53:00+00:00,4956.0,4957.25,4955.75,4956.25,201.0,SYNTH-MES-A,1
2024-03-13 22:54:00+00:00,4956.25,4956.5,4956.25,4956.25,205.0,SYNTH-MES-A,1
2024-03-13 22:55:00+00:00,4956.25,4956.5,4956.0,4956.0,199.0,SYNTH-MES-A,1
2024-03-13 22:56:00+00:00,4956.0,4956.0,4955.75,4956.0,193.0,SYNTH-MES-A,1
2024-03-13 22:57:00+00:00,4956.0,4956.25,4956.0,4956.25,197.0,SYNTH-MES-A,1
2024-03-13 22:58:00+00:00,4956.25,4956.5,4955.75,4956.25,217.0,SYNTH-MES-A,1
2024-03-13 22:59:00+00:00,4956.25,4957.5,4956.0,4957.0,195.0,SYNTH-MES-A,1
2024-03-13 23:00:00+00:00,4957.0,4958.0,4957.0,4958.0,207.0,SYNTH-MES-A,1
2024-03-13 23:01:00+00:00,4958.0,4958.25,4958.0,4958.25,199.0,SYNTH-MES-A,1
2024-03-13 23:02:00+00:00,4958.25,4960.0,4958.0,4959.75,187.0,SYNTH-MES-A,1
2024-03-13 23:03:00+00:00,4959.75,4961.75,4959.75,4961.5,191.0,SYNTH-MES-A,1
2024-03-13 23:04:00+00:00,4961.5,4961.75,4960.5,4960.75,199.0,SYNTH-MES-A,1
2024-03-13 23:05:00+00:00,4960.75,4961.5,4960.75,4961.25,204.0,SYNTH-MES-A,1
2024-03-13 23:06:00+00:00,4961.25,4961.75,4960.25,4960.5,191.0,SYNTH-MES-A,1
2024-03-13 23:07:00+00:00,4960.5,4961.0,4959.5,4960.0,189.0,SYNTH-MES-A,1
2024-03-13 23:08:00+00:00,4960.0,4960.5,4959.0,4959.0,205.0,SYNTH-MES-A,1
2024-03-13 23:09:00+00:00,4959.0,4959.0,4958.75,4959.0,186.0,SYNTH-MES-A,1
2024-03-13 23:10:00+00:00,4959.0,4959.0,4958.75,4958.75,182.0,SYNTH-MES-A,1
2024-03-13 23:11:00+00:00,4958.75,4960.0,4957.75,4958.0,223.0,SYNTH-MES-A,1
2024-03-13 23:12:00+00:00,4958.0,4959.25,4958.0,4959.0,203.0,SYNTH-MES-A,1
2024-03-13 23:13:00+00:00,4959.0,4959.75,4958.5,4959.25,186.0,SYNTH-MES-A,1
2024-03-13 23:14:00+00:00,4959.25,4959.75,4959.0,4959.5,186.0,SYNTH-MES-A,1
2024-03-13 23:15:00+00:00,4959.5,4960.25,4958.0,4958.75,220.0,SYNTH-MES-A,1
2024-03-13 23:16:00+00:00,4958.75,4958.75,4958.75,4958.75,178.0,SYNTH-MES-A,1
2024-03-13 23:17:00+00:00,4958.75,4959.75,4958.25,4959.5,198.0,SYNTH-MES-A,1
2024-03-13 23:18:00+00:00,4959.5,4960.0,4958.0,4958.25,206.0,SYNTH-MES-A,1
2024-03-13 23:19:00+00:00,4958.25,4958.5,4958.0,4958.25,182.0,SYNTH-MES-A,1
2024-03-13 23:20:00+00:00,4958.25,4958.5,4958.25,4958.25,204.0,SYNTH-MES-A,1
2024-03-13 23:21:00+00:00,4958.25,4958.5,4957.25,4957.5,213.0,SYNTH-MES-A,1
2024-03-13 23:22:00+00:00,4957.5,4958.0,4956.5,4956.5,181.0,SYNTH-MES-A,1
2024-03-13 23:23:00+00:00,4956.5,4956.75,4956.0,4956.25,198.0,SYNTH-MES-A,1
2024-03-13 23:24:00+00:00,4956.25,4958.0,4956.0,4957.5,223.0,SYNTH-MES-A,1
2024-03-13 23:25:00+00:00,4957.5,4958.75,4957.5,4958.5,191.0,SYNTH-MES-A,1
2024-03-13 23:26:00+00:00,4958.5,4958.5,4958.0,4958.25,197.0,SYNTH-MES-A,1
2024-03-13 23:27:00+00:00,4958.25,4959.0,4958.0,4958.75,192.0,SYNTH-MES-A,1
2024-03-13 23:28:00+00:00,4958.75,4959.75,4958.75,4959.75,199.0,SYNTH-MES-A,1
2024-03-13 23:29:00+00:00,4959.75,4959.75,4958.5,4958.75,186.0,SYNTH-MES-A,1
2024-03-13 23:30:00+00:00,4958.75,4959.25,4956.75,4958.0,190.0,SYNTH-MES-A,1
2024-03-13 23:31:00+00:00,4958.0,4958.5,4957.75,4958.5,222.0,SYNTH-MES-A,1
2024-03-13 23:32:00+00:00,4958.5,4958.75,4957.25,4957.5,213.0,SYNTH-MES-A,1
2024-03-13 23:33:00+00:00,4957.5,4958.5,4957.0,4958.25,231.0,SYNTH-MES-A,1
2024-03-13 23:34:00+00:00,4958.25,4958.5,4957.25,4957.5,211.0,SYNTH-MES-A,1
2024-03-13 23:35:00+00:00,4957.5,4958.5,4956.75,4957.25,214.0,SYNTH-MES-A,1
2024-03-13 23:36:00+00:00,4957.25,4959.0,4956.75,4958.75,216.0,SYNTH-MES-A,1
2024-03-13 23:37:00+00:00,4958.75,4959.25,4958.75,4959.0,184.0,SYNTH-MES-A,1
2024-03-13 23:38:00+00:00,4959.0,4959.0,4958.0,4958.25,193.0,SYNTH-MES-A,1
2024-03-13 23:39:00+00:00,4958.25,4959.0,4958.0,4958.5,200.0,SYNTH-MES-A,1
2024-03-13 23:40:00+00:00,4958.5,4959.0,4958.25,4959.0,190.0,SYNTH-MES-A,1
2024-03-13 23:41:00+00:00,4959.0,4959.25,4959.0,4959.25,201.0,SYNTH-MES-A,1
2024-03-13 23:42:00+00:00,4959.25,4960.25,4959.25,4960.0,201.0,SYNTH-MES-A,1
2024-03-13 23:43:00+00:00,4960.0,4960.25,4959.5,4959.75,213.0,SYNTH-MES-A,1
2024-03-13 23:44:00+00:00,4959.75,4960.5,4959.5,4960.0,224.0,SYNTH-MES-A,1
2024-03-13 23:45:00+00:00,4960.0,4960.0,4959.5,4959.75,199.0,SYNTH-MES-A,1
2024-03-13 23:46:00+00:00,4959.75,4960.25,4959.5,4960.0,240.0,SYNTH-MES-A,1
2024-03-13 23:47:00+00:00,4960.0,4960.0,4959.75,4960.0,240.0,SYNTH-MES-A,1
2024-03-13 23:48:00+00:00,4960.0,4962.25,4959.75,4961.75,201.0,SYNTH-MES-A,1
2024-03-13 23:49:00+00:00,4961.75,4962.75,4961.0,4961.5,226.0,SYNTH-MES-A,1
2024-03-13 23:50:00+00:00,4961.5,4962.0,4961.25,4961.75,206.0,SYNTH-MES-A,1
2024-03-13 23:51:00+00:00,4961.75,4962.5,4961.5,4962.0,222.0,SYNTH-MES-A,1
2024-03-13 23:52:00+00:00,4962.0,4962.75,4960.25,4960.25,211.0,SYNTH-MES-A,1
2024-03-13 23:53:00+00:00,4960.25,4960.75,4960.25,4960.5,193.0,SYNTH-MES-A,1
2024-03-13 23:54:00+00:00,4960.5,4960.75,4960.5,4960.5,188.0,SYNTH-MES-A,1
2024-03-13 23:55:00+00:00,4960.5,4960.75,4958.75,4959.75,192.0,SYNTH-MES-A,1
2024-03-13 23:56:00+00:00,4959.75,4960.0,4959.75,4959.75,203.0,SYNTH-MES-A,1
2024-03-13 23:57:00+00:00,4959.75,4959.75,4959.0,4959.75,196.0,SYNTH-MES-A,1
2024-03-13 23:58:00+00:00,4959.75,4960.5,4959.75,4960.5,180.0,SYNTH-MES-A,1
2024-03-13 23:59:00+00:00,4960.5,4960.75,4959.75,4960.0,216.0,SYNTH-MES-A,1
